,Time,Speed Follower,Speed Leader,Smooth Speed Follower,Smooth Speed Leader,Spacing
0,223.0,86.065,86.3,86.11540000000001,86.25219999999999,37.961568313181125
1,223.02,86.05,86.28999999999999,86.11779999999999,86.25219999999999,37.95045033743273
2,223.04,85.985,86.28,86.1164,86.25219999999999,37.94497393073116
3,223.06,85.92,86.25,86.1068,86.25139999999999,37.9451410492106
4,223.08,85.99000000000001,86.22,86.0944,86.25039999999998,37.94514104845108
5,223.1,86.06,86.2,86.085,86.24960000000002,37.95061612518842
6,223.12,86.11,86.18,86.07780000000001,86.25,37.944891348496256
7,223.14,86.16,86.22,86.074,86.25399999999999,37.93369142240652
8,223.16,86.13,86.26,86.07039999999999,86.2588,37.9282970046441
9,223.18,86.1,86.28999999999999,86.0658,86.264,37.92838027375228
10,223.2,86.07499999999999,86.32,86.06040000000002,86.2688,37.928380273701435
11,223.22,86.05,86.36,86.05539999999999,86.27359999999999,37.922905246595235
12,223.24,86.065,86.4,86.05239999999999,86.27779999999998,37.91751615061676
13,223.26,86.08,86.34,86.05099999999999,86.2774,37.91204314458779
14,223.28,86.13,86.28,86.0526,86.2752,37.90639830143713
15,223.3,86.18,86.28999999999999,86.0582,86.27400000000002,37.90648423283391
16,223.32,86.19,86.3,86.0662,86.273,37.906658055857896
17,223.34,86.2,86.275,86.0746,86.2708,37.89554028460806
18,223.36,86.23,86.25,86.0842,86.2704,37.884422513661285
19,223.38,86.26,86.22999999999999,86.09299999999999,86.272,37.878863628698724
20,223.4,86.325,86.21,86.1024,86.2728,37.87330474434262
21,223.42,86.39,86.26499999999999,86.1158,86.2758,37.878863628164645
22,223.44,86.24000000000001,86.32,86.12459999999999,86.2784,37.88998139737033
23,223.46,86.09,86.315,86.12619999999998,86.2782,37.88442251215981
24,223.48,86.045,86.31,86.1248,86.2782,37.87868967559754
25,223.5,86.0,86.39,86.12219999999999,86.2818,37.88963621024859
26,223.52,86.03999999999999,86.47,86.12180000000001,86.289,37.90622839270568
27,223.54,86.08,86.485,86.12559999999999,86.29719999999999,37.90631301781337
28,223.56,86.11,86.5,86.1332,86.3072,37.89536640509868
29,223.58,86.14,86.4,86.1392,86.3144,37.90092531615507
30,223.6,86.2,86.3,86.14480000000002,86.3184,37.900925315366074
31,223.62,86.26,86.35,86.1508,86.32520000000001,37.88424858297319
32,223.64,86.28,86.4,86.1556,86.33239999999999,37.87313076234624
33,223.66,86.3,86.375,86.16239999999999,86.337,37.87868967136055
34,223.68,86.27,86.35,86.1692,86.33940000000001,37.889807491975816
35,223.7,86.24,86.35,86.1758,86.3406,37.88424858126056
36,223.72,86.28,86.35,86.185,86.34020000000001,37.86748583108716
37,223.74,86.32,86.38,86.1952,86.33940000000001,37.867400465003215
38,223.76,86.25999999999999,86.41,86.2024,86.34219999999999,37.87843364704266
39,223.78,86.2,86.44999999999999,86.2052,86.34899999999999,37.88399259422677
40,223.8,86.155,86.49,86.2042,86.35699999999999,37.889636204008234
41,223.82,86.11,86.44,86.20100000000001,86.3626,37.88972151950234
42,223.84,86.16499999999999,86.39,86.19959999999999,86.3672,37.884162595819845
43,223.86,86.22,86.34,86.1992,86.3708,37.87851833215067
44,223.88,86.17,86.29,86.19560000000001,86.3732,37.87287469681422
45,223.9,86.12,86.29,86.1874,86.37639999999999,37.86723169119552
46,223.92,86.11500000000001,86.29,86.1764,86.3774,37.86723169044145
47,223.94,86.11,86.34,86.17120000000001,86.37819999999999,37.87279064987629
48,223.96,86.095,86.39,86.17139999999999,86.38119999999999,37.87287469517805
49,223.98,86.08,86.47,86.17280000000001,86.3876,37.872959394352165
50,224.0,86.07499999999999,86.55,86.1758,86.39399999999999,37.86740045921968
51,224.02,86.07,86.515,86.177,86.3958,37.8619269024453
52,224.04,86.21,86.48,86.1822,86.3956,37.86201293490992
53,224.06,86.35,86.45500000000001,86.1918,86.39380000000001,37.856454025416184
54,224.08,86.145,86.43,86.19200000000001,86.395,37.85645402428297
55,224.1,85.94,86.45,86.1816,86.40099999999998,37.862012933273554
56,224.12,85.935,86.47,86.16860000000001,86.4058,37.862012932842674
57,224.14,85.93,86.43,86.15459999999999,86.40699999999998,37.856454023348675
58,224.16,86.005,86.39,86.14280000000001,86.40759999999999,37.85089511374686
59,224.18,86.08,86.34,86.1352,86.40719999999999,37.84533620439095
60,224.2,86.15,86.29,86.13159999999999,86.4048,37.83421838755069
61,224.22,86.22,86.32,86.1292,86.40360000000001,37.82318734735295
62,224.24,86.28,86.35,86.1276,86.4024,37.81771589521088
63,224.26,86.34,86.425,86.1308,86.403,37.823187346830764
64,224.28,86.315,86.5,86.13539999999999,86.405,37.834392540663636
65,224.3,86.29,86.49000000000001,86.1408,86.405,37.83456931347506
66,224.32,86.305,86.48,86.1486,86.4066,37.823451600390754
67,224.34,86.32,86.465,86.1548,86.40960000000001,37.81789274453985
68,224.36,86.27,86.45,86.15679999999999,86.414,37.81789274337469
69,224.38,86.22,86.42,86.15880000000001,86.4192,37.81233388743708
70,224.4,86.215,86.39,86.1626,86.4232,37.81233388733795
71,224.42,86.21,86.47999999999999,86.1664,86.4308,37.81789274201143
72,224.44,86.22,86.57,86.1708,86.44,37.823274772889924
73,224.46,86.23,86.57,86.17620000000001,86.44720000000001,37.8231005661858
74,224.48,86.18,86.57,86.18019999999999,86.45119999999999,37.817541658767546
75,224.5,86.13,86.55,86.1824,86.45120000000001,37.82310056567674
76,224.52,86.245,86.53,86.18939999999999,86.4518,37.82301444470403
77,224.54,86.36,86.58500000000001,86.1954,86.456,37.817370044860304
78,224.56,86.305,86.64,86.19359999999999,86.46340000000001,37.822928977009724
79,224.58,86.25,86.63,86.19779999999999,86.47139999999999,37.822928976596174
80,224.6,86.25,86.62,86.21019999999999,86.47820000000002,37.817370044321876
81,224.62,86.25,86.52000000000001,86.22279999999999,86.48020000000001,37.81189660245195
82,224.64,86.18,86.42,86.23280000000001,86.4798,37.811982748182984
83,224.66,86.11,86.36500000000001,86.237,86.4788,37.8175416548509
84,224.68,86.25,86.31,86.2438,86.4776,37.80642383976018
85,224.7,86.39,86.315,86.2534,86.4786,37.789660923436884
86,224.72,86.36,86.32,86.259,86.4786,37.79521984182797
87,224.74,86.33,86.405,86.26100000000001,86.4808,37.80642383851954
88,224.76,86.395,86.49,86.26320000000001,86.4834,37.800864931128395
89,224.78,86.46,86.505,86.26900000000002,86.48359999999998,37.78974711823068
90,224.8,86.465,86.52,86.27600000000001,86.48479999999999,37.784102002801085
91,224.82,86.47,86.505,86.2826,86.4858,37.78410200235397
92,224.84,86.455,86.49,86.28800000000001,86.4868,37.78974711725008
93,224.86,86.44,86.5,86.29480000000001,86.48880000000001,37.79530602293061
94,224.88,86.39,86.51,86.3016,86.4924,37.78974711603304
95,224.9,86.34,86.495,86.3066,86.4966,37.77862930447691
96,224.92,86.355,86.48,86.3124,86.4966,37.78410199988384
97,224.94,86.37,86.46000000000001,86.3184,86.4922,37.79513430830393
98,224.96,86.305,86.44,86.3214,86.487,37.800693239496674
99,224.98,86.24,86.395,86.3238,86.48,37.80077875502762
100,225.0,86.225,86.35,86.3276,86.472,37.7895753756857
101,225.02,86.21,86.345,86.32620000000001,86.4646,37.783847301954076
102,225.04,86.16999999999999,86.34,86.3186,86.45479999999999,37.795134306220206
103,225.06,86.13,86.375,86.3116,86.44419999999998,37.795306018687896
104,225.08,86.225,86.41,86.31060000000001,86.43540000000002,37.77862929996191
105,225.1,86.32,86.445,86.3134,86.42839999999998,37.778629300232325
106,225.12,86.425,86.48,86.3204,86.42679999999999,37.76751148894728
107,225.14,86.53,86.47,86.33439999999999,86.42880000000001,37.75092171612167
108,225.16,86.505,86.46,86.3502,86.43260000000001,37.75656819110274
109,225.18,86.48,86.455,86.35940000000001,86.4384,37.75656819066257
110,225.2,86.52000000000001,86.45,86.3646,86.4438,37.74545043346513
111,225.22,86.56,86.48,86.3726,86.45019999999998,37.73989155414042
112,225.24,86.50999999999999,86.51,86.37979999999999,86.4544,37.745450432220686
113,225.26,86.46,86.5,86.3824,86.45479999999999,37.75100931020313
114,225.28,86.43,86.49,86.38119999999999,86.4542,37.751009310111385
115,225.3,86.4,86.50999999999999,86.3786,86.45380000000002,37.74545043088955
116,225.32,86.43,86.53,86.377,86.45479999999999,37.745275865899046
117,225.34,86.46,86.555,86.37719999999999,86.45739999999999,37.7506628546449
118,225.36,86.395,86.58,86.37539999999998,86.4606,37.75066285422573
119,225.38,86.33,86.515,86.37299999999999,86.4608,37.739716960749334
120,225.4,86.36500000000001,86.45,86.374,86.45900000000002,37.73415805666804
121,225.42,86.4,86.44,86.3758,86.45739999999999,37.745103923884386
122,225.44,86.36500000000001,86.43,86.37559999999999,86.45620000000001,37.75066285291231
123,225.46,86.33,86.42,86.3766,86.45540000000001,37.745189564758114
124,225.48,86.35499999999999,86.41,86.38119999999999,86.456,37.73971695857579
125,225.5,86.38,86.47,86.3874,86.4608,37.739716958143504
126,225.52,86.41999999999999,86.53,86.3958,86.4682,37.73407173053672
127,225.54,86.46,86.515,86.4074,86.47519999999999,37.728512813317714
128,225.56,86.43,86.5,86.41940000000001,86.48020000000001,37.72859914948859
129,225.58,86.4,86.5,86.4264,86.48379999999999,37.72312725097223
130,225.6,86.33000000000001,86.5,86.4268,86.486,37.72330323100981
131,225.62,86.26,86.465,86.42020000000001,86.48540000000001,37.72339220526585
132,225.64,86.245,86.43,86.40880000000001,86.48379999999999,37.72886209450873
133,225.66,86.23,86.38,86.3978,86.4806,37.73997982395347
134,225.68,86.17,86.33,86.3854,86.4756,37.739979823170245
135,225.7,86.11,86.38,86.369,86.4728,37.739891543831234
136,225.72,86.21000000000001,86.43,86.355,86.4708,37.7453628117531
137,225.74,86.31,86.465,86.347,86.469,37.75092170229081
138,225.76,86.28999999999999,86.5,86.34020000000001,86.469,37.745450420315
139,225.78,86.27,86.50999999999999,86.33380000000001,86.46980000000002,37.73433266378267
140,225.8,86.33500000000001,86.52,86.3312,86.4702,37.73415804807288
141,225.82,86.4,86.485,86.33,86.4684,37.7397169512567
142,225.84,86.405,86.45,86.32780000000001,86.4642,37.73433266282713
143,225.86,86.41,86.48,86.3284,86.4602,37.723303224779
144,225.88,86.445,86.51,86.33300000000001,86.46,37.717656029328275
145,225.9,86.48,86.48,86.33760000000001,86.46119999999999,37.717568353867996
146,225.92,86.47,86.45,86.34039999999999,86.46160000000002,37.723214905609765
147,225.94,86.46,86.49000000000001,86.3442,86.464,37.723303223333566
148,225.96,86.435,86.53,86.3484,86.4684,37.71783334610076
149,225.98,86.41,86.50999999999999,86.35060000000001,86.4724,37.71783334599521
150,226.0,86.405,86.49,86.3516,86.47320000000002,37.723392196557484
151,226.02,86.4,86.475,86.35079999999999,86.471,37.72913093926583
152,226.04,86.39,86.46,86.348,86.46880000000002,37.734780681252246
153,226.06,86.38,86.445,86.346,86.4666,37.73478068044794
154,226.08,86.37,86.43,86.34479999999999,86.4638,37.72357211242059
155,226.1,86.36,86.415,86.346,86.4604,37.717922987075795
156,226.12,86.38,86.4,86.35079999999999,86.4578,37.718013287323146
157,226.14,86.4,86.39500000000001,86.35700000000001,86.45640000000002,37.71263706043615
158,226.16,86.415,86.39,86.3644,86.4568,37.707078262888224
159,226.18,86.43,86.45,86.3748,86.4616,37.706895637719335
160,226.2,86.42,86.51,86.3872,86.4668,37.70689563760004
161,226.22,86.41,86.51,86.3952,86.47,37.69586900014395
162,226.24,86.43,86.51,86.4,86.4718,37.69040187153587
163,226.26,86.45,86.495,86.40639999999999,86.4716,37.70170474286194
164,226.28,86.42500000000001,86.48,86.4126,86.47039999999998,37.70745138962843
165,226.3,86.4,86.46000000000001,86.4152,86.46799999999999,37.70198758544107
166,226.32,86.435,86.44,86.4166,86.46620000000001,37.69652446642511
167,226.34,86.47,86.47999999999999,86.4192,86.4674,37.69671765472147
168,226.36,86.47999999999999,86.52,86.42200000000001,86.469,37.69135481402757
169,226.38,86.49,86.505,86.42379999999999,86.46880000000002,37.68589507976072
170,226.4,86.515,86.49,86.4252,86.4692,37.685994658904576
171,226.42,86.54,86.47,86.42800000000001,86.47,37.68063719173878
172,226.44,86.495,86.45,86.4294,86.4684,37.68084097906796
173,226.46,86.45,86.44,86.43,86.4648,37.68094385845009
174,226.48,86.475,86.43,86.43260000000001,86.4616,37.67548885895157
175,226.5,86.5,86.47,86.4364,86.4608,37.68115158731723
176,226.52,86.47,86.51,86.4392,86.4622,37.68660592850612
177,226.54,86.44,86.465,86.44120000000001,86.4624,37.68104739263662
178,226.56,86.41499999999999,86.42,86.4426,86.46140000000001,37.66993032122093
179,226.58,86.39,86.465,86.4434,86.46279999999999,37.66437178611541
180,226.6,86.36,86.51,86.4434,86.4666,37.669930320359946
181,226.62,86.33,86.48,86.44139999999999,86.46979999999999,37.67538530267517
182,226.64,86.35499999999999,86.45,86.43960000000001,86.472,37.68104738918856
183,226.66,86.38,86.47,86.4382,86.4752,37.68681493783737
184,226.68,86.35499999999999,86.49,86.43520000000001,86.4768,37.69247891938363
185,226.7,86.33,86.435,86.4316,86.4738,37.69269184318835
186,226.72,86.32499999999999,86.38,86.4282,86.46860000000001,37.681790541025514
187,226.74,86.32,86.375,86.42379999999999,86.4632,37.67623211478982
188,226.76,86.315,86.37,86.4184,86.45819999999999,37.67634092331691
189,226.78,86.31,86.4,86.4138,86.455,37.66544375896612
190,226.8,86.34,86.43,86.41140000000001,86.45380000000002,37.65999621231556
191,226.82,86.37,86.39,86.40880000000001,86.4518,37.671112931162085
192,226.84,86.355,86.35,86.4042,86.4466,37.671112930444025
193,226.86,86.34,86.33,86.39859999999999,86.439,37.66010769647232
194,226.88,86.34,86.31,86.3926,86.43119999999999,37.66589095225078
195,226.9,86.34,86.4,86.3856,86.4276,37.671676770817186
196,226.92,86.37,86.49,86.3788,86.4284,37.66067499021996
197,226.94,86.4,86.53999999999999,86.375,86.432,37.65500193959812
198,226.96,86.445,86.59,86.3748,86.43799999999999,37.64944366336506
199,226.98,86.49,86.47,86.37539999999998,86.43960000000001,37.6441156947725
200,227.0,86.485,86.35,86.3748,86.4348,37.64990683849699
201,227.02,86.48,86.335,86.3752,86.4278,37.6502611248515
202,227.04,86.43,86.32,86.3748,86.42200000000001,37.650380534768544
203,227.06,86.38,86.33,86.3734,86.4184,37.655938670783364
204,227.08,86.39,86.34,86.3734,86.4134,37.65605872037854
205,227.1,86.4,86.315,86.375,86.40559999999999,37.65605871986875
206,227.12,86.38,86.29,86.37700000000001,86.398,37.65050059956586
207,227.14,86.36,86.33500000000001,86.37719999999999,86.3934,37.63950512185662
208,227.16,86.345,86.38,86.3758,86.3898,37.6454293978267
209,227.18,86.33,86.37,86.3748,86.385,37.65666882949583
210,227.2,86.25,86.36,86.3716,86.382,37.65098744355109
211,227.22,86.17,86.375,86.36540000000001,86.3818,37.639994741054174
212,227.24,86.205,86.39,86.3608,86.3824,37.64024349737361
213,227.26,86.24,86.375,86.35779999999998,86.3826,37.64592683472509
214,227.28,86.275,86.36,86.3564,86.381,37.64580148727424
215,227.3,86.31,86.38499999999999,86.35519999999998,86.37919999999998,37.64580148634455
216,227.32,86.35,86.41,86.3544,86.38,37.6460528361259
217,227.34,86.39,86.405,86.3558,86.3822,37.640748899103144
218,227.36,86.35499999999999,86.4,86.35640000000001,86.385,37.641005546781365
219,227.38,86.32,86.305,86.3556,86.38480000000001,37.64669271681154
220,227.4,86.305,86.21,86.3542,86.37719999999999,37.65212130406045
221,227.42,86.29,86.19999999999999,86.351,86.3656,37.6521213030833
222,227.44,86.305,86.19,86.34719999999999,86.3516,37.6411348541896
223,227.46,86.32,86.255,86.34219999999999,86.3382,37.62988978501847
224,227.48,86.31,86.32,86.335,86.3322,37.63519097574057
225,227.5,86.3,86.345,86.3276,86.33200000000001,37.6518647262963
226,227.52,86.22,86.37,86.3172,86.3334,37.65755058274335
227,227.54,86.14,86.41499999999999,86.3056,86.33720000000001,37.65212129775966
228,227.56,86.1,86.46,86.29439999999998,86.3424,37.65225056879552
229,227.58,86.06,86.455,86.28120000000001,86.34700000000001,37.65767917576919
230,227.6,86.065,86.45,86.2678,86.3524,37.662980559135136
231,227.62,86.07,86.38,86.2554,86.35600000000001,37.65742263919716
232,227.64,86.085,86.31,86.2444,86.355,37.65212129307074
233,227.66,86.1,86.24000000000001,86.23459999999999,86.3494,37.66336628728155
234,227.68,86.09,86.17,86.225,86.3414,37.66905402178993
235,227.7,86.08,86.16499999999999,86.2182,86.3336,37.66362672659063
236,227.72,86.095,86.16,86.21519999999998,86.325,37.66362672561745
237,227.74,86.11,86.19999999999999,86.2114,86.31739999999999,37.658068901385434
238,227.76,86.12,86.24,86.2066,86.31200000000001,37.64708451901061
239,227.78,86.13,86.215,86.2008,86.30619999999999,37.64165865662629
240,227.8,86.16999999999999,86.19,86.1952,86.2984,37.63080902552125
241,227.82,86.21,86.225,86.18959999999998,86.29099999999998,37.625519886767805
242,227.84,86.22999999999999,86.26,86.1832,86.2852,37.631212857145414
243,227.86,86.25,86.265,86.179,86.2798,37.63121285574813
244,227.88,86.245,86.27,86.176,86.27839999999998,37.625519883688746
245,227.9,86.24,86.22,86.1734,86.2788,37.61996218121088
246,227.92,86.225,86.17,86.1708,86.2776,37.61956020154164
247,227.94,86.21,86.195,86.167,86.27779999999998,37.624591278868884
248,227.96,86.21,86.22,86.1626,86.27640000000001,37.63014911708928
249,227.98,86.21,86.28,86.15859999999999,86.2748,37.630411102823686
250,228.0,86.25,86.34,86.15659999999998,86.27459999999999,37.62498530090812
251,228.02,86.29,86.315,86.1594,86.2724,37.619295500151196
252,228.04,86.24000000000001,86.29,86.1634,86.2674,37.60804850084668
253,228.06,86.19,86.28,86.167,86.26019999999998,37.60249068221068
254,228.08,86.215,86.27,86.1732,86.2528,37.61360631702833
255,228.1,86.24,86.22999999999999,86.1802,86.244,37.619164135130866
256,228.12,86.235,86.19,86.1868,86.23639999999999,37.613737695473475
257,228.14,86.23,86.19,86.1926,86.2316,37.60817989607101
258,228.16,86.24000000000001,86.19,86.1982,86.22959999999999,37.60249067767907
259,228.18,86.25,86.19,86.20459999999999,86.23039999999999,37.59693285930348
260,228.2,86.22,86.19,86.2102,86.2314,37.59693285794167
261,228.22,86.19,86.205,86.21400000000001,86.2332,37.60791775074613
262,228.24,86.145,86.22,86.2154,86.234,37.61360630950739
263,228.26,86.1,86.28,86.2146,86.23559999999999,37.6027541690553
264,228.28,86.085,86.34,86.2128,86.24060000000001,37.59719638994208
265,228.3,86.07,86.28,86.2088,86.2442,37.59719638859394
266,228.32,86.03,86.22,86.2016,86.24400000000001,37.59150649358422
267,228.34,85.99,86.16,86.192,86.24,37.59137503460542
268,228.36,86.0,86.1,86.18199999999999,86.2334,37.60262208661184
269,228.38,86.01,86.145,86.1726,86.22840000000001,37.60817988382494
270,228.4,86.1,86.19,86.16699999999999,86.2272,37.59693284779372
271,228.42,86.19,86.19999999999999,86.1656,86.22839999999998,37.585817214786196
272,228.44,86.12,86.21,86.16199999999999,86.229,37.591375029752186
273,228.46,86.05,86.24,86.15559999999999,86.2298,37.60235990190329
274,228.48,86.095,86.27,86.15100000000001,86.2294,37.602359900573525
275,228.5,86.14,86.28999999999999,86.14660000000002,86.2274,37.59693284331676
276,228.52,86.195,86.31,86.1428,86.2272,37.5858172099209
277,228.54,86.25,86.315,86.1432,86.2282,37.58012855550502
278,228.56,86.295,86.32,86.1474,86.2298,37.57999837512807
279,228.58,86.34,86.27,86.1524,86.22980000000001,37.56888266767359
280,228.6,86.37,86.22,86.1576,86.2294,37.557508426727935
281,228.62,86.4,86.16499999999999,86.1642,86.22840000000001,37.55156761986376
282,228.64,86.355,86.11,86.1692,86.2252,37.55156761860158
283,228.66,86.31,86.08,86.17200000000001,86.2208,37.56281045214262
284,228.68,86.265,86.05,86.1726,86.21520000000001,37.57405387220579
285,228.7,86.22,86.09,86.1726,86.21119999999999,37.574053871985775
286,228.72,86.205,86.13,86.1732,86.20819999999999,37.5684959606901
287,228.74,86.19,86.185,86.175,86.2068,37.56293805029115
288,228.76,86.13499999999999,86.24,86.1764,86.2052,37.562810448592714
289,228.78,86.08,86.27,86.1762,86.2024,37.56824145233229
290,228.8,86.13499999999999,86.3,86.17880000000001,86.2032,37.56255722119952
291,228.82,86.19,86.25999999999999,86.18520000000001,86.20479999999999,37.55131562866198
292,228.84,86.11500000000001,86.22,86.1902,86.2072,37.556748627615036
293,228.86,86.04,86.22999999999999,86.1918,86.2124,37.56243159411339
294,228.88,86.0,86.24,86.19139999999999,86.21619999999999,37.56243159325574
295,228.9,85.96,86.16999999999999,86.1858,86.21539999999999,37.56774034336084
296,228.92,85.94,86.1,86.1758,86.2114,37.57317475394052
297,228.94,85.92,86.095,86.1678,86.2068,37.57305180161335
298,228.96,85.91,86.09,86.1622,86.2008,37.572807874044074
299,228.98,85.9,86.075,86.15440000000001,86.193,37.56700845236558
300,229.0,85.88,86.06,86.14399999999999,86.18379999999999,37.56133062983999
301,229.02,85.86,86.08500000000001,86.1306,86.17479999999999,37.56676976016176
302,229.04,85.87,86.11,86.11540000000001,86.1666,37.57220958576025
303,229.06,85.88,86.10499999999999,86.0988,86.15800000000002,37.572091904247266
304,229.08,85.91999999999999,86.1,86.082,86.15119999999999,37.57197488201365
305,229.1,85.96,86.07499999999999,86.06559999999999,86.1454,37.57741675431873
306,229.12,85.93,86.05,86.0468,86.1408,37.57741675354689
307,229.14,85.9,86.05,86.02859999999998,86.1384,37.571858517521505
308,229.16,85.885,86.05,86.0116,86.13719999999999,37.57174281285077
309,229.18,85.87,86.03999999999999,85.9958,86.13680000000001,37.571858515612234
310,229.2,85.91499999999999,86.03,85.98359999999998,86.1344,37.56641666011967
311,229.22,85.96,86.05,85.9738,86.13119999999999,37.555183811019745
312,229.24,86.03999999999999,86.07,85.96779999999998,86.1266,37.54418379201683
313,229.26,86.12,86.03999999999999,85.96719999999999,86.11859999999999,37.54430089887767
314,229.28,86.21000000000001,86.01,85.9724,86.1082,37.538625574412016
315,229.3,86.3,86.025,85.979,86.09719999999999,37.52739264436461
316,229.32,86.345,86.04,85.98519999999999,86.08839999999998,37.521834412015366
317,229.34,86.39,85.975,85.9962,86.07860000000001,37.52183441159593
318,229.36,86.265,85.91,86.0052,86.0658,37.53271988646764
319,229.38,86.14,85.905,86.0108,86.05239999999998,37.538049837041164
320,229.4,86.065,85.9,86.015,86.0416,37.543270661621705
321,229.42,85.99,85.795,86.01700000000001,86.02939999999998,37.54293911961167
322,229.44,85.925,85.69,86.01719999999999,86.0132,37.53716295714207
323,229.46,85.86,85.715,86.01520000000001,85.9982,37.536947832224236
324,229.48,85.845,85.74,86.01299999999999,85.98479999999999,37.536735346038974
325,229.5,85.83,85.775,86.01099999999998,85.9734,37.530966972415456
326,229.52,85.86,85.81,86.01100000000001,85.9624,37.53096697180696
327,229.54,85.89,85.83,86.01179999999998,85.95119999999999,37.53652549744024
328,229.56,85.925,85.85,86.01360000000001,85.94099999999999,37.53096697057565
329,229.58,85.96,85.86,86.01520000000001,85.9314,37.53096696995284
330,229.6,86.07499999999999,85.87,86.01979999999999,85.9232,37.530966969683604
331,229.62,86.19,85.825,86.03019999999998,85.9142,37.51984991801494
332,229.64,86.185,85.78,86.0416,85.9034,37.508525505697754
333,229.66,86.18,85.74000000000001,86.0534,85.891,37.49720361311732
334,229.68,86.19,85.7,86.06620000000001,85.8774,37.49164502770988
335,229.7,86.2,85.68,86.0776,85.8634,37.497305672949565
336,229.72,86.14500000000001,85.66,86.085,85.8478,37.50296694812113
337,229.74,86.09,85.545,86.087,85.8268,37.49751177465892
338,229.76,86.07,85.43,86.085,85.80239999999999,37.48649876925821
339,229.78,86.05,85.47,86.07860000000001,85.7808,37.48094024565167
340,229.8,86.025,85.51,86.0676,85.7602,37.48639469529699
341,229.82,86.0,85.6,86.05380000000001,85.7426,37.4918498365754
342,229.84,86.00999999999999,85.69,86.03859999999999,85.73119999999999,37.48618853013821
343,229.86,86.02,85.71000000000001,86.02879999999999,85.72319999999999,37.47486781064988
344,229.88,86.095,85.73,86.027,85.71620000000001,37.46354961470967
345,229.9,86.17,85.72,86.03120000000001,85.70900000000002,37.463549613760804
346,229.92,86.035,85.71,86.03299999999999,85.70560000000002,37.47456739055843
347,229.94,85.9,85.66999999999999,86.03200000000001,85.70479999999999,37.474370414938704
348,229.96,85.9,85.63,86.0336,85.70139999999999,37.468811742465654
349,229.98,85.9,85.515,86.0358,85.69239999999999,37.46325306995769
350,230.0,85.96000000000001,85.4,86.041,85.67739999999999,37.452038172506064
351,230.02,86.02,85.30000000000001,86.0474,85.65700000000001,37.44092080165248
352,230.04,86.035,85.2,86.05320000000002,85.6318,37.43536211693996
353,230.06,86.05,85.28,86.0582,85.60900000000001,37.43526518014227
354,230.08,86.025,85.36,86.0608,85.589,37.434978339010975
355,230.1,86.0,85.425,86.0578,85.5712,37.434697451307066
356,230.12,85.97999999999999,85.49,86.0494,85.5578,37.43469745117605
357,230.14,85.96,85.47,86.0404,85.54540000000001,37.429138667434714
358,230.16,86.01499999999999,85.45,86.03379999999999,85.53379999999999,37.41802110199669
359,230.18,86.07,85.37,86.029,85.52060000000002,37.4069035373506
360,230.2,86.03999999999999,85.29,86.0226,85.505,37.395879038153744
361,230.22,86.01,85.29,86.01719999999999,85.4902,37.384855258161416
362,230.24,86.05000000000001,85.29,86.01559999999999,85.48,37.379202736852804
363,230.26,86.09,85.255,86.01640000000002,85.47300000000001,37.37373775236131
364,230.28,86.15,85.22,86.0204,85.463,37.36262024755405
365,230.3,86.21,85.25999999999999,86.02779999999998,85.45300000000002,37.36243328964807
366,230.32,86.19,85.3,86.0354,85.441,37.3567820112657
367,230.34,86.17,85.24000000000001,86.04180000000001,85.42300000000002,37.34010563331954
368,230.36,86.15,85.18,86.04700000000001,85.40180000000001,37.34010563284619
369,230.38,86.13,85.12,86.0484,85.3774,37.34001375586415
370,230.4,86.03999999999999,85.06,86.0432,85.35099999999998,37.339922542017156
371,230.42,85.95,85.05000000000001,86.0398,85.32459999999999,37.3399225415342
372,230.44,85.98,85.04,86.04299999999999,85.2994,37.32871432572537
373,230.46,86.01,85.04,86.0474,85.2758,37.322976302679336
374,230.48,85.98,85.04,86.05060000000002,85.2568,37.32297630188044
375,230.5,85.95,84.98,86.0502,85.24,37.31750672004095
376,230.52,85.955,84.92,86.0476,85.2248,37.311947874735466
377,230.54,85.96,84.83,86.04459999999999,85.21,37.29536133552239
378,230.56,85.975,84.74,86.0416,85.1884,37.267657911024784
379,230.58,85.99,84.805,86.0402,85.1662,37.25644952603812
380,230.6,86.13499999999999,84.87,86.0456,85.14399999999999,37.25627001427627
381,230.62,86.28,84.875,86.05760000000001,85.1194,37.250534279453746
382,230.64,86.38,84.88,86.07440000000001,85.0958,37.233770153557856
383,230.66,86.48,84.81,86.09299999999999,85.0702,37.217180993491425
384,230.68,86.525,84.74,86.1112,85.045,37.20077102846102
385,230.7,86.57,84.765,86.1324,85.02400000000002,37.184184774101446
386,230.72,86.49,84.79,86.1516,85.00399999999999,37.17871689148616
387,230.74,86.41,84.755,86.166,84.9826,37.178993714926
388,230.76,86.36,84.72,86.17679999999999,84.9612,37.17908732122959
389,230.78,86.31,84.715,86.18320000000001,84.941,37.173528564771495
390,230.8,86.25999999999999,84.71,86.18520000000001,84.919,37.16796980858567
391,230.82,86.21,84.66,86.186,84.8934,37.15685229832942
392,230.84,86.12,84.61,86.184,84.8682,37.14582914702466
393,230.86,86.03,84.565,86.1792,84.84360000000001,37.140365444657974
394,230.88,86.02000000000001,84.52,86.17479999999999,84.8196,37.129152927112486
395,230.9,86.01,84.49,86.1736,84.7968,37.11794102092524
396,230.92,86.065,84.46,86.1782,84.7732,37.11247671024355
397,230.94,86.12,84.425,86.1838,84.74860000000001,37.1071088862874
398,230.96,86.16499999999999,84.39,86.19,84.7226,37.09618510936171
399,230.98,86.21,84.31,86.19919999999998,84.6934,37.07950907102914
400,231.0,86.32,84.23,86.214,84.6634,37.0627357943334
401,231.02,86.43,84.28,86.23299999999999,84.63780000000001,37.04605971870793
402,231.04,86.42500000000001,84.33,86.2516,84.61779999999999,37.02948097474617
403,231.06,86.42,84.285,86.2694,84.5996,37.01846165114368
404,231.08,86.345,84.24,86.28359999999999,84.57700000000001,37.01290299013853
405,231.1,86.27,84.195,86.289,84.55,37.007443055883854
406,231.12,86.19999999999999,84.15,86.2858,84.521,36.99642519071892
407,231.14,86.13,84.17,86.2758,84.4926,36.97409119076845
408,231.16,86.215,84.19,86.2652,84.46779999999998,36.9574152625168
409,231.18,86.3,84.15,86.2562,84.4442,36.95771586131055
410,231.2,86.285,84.11,86.2448,84.41799999999999,36.95246393894167
411,231.22,86.27,84.11500000000001,86.236,84.391,36.93022974028972
412,231.24,86.22999999999999,84.12,86.22879999999999,84.3656,36.91355409520693
413,231.26,86.19,84.015,86.22200000000001,84.3374,36.90820359709774
414,231.28,86.205,83.91,86.21779999999998,84.3052,36.89708656506715
415,231.3,86.22,83.84,86.21620000000001,84.2704,36.88030658064069
416,231.32,86.27,83.77,86.21860000000001,84.23479999999999,36.86373547831288
417,231.34,86.32,83.785,86.2266,84.2018,36.84727102408042
418,231.36,86.285,83.8,86.2368,84.17119999999998,36.836367899321694
419,231.38,86.25,83.675,86.24600000000001,84.1374,36.82525100482264
420,231.4,86.195,83.55,86.2534,84.0998,36.81392014767861
421,231.42,86.14,83.57499999999999,86.2564,84.0644,36.797138694172936
422,231.44,86.13,83.6,86.2568,84.03139999999999,36.76934623510912
423,231.46,86.12,83.53999999999999,86.25499999999998,83.9974,36.74732527914778
424,231.48,86.19,83.48,86.2542,83.9642,36.73642413072713
425,231.5,86.26,83.33000000000001,86.2518,83.9282,36.72530728386426
426,231.52,86.19,83.18,86.24220000000001,83.8842,36.70863201615917
427,231.54,86.12,83.165,86.23,83.83760000000001,36.686398332377074
428,231.56,86.09,83.15,86.2168,83.79220000000001,36.66983216598895
429,231.58,86.06,83.035,86.20540000000001,83.744,36.65337726919627
430,231.6,86.08500000000001,82.92,86.19800000000001,83.693,36.63136694782417
431,231.62,86.11,82.9,86.19439999999999,83.64300000000001,36.60368796431354
432,231.64,86.19,82.88,86.19679999999998,83.5914,36.57600983966939
433,231.66,86.27,82.79499999999999,86.199,83.53559999999999,36.55956396586855
434,231.68,86.215,82.71,86.1956,83.47800000000001,36.54867923498044
435,231.7,86.16,82.71,86.19059999999999,83.42199999999998,36.53200457328287
436,231.72,86.12,82.71,86.1846,83.3658,36.50953966572107
437,231.74,86.08,82.57499999999999,86.1786,83.304,36.48186416982268
438,231.76,86.17,82.44,86.1778,83.241,36.45430675123961
439,231.78,86.26,82.36,86.18,83.179,36.42651577920987
440,231.8,86.27000000000001,82.28,86.18199999999999,83.1166,36.39884289019055
441,231.82,86.28,82.265,86.1824,83.0564,36.376848528942396
442,231.84,86.245,82.25,86.1794,82.995,36.36029436672149
443,231.86,86.21,82.06,86.1764,82.9254,36.33250380054023
444,231.88,86.205,81.87,86.1746,82.8532,36.29927626067527
445,231.9,86.2,81.765,86.17479999999999,82.7818,36.27160771361772
446,231.92,86.265,81.66,86.17980000000001,82.7052,36.249132176047226
447,231.94,86.33,81.66499999999999,86.18780000000001,82.62780000000001,36.22122095978534
448,231.96,86.275,81.67,86.19400000000002,82.55300000000001,36.18811455255484
449,231.98,86.22,81.61,86.1952,82.4782,36.16625105261018
450,232.0,86.255,81.55,86.195,82.40699999999998,36.144268424913
451,232.02,86.29,81.47999999999999,86.199,82.339,36.11092054833641
452,232.04,86.305,81.41,86.20639999999999,82.2688,36.07757269062243
453,232.06,86.32,81.24,86.2156,82.19239999999999,36.04435095733186
454,232.08,86.29499999999999,81.07,86.225,82.1138,36.01125775922239
455,232.1,86.27,80.975,86.2324,82.03599999999999,35.978038714701896
456,232.12,86.375,80.88,86.24300000000001,81.9552,35.94469140931136
457,232.14,86.48,80.79499999999999,86.25460000000001,81.8718,35.90591559511354
458,232.16,86.525,80.71,86.26480000000001,81.7884,35.86145274679809
459,232.18,86.57,80.57499999999999,86.279,81.70299999999999,35.822418134794496
460,232.2,86.49,80.44,86.29220000000001,81.61219999999999,35.79449973390283
461,232.22,86.41,80.35499999999999,86.3038,81.51799999999999,35.7612816024277
462,232.24,86.365,80.27,86.3152,81.4258,35.728326489837
463,232.26,86.32,80.19999999999999,86.32119999999999,81.3362,35.70066967737443
464,232.28,86.32,80.13,86.3236,81.24699999999999,35.6673230366656
465,232.3,86.32,80.005,86.3256,81.15599999999999,35.62855178806269
466,232.32,86.25,79.88,86.32439999999998,81.0606,35.59533927779253
467,232.34,86.18,79.695,86.3218,80.9584,35.556570040591886
468,232.36,86.14500000000001,79.51,86.3192,80.8564,35.51780182625801
469,232.38,86.11,79.45,86.31540000000001,80.75959999999999,35.47889814810224
470,232.4,86.065,79.39,86.31,80.6646,35.43443684178103
471,232.42,86.02,79.25,86.30019999999999,80.56819999999999,35.39011240967446
472,232.44,86.03,79.11,86.2882,80.46600000000001,35.35148505617982
473,232.46,86.04,79.08,86.27879999999999,80.3624,35.31827876804672
474,232.48,86.07,79.05,86.2728,80.25999999999999,35.27923649542764
475,232.5,86.1,78.945,86.2666,80.15579999999999,35.234775900277874
476,232.52,86.16,78.84,86.2614,80.05019999999999,35.1905954951469
477,232.54,86.22,78.63,86.25800000000001,79.939,35.14086118916731
478,232.56,86.2,78.42,86.25319999999999,79.8262,35.09098692268298
479,232.58,86.18,78.325,86.24859999999998,79.71640000000001,35.04096997751418
480,232.6,86.135,78.23,86.2432,79.6066,34.9965105206726
481,232.62,86.09,78.06,86.2318,79.49380000000001,34.952195328860746
482,232.64,86.08,77.89,86.2158,79.37759999999999,34.90802707875875
483,232.66,86.07,77.765,86.19759999999998,79.2598,34.85830516296028
484,232.68,86.03999999999999,77.64,86.1764,79.1424,34.80814188711418
485,232.7,86.01,77.57,86.15719999999999,79.0276,34.76353628908632
486,232.72,85.985,77.5,86.14020000000001,78.9134,34.71366771736662
487,232.74,85.96,77.44,86.12400000000001,78.8002,34.658094781834244
488,232.76,85.93,77.38,86.1084,78.6874,34.61363648998639
489,232.78,85.9,77.14,86.0916,78.5678,34.569326928984914
490,232.8,85.86,76.9,86.07320000000001,78.4436,34.51405443049807
491,232.82,85.82,76.785,86.056,78.3198,34.45863381937702
492,232.84,85.79499999999999,76.67,86.0406,78.19879999999999,34.4087716302324
493,232.86,85.77,76.53,86.0256,78.0796,34.35350751413212
494,232.88,85.74,76.39,86.01079999999997,77.9572,34.30349388452754
495,232.9,85.71,76.265,85.9966,77.8322,34.253480325241654
496,232.92,85.66999999999999,76.14,85.9826,77.70779999999999,34.1980651521051
497,232.94,85.63,75.965,85.9666,77.58200000000001,34.137094307531136
498,232.96,85.625,75.79,85.95,77.4504,34.07628295920684
499,232.98,85.62,75.655,85.93199999999999,77.3146,34.02087281470324
500,233.0,85.65,75.52,85.914,77.1776,33.96530393734526
501,233.02,85.68,75.44,85.89479999999999,77.0416,33.904338643991814
502,233.04,85.635,75.36,85.8714,76.9108,33.84337477499777
503,233.06,85.59,75.225,85.84700000000001,76.783,33.78241233850993
504,233.08,85.48,75.09,85.81900000000002,76.6536,33.72700807654632
505,233.1,85.37,75.035,85.7884,76.5258,33.671605186788724
506,233.12,85.295,74.98,85.75659999999999,76.4026,33.61620367629298
507,233.14,85.22,74.795,85.72219999999999,76.2788,33.56063711883518
508,233.16,85.10499999999999,74.61,85.68360000000001,76.1526,33.50507066356377
509,233.18,84.99,74.41499999999999,85.64160000000001,76.0236,33.44411469621603
510,233.2,84.94,74.22,85.5988,75.8896,33.38332900991723
511,233.22,84.89,74.12,85.555,75.75439999999999,33.322547655799305
512,233.24,84.845,74.02,85.51039999999999,75.6176,33.267154685334695
513,233.26,84.8,73.86,85.46520000000001,75.4768,33.20620675945671
514,233.28,84.695,73.7,85.41699999999999,75.3392,33.13970400929467
515,233.3,84.59,73.55000000000001,85.36619999999999,75.2052,33.073027992502894
516,233.32,84.625,73.4,85.3184,75.0698,33.011908455804104
517,233.34,84.66,73.355,85.273,74.93719999999999,32.956520858968254
518,233.36,84.545,73.31,85.22399999999999,74.8084,32.89575581950599
519,233.38,84.43,73.21000000000001,85.1716,74.6812,32.82943912696444
520,233.4,84.24000000000001,73.11,85.11280000000001,74.555,32.77961426189225
521,233.42,84.05,72.96000000000001,85.04800000000002,74.4278,32.729609549308904
522,233.44,83.995,72.81,84.9826,74.3016,32.663118380802146
523,233.46,83.94,72.67500000000001,84.9152,74.17699999999999,32.591256459336954
524,233.48,83.92,72.54,84.84720000000002,74.05239999999999,32.52495529202475
525,233.5,83.9,72.41,84.7772,73.928,32.4584715339823
526,233.52,83.85,72.28,84.704,73.8016,32.39161479768547
527,233.54,83.8,72.27000000000001,84.6306,73.678,32.330314104470744
528,233.56,83.69,72.26,84.55460000000001,73.5594,32.274942498285164
529,233.58,83.58,72.12,84.4786,73.4406,32.214205444884776
530,233.6,83.475,71.98,84.40279999999998,73.3184,32.153282399357465
531,233.62,83.37,71.825,84.3258,73.1922,32.08661432185707
532,233.64,83.295,71.67,84.24880000000002,73.0672,32.01458229482554
533,233.66,83.22,71.56,84.1734,72.9452,31.937190096831095
534,233.68,83.15,71.45,84.0998,72.8266,31.870523896338604
535,233.7,83.08,71.38499999999999,84.02539999999999,72.7132,31.820524383879356
536,233.72,82.905,71.32,83.946,72.6012,31.770524992375737
537,233.74,82.73,71.24,83.86139999999999,72.49000000000001,31.703859326151573
538,233.76,82.655,71.16,83.77560000000001,72.382,31.642945411689798
539,233.78,82.58,71.06,83.691,72.2764,31.592946763291287
540,233.8,82.53,70.96,83.60860000000001,72.1728,31.52647969188248
541,233.82,82.48,70.83,83.5228,72.07000000000001,31.45465880237799
542,233.84,82.41499999999999,70.7,83.43299999999999,71.9638,31.393551097462254
543,233.86,82.35,70.555,83.3452,71.8536,31.326687925997845
544,233.88,82.255,70.41,83.2582,71.7416,31.26002499913372
545,233.9,82.16,70.31,83.175,71.6296,31.193362303243358
546,233.92,82.055,70.21,83.0952,71.5196,31.13225503701056
547,233.94,81.95,70.125,83.0134,71.4122,31.071147966595202
548,233.96,81.80000000000001,70.04,82.92779999999999,71.30680000000001,31.01024358107139
549,233.98,81.65,69.945,82.837,71.203,30.949545479022323
550,234.0,81.65,69.85,82.74700000000001,71.1006,30.888852395695928
551,234.02,81.65,69.88499999999999,82.65899999999999,71.0048,30.82774815402034
552,234.04,81.545,69.92,82.56880000000001,70.9108,30.7551203534518
553,234.06,81.44,69.86500000000001,82.4788,70.815,30.688667825107572
554,234.08,81.31,69.81,82.388,70.7226,30.639300605168994
555,234.1,81.18,69.80000000000001,82.29620000000001,70.6354,30.583963814778638
556,234.12,81.03,69.79,82.2026,70.554,30.528416610209643
557,234.14,80.88,69.635,82.10600000000001,70.4726,30.46731489786849
558,234.16,80.805,69.48,82.0094,70.3894,30.40600119586271
559,234.18,80.73,69.435,81.9126,70.3088,30.350454193254127
560,234.2,80.7,69.39,81.81739999999999,70.229,30.289565733499728
561,234.22,80.67,69.17,81.72800000000001,70.14299999999999,30.22312460911282
562,234.24,80.50999999999999,68.95,81.6392,70.0514,30.162456421150008
563,234.26,80.35,68.9,81.547,69.961,30.101575031614374
564,234.28,80.255,68.85,81.45400000000001,69.8726,30.045813002796006
565,234.3,80.16,68.75,81.3592,69.7842,29.984496741609284
566,234.32,80.11,68.65,81.26440000000001,69.697,29.918061683859733
567,234.34,80.06,68.555,81.1702,69.61120000000001,29.857183031497936
568,234.36,79.875,68.46,81.0712,69.5274,29.80719423668073
569,234.38,79.69,68.485,80.96860000000001,69.4504,29.751431113532806
570,234.4,79.625,68.51,80.8672,69.3784,29.69011386176495
571,234.42,79.56,68.465,80.7674,69.3086,29.640345078830176
572,234.44,79.485,68.42,80.6688,69.2404,29.590356629293957
573,234.46,79.41,68.28,80.5732,69.17,29.529038831314494
574,234.48,79.235,68.14,80.4766,69.0978,29.479271784965622
575,234.5,79.06,67.965,80.373,69.0224,29.423952338987462
576,234.52,78.98,67.79,80.2662,68.9386,29.357079419704654
577,234.54,78.9,67.805,80.16040000000001,68.854,29.301315023852034
578,234.56,78.85,67.82,80.05680000000001,68.7722,29.245773165442657
579,234.58,78.8,67.78,79.9564,68.69099999999999,29.184901004723155
580,234.6,78.61500000000001,67.74,79.8538,68.6086,29.134914107298506
581,234.62,78.43,67.69,79.74980000000001,68.5246,29.07914886472554
582,234.64,78.285,67.64,79.646,68.4448,29.018278694895052
583,234.66,78.14,67.59,79.5394,68.3692,28.962964568135234
584,234.68,78.06,67.54,79.43260000000001,68.2934,28.913206299298736
585,234.7,77.98,67.495,79.3238,68.2176,28.863449854451137
586,234.72,77.93,67.45,79.2142,68.1488,28.807911455835814
587,234.74,77.88,67.38,79.109,68.086,28.74681948129452
588,234.76,77.72,67.31,79.0038,68.0224,28.69706623762933
589,234.78,77.56,67.16499999999999,78.896,67.955,28.64731484982199
590,234.8,77.46000000000001,67.02,78.788,67.8858,28.597099334320134
591,234.82,77.36,66.91999999999999,78.678,67.8166,28.54711616730103
592,234.84,77.22,66.82,78.5644,67.74719999999999,28.497133192158316
593,234.86,77.08,66.68,78.4526,67.67599999999999,28.441131714046808
594,234.88,76.91,66.54,78.34140000000001,67.59819999999999,28.38513213851563
595,234.9,76.74,66.48500000000001,78.226,67.5172,28.33491780351245
596,234.92,76.61,66.43,78.108,67.43580000000001,28.29071809634656
597,234.94,76.48,66.435,77.9878,67.35640000000001,28.24652013859198
598,234.96,76.33500000000001,66.44,77.8648,67.28280000000001,28.201627008293364
599,234.98,76.19,66.38499999999999,77.743,67.21260000000001,28.151182253827216
600,235.0,76.0,66.33,77.62060000000001,67.1472,28.101197927316747
601,235.02,75.81,66.24000000000001,77.49380000000001,67.0852,28.056537592554132
602,235.04,75.66499999999999,66.15,77.3644,67.01899999999999,28.017660838453544
603,235.06,75.52,66.035,77.2312,66.94760000000001,27.973692622404734
604,235.08,75.41999999999999,65.92,77.096,66.87320000000001,27.923709392248433
605,235.1,75.32,65.83500000000001,76.9642,66.79700000000001,27.86794027159922
606,235.12,75.16499999999999,65.75,76.83359999999999,66.71940000000001,27.817957037859117
607,235.14,75.01,65.675,76.7026,66.6408,27.77352766120135
608,235.16,74.91499999999999,65.6,76.5736,66.5612,27.729098440703343
609,235.18,74.82,65.52,76.444,66.4804,27.68466937670251
610,235.2,74.66499999999999,65.44,76.3114,66.3982,27.640240469659762
611,235.22,74.51,65.38,76.1746,66.3154,27.59025813859743
612,235.24,74.445,65.32,76.0372,66.233,27.545829568337524
613,235.26,74.38,65.27,75.9036,66.15140000000001,27.506954700015804
614,235.28,74.195,65.22,75.76899999999999,66.0736,27.467845043756412
615,235.3,74.01,65.13499999999999,75.631,65.99820000000001,27.42318214350655
616,235.32,73.84,65.05,75.4902,65.9234,27.378753414421322
617,235.34,73.67,64.88499999999999,75.34819999999999,65.846,27.334090596857614
618,235.36,73.515,64.72,75.20559999999999,65.7676,27.29474894953279
619,235.38,73.36,64.625,75.0636,65.691,27.250087296466162
620,235.4,73.255,64.53,74.92419999999998,65.6128,27.200103974176802
621,235.42,73.15,64.38,74.7858,65.53079999999999,27.150120851863672
622,235.44,72.98,64.23,74.6458,65.4426,27.105691578682453
623,235.46,72.81,64.21000000000001,74.50479999999999,65.3534,27.0668160962656
624,235.48,72.7,64.19,74.3652,65.26559999999999,27.027940736104096
625,235.5,72.59,64.10499999999999,74.22879999999999,65.1766,26.983278283007802
626,235.52,72.555,64.02,74.09859999999999,65.0878,26.93861613903248
627,235.54,72.52,63.935,73.97279999999999,64.9992,26.8941868613372
628,235.56,72.34,63.85,73.84559999999999,64.9118,26.854846511324723
629,235.58,72.16,63.78,73.7152,64.8262,26.81527908163115
630,235.6,71.97,63.71,73.5812,64.74119999999999,26.775945181055516
631,235.62,71.78,63.59,73.4458,64.6548,26.731513806613965
632,235.64,71.605,63.47,73.3096,64.5666,26.692636481214493
633,235.66,71.43,63.394999999999996,73.17020000000001,64.47840000000001,26.653303906148082
634,235.68,71.325,63.32,73.0304,64.3904,26.60887220008495
635,235.7,71.22,63.17,72.8926,64.2996,26.564668629938947
636,235.72,71.18,63.02,72.7594,64.20519999999999,26.520009253568254
637,235.74,71.14,62.92,72.6272,64.1092,26.475350202218905
638,235.76,70.97999999999999,62.82,72.4912,64.0112,26.436700808807934
639,235.78,70.82,62.78,72.3562,63.913599999999995,26.398053143617165
640,235.8,70.775,62.74,72.2268,63.8178,26.3591765192938
641,235.82,70.73,62.695,72.1024,63.7236,26.31474624161606
642,235.84,70.595,62.65,71.9794,63.6342,26.270085589996935
643,235.86,70.46,62.5,71.8572,63.5454,26.230750103341975
644,235.88,70.38,62.35,71.738,63.45439999999999,26.197426851819742
645,235.9,70.3,62.2,71.6198,63.3612,26.15877946316411
646,235.92,70.205,62.05,71.502,63.268,26.11411911729499
647,235.94,70.11,61.989999999999995,71.3872,63.1784,26.069230587763837
648,235.96,69.91499999999999,61.93,71.2714,63.0872,26.030125393222097
649,235.98,69.72,61.864999999999995,71.15220000000001,62.9942,25.99147612662648
650,236.0,69.705,61.8,71.0368,62.902,25.946816593419832
651,236.02,69.69,61.775,70.9222,62.812200000000004,25.89615008439953
652,236.04,69.53999999999999,61.75,70.803,62.7248,25.85682173462239
653,236.06,69.39,61.66,70.685,62.63719999999999,25.828827318516403
654,236.08,69.28,61.57,70.5698,62.5488,25.795279263449594
655,236.1,69.17,61.515,70.45779999999999,62.46099999999999,25.750623268707265
656,236.12,68.97,61.46,70.3454,62.3758,25.71729809556527
657,236.14,68.77,61.394999999999996,70.232,62.2928,25.689304935825337
658,236.16,68.715,61.33,70.1234,62.21019999999999,25.6502038034645
659,236.18,68.66,61.235,70.01679999999999,62.1268,25.605769835097508
660,236.2,68.63499999999999,61.14,69.9134,62.04559999999999,25.566668862200746
661,236.22,68.61,61.04,69.81060000000001,61.96639999999999,25.521794178168385
662,236.24,68.495,60.94,69.70479999999999,61.88719999999999,25.476921992154146
663,236.26,68.38,60.849999999999994,69.60079999999999,61.8084,25.443595507416504
664,236.28,68.225,60.76,69.497,61.7276,25.416042292151854
665,236.3,68.07,60.78,69.38879999999999,61.6492,25.382497169949488
666,236.32,67.94,60.8,69.2772,61.5734,25.354506948212258
667,236.34,67.81,60.685,69.1658,61.4948,25.321399117476084
668,236.36,67.705,60.57,69.0556,61.4176,25.271851077273848
669,236.38,67.6,60.435,68.9444,61.341,25.227639647876067
670,236.4,67.585,60.3,68.8358,61.265,25.194091995785136
671,236.42,67.57,60.23,68.7304,61.1922,25.154769526917317
672,236.44,67.52,60.16,68.62679999999999,61.119,25.115669179387798
673,236.46,67.47,60.155,68.529,61.048,25.076789029673026
674,236.48,67.325,60.15,68.4332,60.9794,25.043684336381748
675,236.5,67.18,60.03,68.3322,60.9086,25.010581308253663
676,236.52,67.07,59.91,68.2274,60.833999999999996,24.971479486740876
677,236.54,66.96,59.83,68.1242,60.75719999999999,24.93215703456626
678,236.56,66.85499999999999,59.75,68.0228,60.6808,24.898611019135075
679,236.58,66.75,59.739999999999995,67.9216,60.60759999999999,24.865505795195713
680,236.6,66.63,59.73,67.82,60.5362,24.832625181058898
681,236.62,66.51,59.64,67.7216,60.4634,24.788192133835118
682,236.64,66.43,59.55,67.628,60.3896,24.75442118224583
683,236.66,66.35,59.474999999999994,67.5334,60.3154,24.737536788497913
684,236.68,66.22999999999999,59.4,67.4362,60.242,24.704211343399272
685,236.7,66.11,59.335,67.3352,60.1698,24.6597775567935
686,236.72,66.015,59.27,67.2314,60.099,24.626452320934963
687,236.74,65.92,59.205,67.1284,60.0296,24.593127175621657
688,236.76,65.83,59.14,67.0264,59.9612,24.559802120160786
689,236.78,65.74,59.105000000000004,66.92699999999999,59.895,24.532031309907207
690,236.8,65.58,59.07,66.8274,59.8266,24.50448446158344
691,236.82,65.42,58.995000000000005,66.7266,59.7544,24.471385167334862
692,236.84,65.345,58.92,66.628,59.6838,24.438061059943912
693,236.86,65.27,58.825,66.53059999999999,59.614000000000004,24.398957174433928
694,236.88,65.175,58.73,66.4336,59.5458,24.365183628879574
695,236.9,65.08,58.644999999999996,66.3334,59.4796,24.337189610397335
696,236.92,65.015,58.56,66.2312,59.4128,24.303641959024542
697,236.94,64.95,58.5,66.1284,59.3464,24.264540568388462
698,236.96,64.765,58.44,66.02019999999999,59.2778,24.236991696823022
699,236.98,64.58,58.45,65.9104,59.2098,24.21477502501554
700,237.0,64.495,58.46,65.803,59.147,24.187004241737828
701,237.02,64.41,58.44,65.6966,59.0882,24.15945754293781
702,237.04,64.4,58.42,65.59419999999999,59.031800000000004,24.131462869265743
703,237.06,64.39,58.42,65.49560000000001,58.97860000000001,24.097914608209763
704,237.08,64.275,58.42,65.39659999999999,58.9258,24.069921046389727
705,237.1,64.16,58.325,65.2978,58.8696,24.047482300768245
706,237.12,64.06,58.23,65.1998,58.813199999999995,24.025265361103074
707,237.14,63.96,58.125,65.101,58.7562,23.99171857514394
708,237.16,63.870000000000005,58.02,65.0018,58.698,23.958172297920264
709,237.18,63.78,58.02,64.9038,58.642799999999994,23.935735209718768
710,237.2,63.625,58.02,64.8044,58.590199999999996,23.913298787710268
711,237.22,63.47,58.040000000000006,64.7026,58.541,23.885526902937038
712,237.24,63.364999999999995,58.06,64.6004,58.495200000000004,23.86330943970197
713,237.26,63.26,57.99,64.4976,58.4492,23.841092016711098
714,237.28,63.205,57.92,64.3962,58.401799999999994,23.81332029497909
715,237.3,63.15,57.875,64.299,58.354,23.785548637001675
716,237.32,63.065,57.83,64.20479999999999,58.30740000000001,23.763331355307333
717,237.34,62.98,57.855000000000004,64.11019999999999,58.26480000000001,23.73555981090039
718,237.36,62.84,57.88,64.013,58.227,23.70778833021974
719,237.38,62.7,57.845,63.913999999999994,58.1916,23.690905388454297
720,237.4,62.650000000000006,57.81,63.8168,58.158199999999994,23.674023203555233
721,237.42,62.6,57.790000000000006,63.7202,58.127399999999994,23.651805713460273
722,237.44,62.545,57.77,63.623999999999995,58.098200000000006,23.629807870856638
723,237.46,62.49,57.7,63.533,58.068599999999996,23.60759066842181
724,237.48,62.370000000000005,57.63,63.4446,58.0358,23.590707825460356
725,237.5,62.25,57.565,63.354800000000004,58.00000000000001,23.562936160091112
726,237.52,62.105000000000004,57.5,63.2626,57.96240000000001,23.535164558574134
727,237.54,61.96,57.485,63.165,57.925,23.518282035649282
728,237.56,61.905,57.47,63.0656,57.887,23.496064623427678
729,237.58,61.85,57.485,62.96860000000001,57.8496,23.473847251709838
730,237.6,61.82,57.5,62.875,57.8166,23.457184250664195
731,237.62,61.79,57.45,62.7842,57.7854,23.435187324157194
732,237.64,61.655,57.4,62.69200000000001,57.756400000000006,23.418084528713273
733,237.66,61.52,57.41,62.598,57.732,23.4063234060153
734,237.68,61.365,57.42,62.501400000000004,57.708,23.394998927064183
735,237.7,61.21,57.39,62.404799999999994,57.68280000000001,23.37833525822878
736,237.72,61.07,57.36,62.3088,57.65560000000001,23.35633288259207
737,237.74,60.93,57.305,62.2114,57.6254,23.3396694193833
738,237.76,60.825,57.25,62.114,57.5958,23.333898916311483
739,237.78,60.72,57.230000000000004,62.0146,57.568200000000004,23.32278985491267
740,237.8,60.629999999999995,57.21,61.9138,57.54160000000001,23.306342560769163
741,237.82,60.54,57.19,61.81280000000001,57.51599999999999,23.284124706272646
742,237.84,60.485,57.17,61.713,57.4886,23.261690201394867
743,237.86,60.43,57.120000000000005,61.6166,57.458200000000005,23.250365473869373
744,237.88,60.285,57.07,61.52000000000001,57.4272,23.239041614421524
745,237.9,60.14,57.09,61.4196,57.3984,23.21660935132997
746,237.92,60.04,57.11,61.3172,57.37120000000001,23.1999454588384
747,237.94,59.94,57.015,61.213,57.340999999999994,23.194604947673145
748,237.96,59.87,56.92,61.1082,57.3098,23.18926560768885
749,237.98,59.8,56.92,61.0054,57.281400000000005,23.172602061130913
750,238.0,59.75,56.92,60.9054,57.255599999999994,23.161277550340316
751,238.02,59.7,56.915,60.80919999999999,57.23219999999999,23.161063125873987
752,238.04,59.575,56.91,60.7138,57.2092,23.14952806105687
753,238.06,59.45,56.84,60.61559999999999,57.184,23.132442069824574
754,238.08,59.38,56.77,60.5168,57.15540000000001,23.121332471322976
755,238.1,59.31,56.765,60.4164,57.126000000000005,23.110222882692096
756,238.12,59.22,56.76,60.31360000000001,57.0984,23.104249984240017
757,238.14,59.13,56.730000000000004,60.212599999999995,57.0716,23.092726183245166
758,238.16,59.005,56.7,60.111999999999995,57.043200000000006,23.08696574308515
759,238.18,58.88,56.595,60.01259999999999,57.010200000000005,23.08676135750105
760,238.2,58.8,56.49,59.91620000000001,56.9742,23.07565119943636
761,238.22,58.72,56.575,59.822199999999995,56.942800000000005,23.058985980239544
762,238.24,58.66,56.66,59.7314,56.917,23.04211707500636
763,238.26,58.6,56.614999999999995,59.642399999999995,56.8916,23.031006854448744
764,238.28,58.535,56.57,59.555,56.865199999999994,23.02545174768024
765,238.3,58.47,56.55,59.468599999999995,56.8388,23.014138662853508
766,238.32,58.275,56.53,59.378,56.812400000000004,23.00838166237432
767,238.34,58.08,56.525000000000006,59.281800000000004,56.7866,23.008180884653527
768,238.36,58.0,56.52,59.1846,56.76259999999999,23.008180884084435
769,238.38,57.92,56.510000000000005,59.09,56.740199999999994,23.00818088280859
770,238.4,57.94,56.5,59.001999999999995,56.7166,23.002625638497317
771,238.42,57.96,56.465,58.918800000000005,56.690799999999996,22.99687059804599
772,238.44,57.91,56.43,58.8376,56.66740000000001,22.99072222373811
773,238.46,57.86,56.34,58.757200000000005,56.6442,22.9792211663816
774,238.48,57.72,56.25,58.674,56.617399999999996,22.979027679525807
775,238.5,57.58,56.230000000000004,58.587199999999996,56.589800000000004,22.979027678734482
776,238.52,57.489999999999995,56.21,58.4988,56.561600000000006,22.973860254818096
777,238.54,57.4,56.24,58.4118,56.534800000000004,22.97386025363952
778,238.56,57.36,56.27,58.328199999999995,56.51200000000001,22.97366564342479
779,238.58,57.32,56.265,58.2458,56.49179999999999,22.96811012594312
780,238.6,57.245000000000005,56.26,58.163199999999996,56.471599999999995,22.962360983770044
781,238.62,57.17,56.239999999999995,58.081199999999995,56.4508,22.95661282728902
782,238.64,57.09,56.22,57.9996,56.4304,22.95623086676617
783,238.66,57.01,56.19,57.919799999999995,56.41,22.961409006177174
784,238.68,56.959999999999994,56.16,57.843,56.3926,22.96122184189973
785,238.7,56.91,56.11,57.767399999999995,56.377399999999994,22.949923996546755
786,238.72,56.89,56.06,57.6942,56.35679999999999,22.938627056330574
787,238.74,56.87,56.015,57.622600000000006,56.331,22.932886983629878
788,238.76,56.79,55.97,57.550200000000004,56.305200000000006,22.9328869825169
789,238.78,56.71,55.9,57.4772,56.278400000000005,22.932886981757342
790,238.8,56.59,55.83,57.402,56.2496,22.932886980997782
791,238.82,56.47,55.875,57.3298,56.2234,22.932886980591647
792,238.84,56.394999999999996,55.92,57.2624,56.1992,22.938259910478397
793,238.86,56.32,55.86,57.19519999999999,56.17280000000001,22.94345317849862
794,238.88,56.28,55.8,57.12959999999999,56.144400000000005,22.943094750700336
795,238.9,56.24,55.724999999999994,57.0616,56.1134,22.937360927430234
796,238.92,56.25,55.65,56.993199999999995,56.080799999999996,22.926248479609065
797,238.94,56.26,55.769999999999996,56.92719999999999,56.054399999999994,22.92069225772429
798,238.96,56.26,55.89,56.8632,56.03639999999999,22.920515567910194
799,238.98,56.26,55.894999999999996,56.80479999999999,56.022200000000005,22.914783653259395
800,239.0,56.224999999999994,55.9,56.750600000000006,56.00899999999999,22.90887919942302
801,239.02,56.19,55.89,56.698600000000006,55.9962,22.914091838737278
802,239.04,56.155,55.88,56.6488,55.98179999999999,22.91981960291108
803,239.06,56.12,55.885000000000005,56.5992,55.96639999999999,22.91426317154393
804,239.08,56.084999999999994,55.89,56.5498,55.95140000000001,22.913921582678604
805,239.1,56.05,55.865,56.501999999999995,55.9356,22.924865518324115
806,239.12,55.894999999999996,55.84,56.45099999999999,55.9196,22.935810703211878
807,239.14,55.74,55.85,56.397,55.9048,22.941200491810555
808,239.16,55.64,55.86,56.342200000000005,55.8916,22.946591440614434
809,239.18,55.54,55.825,56.2854,55.8782,22.946426824341337
810,239.2,55.535,55.79,56.2304,55.8654,22.946263286403294
811,239.22,55.53,55.724999999999994,56.176,55.852,22.951657630129663
812,239.24,55.55,55.66,56.1232,55.837799999999994,22.951657629538797
813,239.26,55.57,55.665,56.0744,55.825599999999994,22.945939444550714
814,239.28,55.56,55.67,56.02839999999999,55.8164,22.945779141989984
815,239.3,55.55,55.730000000000004,55.9868,55.8124,22.95133602336449
816,239.32,55.48,55.79,55.947199999999995,55.809,22.951336022789267
817,239.34,55.41,55.81,55.907799999999995,55.8046,22.945779140274166
818,239.36,55.379999999999995,55.83,55.870200000000004,55.8034,22.945779139709074
819,239.38,55.35,55.84,55.833,55.805,22.956892903704475
820,239.4,55.379999999999995,55.85,55.79860000000001,55.81,22.968006673598534
821,239.42,55.41,55.894999999999996,55.765,55.819799999999994,22.96800667303399
822,239.44,55.379999999999995,55.94,55.729800000000004,55.8266,22.968006672822927
823,239.46,55.35,55.885,55.693400000000004,55.82640000000001,22.97880353897393
824,239.48,55.32,55.83,55.6558,55.82379999999999,22.983739760004262
825,239.5,55.29,55.82,55.6184,55.820600000000006,22.977878656289448
826,239.52,55.265,55.81,55.581399999999995,55.8174,22.977728278172375
827,239.54,55.24,55.730000000000004,55.544799999999995,55.811400000000006,22.97757897707172
828,239.56,55.19,55.65,55.507600000000004,55.80200000000001,22.97743075300832
829,239.58,55.14,55.67,55.46979999999999,55.7932,22.977283605965557
830,239.6,55.129999999999995,55.69,55.433,55.7862,22.97743075239473
831,239.62,55.12,55.745,55.402,55.782399999999996,22.988693501500048
832,239.64,55.095,55.8,55.3762,55.7804,22.999808032554927
833,239.66,55.07,55.805,55.35339999999999,55.7782,22.999512947509633
834,239.68,55.085,55.81,55.33519999999999,55.7776,22.999222166555743
835,239.7,55.1,55.775000000000006,55.3178,55.777,23.010336985420434
836,239.72,55.095,55.74,55.300399999999996,55.7776,23.02145180844572
837,239.74,55.09,55.74,55.282,55.7808,23.027009221418304
838,239.76,55.11,55.74,55.2636,55.7838,23.032423067914113
839,239.78,55.13,55.78,55.2464,55.788199999999996,23.03213915513569
840,239.8,55.019999999999996,55.82,55.225199999999994,55.7918,23.031998810438594
841,239.82,54.91,55.765,55.202400000000004,55.7908,23.043113916390595
842,239.84,54.84,55.71,55.1796,55.7868,23.05964748196405
843,239.86,54.77,55.665,55.155199999999994,55.780199999999994,23.065067078080755
844,239.88,54.825,55.62,55.1342,55.7714,23.06493015546195
845,239.9,54.88,55.66,55.11419999999999,55.7638,23.064794305952457
846,239.92,54.93,55.7,55.095,55.756,23.064794305544993
847,239.94,54.98,56.010000000000005,55.07899999999999,55.7588,23.081199097934434
848,239.96,54.94499999999999,56.32,55.062799999999996,55.776199999999996,23.097478278094847
849,239.98,54.91,56.254999999999995,55.046400000000006,55.793200000000006,23.097349054103862
850,240.0,54.91,56.19,55.0312,55.808,23.103036133680916
851,240.02,54.91,56.07,55.016999999999996,55.818400000000004,23.11983987914325
852,240.04,54.89,55.95,55.003,55.827200000000005,23.130825431038055
853,240.06,54.87,55.86,54.990199999999994,55.83559999999999,23.13069639372504
854,240.08,54.78,55.77,54.9758,55.8396,23.13069639335651
855,240.1,54.69,55.77,54.9582,55.8428,23.13625428611392
856,240.12,54.675,55.77,54.9404,55.8438,23.14168427444399
857,240.14,54.66,55.85,54.923,55.8458,23.147115394835243
858,240.16,54.644999999999996,55.93,54.906000000000006,55.85080000000001,23.15810563375093
859,240.18,54.63,55.945,54.887800000000006,55.8562,23.169097065418065
860,240.2,54.625,55.96,54.86879999999999,55.863600000000005,23.174531636733064
861,240.22,54.62,55.995000000000005,54.849799999999995,55.8738,23.185525417256937
862,240.24,54.605000000000004,56.03,54.8304,55.8854,23.19664158153689
863,240.26,54.59,56.0,54.8096,55.8958,23.19664158120524
864,240.28,54.575,55.97,54.7874,55.903400000000005,23.20207849747925
865,240.3,54.56,55.96,54.769,55.909,23.213074681620594
866,240.32,54.535,55.95,54.754,55.9164,23.21863282474141
867,240.34,54.51,55.955,54.7408,55.9262,23.224190968629664
868,240.36,54.56,55.96,54.7324,55.938,23.229749113638352
869,240.38,54.61,55.975,54.723800000000004,55.95219999999999,23.235427187131354
870,240.4,54.605000000000004,55.99,54.71280000000001,55.9654,23.241106268451677
871,240.42,54.6,55.965,54.699600000000004,55.976000000000006,23.25222244863195
872,240.44,54.595,55.94,54.684200000000004,55.9732,23.27445481882932
873,240.46,54.59,55.989999999999995,54.67,55.96,23.285571008860188
874,240.48,54.595,56.04,54.657399999999996,55.95140000000001,23.279892150259272
875,240.5,54.6,56.03,54.645,55.945,23.28545027435365
876,240.52,54.54,56.02,54.6302,55.943000000000005,23.30224529791371
877,240.54,54.48,56.0,54.6138,55.945,23.307803396307882
878,240.56,54.41,55.98,54.5954,55.9498,23.313361495488042
879,240.58,54.34,55.935,54.5778,55.9564,23.32447769617437
880,240.6,54.345,55.89,54.56399999999999,55.961200000000005,23.341031556735956
881,240.62,54.35,55.894999999999996,54.551,55.96620000000001,23.357586657232424
882,240.64,54.315,55.9,54.537200000000006,55.968199999999996,23.35746841729052
883,240.66,54.28,56.0,54.522600000000004,55.971,23.35735123612732
884,240.68,54.260000000000005,56.1,54.507799999999996,55.9772,23.368467675349283
885,240.7,54.24,56.095,54.4924,55.98259999999999,23.38537747987881
886,240.72,54.230000000000004,56.09,54.476800000000004,55.9864,23.40217105656158
887,240.74,54.22,56.05500000000001,54.461400000000005,55.98740000000001,23.41316832268599
888,240.76,54.175,56.02,54.44480000000001,55.988200000000006,23.424166761273995
889,240.78,54.13,56.005,54.427,55.9896,23.43516637144128
890,240.8,54.16,55.99,54.411,55.9908,23.451841061695205
891,240.82,54.19,55.965,54.397200000000005,55.991400000000006,23.4629575251231
892,240.84,54.2,55.94,54.384800000000006,55.9908,23.46295752552495
893,240.86,54.21,55.93,54.3708,55.9896,23.4687500626497
894,240.88,54.175,55.92,54.3534,55.98740000000001,23.480104830677785
895,240.9,54.14,55.945,54.334799999999994,55.985600000000005,23.49122107795149
896,240.92,54.24,55.97,54.3204,55.9858,23.496779202396628
897,240.94,54.34,55.995000000000005,54.310199999999995,55.988,23.502337327962504
898,240.96,54.265,56.02,54.297200000000004,55.989200000000004,23.5078954535879
899,240.98,54.19,56.005,54.281000000000006,55.9878,23.51913229574032
900,241.0,54.14,55.99,54.26259999999999,55.9862,23.5358065987577
901,241.02,54.09,55.995000000000005,54.2446,55.98519999999999,23.546802359209824
902,241.04,54.05,56.0,54.227399999999996,55.98519999999999,23.557918624842127
903,241.06,54.01,55.965,54.211400000000005,55.9846,23.56927660637245
904,241.08,54.08,55.93,54.20099999999999,55.98440000000001,23.57495708752336
905,241.1,54.15,55.91,54.1932,55.985200000000006,23.574834684524806
906,241.12,54.129999999999995,55.89,54.1844,55.985,23.585950843507188
907,241.14,54.11,55.955,54.1762,55.9872,23.61398670712648
908,241.16,54.025,56.02,54.166,55.988,23.636343000905132
909,241.18,53.94,56.005,54.1532,55.9842,23.641776849481374
910,241.2,53.985,55.99,54.143,55.98000000000001,23.641776849132725
911,241.22,54.03,56.040000000000006,54.135,55.978,23.647459002374543
912,241.24,54.055,56.09,54.12839999999999,55.9794,23.664258094001816
913,241.26,54.08,56.075,54.1246,55.9816,23.68105806249178
914,241.28,54.125,56.06,54.12440000000001,55.9838,23.686743064625084
915,241.3,54.17,55.995000000000005,54.12479999999999,55.98400000000001,23.692300984318752
916,241.32,54.115,55.93,54.12179999999999,55.98259999999999,23.703416825948057
917,241.34,54.06,55.935,54.1162,55.982400000000005,23.720218514081825
918,241.36,54.135000000000005,55.94,54.113200000000006,55.9828,23.731463206576926
919,241.38,54.21,55.945,54.1146,55.9838,23.737281944282753
920,241.4,54.25,55.95,54.11900000000001,55.98400000000001,23.748662476315094
921,241.42,54.29,55.97,54.121,55.983999999999995,23.759777969357966
922,241.44,54.28,55.99,54.11860000000001,55.9838,23.76533571689819
923,241.46,54.27,56.015,54.1188,55.9836,23.77116230162715
924,241.48,54.205,56.04,54.1194,55.985,23.782550548923695
925,241.5,54.14,56.04,54.119400000000006,55.986999999999995,23.799223427272743
926,241.52,54.155,56.04,54.122,55.9888,23.810338684069894
927,241.54,54.17,55.974999999999994,54.1268,55.98780000000001,23.81603411848428
928,241.56,54.230000000000004,55.91,54.135600000000004,55.9856,23.827288096090737
929,241.58,54.29,55.92,54.144000000000005,55.98519999999999,23.83868377714212
930,241.6,54.245000000000005,55.93,54.1478,55.986000000000004,23.844525911353003
931,241.62,54.2,55.935,54.150600000000004,55.9878,23.850083351173268
932,241.64,54.195,55.94,54.153999999999996,55.9872,23.866471313057826
933,241.66,54.19,55.965,54.1606,55.985,23.888701360951647
934,241.68,54.19,55.99,54.17060000000001,55.984399999999994,23.900100358193598
935,241.7,54.19,55.965,54.1788,55.9834,23.90565780872937
936,241.72,54.12,55.94,54.1824,55.9794,23.922330166637852
937,241.74,54.05,55.915,54.1822,55.9724,23.93914583860243
938,241.76,54.015,55.89,54.1796,55.965,23.94484756740091
939,241.78,53.98,55.935,54.1738,55.96,23.961664984375744
940,241.8,54.095,55.98,54.17080000000001,55.959399999999995,23.978191938166173
941,241.82,54.21,55.959999999999994,54.1746,55.96060000000001,23.978047833985315
942,241.84,54.185,55.94,54.1796,55.9608,23.989306735958326
943,241.86,54.16,55.849999999999994,54.1806,55.9572,24.006269908844104
944,241.88,54.105,55.76,54.176399999999994,55.949799999999996,24.017679536879996
945,241.9,54.05,55.775,54.16839999999999,55.9428,24.034500272035825
946,241.92,54.04,55.79,54.1584,55.9356,24.051321839241712
947,241.94,54.03,55.754999999999995,54.1484,55.9262,24.06258706209475
948,241.96,54.06,55.72,54.14,55.91439999999999,24.068296035662854
949,241.98,54.09,55.715,54.1354,55.9014,24.068448859857817
950,242.0,54.21,55.71,54.1382,55.8882,24.068602712850783
951,242.02,54.33,55.71,54.145199999999996,55.875,24.074159783761072
952,242.04,54.285,55.71,54.1498,55.864399999999996,24.085120183839877
953,242.06,54.24,55.665,54.1502,55.8546,24.10194516101112
954,242.08,54.17,55.62,54.1454,55.842600000000004,24.1130593204672
955,242.1,54.1,55.59,54.1396,55.82899999999999,24.118462867438833
956,242.12,54.075,55.56,54.1346,55.81399999999999,24.135287653785255
957,242.14,54.05,55.56,54.1288,55.7988,24.152113263808534
958,242.16,54.099999999999994,55.56,54.12519999999999,55.7826,24.163382674147872
959,242.18,54.15,55.585,54.123599999999996,55.766400000000004,24.169095983429532
960,242.2,54.120000000000005,55.61,54.1208,55.752199999999995,24.169253294285518
961,242.22,54.09,55.59,54.1196,55.738200000000006,24.16925329405813
962,242.24,54.1,55.57,54.1216,55.7244,24.174810244166512
963,242.26,54.11,55.5,54.1254,55.708800000000004,24.19195874242173
964,242.28,54.144999999999996,55.43,54.132,55.68860000000001,24.20911579320276
965,242.3,54.18,55.415,54.1354,55.666000000000004,24.21467253070725
966,242.32,54.230000000000004,55.4,54.13620000000001,55.6436,24.214672530081412
967,242.34,54.28,55.42,54.14,55.6228,24.220393407978282
968,242.36,54.275000000000006,55.44,54.1446,55.6064,24.226115232505055
969,242.38,54.27,55.375,54.151199999999996,55.591,24.23739463524545
970,242.4,54.255,55.31,54.159400000000005,55.572399999999995,24.25423150785611
971,242.42,54.24,55.3,54.16740000000001,55.5528,24.259956059705303
972,242.44,54.25,55.29,54.1762,55.5342,24.25978810481923
973,242.46,54.26,55.29,54.184200000000004,55.51700000000001,24.265344703119936
974,242.48,54.205,55.29,54.1888,55.5,24.282351130087573
975,242.5,54.15,55.22,54.186400000000006,55.4804,24.293633948756863
976,242.52,54.205,55.15,54.181400000000004,55.458,24.293804726997376
977,242.54,54.26,55.17,54.1804,55.436400000000006,24.299361180189702
978,242.56,54.28,55.19,54.181999999999995,55.41740000000001,24.304917634181557
979,242.58,54.3,55.209999999999994,54.18719999999999,55.400999999999996,24.299705713279923
980,242.6,54.31,55.23,54.195600000000006,55.3866,24.30005431966552
981,242.62,54.32,55.17,54.2054,55.371,24.316898922458716
982,242.64,54.265,55.11,54.214000000000006,55.352999999999994,24.33339211957665
983,242.66,54.21,55.065,54.2184,55.3332,24.33894842489434
984,242.68,54.235,55.02,54.2218,55.310599999999994,24.339300539880274
985,242.7,54.26,54.995000000000005,54.227399999999996,55.286,24.339478121899898
986,242.72,54.25,54.97,54.2338,55.2612,24.34468023953721
987,242.74,54.24,55.0,54.2394,55.2384,24.35006103809729
988,242.76,54.215,55.03,54.243599999999994,55.2196,24.350412992632606
989,242.78,54.19,55.025000000000006,54.2454,55.203399999999995,24.350590493270204
990,242.8,54.195,55.02,54.245999999999995,55.1876,24.361881309157788
991,242.82,54.2,55.09,54.244800000000005,55.175200000000004,24.373172984462688
992,242.84,54.19,55.16,54.2412,55.16479999999999,24.373353367591296
993,242.86,54.18,55.075,54.2374,55.1502,24.37335336717519
994,242.88,54.15,54.99,54.232600000000005,55.1348,24.378909439862568
995,242.9,54.12,54.955,54.2272,55.1206,24.390568459152643
996,242.92,54.215,54.92,54.2262,55.1054,24.39668028145346
997,242.94,54.31,54.870000000000005,54.2286,55.08860000000001,24.39686759798169
998,242.96,54.32,54.82,54.230999999999995,55.069799999999994,24.40223610895536
999,242.98,54.33,54.864999999999995,54.236000000000004,55.0528,24.41297643265338
1000,243.0,54.364999999999995,54.91,54.2446,55.0404,24.418532351123726
1001,243.02,54.4,54.93,54.252399999999994,55.0316,24.41334777072965
1002,243.04,54.405,54.95,54.258199999999995,55.0228,24.413534958943586
1003,243.06,54.41,54.93,54.263400000000004,55.0124,24.424459439407304
1004,243.08,54.41,54.91,54.26780000000001,55.000400000000006,24.430015276577635
1005,243.1,54.41,54.915,54.27179999999999,54.98780000000001,24.43594616594707
1006,243.12,54.36,54.92,54.2734,54.977799999999995,24.447436606676494
1007,243.14,54.31,54.955,54.2752,54.97160000000001,24.45318321762374
1008,243.16,54.260000000000005,54.99,54.2772,54.96860000000001,24.452992278807002
1009,243.18,54.21,55.019999999999996,54.276199999999996,54.96860000000001,24.452992278401688
1010,243.2,54.285,55.05,54.2772,54.9708,24.45318321507819
1011,243.22,54.36,54.974999999999994,54.2816,54.971,24.452992276337014
1012,243.24,54.34,54.9,54.285599999999995,54.967,24.458547951528434
1013,243.26,54.32,54.915,54.28980000000001,54.962399999999995,24.464294479353406
1014,243.28,54.275,54.93,54.2932,54.958600000000004,24.469850114452374
1015,243.3,54.23,54.91,54.2946,54.9542,24.486517033640858
1016,243.32,54.185,54.89,54.294,54.9462,24.50337552646301
1017,243.34,54.14,54.980000000000004,54.292,54.93899999999999,24.50912365422724
1018,243.36,54.18,55.07,54.292,54.9388,24.509317185340002
1019,243.38,54.22,55.09,54.2948,54.942800000000005,24.509707275303533
1020,243.4,54.29,55.11,54.3016,54.949,24.520818140294285
1021,243.42,54.36,55.06,54.3074,54.9546,24.53192901254644
1022,243.44,54.379999999999995,55.01,54.3102,54.96019999999999,24.532125392384156
1023,243.46,54.4,54.974999999999994,54.3134,54.9664,24.531929010426513
1024,243.48,54.34,54.94,54.3138,54.96939999999999,24.53173363624536
1025,243.5,54.28,54.94,54.3104,54.9706,24.54284460503467
1026,243.52,54.265,54.94,54.305,54.971000000000004,24.559511073277864
1027,243.54,54.25,54.965,54.2988,54.971599999999995,24.56487246472232
1028,243.56,54.239999999999995,54.99,54.292,54.974,24.570428003356632
1029,243.58,54.23,55.005,54.2848,54.97780000000001,24.57617755713694
1030,243.6,54.254999999999995,55.02,54.278600000000004,54.982,24.576372575387513
1031,243.62,54.28,54.99,54.2754,54.98480000000001,24.576568600669106
1032,243.64,54.28,54.96,54.2742,54.985,24.58192802867685
1033,243.66,54.28,55.035,54.275,54.986799999999995,24.58748348511667
1034,243.68,54.230000000000004,55.11,54.2758,54.9904,24.598987106870574
1035,243.7,54.18,55.155,54.2716,54.9946,24.621208614655306
1036,243.72,54.185,55.2,54.2646,55.003600000000006,24.63212279274529
1037,243.74,54.19,55.09,54.25860000000001,55.0112,24.632122791831442
1038,243.76,54.269999999999996,54.98,54.2566,55.0138,24.626763994535303
1039,243.78,54.35,55.06,54.2596,55.019,24.621406292034134
1040,243.8,54.370000000000005,55.14,54.26520000000001,55.028200000000005,24.632516967961138
1041,243.82,54.39,55.155,54.2734,55.0388,24.64362765219458
1042,243.84,54.31,55.17,54.280199999999994,55.046400000000006,24.64362765126233
1043,243.86,54.23,55.125,54.282199999999996,55.04860000000001,24.64918299574901
1044,243.88,54.165,55.08,54.28,55.048199999999994,24.660293691875562
1045,243.9,54.1,55.065,54.2724,55.046400000000006,24.671404395978673
1046,243.92,54.125,55.05,54.263000000000005,55.04600000000001,24.68807046714285
1047,243.94,54.15,55.08,54.25379999999999,55.0488,24.693428725170694
1048,243.96,54.175,55.11,54.244800000000005,55.0542,24.687873318692507
1049,243.98,54.2,55.1,54.239200000000004,55.0606,24.693823929988195
1050,244.0,54.2,55.09,54.236,55.0666,24.705133583894522
1051,244.02,54.2,55.145,54.2334,55.074799999999996,24.71604521457288
1052,244.04,54.175,55.2,54.2304,55.0842,24.72140265908819
1053,244.06,54.15,55.21,54.226800000000004,55.093,24.721402658209094
1054,244.08,54.224999999999994,55.22,54.2266,55.1016,24.721402656926394
1055,244.1,54.3,55.245000000000005,54.22839999999999,55.1106,24.72140265635046
1056,244.12,54.215,55.27,54.2258,55.1218,24.7382665291813
1057,244.14,54.13,55.195,54.21979999999999,55.1312,24.755131152133426
1058,244.16,54.120000000000005,55.12,54.2134,55.1346,24.75493253721515
1059,244.18,54.11,55.114999999999995,54.2086,55.1348,24.76604321887426
1060,244.2,54.17,55.11,54.2082,55.133,24.782907649173012
1061,244.22,54.23,55.16,54.21,55.13139999999999,24.788264607293286
1062,244.24,54.185,55.21,54.209799999999994,55.1362,24.79381995867978
1063,244.26,54.14,55.3,54.2046,55.148999999999994,24.799375312389408
1064,244.28,54.1,55.39,54.1946,55.162200000000006,24.799375311453584
1065,244.3,54.06,55.355000000000004,54.182199999999995,55.1708,24.79957356808751
1066,244.32,54.105000000000004,55.32,54.1708,55.1774,24.799375309531612
1067,244.34,54.15,55.34,54.16440000000001,55.18419999999999,24.810288850996333
1068,244.36,54.254999999999995,55.36,54.1654,55.193599999999996,24.821203572850095
1069,244.38,54.36,55.33,54.173199999999994,55.203599999999994,24.82100848065993
1070,244.4,54.3,55.3,54.1812,55.212999999999994,24.832314477236622
1071,244.42,54.24,55.29,54.1858,55.2226,24.843621303156212
1072,244.44,54.16,55.28,54.1862,55.2306,24.849373582312463
1073,244.46,54.08,55.25,54.1824,55.2362,24.855126770015307
1074,244.48,54.07,55.22,54.1772,55.24100000000001,24.8604843299272
1075,244.5,54.06,55.3,54.1716,55.24940000000001,24.877150468540407
1076,244.52,54.005,55.38,54.1638,55.2588,24.894014130532966
1077,244.54,53.95,55.39,54.1548,55.266400000000004,24.89937201379146
1078,244.56,54.035,55.4,54.1502,55.273999999999994,24.89917554417415
1079,244.58,54.12,55.385,54.146,55.28059999999999,24.904535546943524
1080,244.6,54.05,55.37,54.136,55.2856,24.92100768637424
1081,244.62,53.98,55.36,54.126599999999996,55.289199999999994,24.937674281224545
1082,244.64,54.019999999999996,55.35,54.1222,55.2954,24.948979445157462
1083,244.66,54.06,55.34,54.1198,55.3042,24.95472998015638
1084,244.68,54.035,55.33,54.116800000000005,55.312799999999996,24.960090437148292
1085,244.7,54.01,55.285,54.1104,55.319799999999994,24.965451973823523
1086,244.72,54.04,55.24,54.102799999999995,55.323,24.96564593509596
1087,244.74,54.07,55.325,54.0982,55.327600000000004,24.9771476625907
1088,244.76,54.129999999999995,55.41,54.0978,55.33200000000001,24.988258501057352
1089,244.78,54.19,55.459999999999994,54.101400000000005,55.334799999999994,24.993423460216867
1090,244.8,54.205,55.51,54.107200000000006,55.340999999999994,25.004340822935692
1091,244.82,54.22,55.504999999999995,54.1118,55.3484,25.00989638026431
1092,244.84,54.17,55.5,54.1126,55.354800000000004,25.009896378912593
1093,244.86,54.12,55.489999999999995,54.107200000000006,55.36,25.009703749166984
1094,244.88,53.995,55.48,54.09259999999999,55.36600000000001,25.020623400326347
1095,244.9,53.87,55.45,54.0754,55.37200000000001,25.042846006319873
1096,244.92,53.905,55.42,54.062,55.377199999999995,25.05932270855736
1097,244.94,53.94,55.455,54.0532,55.3842,25.064689169314505
1098,244.96,53.87,55.49,54.044799999999995,55.39379999999999,25.07580066565247
1099,244.98,53.8,55.44,54.034,55.40259999999999,25.092656955187685
1100,245.0,53.83,55.39,54.024800000000006,55.4062,25.09840264436059
1101,245.02,53.86,55.42,54.019,55.407799999999995,25.103768383937567
1102,245.04,53.879999999999995,55.45,54.0162,55.410199999999996,25.120246719447863
1103,245.06,53.9,55.505,54.010799999999996,55.41440000000001,25.131546990273698
1104,245.08,53.885,55.56,54.0014,55.421400000000006,25.137483064025382
1105,245.1,53.87,55.545,53.9942,55.4284,25.15415000254762
1106,245.12,53.935,55.53,53.992399999999996,55.4352,25.16526130340945
1107,245.14,54.0,55.515,53.9916,55.44179999999999,25.165452740527833
1108,245.16,53.97,55.5,53.988,55.4482,25.170816955193207
1109,245.18,53.94,55.465,53.9842,55.45360000000001,25.17618223895397
1110,245.2,53.995,55.43,53.983599999999996,55.4594,25.17637260913806
1111,245.22,54.05,55.47,53.983999999999995,55.468599999999995,25.18767519357107
1112,245.24,54.06,55.51,53.9836,55.47599999999999,25.210089760364784
1113,245.26,54.07,55.515,53.9812,55.480199999999996,25.221587864468013
1114,245.28,54.114999999999995,55.52,53.978199999999994,55.482600000000005,25.215838362208814
1115,245.3,54.16,55.55,53.97639999999999,55.4842,25.209706575798407
1116,245.32,54.09,55.58,53.971199999999996,55.4872,25.2206278775471
1117,245.34,54.02,55.555,53.965199999999996,55.489399999999996,25.242850741490034
1118,245.36,53.980000000000004,55.53,53.9596,55.49099999999999,25.259517907919562
1119,245.38,53.94,55.555,53.95740000000001,55.494,25.265073632978773
1120,245.4,53.915,55.58,53.9592,55.4992,25.270440679326896
1121,245.42,53.89,55.605000000000004,53.9586,55.5066,25.275808788599615
1122,245.44,53.894999999999996,55.63,53.956799999999994,55.513600000000004,25.287107995519918
1123,245.46,53.9,55.615,53.958,55.518600000000006,25.30951950080465
1124,245.48,53.97,55.6,53.964800000000004,55.525,25.320442677330952
1125,245.5,54.04,55.58,53.9732,55.5326,25.32581117287121
1126,245.52,53.995000000000005,55.56,53.97860000000001,55.5382,25.336922833269977
1127,245.54,53.95,55.485,53.981399999999994,55.5396,25.342665832219485
1128,245.56,53.905,55.41,53.9816,55.5358,25.348598804533506
1129,245.58,53.86,55.43,53.9806,55.53060000000001,25.354154516616788
1130,245.6,53.97,55.45,53.9846,55.526799999999994,25.35377741846942
1131,245.62,54.08,55.495000000000005,53.9904,55.5254,25.359146170571886
1132,245.64,54.09,55.54,53.994,55.5264,25.364889012735794
1133,245.66,54.1,55.599999999999994,53.9992,55.53040000000001,25.370444812664964
1134,245.68,54.11,55.66,54.00599999999999,55.538199999999996,25.38099870132778
1135,245.7,54.12,55.655,54.011,55.5472,25.386187769890572
1136,245.72,54.08,55.65,54.0122,55.55440000000001,25.39748265217425
1137,245.74,54.04,55.675,54.011399999999995,55.56100000000001,25.419890227595435
1138,245.76,53.96,55.7,54.007,55.568400000000004,25.436742577741757
1139,245.78,53.88,55.645,53.997600000000006,55.5734,25.44267037159727
1140,245.8,53.91,55.59,53.9876,55.575,25.44267037078711
1141,245.82,53.94,55.575,53.9816,55.574799999999996,25.442298479682805
1142,245.84,53.974999999999994,55.56,53.9798,55.575,25.447486463792803
1143,245.86,54.01,55.615,53.980999999999995,55.5784,25.463972048348456
1144,245.88,54.05,55.67,53.9854,55.583,25.486378410954227
1145,245.9,54.09,55.685,53.992399999999996,55.5872,25.497673525160323
1146,245.92,54.02,55.7,53.997600000000006,55.591,25.503046412094584
1147,245.94,53.95,55.675,53.99980000000001,55.5928,25.5193514261873
1148,245.96,54.0,55.65,54.0038,55.5942,25.530283634353736
1149,245.98,54.05,55.61,54.007,55.5946,25.535839764233543
1150,246.0,54.07,55.57,54.008199999999995,55.5942,25.541575785996493
1151,246.02,54.09,55.555,54.01200000000001,55.593999999999994,25.536200590884025
1152,246.04,54.040000000000006,55.54,54.015600000000006,55.596199999999996,25.53601969160806
1153,246.06,53.99,55.585,54.019000000000005,55.603199999999994,25.552508162241097
1154,246.08,54.09,55.63,54.0282,55.6112,25.574554028521828
1155,246.1,54.19,55.655,54.037,55.619400000000006,25.591222577801496
1156,246.12,54.15,55.68,54.03980000000001,55.6268,25.60251344654715
1157,246.14,54.11,55.715,54.040600000000005,55.6338,25.607891140264428
1158,246.16,53.995000000000005,55.75,54.03639999999999,55.639799999999994,25.613093393224464
1159,246.18,53.88,55.765,54.0272,55.644000000000005,25.629412358375486
1160,246.2,53.925,55.78,54.0194,55.64900000000001,25.651292080007355
1161,246.22,53.97,55.8,54.015,55.655,25.662233620211843
1162,246.24,53.94,55.82,54.011,55.6608,25.667961374326122
1163,246.26,53.91,55.795,54.00899999999999,55.6646,25.68463068230428
1164,246.28,53.925,55.77,54.010799999999996,55.6696,25.695233150913104
1165,246.3,53.94,55.725,54.012,55.675,25.700454315485494
1166,246.32,53.925,55.68,54.0114,55.6792,25.71140139104549
1167,246.34,53.91,55.67,54.0088,55.683600000000006,25.71679287512566
1168,246.36,53.95,55.66,54.006400000000006,55.6854,25.722514720380264
1169,246.38,53.99,55.644999999999996,54.004,55.684400000000004,25.733961085546447
1170,246.4,53.915000000000006,55.63,53.997,55.6822,25.750463996315432
1171,246.42,53.84,55.650000000000006,53.9898,55.680200000000006,25.76663933734955
1172,246.44,53.85,55.67,53.9858,55.68,25.77187123963615
1173,246.46,53.86,55.68,53.980199999999996,55.6812,25.771550232377077
1174,246.48,53.9,55.69,53.9742,55.684400000000004,25.777107121460467
1175,246.5,53.94,55.675,53.96900000000001,55.688599999999994,25.788541701953115
1176,246.52,53.97,55.66,53.9642,55.692800000000005,25.799655350756456
1177,246.54,54.0,55.675,53.9626,55.69820000000001,25.8104484822132
1178,246.56,54.035,55.69,53.9644,55.702400000000004,25.815688759983125
1179,246.58,54.07,55.785,53.96360000000001,55.7086,25.81553188733714
1180,246.6,54.08,55.88,53.9592,55.717600000000004,25.82664589080557
1181,246.62,54.09,55.84,53.956799999999994,55.724,25.84887391108036
1182,246.64,54.025000000000006,55.8,53.9534,55.727399999999996,25.865544939206117
1183,246.66,53.96,55.715,53.952000000000005,55.726000000000006,25.8711019499068
1184,246.68,53.894999999999996,55.63,53.952600000000004,55.7206,25.876815463992614
1185,246.7,53.83,55.725,53.9488,55.7184,25.89348640897354
1186,246.72,53.94,55.82,53.9476,55.7192,25.904444043643164
1187,246.74,54.05,55.785,53.952,55.717800000000004,25.90460037653492
1188,246.76,54.075,55.75,53.958600000000004,55.716,25.915714350652667
1189,246.78,54.1,55.695,53.965599999999995,55.713,25.926516884106206
1190,246.8,54.144999999999996,55.64,53.973800000000004,55.7096,25.920652133995716
1191,246.82,54.19,55.64,53.984399999999994,55.708,25.926056873974705
1192,246.84,54.17,55.64,53.994800000000005,55.706799999999994,25.948285506459598
1193,246.86,54.15,55.67,54.0028,55.7072,25.964956991828526
1194,246.88,54.099999999999994,55.7,54.007200000000005,55.709399999999995,25.970666276580005
1195,246.9,54.05,55.725,54.0126,55.7132,25.97066627599647
1196,246.92,54.084999999999994,55.75,54.0224,55.71719999999999,25.975920184602046
1197,246.94,54.12,55.68,54.033199999999994,55.717600000000004,25.981327231881284
1198,246.96,54.095,55.61,54.0426,55.714800000000004,25.986735296797246
1199,246.98,54.07,55.72,54.0494,55.715999999999994,26.00340709445977
1200,247.0,54.105000000000004,55.83,54.056,55.7222,26.020078902013662
1201,247.02,54.14,55.835,54.062799999999996,55.7292,26.036455810310454
1202,247.04,54.095,55.84,54.0666,55.7358,26.05853926144182
1203,247.06,54.05,55.795,54.0672,55.74,26.069654007402267
1204,247.08,54.055,55.75,54.0666,55.738600000000005,26.075357192366578
1205,247.1,54.06,55.705,54.065799999999996,55.7316,26.081061264678638
1206,247.12,54.2,55.66,54.07020000000001,55.7244,26.080914535781282
1207,247.14,54.34,55.65,54.0828,55.7184,26.091883510730163
1208,247.16,54.315,55.64,54.097,55.7154,26.102853560867786
1209,247.18,54.29,55.625,54.1128,55.7152,26.10826724358827
1210,247.2,54.32,55.61,54.1324,55.71059999999999,26.119525797435976
1211,247.22,54.35,55.655,54.1488,55.70399999999999,26.125227795799518
1212,247.24,54.375,55.7,54.1618,55.7006,26.125227795622596
1213,247.26,54.4,55.74,54.1748,55.700199999999995,26.125083210364387
1214,247.28,54.44,55.78,54.1884,55.703599999999994,26.13035436028569
1215,247.3,54.48,55.75,54.201800000000006,55.708,26.14132766391119
1216,247.32,54.435,55.72,54.2116,55.7112,26.147026794298426
1217,247.34,54.39,55.739999999999995,54.2204,55.7152,26.152726812112427
1218,247.36,54.335,55.76,54.22780000000001,55.7188,26.16954256015913
1219,247.38,54.28,55.625,54.235,55.7158,26.19191647509677
1220,247.4,54.335,55.49,54.246399999999994,55.7064,26.202887114560763
1221,247.42,54.39,55.525000000000006,54.258599999999994,55.69740000000001,26.202601637789044
1222,247.44,54.4,55.56,54.269800000000004,55.6926,26.202601637280715
1223,247.46,54.41,55.63,54.282399999999996,55.69339999999999,26.208301362406683
1224,247.48,54.51,55.7,54.3,55.6926,26.213716617037228
1225,247.5,54.61,55.705,54.32020000000001,55.6876,26.22455014259039
1226,247.52,54.635,55.71,54.34,55.682599999999994,26.235525995000483
1227,247.54,54.66,55.675,54.36259999999999,55.676,26.229968410534266
1228,247.56,54.64,55.64,54.3862,55.669799999999995,26.229830068983045
1229,247.58,54.62,55.615,54.40879999999999,55.66439999999999,26.24080795634706
1230,247.6,54.655,55.59,54.4326,55.6598,26.246229233168975
1231,247.62,54.69,55.59,54.45219999999999,55.657,26.257209214987313
1232,247.64,54.745,55.59,54.4684,55.6546,26.268459932697162
1233,247.66,54.8,55.595,54.4878,55.6528,26.26859618403574
1234,247.68,54.81,55.6,54.508599999999994,55.6518,26.268733377210257
1235,247.7,54.82,55.6,54.528600000000004,55.6514,26.268871511887564
1236,247.72,54.775,55.6,54.54559999999999,55.6492,26.26887151171885
1237,247.74,54.73,55.629999999999995,54.559799999999996,55.6464,26.279986692304398
1238,247.76,54.655,55.66,54.57,55.6432,26.296521481085495
1239,247.78,54.58,55.66,54.575599999999994,55.638400000000004,26.301942085026933
1240,247.8,54.599999999999994,55.66,54.5804,55.634800000000006,26.302079103874348
1241,247.82,54.62,55.599999999999994,54.587799999999994,55.63,26.302217064410456
1242,247.84,54.67,55.54,54.599,55.622,26.30207910326835
1243,247.86,54.72,55.59,54.614399999999996,55.6152,26.31292137009336
1244,247.88,54.78,55.64,54.6344,55.6158,26.324036739070774
1245,247.9,54.84,55.629999999999995,54.6546,55.6214,26.324172701929875
1246,247.92,54.795,55.62,54.6708,55.62519999999999,26.32959442399779
1247,247.94,54.75,55.605000000000004,54.684799999999996,55.626999999999995,26.34057486020163
1248,247.96,54.739999999999995,55.59,54.698,55.6254,26.34613257631269
1249,247.98,54.73,55.585,54.7068,55.6208,26.345998606133843
1250,248.0,54.739999999999995,55.58,54.711999999999996,55.6158,26.34573348392864
1251,248.02,54.75,55.585,54.7166,55.6108,26.351423348727447
1252,248.04,54.78,55.59,54.7214,55.6074,26.3573828642106
1253,248.06,54.81,55.605000000000004,54.728199999999994,55.606,26.36294055445367
1254,248.08,54.805,55.62,54.735600000000005,55.6062,26.3740559390738
1255,248.1,54.8,55.61,54.74139999999999,55.607000000000006,26.37988592526845
1256,248.12,54.705,55.6,54.742,55.6074,26.38571954902401
1257,248.14,54.61,55.53,54.736599999999996,55.605,26.397114330922662
1258,248.16,54.61,55.46,54.729,55.5996,26.40267185399513
1259,248.18,54.61,55.45,54.721000000000004,55.593599999999995,26.408089156783777
1260,248.2,54.715,55.44,54.71679999999999,55.5872,26.40808915592353
1261,248.22,54.82,55.53,54.718599999999995,55.5844,26.40794987249898
1262,248.24,54.81,55.62,54.7218,55.583999999999996,26.41906504045367
1263,248.26,54.8,55.575,54.7276,55.580600000000004,26.424901953158905
1264,248.28,54.8,55.53,54.7364,55.5754,26.425185026100436
1265,248.3,54.8,55.515,54.7444,55.5696,26.425471845560924
1266,248.32,54.785,55.5,54.751000000000005,55.5656,26.425471845346422
1267,248.34,54.77,55.465,54.755,55.5626,26.430885404219396
1268,248.36,54.760000000000005,55.43,54.7566,55.5562,26.43629996142431
1269,248.38,54.75,55.43,54.7554,55.54780000000001,26.44185743084573
1270,248.4,54.695,55.43,54.7496,55.53979999999999,26.45325889213491
1271,248.42,54.64,55.435,54.7434,55.532399999999996,26.458816304630066
1272,248.44,54.675,55.44,54.7404,55.5258,26.45852984533083
1273,248.46,54.71,55.57,54.739200000000004,55.525,26.46964479340274
1274,248.48,54.66,55.7,54.736399999999996,55.5296,26.48660338144507
1275,248.5,54.61,55.63,54.7312,55.5316,26.492160799460216
1276,248.52,54.61,55.56,54.72559999999999,55.53060000000001,26.492160799283774
1277,248.54,54.61,55.510000000000005,54.7188,55.5274,26.492596951732395
1278,248.56,54.7,55.46,54.714400000000005,55.5216,26.49289239006149
1279,248.58,54.79,55.495000000000005,54.7138,55.5166,26.49830150032266
1280,248.6,54.84,55.53,54.7154,55.513400000000004,26.49830149975481
1281,248.62,54.89,55.525000000000006,54.72280000000001,55.5104,26.498598743953327
1282,248.64,54.875,55.52,54.7334,55.51,26.5044568970883
1283,248.66,54.86,55.475,54.7434,55.510600000000004,26.504761548215154
1284,248.68,54.83,55.43,54.752199999999995,55.5098,26.51031865802516
1285,248.7,54.8,55.445,54.7556,55.51,26.52112842043147
1286,248.72,54.8,55.46,54.7548,55.507200000000005,26.52638493159865
1287,248.74,54.8,55.45,54.7544,55.5004,26.520678726476458
1288,248.76,54.834999999999994,55.44,54.7558,55.495,26.5206787259224
1289,248.78,54.87,55.435,54.758599999999994,55.4912,26.537499413263465
1290,248.8,54.825,55.43,54.7596,55.4878,26.54861390083867
1291,248.82,54.78,55.43,54.7594,55.485,26.548613899876347
1292,248.84,54.81,55.43,54.760999999999996,55.4836,26.548914313142042
1293,248.86,54.84,55.34,54.7642,55.48,26.549218454407377
1294,248.88,54.855000000000004,55.25,54.7684,55.47280000000001,26.543661335673605
1295,248.9,54.87,55.235,54.7754,55.465,26.537951617658255
1296,248.92,54.795,55.22,54.7816,55.4564,26.543661334473914
1297,248.94,54.72,55.31,54.7834,55.45120000000001,26.549218451577133
1298,248.96,54.705,55.4,54.783199999999994,55.444399999999995,26.554775570134506
1299,248.98,54.69,55.455,54.784400000000005,55.4346,26.566197487204825
1300,249.0,54.745,55.51,54.78979999999999,55.42979999999999,26.566508889166265
1301,249.02,54.8,55.5,54.79740000000001,55.4274,26.572380943784633
1302,249.04,54.79,55.49,54.8046,55.4266,26.59492718275172
1303,249.06,54.78,55.43,54.8078,55.425399999999996,26.60064467083057
1304,249.08,54.825,55.37,54.809200000000004,55.4204,26.578256590844322
1305,249.1,54.87,55.334999999999994,54.8104,55.41259999999999,26.561586008932856
1306,249.12,54.87,55.3,54.8096,55.403600000000004,26.561908655134065
1307,249.14,54.87,55.28,54.8094,55.394000000000005,26.562235026669068
1308,249.16,54.9,55.26,54.81100000000001,55.3854,26.562565124730835
1309,249.18,54.93,55.28,54.815,55.379400000000004,26.568121778068203
1310,249.2,54.89,55.3,54.818599999999996,55.373599999999996,26.578905198008812
1311,249.22,54.85,55.3,54.82059999999999,55.3672,26.590018652740167
1312,249.24,54.815,55.3,54.8212,55.3612,26.59573975892222
1313,249.26,54.78,55.345,54.818999999999996,55.3574,26.59573975782947
1314,249.28,54.769999999999996,55.39,54.815,55.3556,26.59590506487872
1315,249.3,54.76,55.35,54.8124,55.352399999999996,26.59623846943479
1316,249.32,54.68,55.31,54.8084,55.3476,26.601963124262817
1317,249.34,54.6,55.269999999999996,54.8,55.3412,26.607688639987508
1318,249.36,54.69,55.23,54.794,55.336800000000004,26.60785852610946
1319,249.38,54.78,55.205,54.791,55.335,26.61897150534324
1320,249.4,54.91,55.18,54.7926,55.332800000000006,26.624527996260582
1321,249.42,55.04,55.305,54.8024,55.3362,26.618971503473155
1322,249.44,55.01,55.43,54.81399999999999,55.340999999999994,26.61914224914231
1323,249.46,54.98,55.385000000000005,54.825,55.3404,26.619313923436668
1324,249.48,54.915,55.34,54.833999999999996,55.3358,26.62504291195828
1325,249.5,54.85,55.275000000000006,54.83820000000001,55.32640000000001,26.630947149148987
1326,249.52,54.785,55.21,54.837599999999995,55.314800000000005,26.63094714805436
1327,249.54,54.72,55.235,54.834799999999994,55.3046,26.64205977832615
1328,249.56,54.644999999999996,55.26,54.82939999999999,55.297799999999995,26.659079935710707
1329,249.58,54.57,55.245,54.819199999999995,55.2928,26.664813139172058
1330,249.6,54.620000000000005,55.23,54.809200000000004,55.2886,26.664991022268953
1331,249.62,54.67,55.235,54.8012,55.285999999999994,26.664991021097105
1332,249.64,54.71,55.24,54.794799999999995,55.2844,26.664636180924244
1333,249.66,54.75,55.230000000000004,54.788799999999995,55.283199999999994,26.659079931672196
1334,249.68,54.875,55.22,54.7866,55.2808,26.653878670874928
1335,249.7,55.0,55.215,54.791,55.2774,26.659793467845965
1336,249.72,55.015,55.21,54.7976,55.2738,26.66571182782329
1337,249.74,55.03,55.165,54.8062,55.2684,26.671450336533205
1338,249.76,54.965,55.12,54.81360000000001,55.25940000000001,26.677189698690952
1339,249.78,54.9,55.16,54.8188,55.25019999999999,26.682929912379453
1340,249.8,54.985,55.2,54.8278,55.2442,26.688670978015182
1341,249.82,55.07,55.135000000000005,54.8434,55.237199999999994,26.683301215142745
1342,249.84,54.96,55.07,54.857800000000005,55.2292,26.677932458479745
1343,249.86,54.85,55.129999999999995,54.864200000000004,55.225199999999994,26.6779324579277
1344,249.88,54.879999999999995,55.19,54.86820000000001,55.2246,26.672003346400917
1345,249.9,54.91,55.22,54.868199999999995,55.2262,26.666447472652326
1346,249.92,54.89,55.25,54.8622,55.224000000000004,26.67793245525907
1347,249.94,54.87,55.245000000000005,54.8566,55.2166,26.689420839388116
1348,249.96,54.81,55.24,54.849799999999995,55.2108,26.68961062266995
1349,249.98,54.75,55.144999999999996,54.843199999999996,55.203,26.695166305163447
1350,250.0,54.730000000000004,55.05,54.83839999999999,55.193999999999996,26.706088010830452
1351,250.02,54.71,55.05,54.8354,55.1876,26.71126726411672
1352,250.04,54.765,55.05,54.8372,55.180200000000006,26.699782726942864
1353,250.06,54.82,55.15,54.8442,55.1758,26.694041733488675
1354,250.08,54.86,55.25,54.85580000000001,55.175999999999995,26.699782725136846
1355,250.1,54.9,55.22,54.867,55.175599999999996,26.694412881444233
1356,250.12,54.955,55.19,54.87839999999999,55.1738,26.689044043604415
1357,250.14,55.01,55.2,54.8904,55.172200000000004,26.68923197340599
1358,250.16,55.025,55.21,54.9014,55.171400000000006,26.68942082915259
1359,250.18,55.04,55.254999999999995,54.908,55.172799999999995,26.689610612382545
1360,250.2,54.995000000000005,55.3,54.90780000000001,55.1762,26.694976550649923
1361,250.22,54.95,55.3,54.90520000000001,55.17980000000001,26.711455029004973
1362,250.24,54.905,55.3,54.900200000000005,55.1852,26.72275518925784
1363,250.26,54.86,55.25,54.895999999999994,55.1904,26.722944735313575
1364,250.28,54.82,55.2,54.892799999999994,55.19200000000001,26.72313520657207
1365,250.3,54.78,55.185,54.88459999999999,55.1914,26.723326603976695
1366,250.32,54.815,55.17,54.874399999999994,55.1928,26.72332660262526
1367,250.34,54.85,55.235,54.87,55.1994,26.723326601676042
1368,250.36,54.89,55.3,54.8716,55.206199999999995,26.723518924529692
1369,250.38,54.93,55.28,54.873599999999996,55.209799999999994,26.72371217217327
1370,250.4,54.92,55.26,54.874,55.2114,26.723518922612882
1371,250.42,54.91,55.239999999999995,54.87479999999999,55.21099999999999,26.72332659787918
1372,250.44,54.955,55.22,54.87820000000001,55.21,26.717963347846293
1373,250.46,55.0,55.19,54.88580000000001,55.208,26.712601105329654
1374,250.48,54.97,55.16,54.8946,55.2086,26.71279535912872
1375,250.5,54.94,55.2,54.903,55.2146,26.723906340932228
1376,250.52,54.980000000000004,55.24,54.9138,55.222199999999994,26.734630067395457
1377,250.54,55.02,55.335,54.924,55.233599999999996,26.729074490084837
1378,250.56,55.02,55.43,54.931999999999995,55.244800000000005,26.723906338001505
1379,250.58,55.02,55.435,54.938399999999994,55.2522,26.729461830363263
1380,250.6,55.0,55.44,54.9424,55.261,26.73501732484682
1381,250.62,54.98,55.415,54.943400000000004,55.27,26.74076779956771
1382,250.64,54.935,55.39,54.94040000000001,55.2776,26.74632325742974
1383,250.66,54.89,55.235,54.935,55.2786,26.74612831924835
1384,250.68,55.010000000000005,55.08,54.9338,55.2716,26.73463005964755
1385,250.7,55.13,55.16,54.9392,55.266000000000005,26.723326584535414
1386,250.72,55.095,55.24,54.945,55.2636,26.723518907173887
1387,250.74,55.06,55.32,54.9512,55.264399999999995,26.72371215495441
1388,250.76,55.035,55.4,54.9582,55.2704,26.723906327857506
1389,250.78,55.01,55.465,54.9658,55.28099999999999,26.735017316390174
1390,250.8,54.97,55.53,54.97339999999999,55.294799999999995,26.751683812768754
1391,250.82,54.93,55.555,54.978,55.3102,26.757434170860872
1392,250.84,54.925,55.58,54.980999999999995,55.324,26.75762995100172
1393,250.86,54.92,55.535,54.982200000000006,55.333400000000005,26.75762994965398
1394,250.88,54.985,55.49,54.984399999999994,55.341800000000006,26.75723931176044
1395,250.9,55.05,55.495000000000005,54.9896,55.3512,26.757045378570314
1396,250.92,54.989999999999995,55.5,54.99280000000001,55.361599999999996,26.757239309455663
1397,250.94,54.93,55.535,54.99179999999999,55.3742,26.768350319522668
1398,250.96,54.989999999999995,55.57,54.99139999999999,55.389399999999995,26.779461335924946
1399,250.98,55.05,55.625,54.9946,55.408,26.779656030061552
1400,251.0,55.125,55.68,55.001999999999995,55.4272,26.76835031646245
1401,251.02,55.2,55.735,55.010799999999996,55.446999999999996,26.762407949400817
1402,251.04,55.225,55.79,55.019000000000005,55.4652,26.767963534783725
1403,251.06,55.25,55.845,55.028200000000005,55.48179999999999,26.779074712040522
1404,251.08,55.225,55.9,55.0364,55.5004,26.789994051678033
1405,251.1,55.2,55.925,55.0444,55.5198,26.78980312976211
1406,251.12,55.205,55.95,55.0534,55.541199999999996,26.78980312882437
1407,251.14,55.21,55.885000000000005,55.0644,55.56099999999999,26.789994049190863
1408,251.16,55.19,55.82,55.07640000000001,55.584399999999995,26.789803126595494
1409,251.18,55.17,55.815,55.0828,55.6138,26.80053556018307
1410,251.2,55.120000000000005,55.81,55.0824,55.639799999999994,26.80609131583558
1411,251.22,55.07,55.92,55.081399999999995,55.667,26.81183599090673
1412,251.24,55.055,56.03,55.081199999999995,55.6954,26.823137194435663
1413,251.26,55.04,56.055,55.0814,55.721599999999995,26.82869287829647
1414,251.28,55.105000000000004,56.08,55.08520000000001,55.7462,26.833870118868273
1415,251.3,55.17,56.065,55.0932,55.7676,26.833495359529238
1416,251.32,55.235,56.05,55.1054,55.7874,26.827939516507627
1417,251.34,55.3,56.06,55.1204,55.806599999999996,26.833682275841195
1418,251.36,55.295,56.07,55.1354,55.828,26.839425881291884
1419,251.38,55.29,56.095,55.147600000000004,55.8522,26.833870114210967
1420,251.4,55.265,56.12,55.1562,55.8772,26.833682273080726
1421,251.42,55.24,56.224999999999994,55.166199999999996,55.9062,26.850162891138197
1422,251.44,55.18,56.33,55.1762,55.938,26.86683044077968
1423,251.46,55.12,56.355000000000004,55.181400000000004,55.96940000000001,26.866830439527178
1424,251.48,55.16,56.38,55.1858,55.9996,26.866459828223487
1425,251.5,55.2,56.355000000000004,55.1888,56.0266,26.877387840777015
1426,251.52,55.2,56.33,55.1888,56.050399999999996,26.87757168872486
1427,251.54,55.2,56.425,55.187799999999996,56.0758,26.877571687458385
1428,251.56,55.335,56.52,55.1912,56.10280000000001,26.888683554523464
1429,251.58,55.47,56.545,55.201,56.1286,26.894239490686328
1430,251.6,55.46,56.57,55.2114,56.1544,26.888316928596105
1431,251.62,55.45,56.605000000000004,55.221199999999996,56.180600000000005,26.887953983022737
1432,251.64,55.465,56.64,55.2314,56.2108,26.893510069220966
1433,251.66,55.48,56.665,55.243,56.2446,26.893510068359955
1434,251.68,55.41,56.69,55.2526,56.2796,26.90444226539557
1435,251.7,55.34,56.730000000000004,55.2614,56.3164,26.920931705534617
1436,251.72,55.36,56.77,55.273,56.3504,26.926487874850892
1437,251.74,55.38,56.855000000000004,55.286,56.3834,26.937600219460528
1438,251.76,55.39,56.94,55.3,56.418800000000005,26.954090935715175
1439,251.78,55.4,56.965,55.311800000000005,56.4542,26.9650265466054
1440,251.8,55.34,56.99,55.318599999999996,56.4912,26.970582801119193
1441,251.82,55.28,56.995000000000005,55.3204,56.529,26.981695314579415
1442,251.84,55.230000000000004,57.0,55.3176,56.56660000000001,26.998013640407347
1443,251.86,55.18,57.03,55.313,56.605,27.009126312799633
1444,251.88,55.2,57.06,55.309400000000004,56.6436,27.020589158425203
1445,251.9,55.22,57.230000000000004,55.3076,56.688,27.037257970254043
1446,251.92,55.175,57.4,55.305,56.73500000000001,27.04837051880296
1447,251.94,55.13,57.435,55.303000000000004,56.7792,27.059483072350666
1448,251.96,55.19,57.47,55.3058,56.8238,27.070595631596994
1449,251.98,55.25,57.455,55.309400000000004,56.866800000000005,27.070595630422737
1450,252.0,55.305,57.44,55.31360000000001,56.9102,27.075976730488524
1451,252.02,55.36,57.455,55.32,56.955200000000005,27.098202016917178
1452,252.04,55.34,57.47,55.3256,56.997,27.120602220052167
1453,252.06,55.32,57.57,55.325,57.038999999999994,27.13744680695595
1454,252.08,55.355000000000004,57.67,55.3204,57.084,27.14317964335135
1455,252.1,55.39,57.75,55.3176,57.1312,27.148735870996966
1456,252.12,55.375,57.83,55.3146,57.18019999999999,27.159848331473512
1457,252.14,55.36,57.849999999999994,55.3104,57.22860000000001,27.17113810134209
1458,252.16,55.35,57.87,55.30519999999999,57.2768,27.19336290773396
1459,252.18,55.34,57.935,55.302400000000006,57.3266,27.2154107236047
1460,252.2,55.34,58.0,55.3024,57.377399999999994,27.22096696955154
1461,252.22,55.34,58.03,55.3016,57.4278,27.226347184489835
1462,252.24,55.365,58.06,55.300999999999995,57.476000000000006,27.242666919251004
1463,252.26,55.39,58.095,55.301,57.522200000000005,27.259336006688557
1464,252.28,55.365,58.13,55.2996,57.5688,27.276005106846537
1465,252.3,55.34,58.21,55.2996,57.6176,27.303614155116932
1466,252.32,55.32,58.29,55.3012,57.669399999999996,27.33139622650077
1467,252.34,55.3,58.45,55.304,57.727399999999996,27.348065485765638
1468,252.36,55.285,58.61,55.3082,57.7906,27.364734756839454
1469,252.38,55.27,58.585,55.31099999999999,57.8516,27.387132757812893
1470,252.4,55.290000000000006,58.56,55.3138,57.904799999999994,27.398418673594183
1471,252.42,55.31,58.575,55.3192,57.95179999999999,27.4095314033156
1472,252.44,55.3,58.59,55.326,57.998000000000005,27.431411962214895
1473,252.46,55.29,58.565,55.33,58.041799999999995,27.447740189697775
1474,252.48,55.39,58.54,55.33560000000001,58.08520000000001,27.453296704966967
1475,252.5,55.49,58.68,55.343,58.1348,27.46440973986505
1476,252.52,55.46,58.82,55.34700000000001,58.189400000000006,27.486635825794696
1477,252.54,55.43,58.935,55.35059999999999,58.248000000000005,27.51441846297673
1478,252.56,55.480000000000004,59.05,55.357,58.3072,27.536475942189238
1479,252.58,55.53,58.98,55.364,58.3596,27.547589083829706
1480,252.6,55.53,58.91,55.3696,58.406000000000006,27.558870748499167
1481,252.62,55.53,58.995,55.375800000000005,58.452600000000004,27.581266202088177
1482,252.64,55.49,59.08,55.381,58.501799999999996,27.609218782983536
1483,252.66,55.45,59.14,55.385,58.552600000000005,27.63144473074918
1484,252.68,55.445,59.2,55.3892,58.60320000000001,27.647944439922078
1485,252.7,55.44,59.325,55.3932,58.6562,27.67000182592884
1486,252.72,55.515,59.45,55.400200000000005,58.713,27.692228103151873
1487,252.74,55.59,59.525000000000006,55.4092,58.7716,27.720010978362833
1488,252.76,55.605000000000004,59.6,55.4178,58.831799999999994,27.74762651491331
1489,252.78,55.62,59.635000000000005,55.428000000000004,58.891999999999996,27.76412999595685
1490,252.8,55.58,59.67,55.4376,58.9504,27.78652287143052
1491,252.82,55.54,59.74,55.446400000000004,59.0084,27.81447299002393
1492,252.84,55.575,59.81,55.4574,59.062799999999996,27.830975925627733
1493,252.86,55.61,59.85,55.4704,59.11240000000001,27.847479960414628
1494,252.88,55.54,59.89,55.48120000000001,59.1646,27.875429059316307
1495,252.9,55.47,59.980000000000004,55.48839999999999,59.2214,27.909270832180553
1496,252.92,55.59,60.07,55.4996,59.2812,27.93166598726496
1497,252.94,55.71,60.144999999999996,55.516000000000005,59.3434,27.953892100119948
1498,252.96,55.74,60.22,55.534000000000006,59.4096,27.98184428072934
1499,252.98,55.77,60.235,55.5492,59.477399999999996,28.00424056429649
1500,253.0,55.785,60.25,55.56099999999999,59.540200000000006,28.026466473455518
1501,253.02,55.8,60.375,55.574600000000004,59.602399999999996,28.054078934096843
1502,253.04,55.845,60.5,55.5912,59.665,28.081861550633423
1503,253.06,55.89,60.555,55.607600000000005,59.7252,28.109644199387493
1504,253.08,55.83,60.61,55.6196,59.7904,28.142983419850665
1505,253.1,55.77,60.769999999999996,55.6292,59.864799999999995,28.17649190462436
1506,253.12,55.71,60.93,55.636399999999995,59.9422,28.210000911827116
1507,253.14,55.65,61.114999999999995,55.642799999999994,60.02360000000001,28.24889636575023
1508,253.16,55.71,61.3,55.653200000000005,60.11,28.276509375712912
1509,253.18,55.77,61.23,55.666199999999996,60.1912,28.298567048385976
1510,253.2,55.835,61.16,55.68200000000001,60.2646,28.32079336148915
1511,253.22,55.9,61.18,55.697399999999995,60.333800000000004,28.348913533681074
1512,253.24,55.894999999999996,61.2,55.7096,60.4008,28.382593025299087
1513,253.26,55.89,61.255,55.721000000000004,60.467000000000006,28.41037534961172
1514,253.28,55.89,61.31,55.73179999999999,60.534000000000006,28.44371418156706
1515,253.3,55.89,61.385000000000005,55.7442,60.6026,28.482609544028644
1516,253.32,55.955,61.46,55.760799999999996,60.671400000000006,28.510391982975236
1517,253.34,56.02,61.485,55.7786,60.7384,28.532959980348338
1518,253.36,56.120000000000005,61.51,55.79900000000001,60.80479999999999,28.549974563592865
1519,253.38,56.22,61.545,55.8262,60.871,28.57775641120262
1520,253.4,56.175,61.58,55.854400000000005,60.935,28.622207436072753
1521,253.42,56.13,61.675,55.876,60.9992,28.65571906315808
1522,253.44,56.14,61.77,55.8932,61.06419999999999,28.67777133375013
1523,253.46,56.15,61.900000000000006,55.9096,61.131400000000006,28.710937629225402
1524,253.48,56.21,62.03,55.92719999999999,61.203199999999995,28.74410523049266
1525,253.5,56.27,62.065,55.94660000000001,61.2758,28.771548454205735
1526,253.52,56.185,62.1,55.961999999999996,61.34479999999999,28.81027626000621
1527,253.54,56.1,62.18,55.9722,61.412,28.854729026959923
1528,253.56,56.065,62.26,55.9792,61.480199999999996,28.893792851253664
1529,253.58,56.03,62.3,55.9872,61.547799999999995,28.92713233454548
1530,253.6,56.08,62.34,55.9996,61.610600000000005,28.95491527062295
1531,253.62,56.13,62.495000000000005,56.016400000000004,61.673199999999994,28.994148015463168
1532,253.64,56.120000000000005,62.65,56.035199999999996,61.7346,29.038939803905606
1533,253.66,56.11,62.69,56.0512,61.7902,29.078005975141995
1534,253.68,56.16,62.73,56.0668,61.850199999999994,29.111516170391702
1535,253.7,56.21,62.845,56.081799999999994,61.9176,29.145026867065383
1536,253.72,56.269999999999996,62.96,56.096599999999995,61.9888,29.178193421718575
1537,253.74,56.33,62.985,56.114000000000004,62.0602,29.21691774871932
1538,253.76,56.415,63.01,56.135,62.1304,29.255813184430572
1539,253.78,56.5,62.985,56.159400000000005,62.197399999999995,29.283426087363083
1540,253.8,56.515,62.96,56.1844,62.2604,29.311208770024614
1541,253.82,56.53,63.11,56.20740000000001,62.32639999999999,29.35010457686237
1542,253.84,56.555,63.26,56.2288,62.3974,29.394388895948932
1543,253.86,56.58,63.345,56.2472,62.4708,29.43900950113032
1544,253.88,56.625,63.43,56.263400000000004,62.5462,29.47268676704963
1545,253.9,56.67,63.585,56.283199999999994,62.626400000000004,29.511582373310183
1546,253.92,56.730000000000004,63.74,56.3072,62.709,29.55586570542966
1547,253.94,56.79,63.755,56.3332,62.7884,29.595099777155568
1548,253.96,56.754999999999995,63.77,56.3574,62.8632,29.63433635943275
1549,253.98,56.72,63.835,56.37780000000001,62.9354,29.67323154173533
1550,254.0,56.745000000000005,63.9,56.39679999999999,63.0088,29.717854529115257
1551,254.02,56.77,63.905,56.420199999999994,63.081,29.76247791485555
1552,254.04,56.785,63.91,56.4476,63.150200000000005,29.801372847293077
1553,254.06,56.8,63.964999999999996,56.477,63.2184,29.840096436923286
1554,254.08,56.81,64.02,56.508199999999995,63.287200000000006,29.878991713070477
1555,254.1,56.82,64.13,56.537800000000004,63.358799999999995,29.929342629572144
1556,254.12,56.825,64.24,56.565599999999996,63.428599999999996,29.979522717433408
1557,254.14,56.83,64.25,56.59400000000001,63.492599999999996,30.01824550234075
1558,254.16,56.795,64.26,56.621399999999994,63.5554,30.062697057339854
1559,254.18,56.76,64.35,56.64540000000001,63.620200000000004,30.10749256918097
1560,254.2,56.82,64.44,56.6698,63.684000000000005,30.140830963259287
1561,254.22,56.88,64.505,56.6942,63.7458,30.17938275666299
1562,254.24,56.93,64.57,56.718199999999996,63.80919999999999,30.224005458443116
1563,254.26,56.98,64.62,56.7408,63.873599999999996,30.274530238653906
1564,254.28,57.04,64.67,56.7624,63.941,30.319329241866576
1565,254.3,57.1,64.685,56.78580000000001,64.01,30.352667154474588
1566,254.32,57.150000000000006,64.7,56.810599999999994,64.0736,30.385831080585177
1567,254.34,57.2,64.81,56.836400000000005,64.13560000000001,30.4250740743725
1568,254.36,57.305,64.92,56.8654,64.1986,30.464319486976635
1569,254.38,57.41,65.07,56.89679999999999,64.2642,30.508593773916147
1570,254.4,57.41,65.22,56.9264,64.3296,30.55304416441836
1571,254.42,57.41,65.27,56.95360000000001,64.3908,30.597845955321652
1572,254.44,57.41,65.32,56.9784,64.4534,30.648028841224264
1573,254.46,57.41,65.35499999999999,57.0046,64.5168,30.692302388149137
1574,254.48,57.415,65.39,57.032399999999996,64.579,30.7310210196218
1575,254.5,57.42,65.44,57.059400000000004,64.64059999999999,30.775646602504324
1576,254.52,57.425,65.49,57.08560000000001,64.704,30.825828831256395
1577,254.54,57.43,65.57,57.1114,64.7704,30.881391592615785
1578,254.56,57.379999999999995,65.65,57.1346,64.8378,30.937130214098577
1579,254.58,57.33,65.715,57.1554,64.90559999999999,30.98193371984203
1580,254.6,57.379999999999995,65.78,57.1778,64.9716,31.021183327134946
1581,254.62,57.43,65.91,57.202,65.0384,31.071188773413972
1582,254.64,57.54,66.04,57.2304,65.11,31.11563814640171
1583,254.66,57.65,66.055,57.2646,65.18180000000001,31.154889173529252
1584,254.68,57.735,66.07,57.303599999999996,65.25059999999999,31.194142543061155
1585,254.7,57.82,66.04499999999999,57.343599999999995,65.31479999999999,31.238772291176268
1586,254.72,57.855000000000004,66.02,57.382600000000004,65.3754,31.28877674894701
1587,254.74,57.89,66.125,57.42100000000001,65.4376,31.338962696883723
1588,254.76,57.894999999999996,66.23,57.4576,65.502,31.38914896098798
1589,254.78,57.9,66.385,57.492,65.5706,31.43933553974787
1590,254.8,57.915,66.54,57.52459999999999,65.64479999999999,31.483783546076623
1591,254.82,57.93,66.555,57.5558,65.719,31.522312608187526
1592,254.84,57.915,66.57,57.584399999999995,65.7894,31.572317375350615
1593,254.86,57.9,66.62,57.6082,65.85740000000001,31.6282401509951
1594,254.88,57.955,66.67,57.63,65.92139999999999,31.672870333645797
1595,254.9,58.01,66.7,57.653999999999996,65.9806,31.717318525700573
1596,254.92,58.06,66.73,57.67999999999999,66.039,31.767141563499052
1597,254.94,58.11,66.745,57.708,66.096,31.822702353555396
1598,254.96,58.185,66.76,57.739,66.15220000000001,31.8730693055825
1599,254.98,58.26,66.92500000000001,57.7728,66.2136,31.917882343158364
1600,255.0,58.295,67.09,57.8078,66.2796,31.96269754548879
1601,255.02,58.33,67.155,57.843999999999994,66.3462,32.01844138226973
1602,255.04,58.415,67.22,57.883399999999995,66.4122,32.074000533742506
1603,255.06,58.5,67.245,57.9282,66.476,32.118632643523256
1604,255.08,58.47,67.27,57.973800000000004,66.5382,32.169006919795834
1605,255.1,58.44,67.32,58.0162,66.5998,32.21938322217552
1606,255.12,58.394999999999996,67.37,58.05479999999999,66.65820000000001,32.26420579806101
1607,255.14,58.35,67.41,58.087199999999996,66.71300000000001,32.319763287287266
1608,255.16,58.43,67.45,58.1184,66.7688,32.37550949709654
1609,255.18,58.51,67.61,58.14939999999999,66.8304,32.42589005906385
1610,255.2,58.57,67.77,58.179399999999994,66.8994,32.47589127679652
1611,255.22,58.63,67.85499999999999,58.2104,66.97279999999999,32.53163827870589
1612,255.24,58.635000000000005,67.94,58.240199999999994,67.0454,32.58757668606505
1613,255.26,58.64,67.96000000000001,58.27,67.1146,32.63796138824579
1614,255.28,58.655,67.98,58.300200000000004,67.1784,32.688348054268886
1615,255.3,58.67,67.985,58.3304,67.2362,32.74429214633027
1616,255.32,58.815,67.99,58.3658,67.2936,32.79468266228494
1617,255.34,58.96,68.03999999999999,58.4076,67.3524,32.83912604276648
1618,255.36,59.025000000000006,68.09,58.452600000000004,67.4112,32.883374055661804
1619,255.38,59.09,68.12,58.498000000000005,67.4692,32.933373372007075
1620,255.4,59.125,68.15,58.5426,67.52720000000001,32.98892830497911
1621,255.42,59.16,68.25,58.586600000000004,67.58800000000001,33.03912240707351
1622,255.44,59.15,68.35,58.6282,67.6522,33.08356629704362
1623,255.46,59.14,68.41,58.6664,67.7182,33.13356578336383
1624,255.48,59.18,68.47,58.703199999999995,67.78,33.189315309981936
1625,255.5,59.22,68.555,58.740199999999994,67.8386,33.250231698295735
1626,255.52,59.254999999999995,68.64,58.7772,67.898,33.30559413150932
1627,255.54,59.29,68.735,58.812200000000004,67.9586,33.36115000930811
1628,255.56,59.425,68.83,58.8492,68.02199999999999,33.41076789062922
1629,255.58,59.56,68.84,58.892799999999994,68.0848,33.45483423866483
1630,255.6,59.465,68.85,58.9338,68.146,33.51096050609592
1631,255.62,59.37,68.88499999999999,58.9728,68.2066,33.57264723653634
1632,255.64,59.45,68.92,59.0168,68.267,33.62858908298586
1633,255.66,59.53,69.05000000000001,59.0608,68.331,33.68472795425937
1634,255.68,59.675,69.18,59.1074,68.3938,33.734922737319955
1635,255.7,59.82,69.20500000000001,59.15740000000001,68.4512,33.77400696673995
1636,255.72,59.91,69.23,59.2086,68.5062,33.807536158264796
1637,255.74,60.0,69.26,59.2632,68.55900000000001,33.85178283169052
1638,255.76,60.03,69.29,59.31879999999999,68.6122,33.9126972657954
1639,255.78,60.06,69.42,59.375,68.66980000000001,33.98491857971065
1640,255.8,60.07,69.55,59.431000000000004,68.73240000000001,34.05158461621481
1641,255.82,60.08,69.6,59.4816,68.7968,34.10733405576808
1642,255.84,60.099999999999994,69.65,59.5272,68.86120000000001,34.157528250235714
1643,255.86,60.12,69.72,59.571,68.9264,34.20733316218006
1644,255.88,60.12,69.79,59.6122,68.9932,34.262888413804156
1645,255.9,60.12,69.825,59.652,69.06020000000001,34.3188320882655
1646,255.92,60.135,69.86,59.690999999999995,69.1246,34.369026429403455
1647,255.94,60.15,69.945,59.731,69.1884,34.41883100223153
1648,255.96,60.195,70.03,59.773199999999996,69.25319999999999,34.474386145938574
1649,255.98,60.24,70.03,59.8156,69.3156,34.535690960711904
1650,256.0,60.275000000000006,70.03,59.857800000000005,69.3746,34.585690560158994
1651,256.02,60.31,70.095,59.9,69.4328,34.6356902700533
1652,256.04,60.445,70.16,59.9462,69.4898,34.69105250206629
1653,256.06,60.58,70.195,59.992399999999996,69.5444,34.746416198177435
1654,256.08,60.59,70.23,60.03360000000001,69.6,34.80216424544916
1655,256.1,60.6,70.275,60.07899999999999,69.657,34.85254988568474
1656,256.12,60.665,70.32,60.1308,69.7144,34.89738186278724
1657,256.14,60.73,70.38,60.181999999999995,69.7728,34.95313144582806
1658,256.16,60.795,70.44,60.232600000000005,69.8284,35.014436719091506
1659,256.18,60.86,70.53,60.28,69.8824,35.06463128298453
1660,256.2,60.93,70.62,60.3244,69.939,35.114630367374374
1661,256.22,61.0,70.73,60.368,69.999,35.16999030967665
1662,256.24,60.97,70.84,60.406800000000004,70.06219999999999,35.22018435023326
1663,256.26,60.94,70.92500000000001,60.443200000000004,70.1276,35.27612966111578
1664,256.28,61.0,71.01,60.4808,70.1912,35.33723955633204
1665,256.3,61.06,71.03,60.5204,70.2504,35.39259924840293
1666,256.32,61.175,71.05,60.5642,70.3084,35.44221161433073
1667,256.34,61.29,71.145,60.611799999999995,70.3682,35.49776737200315
1668,256.36,61.29,71.24,60.65860000000001,70.429,35.559264741263576
1669,256.38,61.29,71.16,60.7054,70.4838,35.61482016984559
1670,256.4,61.31,71.08,60.753,70.53399999999999,35.66999104491962
1671,256.42,61.33,71.145,60.8008,70.58539999999999,35.73110296869868
1672,256.44,61.405,71.21,60.85099999999999,70.63600000000001,35.78148723836073
1673,256.46,61.48,71.31,60.9024,70.6872,35.837235669308335
1674,256.48,61.605,71.41,60.957,70.7424,35.89298432267793
1675,256.5,61.73,71.42,61.01519999999999,70.79799999999999,35.937428799804685
1676,256.52,61.84,71.43,61.07639999999999,70.8514,35.98168096227976
1677,256.54,61.95,71.56,61.1366,70.9074,36.03168145852231
1678,256.56,61.965,71.69,61.19200000000001,70.9672,36.08723768650234
1679,256.58,61.98,71.71000000000001,61.247600000000006,71.02640000000001,36.14834968337931
1680,256.6,61.98,71.73,61.3028,71.0846,36.209653020010315
1681,256.62,61.98,71.745,61.3554,71.1416,36.259653718937074
1682,256.64,62.004999999999995,71.76,61.406400000000005,71.1968,36.30390818048707
1683,256.66,62.03,71.86,61.455799999999996,71.25359999999999,36.35927530656528
1684,256.68,62.07,71.96,61.5042,71.3108,36.420388295967854
1685,256.7,62.11,72.07499999999999,61.5514,71.369,36.48188027574989
1686,256.72,62.2,72.19,61.5994,71.42739999999999,36.537627374219596
1687,256.74,62.29,72.28,61.6522,71.485,36.59299429892471
1688,256.76,62.275,72.37,61.7056,71.5428,36.64855149452324
1689,256.78,62.26,72.39500000000001,61.75599999999999,71.59819999999999,36.70410881171574
1690,256.8,62.325,72.42,61.806599999999996,71.6538,36.759477924311824
1691,256.82,62.39,72.42500000000001,61.8552,71.7088,36.80966804823461
1692,256.84,62.47,72.43,61.90240000000001,71.7602,36.859669943796746
1693,256.86,62.55,72.5,61.952799999999996,71.81060000000001,36.92059599937087
1694,256.88,62.605,72.57,62.0054,71.867,36.98171001400884
1695,256.9,62.66,72.61,62.0594,71.9282,37.0370820866126
1696,256.92,62.765,72.65,62.116800000000005,71.9884,37.08689959710397
1697,256.94,62.87,72.62,62.175399999999996,72.04480000000001,37.13671836596761
1698,256.96,62.935,72.59,62.2336,72.096,37.19227784110109
1699,256.98,63.0,72.68,62.28940000000001,72.1468,37.248205817077576
1700,257.0,63.004999999999995,72.77,62.3404,72.20080000000002,37.29857959540661
1701,257.02,63.01,72.82499999999999,62.3872,72.25659999999999,37.35413829915046
1702,257.04,63.144999999999996,72.88,62.435,72.30940000000001,37.40951206492415
1703,257.06,63.28,72.975,62.48759999999999,72.3608,37.45970015339267
1704,257.08,63.305,73.07,62.5406,72.4152,37.50970328131749
1705,257.1,63.33,73.095,62.5946,72.46979999999999,37.55952218660109
1706,257.12,63.36,73.12,62.649800000000006,72.5248,37.62082167156807
1707,257.14,63.39,73.2,62.7052,72.58239999999999,37.68767726873742
1708,257.16,63.405,73.28,62.7602,72.6392,37.73768056910252
1709,257.18,63.42,73.34,62.8142,72.6944,37.79323989818044
1710,257.2,63.34,73.4,62.86339999999999,72.7474,37.85991124134165
1711,257.22,63.26,73.47,62.9058,72.79860000000001,37.92084356856442
1712,257.24,63.44,73.54,62.95179999999999,72.849,37.97585861138214
1713,257.26,63.62,73.515,63.0056,72.8948,38.02568328971372
1714,257.28,63.739999999999995,73.49,63.064800000000005,72.93860000000001,38.070492695711025
1715,257.3,63.86,73.58,63.1262,72.985,38.126053484429086
1716,257.32,63.84,73.67,63.18419999999999,73.03479999999999,38.18681114680643
1717,257.34,63.82,73.75,63.2382,73.08760000000001,38.242372681305106
1718,257.36,63.9,73.83,63.292199999999994,73.1408,38.29273648969835
1719,257.38,63.98,73.89,63.347199999999994,73.1936,38.34847757996445
1720,257.4,64.08,73.95,63.404,73.2472,38.40977498500909
1721,257.42,64.18,74.035,63.46059999999999,73.3026,38.46533589773852
1722,257.44,64.215,74.12,63.5144,73.36259999999999,38.50978470405383
1723,257.46,64.25,74.12,63.567,73.4238,38.5601506840277
1724,257.48,64.33,74.12,63.6202,73.4814,38.61607439627845
1725,257.5,64.41,74.155,63.6764,73.5368,38.66607862677281
1726,257.52,64.41,74.19,63.7324,73.5914,38.72145764245289
1727,257.54,64.41,74.245,63.783,73.646,38.782755500783686
1728,257.56,64.57499999999999,74.3,63.8348,73.69900000000001,38.83276001873818
1729,257.58,64.74,74.36500000000001,63.8922,73.7508,38.88814012935608
1730,257.6,64.69999999999999,74.43,63.946999999999996,73.80420000000001,38.954633767189854
1731,257.62,64.66,74.53,63.998999999999995,73.8606,39.01001645568086
1732,257.64,64.65,74.63,64.0494,73.9178,39.06575670724392
1733,257.66,64.64,74.675,64.0988,73.97359999999999,39.12705332776573
1734,257.68,64.66499999999999,74.72,64.1486,74.0288,39.177237889623306
1735,257.7,64.69,74.69,64.2026,74.0804,39.23279920879853
1736,257.72,64.74000000000001,74.66,64.2618,74.128,39.293916778403045
1737,257.74,64.79,74.755,64.3158,74.1766,39.355393203673906
1738,257.76,64.905,74.85,64.3672,74.23,39.41113439744651
1739,257.78,65.02,74.91999999999999,64.41839999999999,74.2872,39.466515583887485
1740,257.8,65.025,74.99,64.465,74.3436,39.52727589866805
1741,257.82,65.03,74.99,64.5126,74.3964,39.577459701022036
1742,257.84,65.05,74.99,64.56179999999999,74.446,39.62226669559442
1743,257.86,65.07,75.065,64.60860000000001,74.4954,39.67764922713547
1744,257.88,65.22999999999999,75.14,64.65859999999999,74.5454,39.7330329823584
1745,257.9,65.39,75.215,64.711,74.596,39.7832165932704
1746,257.92,65.47999999999999,75.29,64.763,74.6462,39.83877850948844
1747,257.94,65.57,75.28,64.8172,74.6926,39.89954289504315
1748,257.96,65.65,75.27,64.8732,74.73859999999999,39.9493734770284
1749,257.98,65.73,75.33,64.9292,74.78699999999999,39.99955567256212
1750,258.0,65.715,75.39,64.9814,74.8364,40.055294384608324
1751,258.02,65.7,75.495,65.033,74.8886,40.11641329633949
1752,258.04,65.765,75.6,65.0872,74.94279999999999,40.17180063256147
1753,258.06,65.83,75.685,65.1374,74.9982,40.22163282756954
1754,258.08,65.83,75.77,65.181,75.0544,40.28292689988112
1755,258.1,65.83,75.745,65.2262,75.107,40.3442211702993
1756,258.12,65.925,75.72,65.27680000000001,75.15459999999999,40.394403049178116
1757,258.14,66.02,75.785,65.3316,75.2008,40.45587375877336
1758,258.16,66.125,75.85,65.391,75.24780000000001,40.51734596404929
1759,258.18,66.23,75.82499999999999,65.45360000000001,75.292,40.5675293269237
1760,258.2,66.245,75.8,65.5158,75.3364,40.61753518655627
1761,258.22,66.26,75.9,65.5766,75.386,40.662162464489775
1762,258.24,66.325,76.0,65.638,75.4358,40.71252476086829
1763,258.26,66.39,76.11,65.6974,75.4862,40.77364251981057
1764,258.28,66.45,76.22,65.7546,75.5382,40.829026173142495
1765,258.3,66.51,76.25999999999999,65.814,75.589,40.88476601840495
1766,258.32,66.58000000000001,76.3,65.876,75.6414,40.94032791363927
1767,258.34,66.65,76.28999999999999,65.94,75.6934,40.99553586163556
1768,258.36,66.66,76.28,66.00359999999999,75.742,41.05109842862297
1769,258.38,66.67,76.355,66.06120000000001,75.7906,41.10701417626045
1770,258.4,66.75,76.43,66.1156,75.8392,41.16293146735427
1771,258.42,66.83,76.49000000000001,66.1696,75.88719999999999,41.218671529483956
1772,258.44,66.905,76.55,66.223,75.938,41.2632994971388
1773,258.46,66.98,76.56,66.2762,75.9896,41.308107320912036
1774,258.48,67.065,76.57,66.3296,76.0392,41.35793301802205
1775,258.5,67.15,76.61,66.387,76.08800000000001,41.4074045180441
1776,258.52,67.135,76.65,66.4444,76.1342,41.46296683096991
1777,258.54,67.12,76.74000000000001,66.49860000000001,76.1798,41.52443979317596
1778,258.56,67.16499999999999,76.83,66.55199999999999,76.2256,41.59129201124955
1779,258.58,67.21,76.86500000000001,66.6072,76.2694,41.65223261975069
1780,258.6,67.28,76.9,66.6652,76.31559999999999,41.702061949067755
1781,258.62,67.35,76.95,66.72219999999999,76.3648,41.752244744949856
1782,258.64,67.28,77.0,66.7726,76.4134,41.80816144031443
1783,258.66,67.21,77.03999999999999,66.81599999999999,76.461,41.869457460246615
1784,258.68,67.25999999999999,77.08,66.85719999999999,76.5112,41.91964131982828
1785,258.7,67.31,77.11,66.8998,76.56360000000001,41.964090721217936
1786,258.72,67.485,77.14,66.9488,76.61319999999999,42.014096370551115
1787,258.74,67.66,77.16,67.0022,76.6596,42.070015071078494
1788,258.76,67.81,77.18,67.059,76.70240000000001,42.12002045743729
1789,258.78,67.96,77.305,67.1194,76.7458,42.17002592049643
1790,258.8,68.03,77.43,67.1802,76.79260000000001,42.21483318538927
1791,258.82,68.1,77.49000000000001,67.241,76.8402,42.259461873981905
1792,258.84,68.12,77.55,67.2998,76.89059999999999,42.32075912155425
1793,258.86,68.14,77.58500000000001,67.359,76.94279999999999,42.387612634034255
1794,258.88,68.19,77.62,67.4198,76.99340000000001,42.43743739335833
1795,258.9,68.24,77.685,67.4794,77.04360000000001,42.476150936686345
1796,258.92,68.275,77.75,67.5372,77.094,42.52060015267342
1797,258.94,68.31,77.81,67.5934,77.14439999999999,42.576340642184284
1798,258.96,68.355,77.87,67.6484,77.1968,42.637458258904445
1799,258.98,68.4,77.86500000000001,67.70179999999999,77.24860000000001,42.692663615008584
1800,259.0,68.44,77.86,67.7534,77.2986,42.74266952240049
1801,259.02,68.48,77.925,67.8072,77.34960000000001,42.798765597545184
1802,259.04,68.545,77.99,67.8642,77.3996,42.86042167081597
1803,259.06,68.61,78.055,67.922,77.4486,42.921538789374395
1804,259.08,68.67,78.12,67.9804,77.4988,42.971185273834045
1805,259.1,68.73,78.16,68.0384,77.5492,43.01007842709469
1806,259.12,68.725,78.2,68.0934,77.5992,43.05470642457263
1807,259.14,68.72,78.215,68.151,77.6478,43.11044696212809
1808,259.16,68.805,78.23,68.21480000000001,77.6954,43.16081148511142
1809,259.18,68.89,78.265,68.28,77.7428,43.2109966995854
1810,259.2,68.95,78.3,68.34559999999999,77.7904,43.26673821704196
1811,259.22,69.01,78.42,68.4066,77.84160000000001,43.32247993566739
1812,259.24,69.08000000000001,78.54,68.46340000000001,77.8968,43.372303758947155
1813,259.26,69.15,78.6,68.517,77.9536,43.42212864496571
1814,259.28,69.195,78.66,68.5664,78.0078,43.47231353204008
1815,259.3,69.24,78.69,68.6148,78.0582,43.522679335344854
1816,259.32,69.35499999999999,78.72,68.665,78.10740000000001,43.57304665593151
1817,259.34,69.47,78.755,68.719,78.1556,43.62341548924883
1818,259.36,69.515,78.79,68.774,78.2038,43.673785830203094
1819,259.38,69.56,78.83500000000001,68.8288,78.2524,43.723973287614385
1820,259.4,69.58500000000001,78.88,68.8826,78.3002,43.773793183648564
1821,259.42,69.61,78.91,68.93599999999999,78.3466,43.834726153460764
1822,259.44,69.61,78.94,68.988,78.3918,43.89602481675813
1823,259.46,69.61,79.00999999999999,69.0382,78.4374,43.946211688299705
1824,259.48,69.66499999999999,79.08,69.0888,78.48599999999999,43.99603285726863
1825,259.5,69.72,79.11,69.14,78.536,44.04567372857637
1826,259.52,69.8,79.14,69.19279999999999,78.5846,44.09567835233792
1827,259.54,69.88,79.19,69.2462,78.6326,44.151601528739874
1828,259.56,69.91999999999999,79.24,69.29860000000001,78.68,44.207343754929994
1829,259.58,69.96,79.315,69.3502,78.7278,44.263086177586054
1830,259.6,70.05,79.39,69.403,78.777,44.313455849493
1831,259.62,70.14,79.435,69.4596,78.8264,44.36364304335756
1832,259.64,70.275,79.48,69.5218,78.87700000000001,44.40790752063294
1833,259.66,70.41,79.52000000000001,69.586,78.9286,44.45199105794754
1834,259.68,70.36,79.56,69.6448,78.9804,44.507551521146894
1835,259.7,70.31,79.555,69.6992,79.0306,44.56347556982786
1836,259.72,70.33,79.55,69.752,79.0758,44.61940102264266
1837,259.74,70.35,79.58500000000001,69.80279999999999,79.1176,44.681068133496396
1838,259.76,70.435,79.62,69.8542,79.1584,44.73125611936712
1839,259.78,70.52,79.725,69.90719999999999,79.20100000000001,44.769962981472105
1840,259.8,70.62,79.83,69.9624,79.2466,44.814410496360885
1841,259.82,70.72,79.89,70.017,79.2934,44.875525928186114
1842,259.84,70.8,79.95,70.0702,79.3412,44.931269351709865
1843,259.86,70.88,79.945,70.1248,79.38740000000001,44.97052996968476
1844,259.88,70.91999999999999,79.94,70.1792,79.4316,45.0151623579317
1845,259.9,70.96,80.005,70.2342,79.4766,45.065165369346225
1846,259.92,71.02,80.07,70.2906,79.523,45.109612554783524
1847,259.94,71.08,80.10499999999999,70.3494,79.5696,45.159800816349346
1848,259.96,71.16499999999999,80.14,70.41159999999999,79.6148,45.21535974232144
1849,259.98,71.25,80.155,70.475,79.65780000000001,45.26499405602497
1850,260.0,71.325,80.17,70.5392,79.7002,45.30388573503932
1851,260.02,71.4,80.18,70.6032,79.7418,45.34870154691663
1852,260.04,71.465,80.19,70.6666,79.7818,45.39870486316617
1853,260.06,71.53,80.27,70.731,79.82300000000001,45.45426419278523
1854,260.08,71.53,80.35,70.7938,79.86439999999999,45.51574851097452
1855,260.1,71.53,80.41,70.853,79.90520000000001,45.56593675955203
1856,260.12,71.55,80.47,70.90939999999999,79.9466,45.61612521997989
1857,260.14,71.57,80.405,70.9612,79.9836,45.6720560362267
1858,260.16,71.63499999999999,80.34,71.0102,80.01639999999999,45.7165027756554
1859,260.18,71.7,80.44,71.06379999999999,80.0516,45.75502237703399
1860,260.2,71.745,80.54,71.1212,80.091,45.79946959094189
1861,260.22,71.79,80.58000000000001,71.1796,80.1322,45.86095509822
1862,260.24,71.89,80.62,71.24119999999999,80.1736,45.922255541298114
1863,260.26,71.99,80.66499999999999,71.3034,80.2154,45.966888605595344
1864,260.28,72.03999999999999,80.71,71.3642,80.25479999999999,46.00596607935196
1865,260.3,72.09,80.75,71.42299999999999,80.2916,46.055782224357294
1866,260.32,72.23,80.79,71.4834,80.32759999999999,46.10559938712444
1867,260.34,72.37,80.85,71.5462,80.3636,46.15578783345925
1868,260.36,72.4,80.91,71.607,80.4022,46.20616276150453
1869,260.38,72.43,80.88499999999999,71.6674,80.44,46.24561521697864
1870,260.4,72.47,80.86,71.7278,80.4742,46.284693785294714
1871,260.42,72.51,80.92,71.78739999999999,80.5082,46.334320430168404
1872,260.44,72.53999999999999,80.98,71.8458,80.5432,46.384322812591506
1873,260.46,72.57,81.055,71.902,80.57979999999999,46.434699717563696
1874,260.48,72.61,81.13,71.9564,80.61880000000001,46.48507802076282
1875,260.5,72.65,81.155,72.0094,80.65820000000001,46.53526850589776
1876,260.52,72.665,81.18,72.06,80.6982,46.58527018398659
1877,260.54,72.68,81.155,72.1086,80.7368,46.62990501373032
1878,260.56,72.77000000000001,81.13,72.1582,80.7712,46.67454007558741
1879,260.58,72.86,81.16999999999999,72.2114,80.804,46.72473106951929
1880,260.6,72.91,81.21,72.2666,80.836,46.76936657679009
1881,260.62,72.96,81.26499999999999,72.32300000000001,80.8678,46.81400231318223
1882,260.64,72.94999999999999,81.32,72.37819999999999,80.9044,46.864193936119925
1883,260.66,72.94,81.315,72.4304,80.9434,46.91419490615847
1884,260.68,73.03,81.31,72.4836,80.9782,46.95864027873852
1885,260.7,73.12,81.39,72.5386,81.0122,47.003276204343756
1886,260.72,73.16499999999999,81.47,72.59360000000001,81.0478,47.053659342860875
1887,260.74,73.21,81.47999999999999,72.6464,81.0822,47.09848826124578
1888,260.76,73.275,81.49,72.6978,81.1152,47.13737739104977
1889,260.78,73.34,81.59,72.7498,81.1504,47.18163030060582
1890,260.8,73.39500000000001,81.69,72.802,81.188,47.22626701250703
1891,260.82,73.45,81.725,72.85079999999999,81.2254,47.27090394913513
1892,260.84,73.43,81.76,72.8932,81.2618,47.315541109805395
1893,260.86,73.41,81.7,72.93360000000001,81.2934,47.360565492986055
1894,260.88,73.47,81.64,72.9752,81.3236,47.4053984023226
1895,260.9,73.53,81.63499999999999,73.0176,81.35459999999999,47.44984228860987
1896,260.92,73.58500000000001,81.63,73.06060000000001,81.383,47.49409198001726
1897,260.94,73.64,81.66,73.1046,81.4102,47.538536174980386
1898,260.96,73.71000000000001,81.69,73.1502,81.4356,47.583368743143204
1899,260.98,73.78,81.77,73.197,81.46119999999999,47.639313635395546
1900,261.0,73.87,81.85,73.2458,81.48899999999999,47.68931277338274
1901,261.02,73.96,81.88499999999999,73.29759999999999,81.5172,47.728201048129876
1902,261.04,74.01499999999999,81.92,73.351,81.5478,47.767480332341314
1903,261.06,74.07,81.96000000000001,73.403,81.58099999999999,47.806564483001125
1904,261.08,74.125,82.0,73.4536,81.6142,47.84545242640458
1905,261.1,74.18,82.035,73.50439999999999,81.6472,47.88989585083733
1906,261.12,74.22,82.07,73.5548,81.6794,47.93989478006381
1907,261.14,74.26,82.05,73.6072,81.70859999999999,47.98473062828544
1908,261.16,74.315,82.03,73.6622,81.73719999999999,48.02401250782471
1909,261.18,74.37,82.075,73.7158,81.7678,48.06290008822685
1910,261.2,74.33000000000001,82.12,73.7642,81.797,48.10178771749044
1911,261.22,74.29,82.16499999999999,73.8092,81.8248,48.14087270441552
1912,261.24,74.285,82.21,73.8522,81.854,48.18571143678483
1913,261.26,74.28,82.22,73.8924,81.8832,48.23055155510825
1914,261.28,74.37,82.23,73.93360000000001,81.9088,48.269637945002465
1915,261.3,74.46,82.245,73.9762,81.931,48.3142798348877
1916,261.32,74.625,82.26,74.0232,81.9524,48.34761139929792
1917,261.34,74.79,82.315,74.0776,81.9746,48.38629889417229
1918,261.36,74.875,82.37,74.1362,82.00139999999999,48.436495754609695
1919,261.38,74.96,82.42500000000001,74.1958,82.03280000000001,48.481337539551994
1920,261.4,74.97,82.48,74.2534,82.0666,48.520625491933686
1921,261.42,74.98,82.45,74.3092,82.0994,48.55435972368465
1922,261.44,74.95500000000001,82.42,74.3618,82.12979999999999,48.593650600880395
1923,261.46,74.93,82.39,74.4106,82.15780000000001,48.63294291547862
1924,261.48,74.98,82.36,74.4586,82.18140000000001,48.672032350789124
1925,261.5,75.03,82.46000000000001,74.505,82.2058,48.722028028470795
1926,261.52,75.08500000000001,82.56,74.55000000000001,82.23280000000001,48.76646870268175
1927,261.54,75.14,82.63,74.595,82.2612,48.80555810446964
1928,261.56,75.2,82.7,74.64020000000001,82.2908,48.84424004648909
1929,261.58,75.26,82.71000000000001,74.68560000000001,82.3192,48.87736773612994
1930,261.6,75.27000000000001,82.72,74.7292,82.3466,48.916659771252085
1931,261.62,75.28,82.75999999999999,74.77159999999999,82.3742,48.96706334518531
1932,261.64,75.255,82.8,74.8114,82.4042,49.017263294819664
1933,261.66,75.23,82.78,74.848,82.4342,49.06211360300018
1934,261.68,75.325,82.76,74.8862,82.4616,49.09606190232776
1935,261.7,75.42,82.765,74.9298,82.4874,49.12383662607735
1936,261.72,75.465,82.77,74.9768,82.5116,49.15696000200313
1937,261.74,75.51,82.8,75.0258,82.5352,49.19605103645113
1938,261.76,75.575,82.83,75.0776,82.55959999999999,49.23534930707739
1939,261.78,75.64,82.875,75.1284,82.58539999999999,49.28041219541914
1940,261.8,75.705,82.92,75.1782,82.6124,49.32526889913002
1941,261.82,75.77,82.935,75.22399999999999,82.63940000000001,49.36436216182248
1942,261.84,75.85499999999999,82.95,75.2666,82.6648,49.397691023371245
1943,261.86,75.94,83.03,75.3092,82.69120000000001,49.43615690432979
1944,261.88,75.985,83.11,75.3502,82.71860000000001,49.475041008913344
1945,261.9,76.03,83.185,75.3926,82.74680000000001,49.50878751646003
1946,261.92,76.095,83.26,75.43719999999999,82.7792,49.54211654986199
1947,261.94,76.16,83.215,75.4854,82.811,49.58120953304763
1948,261.96,76.17,83.17,75.535,82.84219999999999,49.62627778931984
1949,261.98,76.18,83.14,75.583,82.8734,49.665161171064796
1950,262.0,76.20500000000001,83.11,75.63,82.8994,49.6982797653394
1951,262.02,76.23,83.155,75.6758,82.9232,49.7262637367973
1952,262.04,76.30000000000001,83.2,75.7222,82.946,49.754247999162615
1953,262.06,76.37,83.22,75.769,82.9668,49.79868617103415
1954,262.08,76.4,83.24,75.8146,82.98800000000001,49.84825984491235
1955,262.1,76.43,83.285,75.861,83.0106,49.886934928714695
1956,262.12,76.515,83.33,75.91040000000001,83.0334,49.90936306775615
1957,262.14,76.6,83.35499999999999,75.9642,83.05560000000001,49.9373463606368
1958,262.16,76.64,83.38,76.0206,83.07959999999999,49.98220423643529
1959,262.18,76.68,83.375,76.0748,83.1042,50.021508663919356
1960,262.2,76.75,83.37,76.128,83.1284,50.054837183117
1961,262.22,76.82,83.46000000000001,76.1822,83.156,50.09906491355888
1962,262.24,76.85499999999999,83.55,76.23599999999999,83.186,50.13815865725662
1963,262.26,76.89,83.58500000000001,76.2886,83.21619999999999,50.17212043912156
1964,262.28,76.905,83.62,76.3392,83.24600000000001,50.21121529738753
1965,262.3,76.92,83.595,76.38780000000001,83.27300000000001,50.24988648419181
1966,262.32,76.96000000000001,83.57,76.43540000000002,83.2984,50.288981123225085
1967,262.34,77.0,83.59,76.4812,83.324,50.32807598120121
1968,262.36,77.07,83.61,76.52640000000001,83.34719999999999,50.36161637834485
1969,262.38,77.14,83.595,76.57260000000001,83.3666,50.395370080432585
1970,262.4,77.16,83.58,76.6178,83.3824,50.4286979230986
1971,262.42,77.18,83.6,76.6612,83.396,50.4562583593918
1972,262.44,77.255,83.62,76.705,83.4122,50.48403173684613
1973,262.46,77.33,83.63,76.7514,83.4306,50.52312702953197
1974,262.48,77.41499999999999,83.64,76.8008,83.4506,50.56243586843421
1975,262.5,77.5,83.705,76.8526,83.4744,50.59619147661656
1976,262.52,77.61500000000001,83.77,76.908,83.499,50.623964408513864
1977,262.54,77.73,83.81,76.96520000000001,83.5234,50.651523436949304
1978,262.56,77.805,83.85,77.0226,83.54860000000001,50.679083215562
1979,262.58,77.88,83.82,77.0818,83.5718,50.71219842146726
1980,262.6,77.81,83.79,77.137,83.59199999999998,50.75684839047899
1981,262.62,77.74,83.83000000000001,77.18599999999999,83.61200000000001,50.795943895912266
1982,262.64,77.705,83.87,77.2302,83.6326,50.82948498493115
1983,262.66,77.67,83.92,77.2714,83.6542,50.86324033673963
1984,262.68,77.71000000000001,83.97,77.3126,83.678,50.896782264379034
1985,262.7,77.75,83.985,77.3526,83.7026,50.930109730168134
1986,262.72,77.89,84.0,77.3954,83.7242,50.95211393495207
1987,262.74,78.03,84.025,77.4424,83.7432,50.97967346678684
1988,262.76,78.15,84.05,77.4928,83.76180000000001,51.013214700021074
1989,262.78,78.27,83.97999999999999,77.5474,83.7762,51.04120157469382
1990,262.8,78.28,83.91,77.6018,83.78880000000001,51.06876096719412
1991,262.82,78.29,83.945,77.655,83.8038,51.10208878104074
1992,262.84,78.305,83.98,77.7072,83.8194,51.141398439970345
1993,262.86,78.32,84.03,77.7572,83.8362,51.17494022685063
1994,262.88,78.32499999999999,84.08,77.8046,83.8556,51.2029276907211
1995,262.9,78.33,84.13499999999999,77.8514,83.8778,51.2364699820057
1996,262.92,78.36500000000001,84.19,77.8988,83.9014,51.26936831396135
1997,262.94,78.4,84.145,77.9446,83.9224,51.29671451524005
1998,262.96,78.53,84.1,77.9926,83.9412,51.31914622166263
1999,262.98,78.66,84.14,78.0424,83.9612,51.3471328611611
2000,263.0,78.66,84.18,78.0888,83.98020000000001,51.38067438018073
2001,263.02,78.66,84.215,78.1306,83.99799999999999,51.40310697301007
2002,263.04,78.685,84.25,78.1688,84.01559999999999,51.42511122959865
2003,263.06,78.71,84.185,78.205,84.029,51.45843891483139
2004,263.08,78.78,84.12,78.241,84.041,51.48664015722572
2005,263.1,78.85,84.09,78.2826,84.053,51.5146277301612
2006,263.12,78.935,84.06,78.3304,84.06220000000002,51.54774056965172
2007,263.14,79.02,84.125,78.383,84.0724,51.57529958700832
2008,263.16,78.99,84.19,78.4358,84.08319999999999,51.591750050313465
2009,263.18,78.96,84.205,78.4858,84.0926,51.613755811622894
2010,263.2,78.995,84.22,78.53559999999999,84.10199999999999,51.64708385917034
2011,263.22,79.03,84.265,78.5812,84.1126,51.67485726205774
2012,263.24,79.09,84.31,78.6236,84.124,51.702843147895635
2013,263.26,79.15,84.38,78.6636,84.13719999999999,51.736383960468785
2014,263.28,79.22,84.45,78.7016,84.156,51.763944538224614
2015,263.3,79.29,84.455,78.742,84.1778,51.79150584950105
2016,263.32,79.30000000000001,84.46,78.7824,84.1984,51.819067892176164
2017,263.34,79.31,84.49,78.82260000000001,84.21880000000002,51.84642023092958
2018,263.36,79.30000000000001,84.52,78.86179999999999,84.2384,51.87953913610127
2019,263.38,79.29,84.50999999999999,78.9004,84.2556,51.91307772384354
2020,263.4,79.345,84.5,78.941,84.2702,51.941272302514314
2021,263.42,79.4,84.485,78.9824,84.28199999999998,51.96925699431822
2022,263.44,79.475,84.47,79.0254,84.295,51.99126516339992
2023,263.46,79.55,84.47,79.0662,84.3098,52.00771921111125
2024,263.48,79.69999999999999,84.47,79.1078,84.32300000000001,52.02417387871105
2025,263.5,79.85,84.515,79.1554,84.3364,52.04597533462701
2026,263.52,79.895,84.56,79.2048,84.3502,52.07374968406573
2027,263.54,79.94,84.595,79.255,84.36399999999999,52.10173251190751
2028,263.56,79.965,84.63,79.3052,84.3818,52.12416077936088
2029,263.58,79.99,84.625,79.3536,84.402,52.146589359970584
2030,263.6,79.99,84.62,79.39920000000001,84.4232,52.17415435711449
2031,263.62,79.99,84.65,79.4414,84.4468,52.20172007710532
2032,263.64,80.02,84.68,79.48140000000001,84.469,52.229494460996435
2033,263.66,80.05,84.715,79.5238,84.49,52.262615946250044
2034,263.68,80.10499999999999,84.75,79.5696,84.51180000000001,52.28997651654468
2035,263.7,80.16,84.81,79.61619999999999,84.5354,52.311990157350344
2036,263.72,80.15,84.87,79.661,84.5596,52.33441620198841
2037,263.74,80.14,84.87,79.703,84.582,52.356842559318856
2038,263.76,80.175,84.87,79.744,84.6016,52.38420501736724
2039,263.78,80.21,84.72,79.7836,84.6124,52.41156982413792
2040,263.8,80.22,84.57,79.8208,84.617,52.43399477863412
2041,263.82,80.23,84.59,79.858,84.62219999999999,52.44551569936296
2042,263.84,80.26,84.61,79.896,84.62700000000001,52.45107068227174
2043,263.86,80.29,84.655,79.93560000000001,84.6324,52.47843501996232
2044,263.88,80.27000000000001,84.7,79.9748,84.64,52.52246695487435
2045,263.9,80.25,84.78,80.01100000000001,84.6512,52.555391253643556
2046,263.92,80.315,84.86,80.0476,84.66619999999999,52.57761179981478
2047,263.94,80.38,84.88,80.0838,84.68260000000001,52.60003507186042
2048,263.96,80.44999999999999,84.9,80.1198,84.6998,52.621850783356436
2049,263.98,80.52,84.92,80.1526,84.71780000000001,52.64366873115444
2050,264.0,80.595,84.94,80.1824,84.73479999999999,52.6605354431733
2051,264.02,80.67,84.91,80.21340000000001,84.74880000000002,52.67164583447848
2052,264.04,80.765,84.88,80.2464,84.7602,52.68790997881498
2053,264.06,80.86,84.89,80.2822,84.77060000000002,52.72104155821452
2054,264.08,80.87,84.9,80.31739999999999,84.7816,52.74861859608563
2055,264.1,80.88,84.95500000000001,80.35300000000001,84.795,52.76488737393071
2056,264.12,80.895,85.01,80.3892,84.80940000000001,52.78691097160129
2057,264.14,80.91,85.01,80.42479999999999,84.82260000000001,52.8091324362107
2058,264.16,80.93,85.01,80.46,84.8344,52.82560138811382
2059,264.18,80.95,85.045,80.49380000000001,84.8462,52.847430220392475
2060,264.2,81.065,85.08,80.53,84.85700000000001,52.87481675035038
2061,264.22,81.18,85.06,80.5712,84.86460000000001,52.89684413718326
2062,264.24,81.245,85.04,80.6154,84.8714,52.913705146318605
2063,264.26,81.31,85.045,80.6608,84.8784,52.93037161462792
2064,264.28,81.33500000000001,85.05,80.7058,84.8916,52.94664982787378
2065,264.3,81.36,85.045,80.75139999999999,84.91059999999999,52.96867862290416
2066,264.32,81.315,85.04,80.7948,84.9286,52.99090086321119
2067,264.34,81.27,85.045,80.8352,84.946,53.007374810099314
2068,264.36,81.145,85.05,80.8694,84.9618,53.02921323415051
2069,264.38,81.02,85.11,80.8994,84.9782,53.05124457291535
2070,264.4,80.995,85.17,80.9292,84.99380000000001,53.079213924421744
2071,264.42,80.97,85.205,80.9554,85.0076,53.112547757879426
2072,264.44,81.005,85.24,80.9804,85.022,53.134389032196694
2073,264.46,81.04,85.185,81.00399999999999,85.0334,53.150866197686724
2074,264.48,81.20500000000001,85.13,81.0314,85.04180000000001,53.167343955421714
2075,264.5,81.37,85.11,81.0624,85.04860000000001,53.18363392803314
2076,264.52,81.505,85.09,81.0958,85.0558,53.18862741636888
2077,264.54,81.64,85.095,81.1308,85.0644,53.19918109846488
2078,264.56,81.715,85.1,81.165,85.0728,53.21584877315008
2079,264.58,81.79,85.15,81.2018,85.0828,53.22714599125356
2080,264.6,81.84,85.2,81.2402,85.0926,53.243628246552845
2081,264.62,81.89,85.235,81.28,85.1016,53.27103858280396
2082,264.64,81.945,85.27,81.3214,85.11200000000001,53.29826832001748
2083,264.66,82.0,85.305,81.3642,85.12380000000002,53.314572111847355
2084,264.68,82.015,85.34,81.4068,85.1356,53.331422056513155
2085,264.7,82.03,85.33500000000001,81.4454,85.1458,53.348090133658104
2086,264.72,81.98,85.33,81.4774,85.1566,53.3642144952605
2087,264.74,81.93,85.305,81.50479999999999,85.1672,53.38607883005269
2088,264.76,81.94,85.28,81.53,85.1766,53.4027472124622
2089,264.78,81.95,85.28,81.5546,85.1858,53.41385946990696
2090,264.8,81.955,85.28,81.5784,85.1952,53.43017000046697
2091,264.82,81.96,85.255,81.6042,85.20380000000002,53.45186158480461
2092,264.84,81.94999999999999,85.23,81.6314,85.2112,53.47408650285553
2093,264.86,81.94,85.28999999999999,81.6632,85.2208,53.50204473932803
2094,264.88,82.025,85.35,81.7034,85.23039999999999,53.5185363746221
2095,264.9,82.11,85.395,81.748,85.23939999999999,53.52391607435373
2096,264.92,82.235,85.44,81.7986,85.24879999999999,53.53502858614413
2097,264.94,82.36,85.505,81.8528,85.2594,53.54596510020911
2098,264.96,82.43,85.57,81.9084,85.2748,53.562283427869986
2099,264.98,82.5,85.565,81.9602,85.2922,53.58433420820315
2100,265.0,82.505,85.56,82.0056,85.31020000000001,53.59562133299118
2101,265.02,82.51,85.53999999999999,82.0458,85.3282,53.60673397301499
2102,265.04,82.52000000000001,85.52,82.081,85.34519999999999,53.62305467811886
2103,265.06,82.53,85.495,82.1136,85.361,53.633993994331135
2104,265.08,82.48,85.47,82.14120000000001,85.37379999999999,53.65066313351405
2105,265.1,82.43,85.49000000000001,82.1648,85.3854,53.6784450481527
2106,265.12,82.495,85.51,82.189,85.3964,53.70622698015179
2107,265.14,82.56,85.57,82.2136,85.4084,53.7227234908811
2108,265.16,82.66499999999999,85.63,82.2402,85.42139999999999,53.722208285652805
2109,265.18,82.77,85.615,82.2704,85.4324,53.727253739318066
2110,265.2,82.775,85.6,82.3002,85.443,53.74392328621754
2111,265.22,82.78,85.57499999999999,82.3322,85.45279999999998,53.76614935826288
2112,265.24,82.82,85.55,82.3678,85.46260000000001,53.78281891915528
2113,265.26,82.86,85.57499999999999,82.40460000000002,85.47439999999999,53.7942717499813
2114,265.28,82.925,85.6,82.4436,85.48720000000002,53.810941214905405
2115,265.3,82.99,85.585,82.485,85.49939999999998,53.821714581800414
2116,265.32,83.03999999999999,85.57,82.5282,85.51199999999999,53.82710200693961
2117,265.34,83.09,85.585,82.57379999999999,85.52619999999999,53.83821509586944
2118,265.36,83.12,85.6,82.62100000000001,85.53859999999999,53.85471618196499
2119,265.38,83.15,85.68,82.666,85.5518,53.87677442249688
2120,265.4,83.225,85.76,82.7106,85.56639999999999,53.89361215100784
2121,265.42,83.3,85.735,82.75319999999999,85.5782,53.90472529020262
2122,265.44,83.28,85.71,82.79,85.5864,53.92105969276281
2123,265.46,83.26,85.715,82.8232,85.59219999999999,53.94311922791267
2124,265.48,83.27000000000001,85.72,82.854,85.5984,53.95995595926877
2125,265.5,83.28,85.625,82.885,85.601,53.96567985869083
2126,265.52,83.28,85.53,82.9158,85.6006,53.97662579479677
2127,265.54,83.28,85.53999999999999,82.9462,85.6014,53.99296260812057
2128,265.56,83.37,85.55,82.9798,85.60359999999999,53.99835344532843
2129,265.58,83.46,85.63499999999999,83.01899999999999,85.6102,54.00391011152368
2130,265.6,83.445,85.72,83.05959999999999,85.6194,54.020414834077584
2131,265.62,83.43,85.765,83.09700000000001,85.6296,54.03692012208996
2132,265.64,83.46000000000001,85.81,83.133,85.63919999999999,54.042641585925644
2133,265.66,83.49,85.785,83.166,85.64540000000001,54.04819827418416
2134,265.68,83.49,85.76,83.1948,85.65119999999999,54.07009614925661
2135,265.7,83.49,85.78999999999999,83.2234,85.65879999999999,54.09215936941588
2136,265.72,83.47,85.82,83.251,85.66860000000001,54.09787978889664
2137,265.74,83.45,85.82,83.27619999999999,85.6794,54.10899324903697
2138,265.76,83.52000000000001,85.82,83.3026,85.6892,54.12549985373925
2139,265.78,83.59,85.78999999999999,83.3292,85.69679999999998,54.136613353027535
2140,265.8,83.71000000000001,85.76,83.358,85.70380000000002,54.1420070189315
2141,265.82,83.83,85.78,83.38960000000002,85.7122,54.15295796239803
2142,265.84,83.88499999999999,85.8,83.42139999999999,85.7208,54.163909431924324
2143,265.86,83.94,85.905,83.4542,85.733,54.16374778357008
2144,265.88,83.91499999999999,86.01,83.48479999999999,85.74619999999999,54.175023037806035
2145,265.9,83.89,85.945,83.5114,85.7536,54.191693455301795
2146,265.92,83.84,85.88,83.53299999999999,85.75939999999999,54.20836387893138
2147,265.94,83.79,85.805,83.5534,85.7632,54.225034307982845
2148,265.96,83.875,85.73,83.57799999999999,85.7638,54.23026867860546
2149,265.98,83.96,85.73,83.6056,85.7642,54.24138236702546
2150,266.0,84.01499999999999,85.73,83.635,85.7684,54.252656983421325
2151,266.02,84.07,85.81,83.6666,85.77960000000002,54.2582138126302
2152,266.04,84.07499999999999,85.89,83.6984,85.79359999999998,54.26360974934567
2153,266.06,84.08,85.925,83.7268,85.80860000000001,54.27440309436098
2154,266.08,84.055,85.96,83.75059999999999,85.8216,54.29075531240072
2155,266.1,84.03,85.945,83.774,85.83059999999999,54.296153712650536
2156,266.12,84.13,85.93,83.802,85.83720000000001,54.29615371062148
2157,266.14,84.23,85.97,83.8328,85.84360000000001,54.30726757687441
2158,266.16,84.185,86.01,83.86059999999999,85.8526,54.318223450527576
2159,266.18,84.14,85.91499999999999,83.8866,85.85880000000002,54.323622878097694
2160,266.2,84.195,85.82,83.9148,85.86,54.34029378431768
2161,266.22,84.25,85.86,83.946,85.8616,54.356964696083416
2162,266.24,84.34,85.9,83.9816,85.8648,54.35696469432984
2163,266.26,84.43,85.965,84.01799999999999,85.87060000000001,54.36807863768706
2164,266.28,84.42,86.03,84.05120000000001,85.8802,54.39030653327982
2165,266.3,84.41,86.05,84.0792,85.8918,54.395706647810215
2166,266.32,84.4,86.07,84.10199999999999,85.9034,54.39555024193374
2167,266.34,84.39,86.035,84.12219999999999,85.9128,54.401107248113796
2168,266.36,84.42,86.0,84.14139999999999,85.9166,54.40666425489346
2169,266.38,84.45,86.02000000000001,84.1628,85.917,54.4236483859361
2170,266.4,84.46000000000001,86.04,84.1856,85.9208,54.44079224158887
2171,266.42,84.47,86.065,84.2108,85.92820000000002,54.44634917200881
2172,266.44,84.39,86.09,84.23479999999999,85.93959999999998,54.45714740032465
2173,266.46,84.31,86.03999999999999,84.25219999999999,85.95199999999998,54.468104227083195
2174,266.48,84.38,85.99,84.26899999999999,85.9624,54.4735045739455
2175,266.5,84.45,85.99,84.2864,85.97279999999999,54.484306730120096
2176,266.52,84.48,85.99,84.3028,85.98,54.49526558612542
2177,266.54,84.51,85.995,84.3202,85.9842,54.50082263446844
2178,266.56,84.58000000000001,86.0,84.34020000000001,85.98719999999999,54.50653485994032
2179,266.58,84.65,86.00999999999999,84.36399999999999,85.9892,54.51224750852325
2180,266.6,84.67,86.02,84.38960000000002,85.99220000000001,54.517648927366
2181,266.62,84.69,86.00999999999999,84.412,85.99539999999999,54.52845322471197
2182,266.64,84.65,86.0,84.4288,85.9966,54.53956736167114
2183,266.66,84.61,86.02000000000001,84.4458,85.99699999999999,54.5452790427506
2184,266.68,84.625,86.04,84.46520000000001,86.002,54.55068149887431
2185,266.7,84.64,86.01,84.48299999999999,86.0096,54.55623856776413
2186,266.72,84.705,85.98,84.50119999999998,86.01440000000001,54.56210522203878
2187,266.74,84.77,86.005,84.5184,86.01859999999999,54.57337474304546
2188,266.76,84.735,86.03,84.53059999999999,86.02120000000001,54.5843333851094
2189,266.78,84.7,86.005,84.54180000000001,86.0202,54.584178427830594
2190,266.8,84.785,85.98,84.55680000000001,86.0174,54.578621366975966
2191,266.82,84.87,86.01,84.5756,86.015,54.5840239212751
2192,266.84,84.905,86.04,84.59620000000001,86.0152,54.595138069490986
2193,266.86,84.94,86.04,84.617,86.01679999999999,54.601004506467085
2194,266.88,84.92,86.04,84.6358,86.0176,54.60656154910766
2195,266.9,84.9,86.07,84.6534,86.0188,54.61180929228273
2196,266.92,84.89,86.1,84.67020000000001,86.02019999999999,54.61721241263553
2197,266.94,84.88,86.16499999999999,84.68979999999999,86.0232,54.62848052190452
2198,266.96,84.96000000000001,86.23,84.7158,86.0308,54.6341919594872
2199,266.98,85.04,86.22,84.7422,86.04,54.6395946757764
2200,267.0,85.07,86.21,84.767,86.04880000000001,54.64499787715034
2201,267.02,85.1,86.13,84.79180000000001,86.05439999999999,54.64499787520349
2202,267.04,85.005,86.05,84.8116,86.0566,54.65595867414083
2203,267.06,84.91,86.025,84.8248,86.05760000000001,54.66707289863576
2204,267.08,84.88499999999999,86.0,84.8342,86.0572,54.67293715457025
2205,267.1,84.86,86.00999999999999,84.8418,86.05679999999998,54.68405132016096
2206,267.12,84.905,86.02,84.85040000000001,86.0572,54.6896084017183
2207,267.14,84.95,85.995,84.8624,86.057,54.69547431363379
2208,267.16,85.02000000000001,85.97,84.8788,86.055,54.70658842047618
2209,267.18,85.09,86.035,84.8974,86.0548,54.70627965290444
2210,267.2,85.135,86.1,84.9172,86.0584,54.70597269388805
2211,267.22,85.18,86.09,84.93620000000001,86.06279999999998,54.71708692763817
2212,267.24,85.165,86.08,84.95200000000001,86.0658,54.71739382033129
2213,267.26,85.15,86.08500000000001,84.96860000000001,86.068,54.71199087218374
2214,267.28,85.095,86.09,84.98440000000001,86.0714,54.71770251916428
2215,267.3,85.04,86.095,84.99459999999999,86.07600000000001,54.72897162870842
2216,267.32,85.02000000000001,86.1,85.00060000000002,86.07960000000001,54.74008571023991
2217,267.34,85.0,86.1,85.0044,86.08200000000001,54.74564275123954
2218,267.36,84.96000000000001,86.1,85.0052,86.0844,54.75104485703311
2219,267.38,84.92,86.055,85.0052,86.08499999999998,54.76215897433549
2220,267.4,85.06,86.01,85.0116,86.0826,54.76787092180734
2221,267.42,85.2,85.99000000000001,85.024,86.0782,54.77358328940876
2222,267.44,85.245,85.97,85.0386,86.0704,54.77945228987603
2223,267.46,85.29,86.055,85.0518,86.0634,54.77945228749943
2224,267.48,85.29,86.14,85.0618,86.06020000000001,54.77929607365242
2225,267.5,85.29,86.125,85.0706,86.05680000000001,54.7794522834134
2226,267.52,85.23500000000001,86.11,85.07600000000001,86.05599999999998,54.790722911733944
2227,267.54,85.18,86.09,85.08300000000001,86.05760000000001,54.80183687954667
2228,267.56,85.1,86.07,85.09060000000001,86.05940000000001,54.801993928929846
2229,267.58,85.02,86.035,85.096,86.0608,54.80786632132036
2230,267.6,85.035,86.0,85.10300000000001,86.06040000000002,54.81342325759349
2231,267.62,85.05,86.015,85.10880000000002,86.06020000000001,54.813265332790934
2232,267.64,85.055,86.03,85.11300000000001,86.0616,54.81898019239189
2233,267.66,85.06,86.05,85.11460000000001,86.06479999999999,54.830411171625414
2234,267.68,85.14,86.07,85.1166,86.06620000000001,54.83580931707493
2235,267.7,85.22,86.07499999999999,85.12,86.06519999999999,54.8412079470463
2236,267.72,85.205,86.08,85.12100000000001,86.06480000000002,54.84676488606941
2237,267.74,85.19,86.06,85.12200000000001,86.06400000000002,54.84676488435527
2238,267.76,85.10499999999999,86.04,85.12020000000001,86.06220000000002,54.858195708618226
2239,267.78,85.02,86.08000000000001,85.1172,86.0618,54.8696282107095
2240,267.8,85.00999999999999,86.12,85.116,86.06279999999998,54.86994869341386
2241,267.82,85.0,86.06,85.1152,86.06119999999999,54.87010960969414
2242,267.84,85.1,86.0,85.1192,86.0572,54.87550553698817
2243,267.86,85.2,85.94,85.1288,86.0508,54.886780101495326
2244,267.88,85.17500000000001,85.88,85.139,86.0438,54.8926599915869
2245,267.9,85.15,85.94999999999999,85.1426,86.0414,54.892498234396264
2246,267.92,85.095,86.02,85.1384,86.04260000000001,54.8923369275601
2247,267.94,85.04,86.05,85.1302,86.0458,54.90361186548442
2248,267.96,85.055,86.08,85.1208,86.0468,54.920443993469334
2249,267.98,85.07,86.11500000000001,85.112,86.0458,54.92616290268226
2250,268.0,85.07,86.15,85.1032,86.04679999999999,54.932045221407876
2251,268.02,85.07,86.155,85.0966,86.04860000000001,54.94920701606144
2252,268.04,85.12,86.16,85.0942,86.0514,54.96081591098124
2253,268.06,85.17,86.16,85.09700000000001,86.055,54.96637256728812
2254,268.08,85.25,86.16,85.1062,86.06,54.97159852173538
2255,268.1,85.33,86.145,85.118,86.0658,54.97159851947953
2256,268.12,85.36500000000001,86.13,85.1306,86.0704,54.9771552109493
2257,268.14,85.4,86.08500000000001,85.1444,86.07260000000001,54.9827119029528
2258,268.16,85.38,86.04,85.15720000000002,86.07220000000001,54.97732031655928
2259,268.18,85.36,85.995,85.166,86.0692,54.977651883563134
2260,268.2,85.255,85.95,85.1674,86.0642,54.98893159646157
2261,268.22,85.15,85.975,85.1652,86.06,54.98893159391501
2262,268.24,85.055,86.0,85.15979999999999,86.05760000000001,54.9890984679769
2263,268.26,84.96,86.12,85.154,86.0608,55.00593557799481
2264,268.28,84.99,86.24,85.15280000000001,86.0672,55.02260536750459
2265,268.3,85.02,86.25999999999999,85.1532,86.0728,55.02799475642597
2266,268.32,85.00999999999999,86.28,85.15360000000001,86.0816,55.03371856086439
2267,268.34,85.0,86.23,85.1496,86.0908,55.05106141452151
2268,268.36,85.015,86.18,85.14219999999999,86.10040000000001,55.062683887026594
2269,268.38,85.03,86.2,85.1364,86.11319999999999,55.068070134043936
2270,268.4,85.11500000000001,86.22,85.135,86.12400000000001,55.073626633504134
2271,268.42,85.2,86.18,85.1392,86.13040000000001,55.074138629298744
2272,268.44,85.23,86.14,85.1468,86.134,55.07448220553824
2273,268.46,85.26,86.155,85.155,86.137,55.07465466553833
2274,268.48,85.25,86.17,85.1622,86.1392,55.074654663103715
2275,268.5,85.24,86.14500000000001,85.169,86.13900000000001,55.080211059434134
2276,268.52,85.21000000000001,86.12,85.17460000000001,86.1376,55.0916700242907
2277,268.54,85.18,86.13,85.177,86.13640000000001,55.09740012792375
2278,268.56,85.17,86.14,85.17699999999999,86.1356,55.102782751786386
2279,268.58,85.16,86.16499999999999,85.1734,86.1358,55.11945185256286
2280,268.6,85.195,86.19,85.16799999999999,86.1376,55.13073822418048
2281,268.62,85.23,86.17,85.1626,86.1392,55.13646864113278
2282,268.64,85.255,86.15,85.1568,86.1418,55.14202497419622
2283,268.66,85.28,86.17500000000001,85.15280000000001,86.1472,55.141850923009514
2284,268.68,85.25,86.2,85.1484,86.15540000000001,55.14758130584761
2285,268.7,85.22,86.17,85.147,86.1642,55.164599620503644
2286,268.72,85.15,86.14,85.14699999999999,86.1708,55.18126853279725
2287,268.74,85.08,86.14500000000001,85.14800000000001,86.1766,55.18682483664515
2288,268.76,85.045,86.15,85.1514,86.1778,55.19255637693627
2289,268.78,85.01,86.17500000000001,85.1522,86.1752,55.20402069996996
2290,268.8,85.005,86.2,85.1516,86.17280000000001,55.20455167494959
2291,268.82,85.0,86.2,85.1512,86.1696,55.21046406457106
2292,268.84,85.075,86.2,85.1542,86.1684,55.22731128013673
2293,268.86,85.15,86.14500000000001,85.1596,86.16699999999999,55.233046571900836
2294,268.88,85.16,86.09,85.1648,86.1626,55.238782276204844
2295,268.9,85.17,86.09,85.167,86.1574,55.250254924811784
2296,268.92,85.215,86.09,85.16760000000001,86.1538,55.255991864872854
2297,268.94,85.26,86.08500000000001,85.16879999999999,86.1516,55.255630588079725
2298,268.96,85.195,86.08,85.16619999999999,86.1486,55.26118668690623
2299,268.98,85.13,86.11,85.1614,86.1462,55.26710398813958
2300,269.0,85.07499999999999,86.14,85.1548,86.146,55.27284130556085
2301,269.02,85.02,86.22,85.14720000000001,86.15,55.28431717957588
2302,269.04,85.00999999999999,86.3,85.14040000000001,86.1568,55.295611728646456
2303,269.06,85.0,86.28999999999999,85.1336,86.1628,55.31227971887429
2304,269.08,84.995,86.28,85.12700000000001,86.1674,55.323391715560604
2305,269.1,84.99,86.265,85.1188,86.17040000000001,55.32339171286807
2306,269.12,84.96000000000001,86.25,85.10799999999999,86.17360000000001,55.323757914283746
2307,269.14,84.93,86.22,85.095,86.1764,55.32986647882677
2308,269.16,85.03,86.19,85.085,86.177,55.33597895650581
2309,269.18,85.13,86.145,85.0802,86.17479999999999,55.33635223574041
2310,269.2,85.265,86.1,85.08200000000001,86.17200000000001,55.34190804941605
2311,269.22,85.4,86.09,85.09200000000001,86.17,55.35876273769309
2312,269.24,85.35,86.08,85.1028,86.1674,55.37561776721407
2313,269.26,85.3,86.145,85.113,86.1672,55.380798780091055
2314,269.28,85.215,86.21,85.12119999999999,86.16860000000001,55.38635459977126
2315,269.3,85.13,86.175,85.12620000000001,86.16759999999998,55.398217343480844
2316,269.32,85.145,86.14,85.132,86.1652,55.40415128041721
2317,269.34,85.16,86.13499999999999,85.1354,86.1626,55.40415127701172
2318,269.36,85.07499999999999,86.13,85.1324,86.162,55.409896732512024
2319,269.38,84.99,86.13,85.12559999999999,86.1636,55.42100811960408
2320,269.4,84.97,86.13,85.1176,86.1652,55.4319298410786
2321,269.42,84.95,86.095,85.10699999999999,86.16539999999999,55.43748555535303
2322,269.44,85.03,86.06,85.09779999999999,86.1644,55.43786529878392
2323,269.46,85.11,86.035,85.09440000000001,86.16259999999998,55.443802467640296
2324,269.48,85.08500000000001,86.01,85.0926,86.1586,55.45491375061928
2325,269.5,85.06,86.1,85.09200000000001,86.15699999999998,55.4606607492311
2326,269.52,85.15,86.19,85.09719999999999,86.1558,55.45548921284341
2327,269.54,85.24,86.15,85.1064,86.1498,55.46085254639687
2328,269.56,85.22,86.11,85.1152,86.14259999999999,55.4775193655199
2329,269.58,85.2,86.19,85.1234,86.139,55.48345976218983
2330,269.6,85.22,86.27,85.1326,86.13919999999999,55.48901532982735
2331,269.62,85.24,86.18,85.14380000000001,86.1364,55.50031947820774
2332,269.64,85.195,86.09,85.15440000000001,86.13119999999999,55.51162399778028
2333,269.66,85.15,86.055,85.1592,86.1258,55.51717953130793
2334,269.68,85.165,86.02,85.16059999999999,86.1208,55.51756765138968
2335,269.7,85.18,86.04499999999999,85.15720000000002,86.1186,55.51240209478916
2336,269.72,85.155,86.07,85.1474,86.11779999999999,55.51240209132343
2337,269.74,85.13,86.09,85.13860000000001,86.1182,55.528873331627025
2338,269.76,85.13499999999999,86.11,85.13199999999999,86.1168,55.545539773990456
2339,269.78,85.14,86.13499999999999,85.12899999999999,86.1138,55.54573484803801
2340,269.8,85.095,86.16,85.1276,86.11320000000002,55.546126335196455
2341,269.82,85.05,86.175,85.12380000000002,86.1146,55.56318576306414
2342,269.84,85.05,86.19,85.1194,86.1168,55.5742965368891
2343,269.86,85.05,86.19,85.11840000000001,86.1192,55.57390345878742
2344,269.88,85.0,86.19,85.1188,86.1216,55.579067629225555
2345,269.9,84.95,86.16499999999999,85.118,86.12299999999999,55.59037393168219
2346,269.92,85.02000000000001,86.14,85.1208,86.1248,55.59076599532149
2347,269.94,85.09,86.15,85.1232,86.1284,55.585407301288974
2348,269.96,85.005,86.16,85.119,86.1334,55.5965180825172
2349,269.98,84.92,86.115,85.1124,86.1376,55.61298763953776
2350,270.0,84.955,86.07,85.1082,86.1364,55.629850449560784
2351,270.02,84.99,86.09,85.1018,86.1324,55.641158213059754
2352,270.04,85.0,86.11,85.09219999999999,86.1308,55.63540584194967
2353,270.06,85.01,86.125,85.0838,86.1314,55.62965387621039
2354,270.08,85.03,86.14,85.07700000000001,86.1294,55.635013192421916
2355,270.1,85.05,86.12,85.0702,86.1234,55.6461240674975
2356,270.12,85.045,86.1,85.0624,86.12019999999998,55.65207202969796
2357,270.14,85.04,86.095,85.05619999999999,86.1204,55.652466328918415
2358,270.16,85.055,86.09,85.05239999999999,86.12180000000001,55.65782433463075
2359,270.18,85.07,86.065,85.04860000000001,86.12359999999998,55.668541802705676
2360,270.2,85.16999999999999,86.04,85.0482,86.1234,55.67984903571261
2361,270.22,85.27,86.055,85.0528,86.12280000000001,55.68560125031983
2362,270.24,85.16999999999999,86.07,85.05439999999999,86.12200000000001,55.691353870478004
2363,270.26,85.07,86.11,85.0518,86.12199999999999,55.702662245659305
2364,270.28,85.00999999999999,86.15,85.0466,86.1226,55.713575344559054
2365,270.3,84.95,86.18,85.0408,86.12339999999999,55.724292295450525
2366,270.32,84.96000000000001,86.21,85.0372,86.1248,55.73520692877754
2367,270.34,84.97,86.205,85.03399999999999,86.12540000000001,55.740958532086424
2368,270.36,84.955,86.2,85.03020000000001,86.1258,55.74671053996298
2369,270.38,84.94,86.155,85.02779999999998,86.12439999999998,55.75762477609516
2370,270.4,84.94999999999999,86.11,85.02780000000001,86.12219999999999,55.762593242230814
2371,270.42,84.96,86.10499999999999,85.02539999999999,86.1208,55.76239847639343
2372,270.44,84.97999999999999,86.1,85.021,86.1188,55.76795397079947
2373,270.46,85.0,86.09,85.0208,86.116,55.778870703122166
2374,270.48,85.02000000000001,86.08,85.0248,86.1146,55.79017596192996
2375,270.5,85.04,86.035,85.0282,86.11319999999999,55.80128696274955
2376,270.52,85.05000000000001,85.99,85.03059999999999,86.1092,55.812203821641944
2377,270.54,85.06,86.02,85.03300000000002,86.1056,55.81795346892465
2378,270.56,85.11500000000001,86.05,85.0372,86.1026,55.81239796063686
2379,270.58,85.17,86.10499999999999,85.04279999999999,86.10119999999999,55.80645456774586
2380,270.6,85.14,86.16,85.04639999999999,86.1028,55.81756565091836
2381,270.62,85.11,86.125,85.04899999999999,86.1038,55.83442590837478
2382,270.64,85.125,86.09,85.05239999999999,86.1036,55.834232280433476
2383,270.66,85.14,86.12,85.0558,86.1048,55.828483530079176
2384,270.68,85.13,86.15,85.0582,86.10820000000001,55.83384635325628
2385,270.7,85.12,86.15,85.0562,86.11259999999999,55.84457344921343
2386,270.72,85.06,86.15,85.04780000000001,86.1164,55.8554933630186
2387,270.74,85.0,86.13,85.041,86.1188,55.861049005569534
2388,270.76,85.07,86.11,85.041,86.11880000000001,55.860858130363866
2389,270.78,85.14,86.07,85.04620000000001,86.1156,55.866223382336315
2390,270.8,85.14,86.03,85.05380000000001,86.10960000000001,55.87714482102235
2391,270.82,85.14,86.055,85.061,86.10340000000001,55.8825110555348
2392,270.84,85.14,86.08,85.0678,86.0984,55.888066778225884
2393,270.86,85.14,86.245,85.07520000000001,86.1002,55.90454500561345
2394,270.88,85.065,86.41,85.0802,86.11040000000001,55.92046109223226
2395,270.9,84.99,86.41,85.0818,86.1224,55.92545824637281
2396,270.92,85.02,86.41,85.0842,86.1346,55.93119988565093
2397,270.94,85.05,86.34,85.087,86.1442,55.94231161003148
2398,270.96,85.065,86.27,85.0896,86.1514,55.95305240359305
2399,270.98,85.08,86.22,85.09200000000001,86.15700000000001,55.95842351824483
2400,271.0,85.035,86.17,85.0918,86.16240000000002,55.96416420430551
2401,271.02,84.99,86.125,85.08940000000001,86.1678,55.97546118338615
2402,271.04,85.055,86.08,85.0892,86.17020000000001,55.980647202565905
2403,271.06,85.12,86.06,85.08940000000001,86.1706,55.98009571445361
2404,271.08,85.15,86.04,85.0886,86.16799999999999,55.97417424930958
2405,271.1,85.18,86.04,85.09020000000001,86.1632,55.96825447904754
2406,271.12,85.18,86.04,85.09299999999999,86.15979999999999,55.97362933165195
2407,271.14,85.18,86.09,85.0952,86.15979999999999,55.98474146894184
2408,271.16,85.135,86.14,85.095,86.16059999999999,55.99567292728313
2409,271.18,85.09,86.225,85.0934,86.16359999999999,56.000869012503166
2410,271.2,85.025,86.31,85.0896,86.17,56.006425136389154
2411,271.22,84.96,86.285,85.0856,86.17540000000001,56.01753738936336
2412,271.24,84.96,86.26,85.084,86.1806,56.03420577576464
2413,271.26,84.96,86.255,85.07959999999999,86.18639999999999,56.04567775217501
2414,271.28,84.96,86.25,85.0724,86.1936,56.04012165300856
2415,271.3,84.96,86.275,85.0652,86.2034,56.039761898037376
2416,271.32,85.09,86.3,85.0632,86.2132,56.04496007577786
2417,271.34,85.22,86.28,85.06639999999999,86.22120000000001,56.0558941319635
2418,271.36,85.3,86.26,85.07279999999999,86.2218,56.0722075651533
2419,271.38,85.38,86.26,85.0854,86.2158,56.07723445731568
2420,271.4,85.35,86.26,85.0998,86.20980000000002,56.08279073242039
2421,271.42,85.32,86.245,85.1118,86.2032,56.088522974625675
2422,271.44,85.215,86.23,85.11840000000001,86.1988,56.09390328403145
2423,271.46,85.11,86.25,85.12020000000001,86.19800000000001,56.104665333942854
2424,271.48,85.11500000000001,86.27,85.1216,86.2,56.104490739569634
2425,271.5,85.12,86.275,85.125,86.2042,56.098934404870995
2426,271.52,85.105,86.28,85.12960000000001,86.21039999999999,56.10431658288945
2427,271.54,85.09,86.305,85.131,86.21940000000001,56.115255605915706
2428,271.56,85.0,86.33,85.12620000000001,86.23020000000001,56.13192471181277
2429,271.58,84.91,86.28,85.1166,86.2398,56.15397708057687
2430,271.6,84.94,86.23,85.10700000000001,86.2474,56.16491721943712
2431,271.62,84.97,86.275,85.09859999999999,86.2568,56.16491721696109
2432,271.64,85.065,86.32,85.094,86.266,56.16491721479463
2433,271.66,85.16,86.34,85.095,86.274,56.16491721227472
2434,271.68,85.275,86.36,85.1024,86.27940000000001,56.159360801305304
2435,271.7,85.39,86.37,85.117,86.2818,56.15918858187279
2436,271.72,85.39,86.38,85.1342,86.28559999999999,56.17012968799781
2437,271.74,85.39,86.345,85.1514,86.28900000000002,56.18679901855192
2438,271.76,85.34,86.31,85.1666,86.2912,56.203297154326314
2439,271.78,85.29,86.28999999999999,85.1798,86.2928,56.20868287281958
2440,271.8,85.28,86.27,85.1926,86.29260000000001,56.20868287008621
2441,271.82,85.27,86.29499999999999,85.1998,86.29240000000001,56.21423934979256
2442,271.84,85.21000000000001,86.32,85.19940000000001,86.294,56.2253523132841
2443,271.86,85.15,86.335,85.1934,86.29700000000001,56.23073855877384
2444,271.88,85.18,86.35,85.18540000000002,86.30059999999999,56.23056876013598
2445,271.9,85.21,86.375,85.1798,86.30519999999999,56.24168179472769
2446,271.92,85.225,86.4,85.176,86.31139999999999,56.25852106436136
2447,271.94,85.24,86.48,85.177,86.3214,56.26407756707209
2448,271.96,85.24,86.56,85.1822,86.3338,56.26373861361504
2449,271.98,85.24,86.525,85.18719999999999,86.344,56.26912635026319
2450,272.0,85.29499999999999,86.49,85.1942,86.35259999999998,56.27485168682817
2451,272.02,85.35,86.375,85.204,86.3564,56.275020906027
2452,272.04,85.25,86.26,85.21039999999999,86.35459999999999,56.28040822176869
2453,272.06,85.15,86.255,85.2164,86.3516,56.29118427589138
2454,272.08,85.17500000000001,86.25,85.227,86.35040000000001,56.30212960413087
2455,272.1,85.2,86.285,85.2374,86.3526,56.30768619455642
2456,272.12,85.185,86.32,85.24600000000001,86.3544,56.30768619177372
2457,272.14,85.17,86.365,85.2502,86.35619999999999,56.3132427831908
2458,272.16,85.17,86.41,85.25059999999999,86.359,56.32435596986802
2459,272.18,85.17,86.365,85.2464,86.3592,56.33530187724031
2460,272.2,85.19,86.32,85.2384,86.3572,56.340858487530085
2461,272.22,85.21,86.35499999999999,85.2312,86.35619999999999,56.346582347963526
2462,272.24,85.22,86.39,85.2244,86.35799999999999,56.357361549505576
2463,272.26,85.23,86.39500000000001,85.22,86.36139999999999,56.36258597548874
2464,272.28,85.25,86.4,85.2184,86.3658,56.36258597240518
2465,272.3,85.27,86.4,85.21800000000002,86.37099999999998,56.36814263571708
2466,272.32,85.245,86.4,85.21700000000001,86.37519999999999,56.37942179927245
2467,272.34,85.22,86.44,85.2174,86.38,56.39625797486443
2468,272.36,85.205,86.48,85.21959999999999,86.3858,56.40737124592649
2469,272.38,85.19,86.45500000000001,85.22,86.39,56.407371243569045
2470,272.4,85.16499999999999,86.43,85.2182,86.39220000000002,56.413094491132625
2471,272.42,85.14,86.41,85.2148,86.3926,56.42437475113519
2472,272.44,85.16499999999999,86.39,85.2118,86.389,56.43009879555705
2473,272.46,85.19,86.375,85.2098,86.38159999999999,56.43009879316311
2474,272.48,85.195,86.36,85.208,86.375,56.43532097269316
2475,272.5,85.2,86.36500000000001,85.2042,86.37,56.45182434701394
2476,272.52,85.15,86.37,85.19619999999999,86.36980000000001,56.46866072268974
2477,272.54,85.1,86.435,85.1902,86.3768,56.48010812197811
2478,272.56,85.16999999999999,86.5,85.191,86.3866,56.486000580447
2479,272.58,85.24,86.61,85.19359999999999,86.40100000000001,56.49172571434139
2480,272.6,85.22999999999999,86.72,85.1948,86.4184,56.49711370337806
2481,272.62,85.22,86.725,85.19619999999999,86.43459999999999,56.502502164761985
2482,272.64,85.225,86.73,85.1984,86.4492,56.5137833961106
2483,272.66,85.23,86.74000000000001,85.2008,86.46240000000002,56.53045309693253
2484,272.68,85.295,86.75,85.2058,86.4778,56.53584166054657
2485,272.7,85.36,86.67,85.21260000000001,86.4918,56.53011749127868
2486,272.72,85.37,86.59,85.219,86.50120000000001,56.53567409100612
2487,272.74,85.38,86.535,85.2254,86.507,56.54712279544547
2488,272.76,85.35499999999999,86.48,85.23039999999999,86.5104,56.55284775426913
2489,272.78,85.33,86.48,85.23360000000001,86.51359999999998,56.55267936124313
2490,272.8,85.32499999999999,86.48,85.2358,86.5168,56.558235930460995
2491,272.82,85.32,86.48,85.2388,86.52,56.575242731198664
2492,272.84,85.38,86.48,85.24520000000001,86.52159999999999,56.59208150170923
2493,272.86,85.44,86.45500000000001,85.2546,86.52060000000002,56.5976380252116
2494,272.88,85.465,86.43,85.26559999999999,86.51960000000001,56.592251082628955
2495,272.9,85.49,86.415,85.27859999999998,86.51899999999999,56.59225108013765
2496,272.92,85.515,86.4,85.29360000000001,86.5186,56.59746888575212
2497,272.94,85.54,86.415,85.30860000000001,86.51960000000001,56.597300188680556
2498,272.96,85.545,86.43,85.3228,86.5218,56.59746888083489
2499,272.98,85.55,86.385,85.337,86.5228,56.60336408907817
2500,273.0,85.53999999999999,86.34,85.3506,86.5218,56.60926098048353
2501,273.02,85.53,86.355,85.3658,86.5212,56.609431824826686
2502,273.04,85.525,86.37,85.38279999999999,86.5186,56.615159550671315
2503,273.06,85.52,86.43,85.3968,86.5158,56.63200053836802
2504,273.08,85.44,86.49,85.4048,86.51100000000001,56.64311339679094
2505,273.1,85.36,86.455,85.41,86.50040000000001,56.64311339386948
2506,273.12,85.345,86.42,85.415,86.48820000000002,56.648669822670044
2507,273.14,85.33,86.38499999999999,85.4192,86.4744,56.65978268494024
2508,273.16,85.345,86.35,85.42380000000001,86.4588,56.66533911597315
2509,273.18,85.36,86.4,85.4264,86.4448,56.66551110192706
2510,273.2,85.43,86.45,85.4292,86.43599999999998,56.665511099081286
2511,273.22,85.5,86.455,85.43440000000001,86.43060000000001,56.67089554190342
2512,273.24,85.535,86.46,85.44059999999999,86.4276,56.67662392930659
2513,273.26,85.57,86.465,85.4492,86.42699999999999,56.68235271968995
2514,273.28,85.52,86.47,85.4568,86.42660000000002,56.693638299486125
2515,273.3,85.47,86.41499999999999,85.46260000000001,86.42400000000002,56.704924250358644
2516,273.32,85.535,86.36,85.47120000000001,86.4192,56.71013472968156
2517,273.34,85.6,86.36,85.48,86.4144,56.70996243696569
2518,273.36,85.515,86.36,85.48299999999999,86.41059999999999,56.715691129860666
2519,273.38,85.43,86.35499999999999,85.4816,86.4076,56.7266317008965
2520,273.4,85.56,86.35,85.4844,86.405,56.72645989495603
2521,273.42,85.69,86.365,85.4914,86.40360000000001,56.73218812033309
2522,273.44,85.69999999999999,86.38,85.49780000000001,86.4022,56.743645782054635
2523,273.46,85.71,86.38,85.5044,86.4002,56.74399233651545
2524,273.48,85.59,86.38,85.50599999999999,86.4,56.74954869234147
2525,273.5,85.47,86.405,85.50319999999999,86.40259999999998,56.760487963301316
2526,273.52,85.53,86.43,85.50319999999999,86.4056,56.76604433812297
2527,273.54,85.59,86.42,85.5058,86.4076,56.76587134304439
2528,273.56,85.62,86.41,85.5098,86.4068,56.76014237207576
2529,273.58,85.65,86.39,85.5182,86.40279999999998,56.7658713382235
2530,273.6,85.57,86.37,85.5266,86.39939999999999,56.78288684242506
2531,273.62,85.49,86.405,85.5324,86.3988,56.78879123082466
2532,273.64,85.46000000000001,86.44,85.5376,86.40100000000001,56.79452220910357
2533,273.66,85.43,86.405,85.54099999999998,86.4032,56.805634833713896
2534,273.68,85.495,86.37,85.5464,86.402,56.811191146054966
2535,273.7,85.56,86.35,85.5516,86.39800000000001,56.81657287624983
2536,273.72,85.65,86.33,85.55760000000001,86.39299999999999,56.82195507701669
2537,273.74,85.74,86.32499999999999,85.5658,86.38759999999998,56.82230376938137
2538,273.76,85.765,86.32,85.57359999999998,86.3818,56.8169224678696
2539,273.78,85.79,86.35,85.5844,86.377,56.81119113253892
2540,273.8,85.75,86.38,85.59560000000002,86.37559999999999,56.81136616405539
2541,273.82,85.71,86.41999999999999,85.60259999999998,86.37800000000001,56.817097912667016
2542,273.84,85.675,86.46,85.6056,86.382,56.82838632813133
2543,273.86,85.64,86.495,85.61059999999999,86.3874,56.83967511231015
2544,273.88,85.675,86.53,85.6204,86.39439999999999,56.84487932073128
2545,273.9,85.71,86.5,85.62639999999999,86.40039999999999,56.85008533864962
2546,273.92,85.735,86.47,85.62820000000002,86.40459999999999,56.85026025101534
2547,273.94,85.76,86.41,85.6306,86.4058,56.85061138298334
2548,273.96,85.70500000000001,86.35,85.6304,86.40459999999999,56.86207672427851
2549,273.98,85.65,86.31,85.6328,86.40180000000001,56.87354367003277
2550,274.0,85.665,86.27,85.64059999999999,86.39640000000001,56.879099869525405
2551,274.02,85.68,86.28,85.64660000000002,86.39039999999999,56.884301662513806
2552,274.04,85.73,86.29,85.65220000000001,86.38519999999998,56.89506153807463
2553,274.06,85.78,86.405,85.6586,86.385,56.906174084487475
2554,274.08,85.87,86.52,85.6674,86.39020000000001,56.900617807088935
2555,274.1,85.96,86.515,85.68299999999999,86.396,56.89488588258595
2556,274.12,85.905,86.51,85.6996,86.4002,56.90044217105435
2557,274.14,85.85,86.46000000000001,85.71520000000001,86.40100000000001,56.90061779910539
2558,274.16,85.78999999999999,86.41,85.72959999999999,86.4012,56.906526601025924
2559,274.18,85.73,86.38499999999999,85.73899999999999,86.40179999999998,56.91799328136714
2560,274.2,85.65,86.36,85.7426,86.4022,56.92390538930849
2561,274.22,85.57,86.38499999999999,85.73939999999999,86.40440000000001,56.92946156097662
2562,274.24,85.585,86.41,85.7332,86.40780000000001,56.93466189884571
2563,274.26,85.6,86.38,85.72660000000002,86.4102,56.93466189613898
2564,274.28,85.59,86.35,85.71859999999998,86.4102,56.94021810327649
2565,274.3,85.58,86.35499999999999,85.71179999999998,86.4092,56.951153309025024
2566,274.32,85.695,86.36,85.7112,86.40679999999999,56.95688673152117
2567,274.34,85.81,86.38499999999999,85.7166,86.40379999999999,56.95724242388862
2568,274.36,85.845,86.41,85.72480000000002,86.40039999999999,56.95186475983237
2569,274.38,85.88,86.435,85.73299999999999,86.39659999999999,56.95742091717643
2570,274.4,85.9,86.46,85.7406,86.395,56.96871213419298
2571,274.42,85.92,86.4,85.74799999999999,86.39219999999999,56.97444759066212
2572,274.44,86.0,86.34,85.7576,86.38940000000001,56.97426827372724
2573,274.46,86.08,86.36500000000001,85.7726,86.39,56.97426827058358
2574,274.48,86.1,86.39,85.7906,86.3932,56.97462733145976
2575,274.5,86.12,86.4,85.8088,86.39839999999998,56.97480751170783
2576,274.52,86.055,86.41,85.82379999999999,86.40360000000001,56.9857395469169
2577,274.54,85.99,86.36,85.83419999999998,86.40639999999999,56.99129565604999
2578,274.56,85.935,86.31,85.8404,86.4026,56.996851765447495
2579,274.58,85.88,86.37,85.8408,86.39659999999999,57.00796398930398
2580,274.6,85.87,86.43,85.83720000000001,86.3932,57.00814406407486
2581,274.62,85.86,86.415,85.83539999999999,86.38939999999998,57.002587965230965
2582,274.64,85.84,86.4,85.835,86.38699999999999,57.00276849181608
2583,274.66,85.82,86.43,85.8362,86.38779999999998,57.01406157440243
2584,274.68,85.86,86.46,85.8414,86.3908,57.01979897796131
2585,274.7,85.9,86.43,85.8514,86.3936,57.01478961740705
2586,274.72,85.95,86.4,85.8666,86.3942,57.014972711269884
2587,274.74,86.0,86.445,85.8832,86.3956,57.025901595833815
2588,274.76,86.035,86.49,85.9006,86.4,57.031640628513586
2589,274.78,86.07,86.41,85.9198,86.4024,57.02626814528016
2590,274.8,86.10499999999999,86.33,85.9408,86.4014,57.026452070415985
2591,274.82,86.14,86.34,85.9586,86.40060000000001,57.03256234048485
2592,274.84,86.14,86.35,85.9718,86.39920000000001,57.03867640569263
2593,274.86,86.14,86.38499999999999,85.98359999999998,86.3982,57.04423223468035
2594,274.88,86.06,86.42,85.9908,86.3976,57.05497145303643
2595,274.9,85.98,86.41499999999999,85.994,86.3958,57.060527321040006
2596,274.92,85.965,86.41,85.9958,86.39620000000001,57.0551574537038
2597,274.94,85.95,86.41499999999999,85.9938,86.39920000000001,57.055157450682835
2598,274.96,85.965,86.42,85.9892,86.40140000000001,57.06052731245542
2599,274.98,85.98,86.53999999999999,85.98440000000001,86.4074,57.07145353535369
2600,275.0,85.96000000000001,86.66,85.978,86.4178,57.08238026604789
2601,275.02,85.94,86.6,85.9734,86.4254,57.08256531227206
2602,275.04,85.91499999999999,86.54,85.97040000000001,86.43260000000001,57.083123056888155
2603,275.06,85.89,86.47,85.96859999999998,86.439,57.08867889232893
2604,275.08,85.935,86.4,85.9708,86.4402,57.088121196440134
2605,275.1,85.98,86.355,85.97519999999999,86.43720000000002,57.087751564717514
2606,275.12,85.96000000000001,86.31,85.9792,86.433,57.09904798358557
2607,275.14,85.94,86.375,85.9832,86.432,57.11053015838649
2608,275.16,85.975,86.44,85.98939999999999,86.43240000000002,57.11090223902499
2609,275.18,86.01,86.395,85.9954,86.42980000000001,57.105720246352504
2610,275.2,85.99000000000001,86.35,85.999,86.4266,57.105720242878284
2611,275.22,85.97,86.455,85.9998,86.4288,57.110902229950945
2612,275.24,85.995,86.56,85.99959999999999,86.4334,57.12164190183944
2613,275.26,86.02,86.50999999999999,85.999,86.43419999999998,57.1327536595433
2614,275.28,86.03,86.46,85.99740000000001,86.43619999999999,57.12738354695548
2615,275.3,86.04,86.41499999999999,85.99480000000001,86.43959999999998,57.1218276813694
2616,275.32,86.0,86.37,85.9892,86.4408,57.127569743956485
2617,275.34,85.96,86.355,85.98200000000001,86.441,57.133312204295734
2618,275.36,85.99,86.34,85.976,86.4392,57.138681428029386
2619,275.38,86.02,86.37,85.9744,86.43720000000002,57.13886802571915
2620,275.4,86.09,86.4,85.9788,86.4366,57.13349924657534
2621,275.42,86.16,86.375,85.9866,86.43519999999998,57.1275697289049
2622,275.44,86.055,86.35,85.99080000000002,86.43260000000001,57.13275363300944
2623,275.46,85.95,86.37,85.9902,86.4306,57.14923601137555
2624,275.48,85.965,86.39,85.98960000000001,86.4246,57.16590371579498
2625,275.5,85.98,86.42,85.99040000000001,86.415,57.17701552193775
2626,275.52,85.995,86.45,85.9926,86.40899999999999,57.17127485286187
2627,275.54,86.01,86.43,85.9964,86.40460000000002,57.1655345816031
2628,275.56,86.1,86.41,86.00480000000002,86.4022,57.16571892532087
2629,275.58,86.19,86.405,86.015,86.4024,57.16053302760941
2630,275.6,86.18,86.4,86.02300000000001,86.40419999999999,57.16053302388853
2631,275.62,86.17,86.32,86.03140000000002,86.40459999999999,57.16034779143641
2632,275.64,86.11,86.24,86.0382,86.39920000000001,57.1603477888368
2633,275.66,86.05,86.225,86.0412,86.39059999999999,57.1657189102386
2634,275.68,86.045,86.21,86.04260000000001,86.3832,57.171274829569434
2635,275.7,86.04,86.32,86.0446,86.38199999999999,57.177015492563584
2636,275.72,86.075,86.43,86.04879999999999,86.381,57.17701548922368
2637,275.74,86.11,86.46000000000001,86.0534,86.37700000000001,57.177015485883764
2638,275.76,86.13499999999999,86.49,86.05799999999999,86.37619999999998,57.188127294974514
2639,275.78,86.16,86.535,86.0632,86.3792,57.199239107405035
2640,275.8,86.13499999999999,86.58,86.067,86.38580000000002,57.19923910437267
2641,275.82,86.11,86.535,86.0714,86.3924,57.19923910148142
2642,275.84,86.095,86.49,86.07679999999999,86.39779999999999,57.199239098496086
2643,275.86,86.08,86.395,86.08040000000001,86.4,57.193683187415616
2644,275.88,86.11,86.3,86.084,86.3972,57.19368318481772
2645,275.9,86.14,86.3,86.086,86.39320000000002,57.19368318186641
2646,275.92,86.09,86.3,86.08319999999999,86.39020000000001,57.193868299618316
2647,275.94,86.04,86.32499999999999,86.08259999999999,86.38919999999999,57.19979569057281
2648,275.96,85.99000000000001,86.35,86.0842,86.3884,57.20535154231647
2649,275.98,85.94,86.375,86.08319999999999,86.38780000000001,57.21072146286965
2650,276.0,85.94,86.4,86.0816,86.387,57.21609185142084
2651,276.02,85.94,86.47,86.0794,86.38780000000001,57.216091848857396
2652,276.04,85.96000000000001,86.54,86.0774,86.39219999999999,57.216091846199696
2653,276.06,85.98,86.605,86.07259999999998,86.4,57.22164773554754
2654,276.08,86.06,86.67,86.06740000000002,86.41059999999999,57.22757494976633
2655,276.1,86.14,86.575,86.0658,86.41760000000001,57.23331709682919
2656,276.12,86.10499999999999,86.48,86.0632,86.42399999999999,57.233317093836924
2657,276.14,86.07,86.38,86.0616,86.4296,57.2279479928347
2658,276.16,86.16,86.28,86.066,86.43180000000001,57.222579360580895
2659,276.18,86.25,86.315,86.0742,86.43599999999998,57.222579357865726
2660,276.2,86.16,86.35,86.079,86.43720000000002,57.22813515749489
2661,276.22,86.07,86.265,86.07880000000002,86.4306,57.22832276110034
2662,276.24,86.01499999999999,86.18,86.075,86.41939999999998,57.22869926714862
2663,276.26,85.96,86.15,86.068,86.4058,57.234633214078215
2664,276.28,86.05,86.12,86.0636,86.3892,57.240188924467716
2665,276.3,86.14,86.2,86.06380000000001,86.374,57.23981075679444
2666,276.32,86.155,86.28,86.06559999999999,86.3638,57.23387853140187
2667,276.34,86.17,86.38499999999999,86.0686,86.35960000000001,57.23905960743103
2668,276.36,86.08,86.49,86.06859999999999,86.3634,57.25572707751841
2669,276.38,85.99,86.50999999999999,86.06380000000001,86.37180000000001,57.26165746275472
2670,276.4,86.05,86.53,86.06019999999998,86.38099999999999,57.26184538829813
2671,276.42,86.11,86.445,86.061,86.38680000000001,57.267401157191856
2672,276.44,86.095,86.36,86.0632,86.38820000000001,57.267401154804105
2673,276.46,86.08,86.3,86.0668,86.38619999999999,57.261845379049106
2674,276.48,86.035,86.24,86.0706,86.3808,57.26184537594194
2675,276.5,85.99,86.13,86.07259999999998,86.36999999999998,57.267589487686685
2676,276.52,86.04499999999999,86.02,86.07679999999999,86.352,57.267967464598016
2677,276.54,86.1,86.05,86.08239999999999,86.33239999999999,57.26260140121763
2678,276.56,86.125,86.08,86.0882,86.31139999999999,57.2624117413508
2679,276.58,86.15,86.22,86.09179999999998,86.2934,57.2731452297315
2680,276.6,86.18,86.36,86.0934,86.28479999999999,57.28388059487297
2681,276.62,86.21,86.345,86.09759999999999,86.27940000000001,57.28369316697737
2682,276.64,86.195,86.33,86.1026,86.2774,57.278324796210704
2683,276.66,86.18,86.295,86.10340000000001,86.27799999999999,57.278700972649276
2684,276.68,86.135,86.26,86.0988,86.2758,57.2844454451374
2685,276.7,86.09,86.28,86.096,86.273,57.28425672281715
2686,276.72,86.08500000000001,86.3,86.0966,86.2744,57.28425671903814
2687,276.74,86.08,86.285,86.0992,86.27860000000001,57.29019030659123
2688,276.76,86.07,86.27,86.10359999999999,86.2834,57.29574602511709
2689,276.78,86.06,86.24,86.10400000000001,86.2882,57.29555690749446
2690,276.8,86.155,86.21,86.10459999999999,86.28859999999999,57.29019029730305
2691,276.82,86.25,86.225,86.1084,86.2864,57.290379858371814
2692,276.84,86.205,86.24,86.10979999999999,86.28059999999999,57.295746012388705
2693,276.86,86.16,86.33,86.11300000000001,86.27420000000001,57.30111263506933
2694,276.88,86.12,86.42,86.1182,86.2706,57.306857450630325
2695,276.9,86.08,86.35,86.1194,86.2634,57.31260266184044
2696,276.92,86.125,86.28,86.12,86.2568,57.31796889183512
2697,276.94,86.17,86.25,86.123,86.2524,57.317779847954625
2698,276.96,86.105,86.22,86.124,86.2492,57.31222410211146
2699,276.98,86.04,86.2,86.1242,86.24759999999998,57.31203547208459
2700,277.0,86.045,86.18,86.12640000000002,86.24960000000002,57.317215305565185
2701,277.02,86.05,86.26,86.1266,86.2592,57.328326899365265
2702,277.04,86.09,86.34,86.12620000000001,86.2708,57.33425851074863
2703,277.06,86.13,86.275,86.12640000000002,86.27860000000001,57.32333557270888
2704,277.08,86.185,86.21,86.12780000000001,86.2782,57.31796886715923
2705,277.1,86.24,86.215,86.13019999999999,86.27240000000002,57.3237140430604
2706,277.12,86.28,86.22,86.13300000000001,86.2674,57.3235245854472
2707,277.14,86.32,86.215,86.138,86.26280000000001,57.32333556034844
2708,277.16,86.32499999999999,86.21,86.14380000000001,86.2594,57.32333555718034
2709,277.18,86.33,86.235,86.1516,86.2584,57.31759120177176
2710,277.2,86.38,86.26,86.1632,86.2576,57.32277107247613
2711,277.22,86.43,86.28,86.17699999999999,86.25679999999998,57.3338826678487
2712,277.24,86.4,86.3,86.18979999999999,86.2574,57.32870271624118
2713,277.26,86.37,86.285,86.2018,86.258,57.32889128562631
2714,277.28,86.225,86.27,86.20839999999998,86.2592,57.345747468333734
2715,277.3,86.08,86.285,86.20540000000001,86.2622,57.345936845886044
2716,277.32,86.065,86.3,86.198,86.26520000000001,57.34019173387518
2717,277.34,86.05,86.265,86.1918,86.26619999999998,57.34574745872501
2718,277.36,86.08500000000001,86.23,86.18879999999999,86.26219999999999,57.34612664718441
2719,277.38,86.12,86.22,86.18879999999999,86.2542,57.34631688738841
2720,277.4,86.07,86.21,86.1884,86.24860000000001,57.35187255746044
2721,277.42,86.02,86.21,86.1842,86.2458,57.351682329814416
2722,277.44,86.07499999999999,86.21,86.18039999999999,86.2442,57.35704824561696
2723,277.46,86.13,86.235,86.1814,86.2448,57.36797036047908
2724,277.48,86.215,86.26,86.1884,86.2472,57.36222573227539
2725,277.5,86.3,86.30000000000001,86.19859999999998,86.252,57.36241462333695
2726,277.52,86.32499999999999,86.34,86.20960000000001,86.2552,57.3679703509151
2727,277.54,86.35,86.32,86.22,86.2544,57.362225722837714
2728,277.56,86.38499999999999,86.3,86.23019999999998,86.2554,57.35685888294721
2729,277.58,86.42,86.3,86.2396,86.259,57.357048223492654
2730,277.6,86.35,86.3,86.244,86.26240000000001,57.36279368812612
2731,277.62,86.28,86.28999999999999,86.244,86.26520000000001,57.36298387256633
2732,277.64,86.315,86.28,86.2438,86.2678,57.35761883102475
2733,277.66,86.35,86.25999999999999,86.2448,86.26979999999999,57.35206317159007
2734,277.68,86.34,86.24,86.24520000000001,86.27,57.35206316878987
2735,277.7,86.33,86.285,86.2432,86.27099999999999,57.358001388776664
2736,277.72,86.285,86.33,86.2374,86.27300000000001,57.363557004972
2737,277.74,86.24,86.285,86.23100000000001,86.2724,57.37447680036958
2738,277.76,86.25,86.24,86.2262,86.2706,57.385588079486595
2739,277.78,86.26,86.185,86.2276,86.26720000000002,57.38003243495749
2740,277.8,86.285,86.13,86.2358,86.26099999999998,57.368730120242894
2741,277.82,86.31,86.145,86.2456,86.25479999999999,57.374095194405314
2742,277.84,86.37,86.16,86.2584,86.25060000000002,57.37984143155182
2743,277.86,86.43,86.175,86.2722,86.2484,57.368921141144064
2744,277.88,86.355,86.19,86.2816,86.24719999999999,57.363174450091115
2745,277.9,86.28,86.225,86.29,86.24779999999998,57.36853950505142
2746,277.92,86.25,86.26,86.2992,86.2498,57.36873010082674
2747,277.94,86.22,86.24000000000001,86.305,86.25099999999999,57.36317444015685
2748,277.96,86.18,86.22,86.307,86.25040000000001,57.362983818915595
2749,277.98,86.14,86.24000000000001,86.304,86.24959999999999,57.36873009138056
2750,278.0,86.195,86.26,86.29980000000002,86.248,57.368921118864876
2751,278.02,86.25,86.21000000000001,86.2968,86.2428,57.36873008500186
2752,278.04,86.33500000000001,86.16,86.29619999999998,86.23639999999999,57.36853948259485
2753,278.06,86.42,86.115,86.2976,86.22900000000001,57.36298380307584
2754,278.08,86.38,86.07,86.296,86.21979999999999,57.36298379993708
2755,278.1,86.34,86.095,86.29560000000001,86.2116,57.368539473142995
2756,278.12,86.235,86.12,86.29379999999999,86.20479999999999,57.374095146334405
2757,278.14,86.13,86.19,86.2864,86.20120000000001,57.37409514354965
2758,278.16,86.125,86.26,86.2774,86.20119999999999,57.37409514010654
2759,278.18,86.12,86.27000000000001,86.26859999999999,86.2024,57.37946068362835
2760,278.2,86.215,86.28,86.264,86.2022,57.37927097956038
2761,278.22,86.31,86.21000000000001,86.265,86.1974,57.373904980267284
2762,278.24,86.27000000000001,86.14,86.26619999999998,86.1916,57.37965080534427
2763,278.26,86.23,86.14,86.26539999999999,86.1876,57.38520648055317
2764,278.28,86.255,86.14,86.26520000000001,86.1858,57.37428570245298
2765,278.3,86.28,86.07,86.265,86.1834,57.374285699227286
2766,278.32,86.28999999999999,86.0,86.2642,86.1776,57.390572055522114
2767,278.34,86.3,85.995,86.2614,86.17099999999999,57.39593810570787
2768,278.36,86.255,85.99,86.2544,86.1636,57.385016351736134
2769,278.38,86.21,86.08,86.24860000000001,86.1592,57.37390495588554
2770,278.4,86.22999999999999,86.17,86.2466,86.15700000000001,57.3739049527616
2771,278.42,86.25,86.17,86.2466,86.1534,57.37428567958138
2772,278.44,86.24000000000001,86.17,86.2474,86.15060000000001,57.368730018416834
2773,278.46,86.23,86.225,86.24939999999998,86.1508,57.36834924776389
2774,278.48,86.255,86.28,86.25399999999999,86.1524,57.373715221420454
2775,278.5,86.28,86.19,86.2574,86.14959999999999,57.3735259306447
2776,278.52,86.27000000000001,86.1,86.2582,86.14519999999999,57.36797019530291
2777,278.54,86.26,86.05,86.2552,86.1408,57.36815949813972
2778,278.56,86.21000000000001,86.0,86.24680000000001,86.13619999999999,57.373904927576376
2779,278.58,86.16,86.025,86.238,86.1344,57.37409507414539
2780,278.6,86.14,86.05,86.23,86.13259999999998,57.379460617303174
2781,278.62,86.12,86.065,86.22540000000001,86.1304,57.390382345272435
2782,278.64,86.13,86.08,86.22540000000001,86.12599999999999,57.39057200564066
2783,278.66,86.14,86.15,86.226,86.1216,57.38501630497314
2784,278.68,86.2,86.22,86.2292,86.1196,57.38463736906834
2785,278.7,86.26,86.225,86.23100000000001,86.1174,57.38463736602139
2786,278.72,86.30000000000001,86.23,86.23060000000001,86.1182,57.37390490180531
2787,278.74,86.34,86.17,86.2334,86.1194,57.368349203806346
2788,278.76,86.275,86.11,86.2352,86.1182,57.37352589023355
2789,278.78,86.21,86.08,86.2334,86.1158,57.37314860495063
2790,278.8,86.22,86.05,86.23099999999998,86.115,57.36740482059287
2791,278.82,86.23,86.02,86.22859999999999,86.1158,57.367404817857064
2792,278.84,86.20500000000001,85.99,86.22480000000002,86.1156,57.37314859603033
2793,278.86,86.18,86.005,86.2218,86.11619999999999,57.37333701822498
2794,278.88,86.2,86.02,86.22139999999999,86.11380000000001,57.36797013959331
2795,278.9,86.22,86.07,86.221,86.10979999999999,57.362414405376796
2796,278.92,86.245,86.12,86.2208,86.10779999999998,57.36203704685629
2797,278.94,86.27,86.16499999999999,86.22200000000001,86.10759999999999,57.367404799463806
2798,278.96,86.175,86.21,86.21980000000002,86.10699999999999,57.37832882581972
2799,278.98,86.08,86.19999999999999,86.2128,86.1038,57.39462255603896
2800,279.0,86.07,86.19,86.20439999999999,86.1038,57.39999221801107
