,Time,Speed Follower,Speed Leader,Smooth Speed Follower,Smooth Speed Leader,Spacing
0,4305.0,86.39500000000001,86.26,86.34359999999998,86.3054,30.630552450738964
1,4305.02,86.4,86.25,86.34539999999998,86.29980000000002,30.630552497660904
2,4305.04,86.39500000000001,86.24,86.34639999999999,86.295,30.63499993638274
3,4305.06,86.39,86.25999999999999,86.3492,86.29220000000001,30.634999981992205
4,4305.08,86.33500000000001,86.28,86.3518,86.2902,30.631552594082926
5,4305.1,86.28,86.28999999999999,86.3506,86.2886,30.63355488038544
6,4305.12,86.33500000000001,86.3,86.35,86.2876,30.640002893594918
7,4305.14,86.39,86.31,86.3522,86.28720000000001,30.645448664547374
8,4305.16,86.37,86.32,86.3542,86.28779999999999,30.645448711311186
9,4305.18,86.35,86.225,86.3528,86.2852,30.636564241537858
10,4305.2,86.35499999999999,86.13,86.34900000000002,86.2782,30.63212378904123
11,4305.22,86.36,86.14,86.34479999999999,86.271,30.637568943227386
12,4305.24,86.295,86.15,86.3374,86.2656,30.63857437413105
13,4305.26,86.23,86.095,86.33059999999999,86.2594,30.634135829601902
14,4305.28,86.155,86.04,86.324,86.251,30.63615087457139
15,4305.3,86.08,86.09,86.31479999999999,86.2446,30.637159583190904
16,4305.32,86.13,86.14,86.308,86.23719999999999,30.63816906721354
17,4305.34,86.18,86.2,86.303,86.2292,30.64563398477636
18,4305.36,86.22,86.26,86.2994,86.22540000000001,30.651077748216256
19,4305.38,86.26,86.325,86.2976,86.22599999999998,30.655511106592744
20,4305.4,86.23,86.39,86.2948,86.2294,30.655511154103184
21,4305.42,86.2,86.35499999999999,86.29180000000001,86.23160000000001,30.649057412860177
22,4305.44,86.19,86.32,86.2894,86.23379999999999,30.648048382033604
23,4305.46,86.18,86.345,86.28380000000001,86.2384,30.65450162344682
24,4305.48,86.23,86.37,86.27740000000001,86.24340000000001,30.65349277222589
25,4305.5,86.28,86.28999999999999,86.2728,86.24459999999999,30.647040220484524
26,4305.52,86.275,86.21,86.26780000000001,86.243,30.649057650510027
27,4305.54,86.27,86.13999999999999,86.26280000000001,86.23899999999999,30.650067549911377
28,4305.56,86.24,86.07,86.2568,86.23140000000001,30.643613670051163
29,4305.58,86.21,86.10499999999999,86.25179999999999,86.2244,30.638169684772357
30,4305.6,86.21,86.14,86.249,86.2184,30.63917994388378
31,4305.62,86.21,86.15,86.244,86.2124,30.63816977998043
32,4305.64,86.21,86.16,86.2368,86.20639999999999,30.638169827238162
33,4305.66,86.21,86.175,86.23039999999999,86.20060000000001,30.64361390710417
34,4305.68,86.275,86.19,86.2274,86.1992,30.641596212701426
35,4305.7,86.34,86.245,86.2268,86.20380000000002,30.642604744134015
36,4305.72,86.27000000000001,86.3,86.22320000000002,86.21019999999999,30.649058124859867
37,4305.74,86.2,86.25999999999999,86.21940000000001,86.21459999999999,30.64804909257191
38,4305.76,86.195,86.22,86.21800000000002,86.21959999999999,30.643614144998963
39,4305.78,86.19,86.17,86.21940000000001,86.2248,30.639180372071415
40,4305.8,86.195,86.12,86.22399999999999,86.22599999999998,30.639180419403182
41,4305.82,86.2,86.12,86.2268,86.2252,30.64361428729624
42,4305.84,86.225,86.12,86.2286,86.22200000000001,30.641596591702772
43,4305.86,86.25,86.17500000000001,86.2298,86.21860000000001,30.636152247327445
44,4305.88,86.24000000000001,86.23,86.229,86.2148,30.63615229529653
45,4305.9,86.23,86.235,86.229,86.20859999999999,30.640589023978237
46,4305.92,86.265,86.24,86.2316,86.204,30.636152390701188
47,4305.94,86.3,86.19999999999999,86.236,86.1992,30.626272802288494
48,4305.96,86.25999999999999,86.16,86.2392,86.19179999999999,30.631716978333625
49,4305.98,86.22,86.13499999999999,86.2388,86.1824,30.637161195374482
50,4306.0,86.22,86.11,86.23639999999999,86.1752,30.62627294354334
51,4306.02,86.22,86.08,86.2342,86.17,30.620828904535028
52,4306.04,86.16,86.05,86.2298,86.1664,30.631717168455854
53,4306.06,86.1,86.055,86.22419999999998,86.1658,30.637161385462907
54,4306.08,86.09,86.06,86.21940000000001,86.164,30.636152768584015
55,4306.1,86.08,86.06,86.2142,86.1608,30.634137810740157
56,4306.12,86.1,86.06,86.2098,86.15719999999999,30.626680886967545
57,4306.14,86.12,86.12,86.20620000000001,86.15559999999999,30.626680934846178
58,4306.16,86.15,86.18,86.20380000000002,86.1558,30.63413795237138
59,4306.18,86.18,86.22,86.2,86.15699999999998,30.639582749361097
60,4306.2,86.19,86.26,86.194,86.1576,30.644021604458786
61,4306.22,86.2,86.185,86.1912,86.153,30.645027634227755
62,4306.24,86.225,86.11,86.1922,86.147,30.641597538365726
63,4306.26,86.25,86.055,86.19439999999999,86.14040000000001,30.637161859493073
64,4306.28,86.235,86.0,86.19619999999999,86.1336,30.63615324187095
65,4306.3,86.22,86.065,86.19720000000001,86.13140000000001,30.63413828254234
66,4306.32,86.21000000000001,86.13,86.19759999999998,86.1318,30.628693622090577
67,4306.34,86.2,86.13,86.1966,86.1322,30.62425647633774
68,4306.36,86.13,86.13,86.1918,86.1304,30.617804424930295
69,4306.38,86.06,86.205,86.1846,86.12939999999999,30.61679759448215
70,4306.4,86.00999999999999,86.28,86.1758,86.1312,30.62123652182295
71,4306.42,85.96,86.25999999999999,86.1636,86.13199999999999,30.619227047156087
72,4306.44,85.96,86.24,86.15,86.1336,30.61722067387071
73,4306.46,85.96,86.25999999999999,86.13799999999999,86.1376,30.62610963241917
74,4306.48,85.94999999999999,86.28,86.12719999999999,86.1434,30.6370020726633
75,4306.5,85.94,86.295,86.116,86.1508,30.644449915424538
76,4306.52,85.995,86.31,86.10699999999999,86.16,30.644449962113622
77,4306.54,86.05,86.2,86.1026,86.166,30.631555995326977
78,4306.56,86.12,86.09,86.10340000000001,86.1674,30.630556078780824
79,4306.58,86.19,86.01,86.1074,86.16539999999999,30.63600251941883
80,4306.6,86.225,85.93,86.11319999999999,86.1602,30.62510981741473
81,4306.62,86.26,85.95,86.1196,86.1558,30.608771047032217
82,4306.64,86.24000000000001,85.97,86.12439999999998,86.14980000000001,30.609771767162474
83,4306.66,86.22,86.075,86.12720000000002,86.1456,30.620663961409967
84,4306.68,86.10499999999999,86.18,86.1242,86.14399999999999,30.620664008330245
85,4306.7,85.99,86.26,86.11619999999999,86.14399999999999,30.620664055596954
86,4306.72,85.91499999999999,86.34,86.1048,86.1502,30.623112142610008
87,4306.74,85.84,86.27000000000001,86.08940000000001,86.1566,30.621117337228213
88,4306.76,85.89,86.2,86.075,86.16239999999999,30.622114420829302
89,4306.78,85.94,86.16499999999999,86.0632,86.169,30.627561354043173
90,4306.8,86.015,86.13,86.05499999999998,86.1716,30.632011644031504
91,4306.82,86.09,86.115,86.0502,86.17099999999999,30.63101578240988
92,4306.84,86.14500000000001,86.1,86.04799999999999,86.16980000000001,30.624573237119304
93,4306.86,86.2,86.11,86.0508,86.169,30.625568592919812
94,4306.88,86.225,86.12,86.0574,86.16560000000001,30.63300851286178
95,4306.9,86.25,86.16499999999999,86.06700000000001,86.161,30.633008558578396
96,4306.92,86.235,86.21,86.07799999999999,86.15899999999999,30.625568730975672
97,4306.94,86.22,86.245,86.08840000000001,86.1592,30.623578934169476
98,4306.96,86.19,86.28,86.0976,86.16,30.627040229110506
99,4306.98,86.16,86.2,86.10600000000001,86.1568,30.627040275082184
100,4307.0,86.09,86.12,86.11200000000001,86.1498,30.622585313985052
101,4307.02,86.02,86.11500000000001,86.11300000000001,86.142,30.62704036739346
102,4307.04,86.0,86.11,86.111,86.1384,30.636944835155234
103,4307.06,85.98,86.10499999999999,86.1054,86.139,30.63149663453207
104,4307.08,86.025,86.1,86.09880000000001,86.1426,30.62604847460084
105,4307.1,86.07,86.07,86.0926,86.1482,30.625057266141376
106,4307.12,86.13999999999999,86.04,86.08779999999999,86.15180000000001,30.619608970415022
107,4307.14,86.21,86.065,86.0866,86.15559999999999,30.620600446870263
108,4307.16,86.11,86.09,86.0822,86.15620000000001,30.630505785210815
109,4307.18,86.01,86.07,86.0784,86.15180000000001,30.634964126169972
110,4307.2,86.07,86.05,86.0816,86.1434,30.62505749399797
111,4307.22,86.13,86.13,86.09020000000001,86.135,30.619609199187696
112,4307.24,86.12,86.21,86.1014,86.13259999999998,30.628526140322695
113,4307.26,86.11,86.24,86.1102,86.1342,30.631998587221556
114,4307.28,86.1,86.27,86.1166,86.1384,30.620113049481102
115,4307.3,86.09,86.255,86.1196,86.1434,30.621100468785894
116,4307.32,86.05000000000001,86.24,86.118,86.1484,30.633975097634828
117,4307.34,86.01,86.22,86.1126,86.1532,30.62852636878598
118,4307.36,86.0,86.2,86.10459999999999,86.1568,30.627537663331687
119,4307.38,85.99,86.17,86.09519999999999,86.15880000000001,30.63199885965648
120,4307.4,86.04499999999999,86.14,86.08699999999999,86.1578,30.620113320883046
121,4307.42,86.1,86.16499999999999,86.0816,86.156,30.61565169487773
122,4307.44,86.12,86.19,86.0776,86.15379999999999,30.628526595943363
123,4307.46,86.14,86.16499999999999,86.0756,86.14920000000001,30.63942422850434
124,4307.48,86.09,86.14,86.0728,86.14679999999998,30.64191078596401
125,4307.5,86.04,86.155,86.0708,86.1482,30.639939816408365
126,4307.52,86.07,86.17,86.07279999999999,86.1504,30.634490130673182
127,4307.54,86.1,86.18,86.0768,86.1532,30.63547547083327
128,4307.56,86.07499999999999,86.19,86.08059999999999,86.1566,30.641910966752558
129,4307.58,86.05,86.21000000000001,86.0816,86.161,30.64637471226189
130,4307.6,86.045,86.23,86.08059999999999,86.1674,30.65182439208653
131,4307.62,86.04,86.195,86.0766,86.17360000000001,30.646374802269932
132,4307.64,86.08500000000001,86.16,86.0716,86.17739999999999,30.633505882805366
133,4307.66,86.13,86.10499999999999,86.0724,86.178,30.628056060986808
134,4307.68,86.11,86.05,86.07639999999999,86.1772,30.630026270734756
135,4307.7,86.09,86.07499999999999,86.0772,86.1782,30.636461903474736
136,4307.72,86.03999999999999,86.1,86.0736,86.17699999999999,30.6374487966513
137,4307.74,85.99,86.175,86.0684,86.17560000000002,30.638436465449704
138,4307.76,86.025,86.25,86.065,86.176,30.647360839400843
139,4307.78,86.06,86.205,86.0634,86.1734,30.650840027889014
140,4307.8,86.15,86.16,86.0658,86.16959999999999,30.64092561352896
141,4307.82,86.24,86.18,86.0734,86.1672,30.630026588025117
142,4307.84,86.3,86.2,86.085,86.1664,30.62904116247155
143,4307.86,86.36,86.235,86.0994,86.1678,30.63895628496949
144,4307.88,86.31,86.27,86.11220000000002,86.1718,30.64440627608538
145,4307.9,86.26,86.24,86.1208,86.1758,30.6409258411249
146,4307.92,86.235,86.21,86.12620000000001,86.1776,30.64191178281159
147,4307.94,86.21,86.175,86.12979999999999,86.177,30.648347745389984
148,4307.96,86.085,86.14,86.1276,86.176,30.655772045859983
149,4307.98,85.96,86.095,86.1224,86.1742,30.65131198338413
150,4308.0,86.02,86.05,86.1216,86.17,30.639425457665933
151,4308.02,86.08,86.0,86.12200000000001,86.1632,30.63397668948764
152,4308.04,86.08500000000001,85.95,86.1214,86.154,30.634966087811037
153,4308.06,86.09,86.005,86.12200000000001,86.14659999999999,30.639425593870538
154,4308.08,86.09,86.06,86.12359999999998,86.14059999999999,30.638437239014703
155,4308.1,86.09,86.13,86.12540000000001,86.1366,30.6339768720645
156,4308.12,86.02000000000001,86.2,86.12460000000002,86.13679999999998,30.64041490724501
157,4308.14,85.95,86.185,86.1192,86.13779999999998,30.657750529582152
158,4308.16,85.995,86.17,86.11380000000001,86.14039999999999,30.670628329711885
159,4308.18,86.04,86.155,86.111,86.14460000000001,30.666171641525388
160,4308.2,86.055,86.14,86.10959999999999,86.1472,30.648835425288663
161,4308.22,86.07,86.155,86.1108,86.1494,30.648835471941307
162,4308.24,86.125,86.17,86.1162,86.14920000000001,30.667164129973205
163,4308.26,86.18,86.105,86.1224,86.1434,30.667164175155285
164,4308.28,86.225,86.04,86.12899999999999,86.13680000000001,30.648835608718347
165,4308.3,86.27,86.105,86.1338,86.1346,30.64437978675157
166,4308.32,86.215,86.17,86.1328,86.1342,30.65825625281103
167,4308.34,86.16,86.17500000000001,86.12719999999999,86.1332,30.663703821706658
168,4308.36,86.155,86.18,86.119,86.13099999999999,30.651814431355014
169,4308.38,86.15,86.12,86.1126,86.125,30.64191406390659
170,4308.4,86.21000000000001,86.06,86.11060000000002,86.1178,30.648356894059482
171,4308.42,86.27,86.035,86.11200000000001,86.1108,30.665694485496648
172,4308.44,86.265,86.01,86.1142,86.1042,30.673134966998276
173,4308.46,86.26,86.055,86.12119999999999,86.10079999999999,30.664238374937433
174,4308.48,86.32,86.1,86.1356,86.101,30.65434565524369
175,4308.5,86.38,86.07,86.15,86.1018,30.659791904447015
176,4308.52,86.33,86.04,86.16,86.10340000000001,30.6696849753573
177,4308.54,86.28,86.035,86.1678,86.1068,30.66423856101855
178,4308.56,86.225,86.03,86.1732,86.10780000000001,30.654345842194978
179,4308.58,86.17,86.08500000000001,86.17640000000002,86.10880000000002,30.649900713956445
180,4308.6,86.155,86.14,86.179,86.1092,30.650902521812622
181,4308.62,86.14,86.155,86.18379999999999,86.10740000000001,30.661794220305016
182,4308.64,86.13,86.17,86.191,86.1068,30.667240153851143
183,4308.66,86.12,86.14500000000001,86.19599999999998,86.1058,30.662796493941517
184,4308.68,86.11500000000001,86.12,86.199,86.1044,30.67024857660429
185,4308.7,86.11,86.11500000000001,86.20120000000001,86.10340000000001,30.68314816253233
186,4308.72,86.065,86.11,86.20100000000001,86.1016,30.6851600161177
187,4308.74,86.02,86.025,86.1968,86.0958,30.68072258506281
188,4308.76,86.05,85.94,86.1916,86.0892,30.667819246785943
189,4308.78,86.08,85.94999999999999,86.1858,86.0856,30.65592337407384
190,4308.8,86.11500000000001,85.96,86.17960000000001,86.07979999999999,30.656929830486302
191,4308.82,86.15,85.975,86.177,86.072,30.655923468275645
192,4308.84,86.185,85.99,86.17800000000001,86.06460000000001,30.654917879958433
193,4308.86,86.22,86.0,86.1806,86.05740000000002,30.661368474955303
194,4308.88,86.25999999999999,86.01,86.185,86.053,30.66237475417984
195,4308.9,86.3,86.08000000000001,86.1886,86.0538,30.657937250497437
196,4308.92,86.32,86.15,86.19059999999999,86.0584,30.653500921553075
197,4308.94,86.34,86.165,86.1936,86.06459999999998,30.65350096986202
198,4308.96,86.315,86.18,86.19579999999998,86.06960000000001,30.659954084740903
199,4308.98,86.29,86.15,86.19460000000001,86.0716,30.659954131964156
200,4309.0,86.275,86.12,86.1904,86.0736,30.65995417918741
201,4309.02,86.26,86.08000000000001,86.1876,86.07520000000001,30.661974015197817
202,4309.04,86.325,86.04,86.18939999999999,86.0754,30.656530265451174
203,4309.06,86.39,86.025,86.196,86.07520000000001,30.656530312432086
204,4309.08,86.32,86.01,86.20199999999998,86.0722,30.657541595746363
205,4309.1,86.25,86.03999999999999,86.2058,86.06819999999999,30.651086652789402
206,4309.12,86.17,86.07,86.20700000000001,86.06479999999999,30.649066194445485
207,4309.14,86.09,86.06,86.20540000000001,86.06040000000002,30.64463221361249
208,4309.16,86.08,86.05,86.20380000000002,86.05660000000002,30.64121118248927
209,4309.18,86.07,86.10499999999999,86.20200000000001,86.056,30.651086842342007
210,4309.2,86.13999999999999,86.16,86.2032,86.0578,30.660964161117604
211,4309.22,86.21,86.17,86.209,86.06020000000001,30.654510544562235
212,4309.24,86.22,86.18,86.21699999999998,86.06639999999999,30.64805738508911
213,4309.26,86.23,86.155,86.2242,86.075,30.659954795978226
214,4309.28,86.20500000000001,86.13,86.2292,86.0822,30.666408369972476
215,4309.3,86.18,86.14,86.2318,86.08940000000001,30.66197468109782
216,4309.32,86.19,86.15,86.2334,86.09640000000002,30.662985784957137
217,4309.34,86.2,86.055,86.234,86.09899999999999,30.656530978555374
218,4309.36,86.25999999999999,85.96,86.23559999999999,86.0974,30.63918888408639
219,4309.38,86.32,85.94999999999999,86.238,86.095,30.633745122228124
220,4309.4,86.285,85.94,86.2374,86.08940000000001,30.64463283120885
221,4309.42,86.25,85.96000000000001,86.23459999999999,86.0818,30.650076772350474
222,4309.44,86.225,85.98,86.23,86.07440000000001,30.645643747775484
223,4309.46,86.2,86.02000000000001,86.22540000000001,86.068,30.64665539047464
224,4309.48,86.17,86.06,86.22059999999999,86.0644,30.652098972332062
225,4309.5,86.14,86.045,86.21520000000001,86.06139999999999,30.653111210094007
226,4309.52,86.2,86.03,86.2128,86.05940000000001,30.653111258065312
227,4309.54,86.26,86.055,86.2102,86.06,30.656531454901913
228,4309.56,86.295,86.08,86.20639999999999,86.06219999999999,30.655521039719208
229,4309.58,86.33,86.1,86.2068,86.0658,30.651087794511927
230,4309.6,86.38,86.12,86.212,86.06900000000002,30.64121223220433
231,4309.62,86.43,86.09,86.2224,86.0698,30.63032542140502
232,4309.64,86.32,86.06,86.2316,86.0698,30.631338378968398
233,4309.66,86.21,86.03,86.2368,86.069,30.636781654836465
234,4309.68,86.16999999999999,86.0,86.2408,86.06479999999999,30.645644318978796
235,4309.7,86.13,85.99000000000001,86.2404,86.05799999999999,30.651088079942063
236,4309.72,86.16999999999999,85.98,86.2388,86.0504,30.64121251887525
237,4309.74,86.21,85.995,86.2384,86.043,30.634757160679488
238,4309.76,86.3,86.01,86.2412,86.0372,30.639189836115634
239,4309.78,86.39,86.015,86.24860000000001,86.0326,30.64020088545692
240,4309.8,86.33,86.02,86.2546,86.02779999999998,30.63678199012006
241,4309.82,86.27,86.11,86.25779999999999,86.02619999999999,30.637795543065383
242,4309.84,86.245,86.2,86.25959999999999,86.03200000000001,30.643238682114468
243,4309.86,86.22,86.205,86.25800000000001,86.04180000000001,30.644252829497546
244,4309.88,86.16,86.21,86.2516,86.05220000000001,30.639825020587523
245,4309.9,86.1,86.205,86.2442,86.06280000000001,30.633367145691654
246,4309.92,86.11,86.2,86.2386,86.0724,30.63133904826932
247,4309.94,86.12,86.185,86.2344,86.08059999999999,30.6347576367596
248,4309.96,86.16,86.17,86.23280000000001,86.0866,30.633746502218575
249,4309.98,86.2,86.11,86.234,86.0886,30.629314143417893
250,4310.0,86.19,86.05,86.236,86.0888,30.63032632789854
251,4310.02,86.18,86.12,86.23519999999999,86.0924,30.636782515975085
252,4310.04,86.18,86.19,86.23200000000001,86.0978,30.644253260774768
253,4310.06,86.18,86.185,86.2274,86.102,30.645268182848902
254,4310.08,86.305,86.18,86.2264,86.10520000000001,30.639825500657427
255,4310.1,86.43,86.155,86.22840000000001,86.1066,30.638810494191315
256,4310.12,86.41,86.13,86.2276,86.1082,30.632353213336135
257,4310.14,86.39,86.13,86.23039999999999,86.111,30.622482112055255
258,4310.16,86.39500000000001,86.13,86.2378,86.115,30.623497755704967
259,4310.18,86.4,86.155,86.24699999999999,86.12119999999999,30.62248220718045
260,4310.2,86.305,86.18,86.25400000000002,86.12880000000001,30.62589653087642
261,4310.22,86.21,86.18,86.2556,86.13680000000001,30.63678299406107
262,4310.24,86.13,86.18,86.2524,86.1442,30.63881082973943
263,4310.26,86.05,86.18,86.2424,86.15100000000001,30.63539925539118
264,4310.28,86.035,86.18,86.2282,86.1576,30.63743364637579
265,4310.3,86.02,86.215,86.2158,86.1654,30.64389399280356
266,4310.32,86.025,86.25,86.206,86.171,30.649336048311937
267,4310.34,86.03,86.24000000000001,86.19740000000002,86.1726,30.648318125309014
268,4310.36,86.11,86.23,86.193,86.17360000000001,30.646284552370314
269,4310.38,86.19,86.24000000000001,86.1942,86.17479999999999,30.657169825679848
270,4310.4,86.19999999999999,86.25,86.1982,86.1766,30.663628432277115
271,4310.42,86.21,86.22,86.20219999999999,86.17739999999999,30.657169923064107
272,4310.44,86.275,86.19,86.2084,86.1776,30.64628474625682
273,4310.46,86.34,86.21000000000001,86.2156,86.1792,30.63301049208262
274,4310.48,86.34,86.23,86.22120000000001,86.184,30.630629389665057
275,4310.5,86.34,86.26,86.2272,86.19240000000002,30.641512154915667
276,4310.52,86.355,86.29,86.2342,86.1992,30.64695362616163
277,4310.54,86.37,86.265,86.24179999999998,86.20219999999999,30.648996943941906
278,4310.56,86.30000000000001,86.24,86.2466,86.2044,30.659879238035945
279,4310.58,86.23,86.25,86.2436,86.20720000000001,30.663278291220767
280,4310.6,86.16499999999999,86.26,86.23299999999999,86.2114,30.661239251175207
281,4310.62,86.1,86.315,86.22059999999999,86.21880000000002,30.667700229819207
282,4310.64,86.13499999999999,86.37,86.2104,86.22840000000001,30.669740551994803
283,4310.66,86.17,86.38,86.2014,86.2384,30.664299189963558
284,4310.68,86.13499999999999,86.39,86.1908,86.24780000000001,30.664299238579463
285,4310.7,86.1,86.345,86.18259999999998,86.2544,30.669740697599533
286,4310.72,86.1,86.3,86.17820000000002,86.2592,30.66974074624945
287,4310.74,86.1,86.25999999999999,86.177,86.2624,30.663278679803202
288,4310.76,86.175,86.22,86.18199999999999,86.264,30.663278727738312
289,4310.78,86.25,86.225,86.19059999999999,86.2658,30.671784258911842
290,4310.8,86.235,86.23,86.1992,86.26639999999999,30.669414652054147
291,4310.82,86.22,86.295,86.207,86.2682,30.66499976650309
292,4310.84,86.235,86.36,86.21519999999998,86.273,30.669414751516967
293,4310.86,86.25,86.375,86.2208,86.27879999999999,30.662949587172534
294,4310.88,86.215,86.39,86.2218,86.28479999999999,30.657509036086363
295,4310.9,86.18,86.38,86.221,86.29,30.669414897188165
296,4310.92,86.155,86.37,86.21880000000002,86.296,30.681320975301215
297,4310.94,86.13,86.345,86.21300000000001,86.30220000000001,30.674855497754844
298,4310.96,86.145,86.32,86.2052,86.3066,30.662949830714634
299,4310.98,86.16,86.405,86.198,86.31360000000001,30.669415093420586
300,4311.0,86.19,86.49,86.19200000000001,86.32279999999999,30.682346923813537
301,4311.02,86.22,86.43,86.1866,86.3284,30.684400795418256
302,4311.04,86.2,86.37,86.17980000000001,86.3326,30.681018303541553
303,4311.06,86.18,86.355,86.175,86.3372,30.68204814947039
304,4311.08,86.215,86.34,86.1744,86.3408,30.68101840242481
305,4311.1,86.25,86.4,86.1778,86.34639999999999,30.67557904175484
306,4311.12,86.25999999999999,86.46,86.1842,86.3522,30.676609070984043
307,4311.14,86.27,86.46,86.18959999999998,86.3558,30.68101855086399
308,4311.16,86.225,86.46,86.19179999999999,86.359,30.685429210925083
309,4311.18,86.18,86.5,86.1936,86.3634,30.686458101771237
310,4311.2,86.25,86.54,86.1996,86.37119999999999,30.68204849627906
311,4311.22,86.32,86.44,86.20839999999998,86.3768,30.682048545492815
312,4311.24,86.245,86.34,86.2142,86.38,30.68748786543286
313,4311.26,86.17,86.325,86.21400000000001,86.3842,30.693957432871287
314,4311.28,86.16,86.31,86.2104,86.3876,30.696020206571042
315,4311.3,86.15,86.305,86.20700000000001,86.3906,30.690581490665302
316,4311.32,86.18,86.3,86.20540000000001,86.3908,30.689549609708333
317,4311.34,86.21,86.35,86.2044,86.39040000000001,30.69602035525853
318,4311.36,86.175,86.4,86.20139999999999,86.39139999999999,30.69602040529195
319,4311.38,86.14,86.38,86.1984,86.391,30.696020455504637
320,4311.4,86.16499999999999,86.36,86.1978,86.39020000000001,30.702491650825994
321,4311.42,86.19,86.36500000000001,86.1992,86.39,30.702491701043087
322,4311.44,86.27,86.37,86.20479999999999,86.391,30.698086416173084
323,4311.46,86.35,86.375,86.213,86.39320000000002,30.698086466359577
324,4311.48,86.39,86.38,86.22219999999999,86.39219999999999,30.697053224180532
325,4311.5,86.43,86.39,86.2318,86.38820000000001,30.69264816668149
326,4311.52,86.295,86.4,86.23479999999999,86.38699999999999,30.69368246353038
327,4311.54,86.16,86.355,86.2332,86.3864,30.70015556450759
328,4311.56,86.145,86.31,86.2318,86.38459999999999,30.70766530766882
329,4311.58,86.13,86.30000000000001,86.22840000000001,86.383,30.70870232283272
330,4311.6,86.16,86.29,86.2248,86.3786,30.696790032829483
331,4311.62,86.19,86.36000000000001,86.22200000000001,86.37460000000002,30.68927974330017
332,4311.64,86.255,86.43,86.22139999999999,86.3734,30.69471778262734
333,4311.66,86.32,86.4,86.2252,86.37100000000001,30.702227849854676
334,4311.68,86.4,86.37,86.234,86.3658,30.702227900611753
335,4311.7,86.48,86.28999999999999,86.2432,86.3558,30.696790285024
336,4311.72,86.445,86.21,86.2482,86.3466,30.698865772073297
337,4311.74,86.41,86.205,86.25479999999999,86.34120000000001,30.705341812229143
338,4311.76,86.34,86.2,86.2616,86.3362,30.705341863217505
339,4311.78,86.27,86.21000000000001,86.266,86.33220000000001,30.694467729432514
340,4311.8,86.255,86.22,86.27019999999999,86.32879999999999,30.690070768518773
341,4311.82,86.24,86.25999999999999,86.2726,86.3272,30.696548263348745
342,4311.84,86.22999999999999,86.3,86.2734,86.32519999999998,30.700944596936765
343,4311.86,86.22,86.305,86.27519999999998,86.32140000000001,30.70430342220919
344,4311.88,86.255,86.31,86.2798,86.3186,30.704303472856168
345,4311.9,86.29,86.275,86.28479999999999,86.3152,30.700944748701367
346,4311.92,86.35,86.24,86.29119999999999,86.31020000000001,30.69215341669051
347,4311.94,86.41,86.205,86.29679999999999,86.30359999999999,30.68775955312293
348,4311.96,86.435,86.17,86.3002,86.29539999999999,30.692153519611658
349,4311.98,86.46,86.095,86.303,86.28400000000002,30.69111201101174
350,4312.0,86.395,86.02,86.3016,86.2692,30.692153619712386
351,4312.02,86.33,86.08500000000001,86.30300000000001,86.25660000000002,30.69759014361669
352,4312.04,86.27,86.15,86.3074,86.2484,30.696548820864944
353,4312.06,86.21,86.18,86.31,86.2432,30.697590245562967
354,4312.08,86.285,86.21,86.3162,86.23960000000001,30.69967535779416
355,4312.1,86.36,86.18,86.3242,86.2352,30.694239304748773
356,4312.12,86.435,86.15,86.334,86.2268,30.68671749581047
357,4312.14,86.51,86.11500000000001,86.3442,86.2142,30.679198077745955
358,4312.16,86.45,86.08,86.3494,86.2014,30.673761418551422
359,4312.18,86.39,86.02,86.34899999999999,86.18740000000001,30.670408626617956
360,4312.2,86.32,85.96,86.3426,86.1742,30.67793151293488
361,4312.22,86.25,85.94999999999999,86.3348,86.16380000000001,30.68441177644466
362,4312.24,86.24000000000001,85.94,86.32799999999999,86.1532,30.672495688788093
363,4312.26,86.23,85.94,86.32359999999998,86.14280000000001,30.6595363699054
364,4312.28,86.315,85.94,86.32539999999999,86.13199999999999,30.658493753119792
365,4312.3,86.4,85.94999999999999,86.33120000000001,86.1212,30.659536471416022
366,4312.32,86.45,85.96,86.33959999999999,86.1092,30.650752631454864
367,4312.34,86.5,85.91999999999999,86.3504,86.09400000000001,30.646362518558558
368,4312.36,86.445,85.88,86.35940000000001,86.07699999999998,30.650752734298756
369,4312.38,86.39,85.81,86.3648,86.05699999999999,30.649708202292075
370,4312.4,86.39500000000001,85.74,86.369,86.03559999999999,30.649708252570395
371,4312.42,86.4,85.725,86.37100000000001,86.015,30.64970830338009
372,4312.44,86.35,85.71,86.3686,85.99520000000001,30.644272465110596
373,4312.46,86.3,85.75999999999999,86.36319999999999,85.9788,30.637792491021013
374,4312.48,86.25,85.81,86.3548,85.9674,30.637792541160678
375,4312.5,86.2,85.845,86.347,85.96039999999999,30.639881725735925
376,4312.52,86.285,85.88,86.34519999999999,85.95219999999999,30.641973999384238
377,4312.54,86.37,85.85,86.3492,85.9402,30.647409338305966
378,4312.56,86.39500000000001,85.82,86.3566,85.9258,30.64197410145714
379,4312.58,86.42,85.785,86.36200000000001,85.90879999999999,30.633199764992955
380,4312.6,86.405,85.75,86.3638,85.8916,30.6352989598599
381,4312.62,86.39,85.78,86.362,85.8768,30.629864601027514
382,4312.64,86.44,85.81,86.3592,85.86460000000001,30.61689570590207
383,4312.66,86.49,85.745,86.3608,85.85119999999999,30.6158467853223
384,4312.68,86.475,85.68,86.3642,85.83759999999998,30.622330501020112
385,4312.7,86.46,85.64,86.3698,85.82480000000001,30.618996121827035
386,4312.72,86.38499999999999,85.6,86.37519999999999,85.8108,30.602693483895127
387,4312.74,86.31,85.57,86.37800000000001,85.79599999999999,30.590773851664302
388,4312.76,86.305,85.54,86.381,85.77999999999999,30.597259447013553
389,4312.78,86.3,85.51,86.38040000000001,85.76280000000001,30.60374548717184
390,4312.8,86.295,85.48,86.37619999999998,85.744,30.59393067573325
391,4312.82,86.29,85.51,86.3698,85.72599999999998,30.577629838216087
392,4312.84,86.315,85.54,86.3624,85.7108,30.576576331090454
393,4312.86,86.34,85.595,86.3582,85.69940000000001,30.580957555848872
394,4312.88,86.295,85.65,86.3544,85.69300000000001,30.56798611170365
395,4312.9,86.25,85.64,86.3486,85.689,30.555016448092033
396,4312.92,86.28,85.63,86.34379999999999,85.68520000000001,30.55501649937377
397,4312.94,86.31,85.53,86.3422,85.678,30.561501186069947
398,4312.96,86.30000000000001,85.43,86.34219999999999,85.6648,30.562552075844508
399,4312.98,86.29,85.355,86.34379999999999,85.64659999999999,30.55273576427261
400,4313.0,86.355,85.28,86.35,85.624,30.548354843163313
401,4313.02,86.42,85.3,86.3554,85.60079999999999,30.54502980028906
402,4313.04,86.39,85.32,86.35619999999999,85.57960000000001,30.530843005345
403,4313.06,86.36,85.27,86.3548,85.55760000000001,30.521035541616072
404,4313.08,86.295,85.22,86.3498,85.535,30.525410355437558
405,4313.1,86.23,85.28999999999999,86.34280000000001,85.5166,30.52873034401654
406,4313.12,86.225,85.36,86.3362,85.49980000000001,30.528730395815113
407,4313.14,86.22,85.38,86.32740000000001,85.4826,30.528730447613686
408,4313.16,86.31,85.4,86.3202,85.46879999999999,30.52329736965671
409,4313.18,86.4,85.385,86.3172,85.45700000000001,30.514545243894915
410,4313.2,86.445,85.37,86.3166,85.44619999999999,30.49824758460498
411,4313.22,86.49,85.31,86.32080000000002,85.43459999999999,30.479834132883514
412,4313.24,86.455,85.25,86.3266,85.4218,30.474401466496055
413,4313.26,86.42,85.18,86.33120000000001,85.40740000000001,30.47002693789907
414,4313.28,86.44,85.11,86.3368,85.39139999999999,30.4537298142447
415,4313.3,86.46,85.13,86.3434,85.3774,30.43849310686763
416,4313.32,86.36,85.15,86.34620000000001,85.36300000000001,30.44061549117542
417,4313.34,86.26,85.155,86.34400000000001,85.34759999999999,30.44604718328139
418,4313.36,86.275,85.16,86.3414,85.3302,30.44392528024002
419,4313.38,86.29,85.11,86.34119999999999,85.30860000000001,30.444985921568353
420,4313.4,86.26,85.06,86.3416,85.28540000000001,30.44274113763026
421,4313.42,86.23,84.99000000000001,86.3396,85.2598,30.432943069900375
422,4313.44,86.22,84.92,86.33599999999998,85.23539999999998,30.428577419805624
423,4313.46,86.21,84.95,86.33239999999999,85.21619999999999,30.41878251492188
424,4313.48,86.15,84.98,86.3268,85.20119999999999,30.40249147366453
425,4313.5,86.09,85.06,86.31620000000001,85.19239999999999,30.401424568821213
426,4313.52,86.17500000000001,85.14,86.3064,85.186,30.405789139011237
427,4313.54,86.26,85.095,86.30120000000001,85.177,30.400358492616213
428,4313.56,86.305,85.05,86.29899999999999,85.1682,30.38406672975197
429,4313.58,86.35,85.025,86.30120000000001,85.16040000000001,30.367775386888717
430,4313.6,86.365,85.0,86.3066,85.14880000000001,30.36884276422709
431,4313.62,86.38,84.945,86.31280000000001,85.1322,30.36991091834085
432,4313.64,86.32,84.89,86.3168,85.1126,30.354690597946288
433,4313.66,86.26,84.815,86.31479999999999,85.0892,30.34054421061594
434,4313.68,86.26,84.74,86.3092,85.0634,30.342689765556667
435,4313.7,86.26,84.75,86.3018,85.0386,30.337261069428223
436,4313.72,86.245,84.76,86.29199999999999,85.0166,30.3242571130783
437,4313.74,86.23,84.73,86.28299999999999,84.9958,30.318828175890122
438,4313.76,86.2,84.7,86.27420000000001,84.9766,30.31011819889699
439,4313.78,86.17,84.655,86.2634,84.9584,30.30033683031134
440,4313.8,86.21000000000001,84.61,86.2534,84.9376,30.295985137431607
441,4313.82,86.25,84.53,86.249,84.9128,30.291634657043478
442,4313.84,86.21000000000001,84.45,86.24699999999999,84.88459999999999,30.27427379310197
443,4313.86,86.17,84.41,86.2428,84.85459999999999,30.25148518710085
444,4313.88,86.22,84.37,86.24000000000002,84.825,30.246057495135872
445,4313.9,86.27,84.355,86.24040000000001,84.7968,30.24062985025681
446,4313.92,86.205,84.34,86.2394,84.7708,30.230853402220845
447,4313.94,86.14,84.355,86.23620000000001,84.7482,30.221078702354138
448,4313.96,86.11,84.37,86.2322,84.725,30.19937077193349
449,4313.98,86.08,84.305,86.2294,84.698,30.195025618829217
450,4314.0,86.03999999999999,84.24,86.2274,84.6652,30.202617644675385
451,4314.02,86.0,84.16,86.22040000000001,84.626,30.189594513475217
452,4314.04,86.035,84.08,86.2114,84.5854,30.17658236345809
453,4314.06,86.07,84.065,86.20200000000001,84.546,30.165732811881192
454,4314.08,86.13,84.05,86.19319999999999,84.507,30.154883456276888
455,4314.1,86.19,83.96000000000001,86.18620000000001,84.4654,30.144034298582902
456,4314.12,86.16499999999999,83.87,86.1776,84.4224,30.126670246968335
457,4314.14,86.14,83.755,86.17040000000001,84.37700000000001,30.111487953801415
458,4314.16,86.13499999999999,83.64,86.16539999999999,84.33,30.1017320079529
459,4314.18,86.13,83.61,86.1602,84.28479999999999,30.08546038988116
460,4314.2,86.145,83.58,86.15559999999999,84.238,30.0637655767791
461,4314.22,86.16,83.535,86.15220000000001,84.189,30.04859018143474
462,4314.24,86.17,83.49,86.1498,84.13940000000001,30.03884015259156
463,4314.26,86.18,83.35499999999999,86.149,84.08560000000001,30.022571513421322
464,4314.28,86.17500000000001,83.22,86.14920000000001,84.0282,30.00088067892983
465,4314.3,86.17,83.15,86.1476,83.96979999999999,29.979190647191494
466,4314.32,86.16,83.08,86.14400000000002,83.9118,29.961824528223982
467,4314.34,86.15,83.03,86.1416,83.855,29.944458455652878
468,4314.36,86.11500000000001,82.98,86.13940000000001,83.7978,29.934712922033217
469,4314.38,86.08,82.9,86.1338,83.73899999999999,29.926070491119262
470,4314.4,86.145,82.82,86.1288,83.6776,29.901169589282635
471,4314.42,86.21,82.74,86.12899999999999,83.6136,29.87085673124683
472,4314.44,86.175,82.66,86.13040000000001,83.5458,29.85028403422284
473,4314.46,86.14,82.58,86.13159999999999,83.4742,29.834024472789267
474,4314.48,86.11500000000001,82.5,86.133,83.40199999999999,29.82318504135063
475,4314.5,86.09,82.495,86.135,83.3322,29.811236144374885
476,4314.52,86.07,82.49,86.13780000000001,83.26540000000001,29.783028002704867
477,4314.54,86.05,82.41999999999999,86.1384,83.199,29.75051058340726
478,4314.56,86.07,82.35,86.1384,83.13040000000001,29.735364310925764
479,4314.58,86.09,82.24,86.13680000000001,83.058,29.720220513064678
480,4314.6,86.055,82.13,86.1314,82.98479999999999,29.698546157969606
481,4314.62,86.02,82.005,86.12559999999999,82.9102,29.676872638022026
482,4314.64,86.015,81.88,86.1206,82.8352,29.64978190229048
483,4314.66,86.01,81.865,86.11560000000001,82.7642,29.62492841078587
484,4314.68,85.965,81.85,86.109,82.6938,29.598962530013043
485,4314.7,85.92,81.78,86.1,82.62180000000001,29.57075761010205
486,4314.72,85.945,81.71,86.09140000000001,82.54879999999999,29.550212813249647
487,4314.74,85.97,81.585,86.0834,82.4726,29.525379995945244
488,4314.76,86.005,81.46,86.07639999999999,82.3968,29.498302075380103
489,4314.78,86.04,81.38,86.071,82.3232,29.470098779725976
490,4314.8,86.075,81.3,86.06720000000001,82.2492,29.437607408325434
491,4314.82,86.11,81.16499999999999,86.0652,82.1726,29.40398957023265
492,4314.84,86.15,81.03,86.0652,82.0926,29.375786853412052
493,4314.86,86.19,80.855,86.06819999999999,82.0076,29.348713098957123
494,4314.88,86.15,80.68,86.071,81.91879999999999,29.32164070059128
495,4314.9,86.11,80.63,86.0696,81.8312,29.293438686917902
496,4314.92,86.03,80.58,86.0624,81.7448,29.266367967755265
497,4314.94,85.95,80.535,86.0534,81.65979999999999,29.235018177212453
498,4314.96,85.935,80.49,86.04520000000001,81.57619999999999,29.20140379966794
499,4314.98,85.92,80.405,86.03739999999999,81.4924,29.17320295155707
500,4315.0,85.86500000000001,80.32,86.0284,81.4054,29.139588976500605
501,4315.02,85.81,80.22,86.01799999999999,81.3146,29.095149264743252
502,4315.04,85.82,80.12,86.00880000000001,81.2226,29.062672650903558
503,4315.06,85.83,79.95500000000001,85.9992,81.1268,29.03561034329662
504,4315.08,85.875,79.79,85.99060000000001,81.0288,28.998865381312594
505,4315.1,85.92,79.68,85.9852,80.9308,28.955573391964784
506,4315.12,85.845,79.57,85.9782,80.8334,28.921963839372314
507,4315.14,85.77,79.455,85.9684,80.73639999999999,28.893765622194813
508,4315.16,85.755,79.34,85.95819999999999,80.6354,28.86015649559043
509,4315.18,85.74,79.285,85.9492,80.5328,28.824572348320824
510,4315.2,85.75999999999999,79.23,85.9428,80.4308,28.789000268049616
511,4315.22,85.78,79.14,85.93619999999999,80.328,28.749985955228645
512,4315.24,85.785,79.05,85.92880000000001,80.2266,28.710972243831872
513,4315.26,85.79,78.925,85.92020000000001,80.1252,28.667702672829048
514,4315.28,85.75,78.8,85.9086,80.02199999999999,28.61787461177473
515,4315.3,85.71,78.66,85.89399999999999,79.91640000000001,28.574611186019997
516,4315.32,85.66499999999999,78.52,85.87620000000001,79.81060000000001,28.542166080042733
517,4315.34,85.62,78.365,85.855,79.70400000000001,28.502000947698445
518,4315.36,85.505,78.21,85.8276,79.5982,28.464150781597336
519,4315.38,85.39,78.095,85.79719999999999,79.4948,28.426303499906865
520,4315.4,85.33,77.98,85.76599999999999,79.38879999999999,28.38729813975396
521,4315.42,85.27,77.885,85.73559999999999,79.28099999999999,28.34945511207278
522,4315.44,85.19,77.79,85.7052,79.1712,28.31161499932357
523,4315.46,85.11,77.73,85.67219999999999,79.06080000000001,28.267207700886292
524,4315.48,85.075,77.67,85.6384,78.95139999999999,28.22163634322339
525,4315.5,85.04,77.50999999999999,85.60539999999999,78.839,28.177230291036473
526,4315.52,85.025,77.35,85.574,78.7242,28.133992423396474
527,4315.54,85.01,77.24,85.5416,78.60900000000001,28.090758428430437
528,4315.56,84.95500000000001,77.13,85.50659999999999,78.496,28.046357647556448
529,4315.58,84.9,77.00999999999999,85.4676,78.3848,28.00195799516891
530,4315.6,84.825,76.89,85.42379999999999,78.2732,27.95450282037733
531,4315.62,84.75,76.75999999999999,85.38,78.1608,27.901655658530114
532,4315.64,84.625,76.63,85.3342,78.0478,27.86384418351553
533,4315.66,84.5,76.495,85.28399999999999,77.93400000000001,27.830257018880868
534,4315.68,84.465,76.36,85.23299999999999,77.817,27.791269086714966
535,4315.7,84.43,76.265,85.1798,77.6984,27.746881015322543
536,4315.72,84.35,76.17,85.1226,77.57959999999999,27.697093626807916
537,4315.74,84.27,76.14,85.06200000000001,77.4632,27.647308036922517
538,4315.76,84.16999999999999,76.11,84.99719999999999,77.3506,27.607140043616322
539,4315.78,84.07,76.075,84.93,77.2416,27.568155907040776
540,4315.8,83.96,76.04,84.86,77.1368,27.524958498993193
541,4315.82,83.85,76.005,84.78739999999999,77.0362,27.481765176683844
542,4315.84,83.755,75.97,84.7128,76.9404,27.443974392487764
543,4315.86,83.66,75.88499999999999,84.639,76.8474,27.40499591634818
544,4315.88,83.525,75.8,84.5644,76.7556,27.366018172946777
545,4315.9,83.39,75.67,84.4868,76.6632,27.324029577347673
546,4315.92,83.35499999999999,75.54,84.4102,76.5694,27.275456791947985
547,4315.94,83.32,75.33000000000001,84.3354,76.47099999999999,27.224494605194728
548,4315.96,83.21,75.12,84.2594,76.3666,27.180126222391053
549,4315.98,83.1,75.075,84.18039999999999,76.2628,27.135759111426385
550,4316.0,82.96,75.03,84.09719999999999,76.1636,27.09678901147959
551,4316.02,82.82,75.005,84.009,76.0698,27.06321525301189
552,4316.04,82.69,74.98,83.9162,75.9794,27.029641877341593
553,4316.06,82.56,74.935,83.82039999999999,75.8916,26.990673629453127
554,4316.08,82.50999999999999,74.89,83.7248,75.80680000000001,26.940916300540202
555,4316.1,82.46,74.87,83.6302,75.726,26.892365330860773
556,4316.12,82.335,74.85,83.5336,75.6496,26.865394950766834
557,4316.14,82.21,74.69,83.43700000000001,75.572,26.833032715474342
558,4316.16,82.04499999999999,74.53,83.33879999999999,75.49340000000001,26.788677846599747
559,4316.18,81.88,74.345,83.23539999999998,75.4128,26.744324311659643
560,4316.2,81.845,74.16,83.132,75.3286,26.70118328695153
561,4316.22,81.81,74.08500000000001,83.03039999999999,75.24520000000001,26.656833527087336
562,4316.24,81.655,74.01,82.9258,75.16,26.61909088379333
563,4316.26,81.5,73.945,82.819,75.0734,26.575960577274596
564,4316.28,81.35,73.88,82.71019999999999,74.9856,26.53822521541296
565,4316.3,81.2,73.905,82.5998,74.9002,26.507103387464365
566,4316.32,81.09,73.93,82.48939999999999,74.8172,26.46937613087282
567,4316.34,80.98,73.905,82.3784,74.7346,26.430428808028783
568,4316.36,80.815,73.88,82.26459999999999,74.6544,26.395647992715073
569,4316.38,80.65,73.755,82.14959999999999,74.57260000000001,26.36209025016469
570,4316.4,80.49000000000001,73.63,82.0336,74.491,26.32975743649517
571,4316.42,80.33,73.56,81.9126,74.4118,26.292039049943387
572,4316.44,80.175,73.49,81.7868,74.3382,26.259711798791447
573,4316.46,80.02,73.38,81.6592,74.26859999999999,26.232774404685216
574,4316.48,79.93,73.27,81.53240000000001,74.1964,26.200451896170264
575,4316.5,79.84,73.22999999999999,81.4076,74.1244,26.161513268638615
576,4316.52,79.82,73.19,81.2876,74.0518,26.122575527363555
577,4316.54,79.8,73.205,81.172,73.9808,26.083638676286274
578,4316.56,79.735,73.22,81.059,73.9122,26.050088615914067
579,4316.58,79.67,73.155,80.94539999999999,73.8428,26.023159918366712
580,4316.6,79.52000000000001,73.09,80.82780000000001,73.77159999999999,25.99623305342139
581,4316.62,79.37,72.995,80.7092,73.6974,25.95853850810562
582,4316.64,79.26,72.9,80.5912,73.6258,25.922088469643025
583,4316.66,79.15,72.82,80.4754,73.5574,25.89102974084574
584,4316.68,79.035,72.74,80.3616,73.4932,25.857487025817072
585,4316.7,78.92,72.71000000000001,80.2446,73.43520000000001,25.82519033704629
586,4316.72,78.765,72.68,80.12280000000001,73.37899999999999,25.7953932614227
587,4316.74,78.61,72.64,80.001,73.3242,25.768486295716436
588,4316.76,78.46000000000001,72.6,79.8794,73.2704,25.751092054283784
589,4316.78,78.31,72.58,79.7578,73.2184,25.71880598304791
590,4316.8,78.13499999999999,72.56,79.6352,73.16460000000001,25.681142355905724
591,4316.82,77.96,72.5,79.51,73.1074,25.654242073962486
592,4316.84,77.91,72.44,79.3872,73.04879999999999,25.632723239698553
593,4316.86,77.86,72.37,79.26899999999999,72.9884,25.605826413155555
594,4316.88,77.815,72.3,79.1556,72.9302,25.573552756750846
595,4316.9,77.77,72.25,79.0468,72.875,25.546660182420545
596,4316.92,77.56,72.2,78.93599999999999,72.8206,25.53052558976691
597,4316.94,77.35,72.155,78.82300000000001,72.7672,25.5036361238253
598,4316.96,77.225,72.11,78.7112,72.71640000000001,25.471371331204686
599,4316.98,77.1,72.025,78.598,72.6666,25.449863054344963
600,4317.0,77.03,71.94,78.48559999999999,72.615,25.43373268508991
601,4317.02,76.96,71.92,78.3712,72.5642,25.41349428387312
602,4317.04,76.88499999999999,71.9,78.2546,72.512,25.38788472299935
603,4317.06,76.81,71.845,78.1376,72.457,25.361008562883345
604,4317.08,76.725,71.79,78.01979999999999,72.4024,25.33413439316789
605,4317.1,76.64,71.785,77.90459999999999,72.3502,25.30726222082483
606,4317.12,76.525,71.78,77.7908,72.3016,25.287041908023628
607,4317.14,76.41,71.73,77.6768,72.2548,25.268104855009508
608,4317.16,76.25,71.68,77.5608,72.2092,25.253267531184317
609,4317.18,76.09,71.64,77.443,72.1652,25.231779148233535
610,4317.2,75.955,71.6,77.3244,72.1208,25.211575786507204
611,4317.22,75.82,71.59,77.2066,72.0772,25.196747624485862
612,4317.24,75.735,71.58,77.0916,72.03479999999999,25.175265024001003
613,4317.26,75.65,71.525,76.9792,71.9918,25.15378373792913
614,4317.28,75.56,71.47,76.8692,71.9474,25.1376736509021
615,4317.3,75.47,71.41499999999999,76.7626,71.9016,25.117485174165765
616,4317.32,75.34,71.36,76.6578,71.856,25.09600862478601
617,4317.34,75.21,71.37,76.54979999999999,71.81320000000001,25.07453340398501
618,4317.36,75.16499999999999,71.38,76.442,71.7736,25.05435425753854
619,4317.38,75.12,71.37,76.3342,71.7364,25.03695499258043
620,4317.4,74.97,71.36,76.22219999999999,71.7008,25.02085122030879
621,4317.42,74.82,71.32,76.1126,71.6656,25.00734360936188
622,4317.44,74.61,71.28,76.00299999999999,71.6306,25.00327606322735
623,4317.46,74.4,71.21000000000001,75.89,71.5946,24.99254299622864
624,4317.48,74.305,71.14,75.77820000000001,71.5592,24.97644400392391
625,4317.5,74.21,71.16,75.6654,71.528,24.961648297684714
626,4317.52,74.16499999999999,71.18,75.5536,71.4984,24.94018628229154
627,4317.54,74.12,71.14,75.443,71.468,24.91872562950251
628,4317.56,74.01,71.1,75.33099999999999,71.4382,24.91060927806323
629,4317.58,73.9,71.07499999999999,75.218,71.4096,24.901189627816812
630,4317.6,73.815,71.05,75.105,71.3802,24.891772374748776
631,4317.62,73.73,70.975,74.9932,71.348,24.88903276732013
632,4317.64,73.625,70.9,74.8818,71.31479999999999,24.884983653195505
633,4317.66,73.52,70.885,74.7726,71.28299999999999,24.868897066773332
634,4317.68,73.50999999999999,70.87,74.6694,71.2522,24.85149605937945
635,4317.7,73.5,70.82,74.5712,71.22099999999999,24.840772074402476
636,4317.72,73.455,70.77,74.4766,71.1882,24.8260033445307
637,4317.74,73.41,70.815,74.3836,71.1576,24.805877237955453
638,4317.76,73.31,70.86,74.29,71.131,24.792437301125773
639,4317.78,73.21,70.86500000000001,74.196,71.1068,24.784364423678877
640,4317.8,73.07499999999999,70.87,74.1002,71.085,24.780330395594124
641,4317.82,72.94,70.83500000000001,74.0042,71.06400000000001,24.77900540784592
642,4317.84,72.81,70.8,73.9082,71.0412,24.7776813484004
643,4317.86,72.68,70.83,73.8088,71.0192,24.76828753184953
644,4317.88,72.655,70.86,73.7102,70.9988,24.753537749303618
645,4317.9,72.63,70.755,73.6166,70.9746,24.74950719170184
646,4317.92,72.505,70.65,73.524,70.9478,24.750835868912787
647,4317.94,72.38,70.625,73.43480000000001,70.9216,24.74012072715252
648,4317.96,72.25999999999999,70.6,73.3492,70.8972,24.728076168221165
649,4317.98,72.14,70.565,73.26259999999999,70.8742,24.722718649013984
650,4318.0,72.1,70.53,73.1782,70.84899999999999,24.720022850746595
651,4318.02,72.06,70.515,73.09400000000001,70.8224,24.713310510788812
652,4318.04,72.0,70.5,73.0092,70.7968,24.706610369546883
653,4318.06,71.94,70.53,72.9264,70.774,24.697240597681862
654,4318.08,71.925,70.56,72.8474,70.7534,24.685192137724997
655,4318.1,71.91,70.555,72.7712,70.73360000000001,24.67715983227041
656,4318.12,71.785,70.55,72.6934,70.7166,24.6771598870946
657,4318.14,71.66,70.485,72.6148,70.7,24.67983794557999
658,4318.16,71.58500000000001,70.42,72.53739999999999,70.6814,24.681178398352817
659,4318.18,71.51,70.43,72.45739999999999,70.6638,24.682519780988844
660,4318.2,71.435,70.44,72.37480000000001,70.6486,24.683862092992445
661,4318.22,71.36,70.525,72.291,70.6388,24.679852232012408
662,4318.24,71.34,70.61,72.2082,70.6306,24.67049134755377
663,4318.26,71.32,70.625,72.12859999999999,70.6212,24.670491404099433
664,4318.28,71.3,70.64,72.0522,70.61219999999999,24.67584408980242
665,4318.3,71.28,70.595,71.9804,70.6012,24.67183743743877
666,4318.32,71.2,70.55,71.9108,70.5898,24.662480531413085
667,4318.34,71.12,70.505,71.8432,70.578,24.651777142151772
668,4318.36,71.0,70.46,71.776,70.56320000000001,24.651777197673088
669,4318.38,70.88,70.425,71.705,70.5458,24.663829065642076
670,4318.4,70.815,70.39,71.6324,70.5312,24.67588105998518
671,4318.42,70.75,70.295,71.5622,70.517,24.669180743541077
672,4318.44,70.695,70.2,71.4948,70.5,24.65712909507126
673,4318.46,70.64,70.225,71.43,70.485,24.65578142274575
674,4318.48,70.61500000000001,70.25,71.369,70.4724,24.658441455298803
675,4318.5,70.59,70.425,71.30860000000001,70.4682,24.66379424802994
676,4318.52,70.545,70.6,71.248,70.4716,24.666485803116565
677,4318.54,70.5,70.62,71.188,70.4764,24.669181078381623
678,4318.56,70.435,70.64,71.12780000000001,70.4808,24.674532794373448
679,4318.58,70.37,70.63,71.06559999999999,70.4836,24.681233021756636
680,4318.6,70.33500000000001,70.62,71.0026,70.4862,24.690634584282456
681,4318.62,70.3,70.66499999999999,70.94319999999999,70.4908,24.695985406503524
682,4318.64,70.205,70.71,70.885,70.4998,24.701336321006373
683,4318.66,70.11,70.585,70.82600000000001,70.5064,24.702687632994472
684,4318.68,70.035,70.46,70.767,70.5076,24.702687688210755
685,4318.7,69.96,70.405,70.708,70.50619999999999,24.704039929512863
686,4318.72,69.945,70.35,70.65140000000001,70.4992,24.705393098188477
687,4318.74,69.93,70.38499999999999,70.595,70.4902,24.712096973717426
688,4318.76,69.975,70.42,70.5412,70.482,24.72015659229045
689,4318.78,70.02,70.56,70.49,70.4788,24.726861969569494
690,4318.8,70.005,70.7,70.439,70.483,24.730855554100277
691,4318.82,69.99,70.795,70.39059999999999,70.4928,24.741554830541464
692,4318.84,69.91,70.89,70.3422,70.5082,24.752254477052688
693,4318.86,69.83,70.87,70.2954,70.52459999999999,24.756251207901595
694,4318.88,69.78999999999999,70.85,70.2518,70.5416,24.76295454967147
695,4318.9,69.75,70.755,70.2092,70.5562,24.76430849831788
696,4318.92,69.705,70.66,70.1674,70.5708,24.764308554233896
697,4318.94,69.66,70.615,70.12599999999999,70.5874,24.765663428909892
698,4318.96,69.63499999999999,70.57,70.08579999999999,70.6012,24.767019228707778
699,4318.98,69.61,70.58,70.0456,70.6144,24.777717859828485
700,4319.0,69.63,70.59,70.0072,70.621,24.793766471244588
701,4319.02,69.65,70.71000000000001,69.97139999999999,70.6254,24.805820647932702
702,4319.04,69.5,70.83,69.9314,70.63380000000001,24.817874949737853
703,4319.06,69.35,70.815,69.88799999999999,70.6408,24.829929375453236
704,4319.08,69.32,70.8,69.846,70.6476,24.840628286513056
705,4319.1,69.29,70.8,69.8042,70.6548,24.849973434855087
706,4319.12,69.315,70.8,69.76480000000001,70.66019999999999,24.85667737496054
707,4319.14,69.34,70.74000000000001,69.7302,70.6614,24.863381746749212
708,4319.16,69.37,70.68,69.7006,70.6652,24.880785529178755
709,4319.18,69.4,70.725,69.67519999999999,70.6758,24.898189314102897
710,4319.2,69.38,70.77,69.652,70.6904,24.903538984670128
711,4319.22,69.36,70.785,69.62859999999999,70.70779999999999,24.91024365275406
712,4319.24,69.32,70.8,69.60419999999999,70.7244,24.91694874982809
713,4319.26,69.28,70.795,69.57639999999999,70.73939999999999,24.923654277610055
714,4319.28,69.23,70.79,69.5448,70.7486,24.935709144494574
715,4319.3,69.18,70.75,69.5118,70.75059999999999,24.94640729723494
716,4319.32,69.17,70.71,69.479,70.7472,24.951756540061297
717,4319.34,69.16,70.72999999999999,69.449,70.7408,24.95846213139845
718,4319.36,69.19999999999999,70.75,69.4238,70.736,24.977223223284064
719,4319.38,69.24,70.74000000000001,69.4018,70.7316,24.99598532480826
720,4319.4,69.21000000000001,70.73,69.3802,70.73060000000001,25.002692658948224
721,4319.42,69.18,70.845,69.3592,70.738,25.00804098674423
722,4319.44,69.15,70.96,69.3388,70.7518,25.006682528284024
723,4319.46,69.12,70.91499999999999,69.3182,70.7656,25.010673930719307
724,4319.48,69.07,70.87,69.2966,70.7772,25.03207068327009
725,4319.5,69.02,70.80000000000001,69.2722,70.78559999999999,25.03742014227235
726,4319.52,69.0,70.73,69.2462,70.7864,25.037420198768395
727,4319.54,68.98,70.72,69.2254,70.782,25.053469014636175
728,4319.56,69.015,70.71,69.212,70.7778,25.07622253234016
729,4319.58,69.05,70.785,69.2012,70.77720000000001,25.096336789350836
730,4319.6,69.1,70.86,69.1936,70.7796,25.103042433974707
731,4319.62,69.15,70.87,69.187,70.78240000000001,25.111030095087504
732,4319.64,69.035,70.88,69.17479999999999,70.788,25.125726808267125
733,4319.66,68.92,70.82499999999999,69.1568,70.7938,25.13778020021394
734,4319.68,68.875,70.77,69.1358,70.7956,25.149833716382076
735,4319.7,68.83,70.875,69.1138,70.79979999999999,25.160534194811024
736,4319.72,68.93,70.98,69.0966,70.80760000000001,25.165884598316772
737,4319.74,69.03,71.025,69.085,70.8166,25.17658562220274
738,4319.76,69.03,71.07,69.075,70.8276,25.19263780751228
739,4319.78,69.03,70.995,69.06700000000001,70.8358,25.20333973505091
740,4319.8,68.95,70.92,69.0578,70.8426,25.214042024650343
741,4319.82,68.87,70.89500000000001,69.0458,70.85,25.226094393455917
742,4319.84,68.75,70.87,69.02940000000001,70.85560000000001,25.23814688600682
743,4319.86,68.63,70.875,69.00659999999999,70.8606,25.2488491132657
744,4319.88,68.725,70.88,68.986,70.86619999999999,25.266252632790227
745,4319.9,68.82,70.905,68.9704,70.8732,25.283656154792514
746,4319.92,68.87,70.93,68.958,70.8766,25.290357604306838
747,4319.94,68.92,70.92500000000001,68.9488,70.87519999999999,25.302410276876927
748,4319.96,69.0,70.92,68.944,70.8754,25.317113584531434
749,4319.98,69.08,70.92,68.9444,70.87740000000001,25.32781661643295
750,4320.0,68.965,70.92,68.9422,70.8822,25.34121799724061
751,4320.02,68.85,70.95,68.9362,70.891,25.353270389278027
752,4320.04,68.78,70.98,68.9282,70.90140000000001,25.370673926056426
753,4320.06,68.71,71.025,68.916,70.914,25.39207896290996
754,4320.08,68.79499999999999,71.07,68.9058,70.9254,25.400086698443538
755,4320.1,68.88,71.055,68.89699999999999,70.9332,25.404092934341232
756,4320.12,68.895,71.04,68.8868,70.94,25.413453688709065
757,4320.14,68.91,71.04,68.8818,70.9464,25.422816833706918
758,4320.16,68.925,71.04,68.882,70.955,25.43352399799709
759,4320.18,68.94,71.0,68.8846,70.9642,25.44958537852324
760,4320.2,68.985,70.96,68.8908,70.9676,25.4616345477409
761,4320.22,69.03,70.96,68.89479999999999,70.9668,25.462976627744126
762,4320.24,69.045,70.96,68.8954,70.9642,25.466988506303625
763,4320.26,69.06,70.94,68.89659999999999,70.959,25.483050628546504
764,4320.28,69.00999999999999,70.92,68.8958,70.956,25.501794546223014
765,4320.3,68.96,70.945,68.8962,70.957,25.512502488747362
766,4320.32,68.965,70.97,68.9,70.96,25.517856620989253
767,4320.34,68.97,70.965,68.90879999999999,70.9638,25.529905536614688
768,4320.36,68.99000000000001,70.96,68.9232,70.96719999999999,25.549983030042135
769,4320.38,69.01,70.985,68.9346,70.9714,25.564709835603427
770,4320.4,69.0,71.01,68.9418,70.9756,25.576757465031136
771,4320.42,68.99,71.07,68.9466,70.9812,25.592823163608816
772,4320.44,68.93,71.13,68.947,70.9894,25.60621985635433
773,4320.46,68.87,71.13,68.9418,70.9978,25.616932415181886
774,4320.48,68.875,71.13,68.93360000000001,71.00619999999999,25.628978652420855
775,4320.5,68.88,71.07,68.9302,71.0122,25.643715300519847
776,4320.52,68.895,71.01,68.932,71.0146,25.65712542104325
777,4320.54,68.91,71.01,68.9372,71.0158,25.66651240001387
778,4320.56,68.88499999999999,71.01,68.9442,71.0152,25.678556561541406
779,4320.58,68.86,70.95500000000001,68.9468,71.0106,25.689272646604746
780,4320.6,68.875,70.9,68.9466,71.00439999999999,25.699989073735196
781,4320.62,68.89,70.9,68.9464,70.9988,25.71070584386754
782,4320.64,69.0,70.9,68.95,70.9932,25.712089281353133
783,4320.66,69.11,70.96000000000001,68.95739999999999,70.99,25.713482511102473
784,4320.68,69.06,71.02,68.9622,70.9908,25.724203271988873
785,4320.7,69.01,71.07499999999999,68.9632,70.9954,25.740285020822512
786,4320.72,68.985,71.13,68.9614,71.00219999999999,25.753732247770024
787,4320.74,68.96,71.16,68.958,71.0102,25.761824844858115
788,4320.76,69.055,71.19,68.9578,71.0202,25.767187150818717
789,4320.78,69.15,71.185,68.96340000000001,71.0308,25.77791195724788
790,4320.8,69.065,71.18,68.9676,71.0402,25.78863709833715
791,4320.82,68.98,71.12,68.9682,71.0462,25.795313041312784
792,4320.84,68.96000000000001,71.06,68.96780000000001,71.05,25.810088381266624
793,4320.86,68.94,71.03,68.9658,71.0528,25.823557198487194
794,4320.88,68.96000000000001,71.0,68.96379999999999,71.0534,25.834284925987454
795,4320.9,68.98,71.035,68.963,71.0544,25.845012984653124
796,4320.92,69.01,71.07,68.9638,71.0544,25.853127710299425
797,4320.94,69.04,71.10499999999999,68.96820000000001,71.0534,25.867917829265725
798,4320.96,69.1,71.14,68.9774,71.0538,25.878648668517886
799,4320.98,69.16,71.14500000000001,68.9888,71.0544,25.882711257129152
800,4321.0,69.175,71.15,69.0006,71.05760000000001,25.888077178605254
801,4321.02,69.19,71.195,69.01240000000001,71.065,25.900111384758176
802,4321.04,69.215,71.24,69.0246,71.0742,25.91490784999996
803,4321.06,69.24,71.19,69.0388,71.0814,25.92304171975553
804,4321.08,69.22999999999999,71.14,69.0536,71.0888,25.928408832577365
805,4321.1,69.22,71.075,69.0674,71.0958,25.939143246518977
806,4321.12,69.19,71.01,69.07939999999999,71.1002,25.95524544806417
807,4321.14,69.16,71.015,69.0858,71.10480000000001,25.967277568771024
808,4321.16,69.08500000000001,71.02,69.0848,71.1072,25.979309828785894
809,4321.18,69.01,71.06,69.08279999999999,71.1088,25.99541212111997
810,4321.2,69.08000000000001,71.1,69.0856,71.10979999999999,26.007630871776907
811,4321.22,69.15,71.14,69.0922,71.11019999999999,26.014493559673785
812,4321.24,69.20500000000001,71.18,69.102,71.111,26.014493614083744
813,4321.26,69.26,71.165,69.11019999999999,71.11,26.01041510945678
814,4321.28,69.135,71.15,69.10960000000001,71.10860000000001,26.019863298437482
815,4321.3,69.01,71.095,69.10740000000001,71.1052,26.04134246066529
816,4321.32,68.985,71.04,69.1076,71.102,26.057452683527476
817,4321.34,68.96,71.065,69.1076,71.1022,26.07099077931276
818,4321.36,69.035,71.09,69.11139999999999,71.1046,26.087104020182785
819,4321.38,69.11,71.08500000000001,69.1174,71.108,26.097846593616513
820,4321.4,69.2,71.08,69.12620000000001,71.1098,26.10321802540501
821,4321.42,69.29,71.055,69.1374,71.1092,26.108589536720586
822,4321.44,69.28,71.03,69.14699999999999,71.1062,26.111396056078345
823,4321.46,69.27,71.1,69.1538,71.1046,26.115487306638205
824,4321.48,69.24,71.17,69.157,71.10560000000001,26.127512824102645
825,4321.5,69.21,71.17500000000001,69.1584,71.1066,26.143630246340507
826,4321.52,69.16499999999999,71.18,69.1574,71.10600000000001,26.158469532663872
827,4321.54,69.12,71.12,69.1536,71.1012,26.169215882959584
828,4321.56,69.11500000000001,71.06,69.1486,71.096,26.181240334825407
829,4321.58,69.11,71.03999999999999,69.1438,71.09200000000001,26.193264933251516
830,4321.6,69.22,71.02,69.1438,71.08980000000001,26.19736015245733
831,4321.62,69.33,71.1,69.1494,71.0934,26.19608320156442
832,4321.64,69.265,71.18,69.15360000000001,71.1,26.200181048157816
833,4321.66,69.2,71.21000000000001,69.1582,71.1076,26.21913055974421
834,4321.68,69.19,71.24,69.1654,71.1148,26.235255321068855
835,4321.7,69.18,71.25999999999999,69.16940000000001,71.1212,26.247277311262053
836,4321.72,69.18,71.28,69.17060000000001,71.1268,26.26340244513977
837,4321.74,69.18,71.215,69.1696,71.12819999999999,26.274152936015216
838,4321.76,69.23,71.15,69.1684,71.1276,26.280799389621826
839,4321.78,69.28,71.14,69.1742,71.12719999999999,26.282071388025873
840,4321.8,69.265,71.13,69.1844,71.1286,26.288718898174736
841,4321.82,69.25,71.125,69.195,71.132,26.306115971504454
842,4321.84,69.295,71.12,69.2084,71.1342,26.315593312589268
843,4321.86,69.34,71.095,69.2206,71.1344,26.319697449467125
844,4321.88,69.305,71.07,69.22840000000001,71.13380000000001,26.329178824763567
845,4321.9,69.27,71.08,69.2312,71.13380000000001,26.34403867274174
846,4321.92,69.29499999999999,71.09,69.23140000000001,71.1352,26.35605889512967
847,4321.94,69.32,71.18,69.233,71.1412,26.363972160883947
848,4321.96,69.3,71.27,69.2342,71.148,26.374723850648323
849,4321.98,69.28,71.245,69.2358,71.15100000000001,26.388317523176084
850,4322.0,69.195,71.22,69.23519999999999,71.1528,26.403182721358338
851,4322.02,69.11,71.185,69.233,71.153,26.41267345113787
852,4322.04,69.14500000000001,71.15,69.23400000000001,71.1542,26.41805107427743
853,4322.06,69.18,71.11500000000001,69.23660000000001,71.15639999999999,26.424691981769254
854,4322.08,69.19,71.08,69.2398,71.158,26.442087967804756
855,4322.1,69.2,71.12,69.23899999999999,71.16199999999999,26.464861370258422
856,4322.12,69.225,71.16,69.2348,71.1644,26.474353805844597
857,4322.14,69.25,71.155,69.2342,71.1634,26.479731743224885
858,4322.16,69.28,71.15,69.23740000000001,71.161,26.48510975598775
859,4322.18,69.31,71.14,69.2422,71.157,26.489226837903157
860,4322.2,69.355,71.13,69.2492,71.15180000000001,26.495866007240643
861,4322.22,69.4,71.145,69.258,71.1464,26.497127684045314
862,4322.24,69.475,71.16,69.2698,71.1442,26.50376790727903
863,4322.26,69.55,71.10499999999999,69.2826,71.1424,26.526541496316614
864,4322.28,69.44999999999999,71.05,69.2894,71.1388,26.54267515215902
865,4322.3,69.35,71.045,69.2928,71.1354,26.542675204494987
866,4322.32,69.335,71.04,69.2962,71.132,26.552170552610104
867,4322.34,69.32,71.03,69.29719999999999,71.1284,26.572425820187135
868,4322.36,69.32,71.02,69.2964,71.1254,26.5819263571446
869,4322.38,69.32,70.97999999999999,69.297,71.1218,26.586049373441092
870,4322.4,69.255,70.94,69.29639999999999,71.11619999999999,26.59806482016547
871,4322.42,69.19,70.985,69.2922,71.112,26.605958390668608
872,4322.44,69.215,71.03,69.288,71.10600000000001,26.605958443807534
873,4322.46,69.24,71.035,69.28559999999999,71.0966,26.62083958708326
874,4322.48,69.35499999999999,71.04,69.2886,71.0884,26.638234663639338
875,4322.5,69.47,71.065,69.2996,71.0822,26.639491456944594
876,4322.52,69.505,71.09,69.3154,71.0784,26.63949150877042
877,4322.54,69.54,71.075,69.3312,71.0754,26.6502503509715
878,4322.56,69.475,71.06,69.34299999999999,71.0732,26.662266086090114
879,4322.58,69.41,71.03,69.3518,71.0712,26.668902751053754
880,4322.6,69.425,71.0,69.3608,71.0664,26.67840461254507
881,4322.62,69.44,71.00999999999999,69.3694,71.0604,26.694543752927487
882,4322.64,69.5,71.02,69.37939999999999,71.055,26.707815312823723
883,4322.66,69.56,71.03,69.39059999999999,71.05019999999999,26.715709561706717
884,4322.68,69.525,71.04,69.39920000000001,71.0462,26.72108866707929
885,4322.7,69.49,71.02000000000001,69.4046,71.0418,26.72521056175786
886,4322.72,69.47999999999999,71.0,69.4078,71.036,26.74260571890984
887,4322.74,69.47,70.97,69.40759999999999,71.0284,26.772016737990164
888,4322.76,69.38499999999999,70.94,69.401,71.0218,26.794791221616173
889,4322.78,69.3,70.91499999999999,69.395,71.0164,26.801428061870617
890,4322.8,69.285,70.89,69.3924,71.0102,26.80142811475517
891,4322.82,69.27,70.905,69.3898,71.0048,26.805550106179286
892,4322.84,69.28,70.92,69.3882,71.0004,26.809673540627408
893,4322.86,69.29,70.93,69.38699999999999,70.99680000000001,26.813798416772975
894,4322.88,69.285,70.94,69.3856,70.99520000000001,26.831193284855555
895,4322.9,69.28,70.925,69.3866,70.9946,26.849843361091853
896,4322.92,69.405,70.91,69.39519999999999,70.9916,26.84697715916576
897,4322.94,69.53,70.91499999999999,69.40780000000001,70.987,26.842856340542355
898,4322.96,69.49000000000001,70.92,69.4178,70.9824,26.85773580456996
899,4322.98,69.45,70.945,69.4216,70.9786,26.87799815404309
900,4323.0,69.405,70.97,69.419,70.9748,26.89413820002616
901,4323.02,69.36,70.93,69.4132,70.9684,26.904898613854026
902,4323.04,69.465,70.89,69.41019999999999,70.961,26.898264653307717
903,4323.06,69.57,70.845,69.414,70.9524,26.887503989374917
904,4323.08,69.525,70.8,69.4186,70.94319999999999,26.900773213381658
905,4323.1,69.48,70.85499999999999,69.4208,70.9374,26.916913383081503
906,4323.12,69.495,70.91,69.423,70.93339999999999,26.919787168778644
907,4323.14,69.51,70.875,69.4234,70.9276,26.93054881225244
908,4323.16,69.5,70.84,69.421,70.92,26.94381519678833
909,4323.18,69.49,70.80000000000001,69.4196,70.9104,26.95170318861566
910,4323.2,69.52,70.76,69.4208,70.9,26.959593692324507
911,4323.22,69.55,70.78,69.42360000000001,70.8912,26.962107513048306
912,4323.24,69.55,70.8,69.4268,70.8844,26.968744679385278
913,4323.26,69.55,70.85,69.4334,70.8808,26.98614002509242
914,4323.28,69.505,70.9,69.4416,70.8802,26.996898120226295
915,4323.3,69.46,70.875,69.4486,70.8796,26.999763607075554
916,4323.32,69.41499999999999,70.85,69.4544,70.8774,27.005143364105685
917,4323.34,69.37,70.845,69.458,70.87440000000001,27.013035888251412
918,4323.36,69.405,70.84,69.4626,70.8708,27.02917420783126
919,4323.38,69.44,70.88,69.4688,70.86840000000001,27.044057907840546
920,4323.4,69.47,70.92,69.4764,70.8682,27.048183827305618
921,4323.42,69.5,70.88499999999999,69.48020000000001,70.8672,27.05356423788592
922,4323.44,69.565,70.85,69.4816,70.8646,27.061452921293245
923,4323.46,69.63,70.835,69.4872,70.8612,27.06934410597806
924,4323.48,69.56,70.82,69.4916,70.8562,27.081359737081293
925,4323.5,69.49,70.84,69.495,70.851,27.090862962574306
926,4323.52,69.505,70.86,69.5008,70.84819999999999,27.0937342509315
927,4323.54,69.52,70.86500000000001,69.503,70.84719999999999,27.104495256841677
928,4323.56,69.56,70.87,69.5026,70.84819999999999,27.11776319501929
929,4323.58,69.6,70.9,69.5056,70.8522,27.12027331079067
930,4323.6,69.64,70.93,69.512,70.8552,27.122786844397766
931,4323.62,69.68,70.855,69.51939999999999,70.85300000000001,27.13480296498933
932,4323.64,69.72,70.78,69.5278,70.8492,27.1443043305552
933,4323.66,69.76,70.78,69.5382,70.8468,27.149683909862393
934,4323.68,69.74000000000001,70.78,69.5482,70.846,27.15506356238857
935,4323.7,69.72,70.75999999999999,69.5562,70.846,27.15918786242287
936,4323.72,69.71000000000001,70.74,69.5626,70.84440000000001,27.16456790818961
937,4323.74,69.7,70.71000000000001,69.5686,70.8408,27.16582313802062
938,4323.76,69.575,70.68,69.5696,70.834,27.173715421269858
939,4323.78,69.45,70.745,69.56739999999999,70.82780000000001,27.1857313198176
940,4323.8,69.495,70.81,69.5688,70.82520000000001,27.189853920664913
941,4323.82,69.54,70.755,69.5738,70.8214,27.193977942965326
942,4323.84,69.565,70.7,69.5816,70.81559999999999,27.200613318337716
943,4323.86,69.59,70.705,69.589,70.81020000000001,27.208505968185012
944,4323.88,69.535,70.71,69.5928,70.8034,27.216401101859848
945,4323.9,69.48,70.76499999999999,69.5932,70.7972,27.22178006101377
946,4323.92,69.595,70.82,69.597,70.7946,27.224644334567376
947,4323.94,69.71,70.79499999999999,69.6028,70.7924,27.230023934536064
948,4323.96,69.74,70.77,69.6072,70.7898,27.237917372709216
949,4323.98,69.77,70.78,69.6156,70.7882,27.245813292896983
950,4324.0,69.785,70.79,69.62740000000001,70.7862,27.252451479188863
951,4324.02,69.8,70.795,69.6392,70.7836,27.257830128273255
952,4324.04,69.815,70.8,69.65100000000001,70.78099999999999,27.25657106858403
953,4324.06,69.83,70.83,69.6618,70.7794,27.259434857465056
954,4324.08,69.75,70.86,69.6678,70.7778,27.273063287252953
955,4324.1,69.67,70.795,69.66900000000001,70.7724,27.278443536836587
956,4324.12,69.67500000000001,70.73,69.6688,70.7674,27.278443589275557
957,4324.14,69.68,70.695,69.66720000000001,70.76400000000001,27.283823911918063
958,4324.16,69.655,70.66,69.663,70.75919999999999,27.295838452013044
959,4324.18,69.63,70.615,69.65859999999999,70.75259999999999,27.306599051571865
960,4324.2,69.69,70.57,69.6574,70.745,27.307853193769084
961,4324.22,69.75,70.59,69.65899999999999,70.73899999999999,27.307853247425058
962,4324.24,69.74000000000001,70.61,69.6606,70.73499999999999,27.318613640487154
963,4324.26,69.73,70.64500000000001,69.66680000000001,70.7336,27.331883068785416
964,4324.28,69.755,70.68,69.679,70.731,27.33977469481104
965,4324.3,69.78,70.685,69.69040000000001,70.726,27.347668794976563
966,4324.32,69.745,70.69,69.6986,70.7234,27.35304793176944
967,4324.34,69.71,70.675,69.7044,70.7224,27.35591358859411
968,4324.36,69.71,70.66,69.7092,70.72059999999999,27.36129336342323
969,4324.38,69.71,70.66,69.7162,70.71860000000001,27.36918577553868
970,4324.4,69.685,70.66,69.7244,70.7144,27.374565201572693
971,4324.42,69.66,70.6,69.727,70.7056,27.373308795749626
972,4324.44,69.65,70.54,69.7246,70.6954,27.373308848563127
973,4324.46,69.64,70.59,69.72059999999999,70.6882,27.37205328947702
974,4324.48,69.64500000000001,70.64,69.71560000000001,70.68260000000001,27.369544658334938
975,4324.5,69.65,70.66499999999999,69.7102,70.6776,27.37492514233458
976,4324.52,69.65,70.69,69.7042,70.6734,27.39357362964741
977,4324.54,69.65,70.69,69.69760000000001,70.669,27.415095011271088
978,4324.56,69.69,70.69,69.692,70.6634,27.423352395546825
979,4324.58,69.73,70.71000000000001,69.6912,70.6574,27.42085206679048
980,4324.6,69.76,70.73,69.6948,70.6548,27.410089062153464
981,4324.62,69.79,70.715,69.6994,70.6542,27.40720954729956
982,4324.64,69.79,70.7,69.7038,70.6544,27.425856371295097
983,4324.66,69.79,70.66,69.7092,70.65440000000001,27.447379468205753
984,4324.68,69.805,70.62,69.71620000000001,70.6546,27.447379522311813
985,4324.7,69.82,70.61,69.7214,70.65620000000001,27.43787056989416
986,4324.72,69.755,70.6,69.7216,70.6566,27.44199876008404
987,4324.74,69.69,70.625,69.7196,70.6572,27.452760620910013
988,4324.76,69.735,70.65,69.71979999999999,70.65740000000001,27.460645882374315
989,4324.78,69.78,70.635,69.72080000000001,70.6556,27.460645935779464
990,4324.8,69.81,70.62,69.72200000000001,70.653,27.456890957490106
991,4324.82,69.84,70.62,69.72579999999999,70.6502,27.461022594511466
992,4324.84,69.82,70.62,69.73020000000001,70.648,27.46890413112748
993,4324.86,69.8,70.65,69.7338,70.6476,27.474285408504862
994,4324.88,69.705,70.68,69.73360000000001,70.6484,27.478416903848203
995,4324.9,69.61,70.67500000000001,69.7306,70.649,27.482549802705545
996,4324.92,69.64,70.67,69.72980000000001,70.65180000000001,27.48668410578889
997,4324.94,69.67,70.685,69.73060000000001,70.6576,27.490819811805835
998,4324.96,69.735,70.7,69.7344,70.662,27.494956919730743
999,4324.98,69.8,70.66499999999999,69.7406,70.663,27.501585099667622
1000,4325.0,69.78999999999999,70.63,69.7462,70.66159999999999,27.509460405388968
1001,4325.02,69.78,70.59,69.7514,70.6576,27.514842737762283
1002,4325.04,69.75999999999999,70.55,69.75580000000001,70.652,27.52849944439374
1003,4325.06,69.74,70.535,69.7578,70.6458,27.550032111086598
1004,4325.08,69.785,70.52,69.76,70.6382,27.552520826376927
1005,4325.1,69.83,70.53999999999999,69.7628,70.6306,27.547138108079672
1006,4325.12,69.795,70.56,69.763,70.62440000000001,27.563286688426885
1007,4325.14,69.76,70.53999999999999,69.7618,70.618,27.574052776767186
1008,4325.16,69.76,70.52,69.7606,70.6124,27.571566109863063
1009,4325.18,69.76,70.52,69.7588,70.6084,27.57570791794229
1010,4325.2,69.765,70.52,69.75659999999999,70.6048,27.58109189157355
1011,4325.22,69.77,70.535,69.7572,70.6022,27.581091944216308
1012,4325.24,69.715,70.55,69.7582,70.5992,27.582333607694206
1013,4325.26,69.66,70.62,69.7552,70.598,27.593101227670083
1014,4325.28,69.695,70.69,69.75179999999999,70.6002,27.602628482702176
1015,4325.3,69.73,70.72,69.7486,70.6042,27.60801280523382
1016,4325.32,69.755,70.75,69.74520000000001,70.6094,27.614637356580968
1017,4325.34,69.78,70.68,69.7436,70.6118,27.614637409578236
1018,4325.36,69.825,70.61,69.7446,70.61019999999999,27.613397301769734
1019,4325.38,69.87,70.575,69.7512,70.606,27.62416624038343
1020,4325.4,69.83000000000001,70.54,69.76,70.6006,27.630790276447176
1021,4325.42,69.79,70.5,69.766,70.59379999999999,27.625406022876806
1022,4325.44,69.785,70.46,69.7706,70.5848,27.62292756170605
1023,4325.46,69.78,70.495,69.7724,70.5766,27.620452462888473
1024,4325.48,69.78999999999999,70.53,69.772,70.5712,27.631223124883558
1025,4325.5,69.8,70.545,69.7724,70.56779999999999,27.64737961135762
1026,4325.52,69.78,70.56,69.7724,70.5666,27.6527652801382
1027,4325.54,69.76,70.6,69.7724,70.5686,27.6635367717238
1028,4325.56,69.88,70.64,69.778,70.5728,27.661068886622733
1029,4325.58,70.0,70.625,69.78659999999999,70.57700000000001,27.65029653854812
1030,4325.6,69.965,70.61,69.792,70.57979999999999,27.65276549120302
1031,4325.62,69.93,70.61,69.7974,70.5818,27.65815122780419
1032,4325.64,69.86500000000001,70.61,69.8016,70.5846,27.6635370339397
1033,4325.66,69.8,70.6,69.8032,70.5878,27.674308801041953
1034,4325.68,69.755,70.59,69.803,70.59060000000001,27.694620157423316
1035,4325.7,69.71,70.62,69.8008,70.5946,27.70416159490516
1036,4325.72,69.735,70.65,69.79939999999999,70.5992,27.70416164659718
1037,4325.74,69.76,70.635,69.80120000000001,70.6026,27.704161697946542
1038,4325.76,69.785,70.62,69.8062,70.6026,27.70416174998123
1039,4325.78,69.81,70.63,69.8108,70.6002,27.71201227615884
1040,4325.8,69.845,70.64,69.8154,70.597,27.717398767944374
1041,4325.82,69.88,70.64500000000001,69.8204,70.59280000000001,27.725709719779648
1042,4325.84,69.87,70.65,69.824,70.5916,27.736484088304394
1043,4325.86,69.86,70.64500000000001,69.8254,70.593,27.736484139250777
1044,4325.88,69.86500000000001,70.64,69.82520000000001,70.5956,27.736484190882532
1045,4325.9,69.87,70.63499999999999,69.8268,70.5994,27.741871503075213
1046,4325.92,69.82,70.63,69.82799999999999,70.6046,27.741871554748993
1047,4325.94,69.77,70.61,69.8274,70.6106,27.74971921235861
1048,4325.96,69.78,70.59,69.82740000000001,70.61439999999999,27.762955840037705
1049,4325.98,69.79,70.595,69.8274,70.617,27.76295589157745
1050,4326.0,69.87,70.6,69.83019999999999,70.6192,27.760493273479348
1051,4326.02,69.95,70.57,69.837,70.6196,27.763421535047303
1052,4326.04,69.945,70.54,69.8444,70.6172,27.768809186288966
1053,4326.06,69.94,70.57,69.8468,70.61439999999999,27.77542543325794
1054,4326.08,69.94999999999999,70.6,69.8448,70.6134,27.780812982968772
1055,4326.1,69.96,70.645,69.8446,70.6148,27.784972548220903
1056,4326.12,69.94999999999999,70.69,69.84539999999998,70.618,27.790360470897884
1057,4326.14,69.94,70.675,69.8484,70.6206,27.80113646806751
1058,4326.16,69.91,70.66,69.8528,70.623,27.811912736003745
1059,4326.18,69.88,70.74,69.8578,70.62899999999999,27.81191278749539
1060,4326.2,69.87,70.82,69.8642,70.637,27.810686813437055
1061,4326.22,69.86,70.85,69.8692,70.645,27.817301099956023
1062,4326.24,69.82,70.88,69.8716,70.6548,27.823915814856925
1063,4326.26,69.78,70.805,69.87140000000001,70.6622,27.833466235187455
1064,4326.28,69.755,70.73,69.8692,70.6662,27.84424331210919
1065,4326.3,69.73,70.78,69.8646,70.6718,27.844243363883795
1066,4326.32,69.78,70.83,69.86059999999999,70.6792,27.84718413136253
1067,4326.34,69.83,70.775,69.859,70.6842,27.85551894809423
1068,4326.36,69.86,70.72,69.859,70.6872,27.860908759957333
1069,4326.38,69.89,70.78,69.86,70.69279999999999,27.871688533907534
1070,4326.4,69.97,70.84,69.86399999999999,70.701,27.87707854774001
1071,4326.42,70.05,70.9,69.87320000000001,70.7118,27.87168863821937
1072,4326.44,69.97999999999999,70.96,69.88159999999999,70.72579999999999,27.871688689302665
1073,4326.46,69.91,70.9,69.8868,70.73819999999999,27.879520422561338
1074,4326.48,69.86,70.84,69.88959999999999,70.748,27.887354615833946
1075,4326.5,69.81,70.855,69.8872,70.7582,27.89813303536776
1076,4326.52,69.83,70.87,69.8824,70.77019999999999,27.906469024852917
1077,4326.54,69.85,70.96000000000001,69.87859999999999,70.78699999999999,27.909420073102677
1078,4326.56,69.89,71.05,69.8766,70.8062,27.91481055095073
1079,4326.58,69.93,71.095,69.8758,70.826,27.925591656497534
1080,4326.6,69.95500000000001,71.14,69.87559999999999,70.8458,27.935156005986112
1081,4326.62,69.98,71.13,69.8768,70.8634,27.9405470497945
1082,4326.64,69.935,71.12,69.8766,70.88119999999999,27.94715471166228
1083,4326.66,69.89,71.065,69.8758,70.8974,27.954980785806086
1084,4326.68,69.9,71.01,69.8766,70.9082,27.962809314913464
1085,4326.7,69.91,71.095,69.87819999999999,70.9192,27.973589601187747
1086,4326.72,69.925,71.18,69.8808,70.9324,27.984370152229708
1087,4326.74,69.94,71.17,69.8856,70.944,27.98976055295347
1088,4326.76,70.03,71.16,69.8956,70.95819999999999,27.984370256383087
1089,4326.78,70.12,71.225,69.9102,70.97800000000001,27.992199627332024
1090,4326.8,69.99000000000001,71.29,69.92060000000001,70.9984,28.019150072398983
1091,4326.82,69.86,71.34,69.9238,71.0188,28.03288593746007
1092,4326.84,69.91,71.39,69.92699999999999,71.0434,28.032885988932545
1093,4326.86,69.96,71.42,69.931,71.0714,28.03827698518733
1094,4326.88,69.94999999999999,71.45,69.9334,71.09819999999999,28.049059123171947
1095,4326.9,69.94,71.445,69.93220000000001,71.12240000000001,28.056883663178944
1096,4326.92,69.88499999999999,71.44,69.92559999999999,71.14399999999999,28.06349213784095
1097,4326.94,69.83,71.46000000000001,69.9196,71.164,28.074273400609407
1098,4326.96,69.86500000000001,71.48,69.9178,71.1872,28.086272503350582
1099,4326.98,69.9,71.515,69.91940000000001,71.2142,28.102444560094572
1100,4327.0,69.95500000000001,71.55,69.92519999999999,71.242,28.117401032961446
1101,4327.02,70.01,71.565,69.9324,71.2698,28.124008258045727
1102,4327.04,70.015,71.58,69.93900000000001,71.2946,28.131833275854255
1103,4327.06,70.02,71.64,69.9442,71.3182,28.14261471846766
1104,4327.08,70.015,71.7,69.94760000000001,71.3424,28.152179990930158
1105,4327.1,70.01,71.735,69.94980000000001,71.36619999999999,28.169569448150714
1106,4327.12,69.95500000000001,71.77,69.9488,71.3918,28.185743062647166
1107,4327.14,69.9,71.79499999999999,69.9474,71.4188,28.188705648461912
1108,4327.16,69.92500000000001,71.82,69.9488,71.44900000000001,28.19409754797408
1109,4327.18,69.95,71.87,69.95080000000002,71.4834,28.207308883655305
1110,4327.2,70.03,71.92,69.9556,71.5164,28.21513074407415
1111,4327.22,70.11,71.91,69.96300000000001,71.54560000000001,28.22712911034062
1112,4327.24,70.06,71.9,69.96780000000001,71.5748,28.244518611243663
1113,4327.26,70.01,71.94,69.96700000000001,71.60600000000001,28.249909706556174
1114,4327.28,70.01,71.98,69.96260000000001,71.6362,28.25530086688952
1115,4327.3,70.01,72.035,69.96340000000001,71.666,28.27390681851604
1116,4327.32,70.05000000000001,72.09,69.971,71.696,28.279297777569028
1117,4327.34,70.09,72.15,69.9782,71.7264,28.27929783022445
1118,4327.36,70.095,72.21,69.9836,71.758,28.292513972773303
1119,4327.38,70.1,72.225,69.98960000000001,71.789,28.309903715493924
1120,4327.4,70.1,72.24,69.99600000000001,71.8208,28.331466571158195
1121,4327.42,70.1,72.25999999999999,70.0046,71.8536,28.351814744564724
1122,4327.44,70.055,72.28,70.01360000000001,71.88640000000001,28.367989060432134
1123,4327.46,70.01,72.325,70.0194,71.92020000000001,28.391984747269287
1124,4327.48,69.995,72.37,70.0232,71.95439999999999,28.415981060920476
1125,4327.5,69.98,72.42,70.02420000000001,71.9892,28.426763473422252
1126,4327.52,70.015,72.47,70.0244,72.0254,28.43093984783958
1127,4327.54,70.05,72.485,70.0258,72.0616,28.437546198418975
1128,4327.56,70.1,72.5,70.02900000000001,72.09599999999999,28.449544213736406
1129,4327.58,70.15,72.52000000000001,70.03439999999999,72.1288,28.466933590668944
1130,4327.6,70.14500000000001,72.54,70.0398,72.161,28.48553914206593
1131,4327.62,70.14,72.535,70.0472,72.1916,28.501712403974597
1132,4327.64,70.13499999999999,72.53,70.0566,72.22099999999999,28.507103656677465
1133,4327.66,70.13,72.62,70.0648,72.253,28.513710795830033
1134,4327.68,70.16,72.71,70.0732,72.28659999999999,28.531100287135608
1135,4327.7,70.19,72.805,70.0796,72.322,28.555097486462323
1136,4327.72,70.245,72.9,70.085,72.3616,28.576661378327564
1137,4327.74,70.3,72.905,70.0946,72.40180000000001,28.59283498963007
1138,4327.76,70.255,72.91,70.1044,72.4406,28.611440356612572
1139,4327.78,70.21,72.925,70.1124,72.47840000000001,28.627613754443058
1140,4327.8,70.16,72.94,70.11840000000001,72.5146,28.641359301577587
1141,4327.82,70.11,72.97,70.1208,72.54979999999999,28.65632291665867
1142,4327.84,70.13499999999999,73.0,70.1226,72.5838,28.66831951838507
1143,4327.86,70.16,73.025,70.1252,72.6164,28.680316276393974
1144,4327.88,70.175,73.05,70.12819999999999,72.6494,28.69649286419363
1145,4327.9,70.19,73.095,70.1318,72.6836,28.720486196335795
1146,4327.92,70.225,73.14,70.13680000000001,72.7188,28.733696529717257
1147,4327.94,70.26,73.245,70.145,72.7574,28.743267254907547
1148,4327.96,70.26,73.35,70.155,72.7984,28.770228619007764
1149,4327.98,70.26,73.38,70.1656,72.8388,28.794221488817744
1150,4328.0,70.315,73.41,70.179,72.8784,28.806218185217812
1151,4328.02,70.37,73.44999999999999,70.19319999999999,72.9176,28.822394894189436
1152,4328.04,70.315,73.49,70.2038,72.95779999999999,28.845176002455347
1153,4328.06,70.26,73.46000000000001,70.2102,72.9962,28.86916912305341
1154,4328.08,70.305,73.43,70.21640000000001,73.0326,28.88237910246684
1155,4328.1,70.35,73.555,70.2246,73.0732,28.89316291869178
1156,4328.12,70.35499999999999,73.68,70.2332,73.119,28.91230846014018
1157,4328.14,70.36,73.725,70.2422,73.16680000000001,28.93387962042938
1158,4328.16,70.38499999999999,73.77,70.2524,73.2128,28.956660984732043
1159,4328.18,70.41,73.845,70.2624,73.2582,28.978233264498336
1160,4328.2,70.485,73.92,70.27420000000001,73.3028,28.994413149027256
1161,4328.22,70.56,73.92500000000001,70.2868,73.3438,29.01598719003948
1162,4328.24,70.565,73.93,70.2974,73.3848,29.03337524396759
1163,4328.26,70.57,73.935,70.31,73.4258,29.04536980013435
1164,4328.28,70.59,73.94,70.3252,73.4664,29.066944303796692
1165,4328.3,70.61,73.955,70.3432,73.507,29.08972602264769
1166,4328.32,70.66499999999999,73.97,70.3654,73.54700000000001,29.108321139334016
1167,4328.34,70.72,74.08,70.3888,73.59020000000001,29.13231061163318
1168,4328.36,70.77,74.19,70.4132,73.63680000000001,29.14969884743811
1169,4328.38,70.82,74.245,70.439,73.6846,29.159278036404363
1170,4328.4,70.775,74.3,70.4624,73.7328,29.17964722487788
1171,4328.42,70.73,74.38,70.4826,73.7824,29.209028766962977
1172,4328.44,70.78999999999999,74.46,70.5038,73.831,29.234223835703233
1173,4328.46,70.85,74.49,70.5274,73.8766,29.255798538766275
1174,4328.48,70.85,74.52,70.551,73.9222,29.26957008791652
1175,4328.5,70.85,74.625,70.5724,73.9708,29.291148305120554
1176,4328.52,70.765,74.73,70.5882,74.022,29.32592316415175
1177,4328.54,70.68,74.735,70.6028,74.0718,29.347502076272317
1178,4328.56,70.725,74.74,70.62140000000001,74.123,29.369081973205105
1179,4328.58,70.77,74.755,70.64,74.176,29.40385633553254
1180,4328.6,70.785,74.77,70.6574,74.2246,29.42663858310599
1181,4328.62,70.8,74.845,70.67519999999999,74.2712,29.44282402018167
1182,4328.64,70.905,74.92,70.697,74.319,29.464405441493646
1183,4328.66,71.01,74.995,70.722,74.368,29.487187871787913
1184,4328.68,71.08000000000001,75.07,70.7488,74.417,29.504574828131364
1185,4328.7,71.15,75.095,70.7754,74.464,29.52495789295653
1186,4328.72,71.135,75.12,70.7984,74.5118,29.55193828160525
1187,4328.74,71.12,75.20500000000001,70.8206,74.5628,29.581315168377085
1188,4328.76,71.13,75.29,70.843,74.617,29.605296432675868
1189,4328.78,71.14,75.355,70.865,74.67360000000001,29.622683148777735
1190,4328.8,71.17,75.42,70.8874,74.73219999999999,29.64546573248698
1191,4328.82,71.2,75.4,70.9088,74.7894,29.674843374357014
1192,4328.84,71.19,75.38,70.9276,74.84140000000001,29.696426886242566
1193,4328.86,71.18,75.5,70.944,74.8938,29.71801136534359
1194,4328.88,71.15,75.62,70.9572,74.9488,29.751586718729662
1195,4328.9,71.12,75.66,70.97099999999999,75.0032,29.78277052547797
1196,4328.92,71.215,75.7,70.9904,75.056,29.79896169302766
1197,4328.94,71.31,75.81,71.0112,75.11,29.822939595866465
1198,4328.96,71.33500000000001,75.92,71.0306,75.1672,29.849925067247785
1199,4328.98,71.36,75.97,71.05099999999999,75.2252,29.87032165042057
1200,4329.0,71.39500000000001,76.02,71.0728,75.28099999999999,29.89850268076688
1201,4329.02,71.43,76.07499999999999,71.0994,75.3348,29.927876108944183
1202,4329.04,71.405,76.13,71.1284,75.3906,29.950659382951432
1203,4329.06,71.38,76.205,71.1546,75.4492,29.976457329099137
1204,4329.08,71.405,76.28,71.18,75.5102,30.010037297029736
1205,4329.1,71.43,76.33,71.20580000000001,75.5726,30.045998607621232
1206,4329.12,71.505,76.38,71.23400000000001,75.634,30.06878202540169
1207,4329.14,71.58,76.41999999999999,71.26100000000001,75.694,30.0849764673786
1208,4329.16,71.60499999999999,76.46,71.28479999999999,75.75259999999999,30.106569862116555
1209,4329.18,71.63,76.52,71.30680000000001,75.8106,30.13475194155825
1210,4329.2,71.63499999999999,76.58,71.3262,75.87,30.169522073908542
1211,4329.22,71.64,76.60499999999999,71.34639999999999,75.9294,30.204292299537556
1212,4329.24,71.64,76.63,71.3672,75.98639999999999,30.225886358434774
1213,4329.26,71.64,76.705,71.3876,76.04299999999999,30.245106379416054
1214,4329.28,71.66499999999999,76.78,71.4086,76.1,30.27210353646638
1215,4329.3,71.69,76.89500000000001,71.4294,76.15899999999999,30.305686800880554
1216,4329.32,71.71000000000001,77.01,71.4498,76.2234,30.344670252237144
1217,4329.34,71.73,77.045,71.47139999999999,76.28999999999999,30.379438633694356
1218,4329.36,71.775,77.08,71.49520000000001,76.3532,30.408807397191175
1219,4329.38,71.82,77.16499999999999,71.52199999999999,76.415,30.443576049101836
1220,4329.4,71.82499999999999,77.25,71.5502,76.4786,30.47057488950584
1221,4329.42,71.83,77.325,71.5748,76.5436,30.489809351797394
1222,4329.44,71.845,77.4,71.5962,76.60719999999999,30.521033308061362
1223,4329.46,71.86,77.465,71.6172,76.669,30.56002142961268
1224,4329.48,71.795,77.53,71.6346,76.73140000000001,30.594787974180225
1225,4329.5,71.73,77.59,71.648,76.7942,30.62955462062933
1226,4329.52,71.78999999999999,77.65,71.66239999999999,76.8572,30.658920331634846
1227,4329.54,71.85,77.695,71.6802,76.9198,30.68170480575192
1228,4329.56,71.93,77.74,71.70219999999999,76.9812,30.704489287313415
1229,4329.58,72.01,77.78999999999999,71.7264,77.0416,30.732674867287667
1230,4329.6,72.055,77.84,71.75139999999999,77.102,30.76930601157949
1231,4329.62,72.1,77.92,71.7752,77.1636,30.812521648188838
1232,4329.64,72.14,78.0,71.7976,77.2268,30.84728700932057
1233,4329.66,72.18,78.12,71.8206,77.29320000000001,30.880876183514555
1234,4329.68,72.2,78.24,71.8434,77.36200000000001,30.91986804240762
1235,4329.7,72.22,78.33500000000001,71.8668,77.4322,30.958860515406172
1236,4329.72,72.215,78.43,71.88980000000001,77.5052,30.990104207980025
1237,4329.74,72.21,78.44,71.9126,77.5776,31.015949460293438
1238,4329.76,72.185,78.45,71.9344,77.6474,31.04413842789099
1239,4329.78,72.16,78.49000000000001,71.9542,77.7158,31.078901708386713
1240,4329.8,72.155,78.53,71.9728,77.7812,31.1190686564858
1241,4329.82,72.15,78.575,71.9904,77.8438,31.15806502060798
1242,4329.84,72.19,78.62,72.00880000000001,77.9068,31.18932005823132
1243,4329.86,72.23,78.69,72.027,77.9712,31.219414327247485
1244,4329.88,72.25,78.76,72.0442,78.035,31.250681599486672
1245,4329.9,72.27,78.85,72.062,78.09899999999999,31.288521894635068
1246,4329.92,72.25,78.94,72.0788,78.1636,31.33833830853071
1247,4329.94,72.23,78.905,72.0942,78.2238,31.378504148774564
1248,4329.96,72.33000000000001,78.87,72.113,78.28,31.407857764946826
1249,4329.98,72.43,78.96000000000001,72.1384,78.3372,31.45226852820377
1250,4330.0,72.445,79.05,72.167,78.3956,31.494361763416467
1251,4330.02,72.46,79.145,72.1938,78.4554,31.525647349534232
1252,4330.04,72.52,79.24,72.22059999999999,78.5172,31.55924873607273
1253,4330.06,72.58,79.3,72.2466,78.5796,31.5916950804764
1254,4330.08,72.50999999999999,79.36,72.26660000000001,78.6424,31.62183729586903
1255,4330.1,72.44,79.405,72.282,78.705,31.65854819316144
1256,4330.12,72.42,79.45,72.2948,78.7662,31.69986321954811
1257,4330.14,72.4,79.49000000000001,72.3052,78.8258,31.74658793205192
1258,4330.16,72.51,79.53,72.3184,78.8822,31.78756098330797
1259,4330.18,72.62,79.62,72.3352,78.9374,31.817725933386637
1260,4330.2,72.64,79.71,72.352,78.9924,31.857889722872365
1261,4330.22,72.66,79.79499999999999,72.3698,79.04700000000001,31.914284364083446
1262,4330.24,72.62,79.88,72.3862,79.1046,31.962979693406503
1263,4330.26,72.58,79.925,72.402,79.1636,31.995445565920807
1264,4330.28,72.62,79.97,72.4204,79.22279999999999,32.02905516822637
1265,4330.3,72.66,80.035,72.44059999999999,79.283,32.066935112667274
1266,4330.32,72.675,80.1,72.4616,79.344,32.102539871446204
1267,4330.34,72.69,80.09,72.4816,79.4028,32.144703959829684
1268,4330.36,72.755,80.08,72.5026,79.4584,32.18914367127455
1269,4330.38,72.82,80.125,72.5254,79.513,32.23245037510312
1270,4330.4,72.805,80.17,72.5468,79.5658,32.27576026526997
1271,4330.42,72.79,80.185,72.5684,79.6156,32.31592181862817
1272,4330.44,72.805,80.2,72.59140000000001,79.6674,32.35382035240734
1273,4330.46,72.82,80.36,72.611,79.727,32.39487879739517
1274,4330.48,72.91499999999999,80.52,72.6304,79.7894,32.43820051952921
1275,4330.5,73.01,80.66,72.653,79.8538,32.48694118582064
1276,4330.52,72.985,80.8,72.674,79.92,32.52802469894311
1277,4330.54,72.96,80.8,72.6916,79.9824,32.56370283166009
1278,4330.56,73.055,80.8,72.7106,80.0424,32.60704293604062
1279,4330.58,73.15,80.785,72.7362,80.0994,32.64720180815424
1280,4330.6,73.2,80.77,72.76660000000001,80.154,32.67540780105467
1281,4330.62,73.25,80.785,72.7998,80.20739999999999,32.71221728761086
1282,4330.64,73.19,80.8,72.83139999999999,80.2598,32.76098335861057
1283,4330.66,73.13,80.84,72.8562,80.31219999999999,32.80433419856102
1284,4330.68,73.185,80.88,72.8788,80.3626,32.84768805191197
1285,4330.7,73.24,80.935,72.9028,80.41159999999999,32.897574209550385
1286,4330.72,73.25999999999999,80.99,72.9268,80.4594,32.947461577947855
1287,4330.74,73.28,81.13499999999999,72.9532,80.5096,32.996242515393526
1288,4330.76,73.37,81.28,72.9848,80.5638,33.026554294018524
1289,4330.78,73.46,81.355,73.0184,80.6192,33.056874935164146
1290,4330.8,73.455,81.43,73.0502,80.675,33.105671122348
1291,4330.82,73.45,81.47,73.0812,80.7298,33.15557037537387
1292,4330.84,73.445,81.51,73.1114,80.78659999999999,33.20327458275989
1293,4330.86,73.44,81.58000000000001,73.1388,80.8466,33.25098639411652
1294,4330.88,73.395,81.65,73.1618,80.9076,33.30089271716587
1295,4330.9,73.35,81.64500000000001,73.1836,80.96660000000001,33.34428323659235
1296,4330.92,73.39,81.64,73.2076,81.0248,33.38116113874653
1297,4330.94,73.43,81.655,73.23259999999999,81.083,33.42346939652629
1298,4330.96,73.53,81.67,73.26100000000001,81.1354,33.46144559956798
1299,4330.98,73.63,81.745,73.28960000000001,81.18440000000001,33.50051053216337
1300,4331.0,73.72,81.82,73.318,81.2308,33.53740448551505
1301,4331.02,73.81,81.865,73.351,81.2734,33.57322104213138
1302,4331.04,73.775,81.91,73.3836,81.31779999999999,33.61555461037979
1303,4331.06,73.74,81.97,73.411,81.3646,33.663322099760954
1304,4331.08,73.785,82.03,73.43639999999999,81.4144,33.717601068625775
1305,4331.1,73.83,82.025,73.4616,81.4646,33.77188432719795
1306,4331.12,73.84,82.02,73.48519999999999,81.514,33.81967029639977
1307,4331.14,73.85,82.055,73.5116,81.5642,33.86203387861823
1308,4331.16,73.865,82.09,73.541,81.6142,33.89897351838697
1309,4331.18,73.88,82.155,73.5688,81.6652,33.93591831055569
1310,4331.2,73.96000000000001,82.22,73.5976,81.7166,33.97829925235348
1311,4331.22,74.04,82.3,73.6288,81.76899999999999,34.02718030937021
1312,4331.24,73.98500000000001,82.38,73.657,81.8188,34.07063296338395
1313,4331.26,73.93,82.445,73.6794,81.8654,34.118460751892876
1314,4331.28,73.885,82.51,73.6964,81.91159999999999,34.17610494501033
1315,4331.3,73.84,82.515,73.7118,81.955,34.22289660616101
1316,4331.32,73.9,82.52,73.7298,81.99700000000001,34.266368088054996
1317,4331.34,73.96,82.50999999999999,73.7504,82.03699999999999,34.31527658234375
1318,4331.36,74.055,82.5,73.775,82.07379999999999,34.35770491617395
1319,4331.38,74.15,82.50999999999999,73.8052,82.1082,34.39909322830305
1320,4331.4,74.275,82.52,73.8422,82.1432,34.43505590393078
1321,4331.42,74.4,82.55,73.8826,82.1796,34.472068736002754
1322,4331.44,74.385,82.58,73.92080000000001,82.2166,34.52643709769982
1323,4331.46,74.37,82.61500000000001,73.9544,82.2544,34.58080936720839
1324,4331.48,74.44,82.65,73.9868,82.2906,34.617835837962716
1325,4331.5,74.51,82.69,74.0184,82.32539999999999,34.654867168641765
1326,4331.52,74.515,82.73,74.04660000000001,82.36,34.703813338040106
1327,4331.54,74.52,82.78999999999999,74.0764,82.3952,34.764672035350166
1328,4331.56,74.64,82.85,74.1124,82.4304,34.812593704524424
1329,4331.58,74.76,82.89,74.15140000000001,82.4648,34.84861485672807
1330,4331.6,74.70500000000001,82.93,74.1864,82.501,34.892135964850645
1331,4331.62,74.65,82.97,74.2188,82.539,34.93565948389528
1332,4331.64,74.65,83.01,74.25080000000001,82.57719999999999,34.9825814153823
1333,4331.66,74.65,83.025,74.28220000000002,82.6146,35.0295147955923
1334,4331.68,74.64500000000001,83.04,74.31280000000001,82.65,35.072033768515325
1335,4331.7,74.64,82.995,74.34,82.681,35.120001113030774
1336,4331.72,74.685,82.95,74.3658,82.70700000000001,35.163544989032616
1337,4331.74,74.73,83.07,74.3956,82.73459999999999,35.20709120072697
1338,4331.76,74.83500000000001,83.19,74.43180000000001,82.76440000000001,35.24861870571787
1339,4331.78,74.94,83.22,74.474,82.7928,35.28471160638491
1340,4331.8,74.97,83.25,74.5192,82.8222,35.33371434350115
1341,4331.82,75.0,83.21000000000001,74.56320000000001,82.8498,35.38816522110235
1342,4331.84,75.05,83.17,74.6068,82.87619999999998,35.429723383973034
1343,4331.86,75.1,83.17,74.6486,82.90299999999999,35.46584499332842
1344,4331.88,75.155,83.17,74.68880000000001,82.9294,35.508419520255735
1345,4331.9,75.21,83.21000000000001,74.7262,82.95700000000001,35.557442561421844
1346,4331.92,75.215,83.25,74.75880000000001,82.985,35.602016288285434
1347,4331.94,75.22,83.33,74.79220000000001,83.015,35.64559570746198
1348,4331.96,75.28,83.41,74.82860000000001,83.0468,35.688184459511035
1349,4331.98,75.34,83.445,74.8646,83.07860000000001,35.729788165243264
1350,4332.0,75.46000000000001,83.48,74.9026,83.1102,35.771401555569604
1351,4332.02,75.58,83.47,74.9452,83.1398,35.809546417744656
1352,4332.04,75.55,83.46,74.98639999999999,83.1666,35.848678645663895
1353,4332.06,75.52,83.49,75.0216,83.1922,35.893260667694065
1354,4332.08,75.57499999999999,83.52,75.0542,83.2174,35.93784312044618
1355,4332.1,75.63,83.515,75.0912,83.2408,35.981441899014605
1356,4332.12,75.675,83.51,75.1322,83.2624,36.0230789816855
1357,4332.14,75.72,83.5,75.175,83.28200000000001,36.064725593089904
1358,4332.16,75.69,83.49,75.2166,83.30059999999999,36.10638170015983
1359,4332.18,75.66,83.53999999999999,75.2572,83.3206,36.14902136113252
1360,4332.2,75.655,83.59,75.2978,83.34440000000001,36.19263904738574
1361,4332.22,75.65,83.63,75.3364,83.3716,36.23528707921602
1362,4332.24,75.71000000000001,83.67,75.3756,83.3956,36.27794018747502
1363,4332.26,75.77,83.7,75.413,83.416,36.32059835615766
1364,4332.28,75.83,83.73,75.4486,83.43639999999999,36.36422784998451
1365,4332.3,75.89,83.755,75.4854,83.4566,36.408825176582944
1366,4332.32,75.995,83.78,75.5252,83.4794,36.44700345328119
1367,4332.34,76.1,83.81,75.5672,83.505,36.48518329424954
1368,4332.36,76.175,83.84,75.6102,83.5318,36.51887366684544
1369,4332.38,76.25,83.825,75.654,83.558,36.55160077139735
1370,4332.4,76.22,83.81,75.6944,83.58200000000001,36.59331624444702
1371,4332.42,76.19,83.825,75.7334,83.605,36.63599935947055
1372,4332.44,76.18,83.84,75.7718,83.62540000000001,36.67868741467068
1373,4332.46,76.17,83.86,75.8074,83.6434,36.725882008356585
1374,4332.48,76.13,83.88,75.839,83.6608,36.77403896291375
1375,4332.5,76.09,83.89,75.8642,83.67720000000001,36.81769530880806
1376,4332.52,76.17,83.9,75.88780000000001,83.6944,36.8623041611893
1377,4332.54,76.25,83.9,75.9158,83.712,36.906913368480964
1378,4332.56,76.345,83.9,75.94879999999999,83.72840000000001,36.946065472107314
1379,4332.58,76.44,83.95500000000001,75.9834,83.7458,36.985217751812435
1380,4332.6,76.465,84.01,76.0168,83.76559999999999,37.017963438481864
1381,4332.62,76.49,84.055,76.04939999999999,83.78739999999999,37.055220539683205
1382,4332.64,76.55,84.1,76.0826,83.81139999999999,37.10339857920494
1383,4332.66,76.61,84.04499999999999,76.1194,83.8336,37.147067269611696
1384,4332.68,76.625,83.99,76.158,83.8516,37.184336001182835
1385,4332.7,76.64,83.975,76.1974,83.867,37.22706818365005
1386,4332.72,76.68,83.96,76.23859999999999,83.8802,37.26528493039363
1387,4332.74,76.72,84.01499999999999,76.279,83.89399999999999,37.29804330242977
1388,4332.76,76.75,84.07,76.31819999999999,83.90879999999999,37.34266108380833
1389,4332.78,76.78,84.07,76.3562,83.9224,37.392739216262385
1390,4332.8,76.81,84.07,76.393,83.935,37.43642048929833
1391,4332.82,76.84,84.08,76.4268,83.94699999999999,37.47464314552537
1392,4332.84,76.855,84.09,76.457,83.95819999999999,37.507406568916494
1393,4332.86,76.87,84.16499999999999,76.48479999999999,83.97120000000001,37.54563187932193
1394,4332.88,76.975,84.24,76.5138,83.98780000000001,37.59025313471621
1395,4332.9,77.08,84.245,76.5482,84.0052,37.629413677552655
1396,4332.92,77.13,84.25,76.5858,84.0222,37.66124801765252
1397,4332.94,77.18,84.265,76.6258,84.0392,37.69947804624817
1398,4332.96,77.12,84.28,76.6638,84.056,37.74410152581554
1399,4332.98,77.06,84.275,76.70100000000001,84.0718,37.78686623100999
1400,4333.0,77.02000000000001,84.27,76.73819999999999,84.087,37.829635540856536
1401,4333.02,76.98,84.275,76.7706,84.10199999999999,37.86879929015612
1402,4333.04,77.05000000000001,84.28,76.8026,84.1172,37.90250072604531
1403,4333.06,77.12,84.33,76.8336,84.1344,37.940738594302175
1404,4333.08,77.185,84.38,76.8634,84.1514,37.97805329398322
1405,4333.1,77.25,84.37,76.89479999999999,84.1658,38.00990856979517
1406,4333.12,77.285,84.36,76.92660000000001,84.178,38.04907442746454
1407,4333.14,77.32,84.345,76.95739999999999,84.18780000000001,38.094626237449
1408,4333.16,77.365,84.33,76.9876,84.1992,38.13379214459476
1409,4333.18,77.41,84.35499999999999,77.019,84.21379999999999,38.17203639632345
1410,4333.2,77.475,84.38,77.05239999999999,84.23,38.21028200919664
1411,4333.22,77.54,84.39,77.0868,84.24719999999999,38.24852897867116
1412,4333.24,77.54,84.4,77.1196,84.2626,38.28677730114174
1413,4333.26,77.54,84.37,77.1512,84.27459999999999,38.31956265723836
1414,4333.28,77.6,84.34,77.18400000000001,84.28540000000001,38.3532664659796
1415,4333.3,77.66,84.34,77.218,84.29620000000001,38.39335249545973
1416,4333.32,77.675,84.34,77.2514,84.3066,38.43252057364675
1417,4333.34,77.69,84.39,77.28479999999999,84.3186,38.47623610570775
1418,4333.36,77.745,84.44,77.3198,84.32960000000001,38.51995338329854
1419,4333.38,77.8,84.495,77.3528,84.3398,38.55274249497002
1420,4333.4,77.78,84.55,77.3808,84.35199999999999,38.58553258340752
1421,4333.42,77.76,84.515,77.40599999999999,84.3626,38.62470248882079
1422,4333.44,77.765,84.48,77.4294,84.3712,38.66387252674135
1423,4333.46,77.77,84.505,77.4554,84.3802,38.70121729284733
1424,4333.48,77.865,84.53,77.4876,84.39040000000001,38.73765553886131
1425,4333.5,77.96,84.53,77.5252,84.4008,38.77045188019776
1426,4333.52,77.965,84.53,77.5646,84.411,38.79869175160817
1427,4333.54,77.97,84.525,77.6014,84.4208,38.83148908155644
1428,4333.56,77.905,84.52,77.6328,84.4284,38.876127996546
1429,4333.58,77.84,84.52,77.65899999999999,84.434,38.9207671791506
1430,4333.6,77.935,84.52,77.6864,84.44,38.953566472804994
1431,4333.62,78.03,84.57,77.7162,84.4484,38.98089994890508
1432,4333.64,78.065,84.62,77.74600000000001,84.4594,39.00823408326406
1433,4333.66,78.1,84.64500000000001,77.7754,84.47200000000001,39.05197003636909
1434,4333.68,78.215,84.67,77.8076,84.48459999999999,39.09570766303709
1435,4333.7,78.33,84.7,77.8418,84.4974,39.128511990099376
1436,4333.72,78.38,84.73,77.8754,84.51100000000001,39.161317253055515
1437,4333.74,78.43,84.70500000000001,77.911,84.5232,39.19412344977805
1438,4333.76,78.385,84.68,77.9448,84.53559999999999,39.23239851511732
1439,4333.78,78.34,84.725,77.9744,84.551,39.26977566100306
1440,4333.8,78.315,84.77,78.00059999999999,84.56819999999999,39.30168787984588
1441,4333.82,78.29,84.745,78.0252,84.5844,39.33539666937212
1442,4333.84,78.34,84.72,78.05120000000001,84.5976,39.36910549193569
1443,4333.86,78.39,84.765,78.077,84.61059999999999,39.40191754918109
1444,4333.88,78.47999999999999,84.81,78.1042,84.6232,39.434730523187454
1445,4333.9,78.57,84.75999999999999,78.1358,84.63159999999999,39.468439717871505
1446,4333.92,78.61,84.71,78.16980000000001,84.63940000000001,39.50304471921726
1447,4333.94,78.65,84.75,78.20519999999999,84.6502,39.531284992819295
1448,4333.96,78.67500000000001,84.79,78.2414,84.66159999999999,39.55862951914235
1449,4333.98,78.7,84.815,78.2748,84.67299999999999,39.60238205117561
1450,4334.0,78.705,84.84,78.3046,84.68540000000002,39.646136197289565
1451,4334.02,78.71,84.815,78.3344,84.6968,39.67806044581128
1452,4334.04,78.705,84.79,78.3638,84.70739999999999,39.70909719219739
1453,4334.06,78.7,84.86500000000001,78.3956,84.72120000000001,39.74191787998521
1454,4334.08,78.75,84.94,78.432,84.738,39.77562847601919
1455,4334.1,78.8,84.9,78.4666,84.75319999999999,39.80845021838168
1456,4334.12,78.765,84.86,78.49600000000001,84.76480000000001,39.84127285196672
1457,4334.14,78.73,84.935,78.5226,84.7774,39.88045433955736
1458,4334.16,78.85,85.01,78.5526,84.792,39.91963593243241
1459,4334.18,78.97,84.975,78.5828,84.8042,39.95246006551569
1460,4334.2,78.97999999999999,84.94,78.6088,84.81380000000001,39.98528508235661
1461,4334.22,78.99,84.97,78.6332,84.8234,40.01811098145615
1462,4334.24,79.1,85.0,78.66,84.8352,40.045466577862825
1463,4334.26,79.21,85.025,78.693,84.84899999999999,40.07282278417994
1464,4334.28,79.28,85.05,78.73060000000001,84.86200000000001,40.10017959858648
1465,4334.3,79.35,85.035,78.77199999999999,84.8726,40.13300856896087
1466,4334.32,79.28999999999999,85.02,78.812,84.8836,40.17131013004557
1467,4334.34,79.23,85.07499999999999,78.8476,84.8978,40.20502235536852
1468,4334.36,79.305,85.13,78.8842,84.91239999999999,40.23326283934366
1469,4334.38,79.38,85.12,78.92020000000001,84.92479999999999,40.26062196276209
1470,4334.4,79.43,85.11,78.9546,84.93880000000001,40.28798168804373
1471,4334.42,79.48,85.12,78.98939999999999,84.9552,40.32540696361902
1472,4334.44,79.5,85.13,79.0234,84.97040000000001,40.362835676032596
1473,4334.46,79.52,85.16499999999999,79.0572,84.98540000000001,40.39654875634657
1474,4334.48,79.53999999999999,85.2,79.0908,85.0008,40.43026186045811
1475,4334.5,79.56,85.17500000000001,79.125,85.0142,40.45762529010474
1476,4334.52,79.595,85.15,79.1604,85.0276,40.484989313436245
1477,4334.54,79.63,85.14500000000001,79.1974,85.04180000000001,40.51235392798312
1478,4334.56,79.66999999999999,85.14,79.2362,85.0528,40.53971913336852
1479,4334.58,79.71,85.175,79.27459999999999,85.06219999999999,40.567084927701146
1480,4334.6,79.69999999999999,85.21,79.3106,85.07459999999999,40.59445131093023
1481,4334.62,79.69,85.215,79.3476,85.08879999999999,40.627291736647045
1482,4334.64,79.69,85.22,79.38600000000001,85.1002,40.66013300625051
1483,4334.66,79.69,85.245,79.41959999999999,85.10960000000001,40.687501380575306
1484,4334.68,79.705,85.27,79.449,85.1214,40.71487033801765
1485,4334.7,79.72,85.245,79.4786,85.13359999999999,40.754058548179515
1486,4334.72,79.86,85.22,79.51339999999999,85.1436,40.78690233133964
1487,4334.74,80.0,85.285,79.54939999999999,85.155,40.81253453446615
1488,4334.76,80.0,85.35,79.58099999999999,85.16799999999999,40.845381243924585
1489,4334.78,80.0,85.375,79.60979999999999,85.181,40.87362169845449
1490,4334.8,80.045,85.4,79.6376,85.1956,40.89551997521586
1491,4334.82,80.09,85.41,79.6696,85.21119999999999,40.917418619020935
1492,4334.84,80.11,85.42,79.7048,85.225,40.94479242935872
1493,4334.86,80.13,85.41499999999999,79.7378,85.23639999999999,40.97764174765217
1494,4334.88,80.13499999999999,85.41,79.768,85.24799999999999,41.00501681483943
1495,4334.9,80.14,85.465,79.7964,85.26219999999999,41.03700355433492
1496,4334.92,80.16,85.52,79.8236,85.2782,41.07446865511295
1497,4334.94,80.18,85.5,79.85079999999999,85.29299999999999,41.10818463349961
1498,4334.96,80.225,85.48,79.87899999999999,85.3056,41.14103873062688
1499,4334.98,80.27,85.445,79.9082,85.31540000000001,41.16755702866084
1500,4335.0,80.28,85.41,79.937,85.3248,41.18946113327447
1501,4335.02,80.29,85.435,79.9648,85.33619999999999,41.21222542507536
1502,4335.04,80.37,85.46,79.9944,85.3488,41.23498974447699
1503,4335.06,80.45,85.455,80.0256,85.36140000000002,41.26784625627999
1504,4335.08,80.525,85.45,80.0582,85.3724,41.29984498594356
1505,4335.1,80.6,85.53,80.0942,85.3852,41.32636983664746
1506,4335.12,80.6,85.61,80.1306,85.40100000000001,41.349133511819566
1507,4335.14,80.6,85.60499999999999,80.167,85.4164,41.36642065721313
1508,4335.16,80.64,85.6,80.205,85.4306,41.394660943841274
1509,4335.18,80.68,85.535,80.244,85.44120000000001,41.42837778251853
1510,4335.2,80.765,85.47,80.2858,85.45020000000001,41.44942757439055
1511,4335.22,80.85,85.475,80.3254,85.46039999999999,41.47595618079045
1512,4335.24,80.87,85.48,80.3602,85.4682,41.513441511343
1513,4335.26,80.89,85.575,80.3958,85.47720000000001,41.545452563190985
1514,4335.28,80.83,85.67,80.429,85.48900000000002,41.56821524247804
1515,4335.3,80.77,85.705,80.458,85.50120000000001,41.585500512960564
1516,4335.32,80.765,85.74,80.485,85.51439999999998,41.6074104386248
1517,4335.34,80.76,85.75,80.511,85.5276,41.64112812207543
1518,4335.36,80.805,85.76,80.538,85.54140000000001,41.6811759148641
1519,4335.38,80.85,85.74000000000001,80.5666,85.5546,41.71574656440093
1520,4335.4,80.93,85.72,80.59819999999999,85.56480000000002,41.73765625417594
1521,4335.42,81.01,85.66,80.6322,85.5704,41.75323653215361
1522,4335.44,81.055,85.6,80.66720000000001,85.57440000000001,41.76881825197825
1523,4335.46,81.1,85.65,80.7022,85.58120000000001,41.78987940641799
1524,4335.48,81.16,85.7,80.73780000000001,85.5914,41.81264150090332
1525,4335.5,81.22,85.73,80.7754,85.6042,41.841732035940915
1526,4335.52,81.225,85.76,80.8128,85.61720000000001,41.87545001899388
1527,4335.54,81.23,85.75,80.8472,85.62880000000001,41.90283975753608
1528,4335.56,81.275,85.74,80.8802,85.6402,41.92390259464326
1529,4335.58,81.32,85.755,80.91199999999999,85.6524,41.94033730514931
1530,4335.6,81.375,85.77,80.943,85.66199999999999,41.95677220765115
1531,4335.62,81.43,85.77,80.9762,85.6684,41.98331655279567
1532,4335.64,81.44,85.77,81.0098,85.675,42.00986310970287
1533,4335.66,81.45,85.745,81.04220000000001,85.6808,42.03177833639378
1534,4335.68,81.435,85.72,81.0724,85.6882,42.06634302543435
1535,4335.7,81.42,85.745,81.09859999999999,85.6992,42.09542947900025
1536,4335.72,81.405,85.77,81.1208,85.711,42.11271224756711
1537,4335.74,81.39,85.785,81.1416,85.72319999999999,42.13547366526666
1538,4335.76,81.465,85.8,81.16460000000001,85.73219999999999,42.15190948448248
1539,4335.78,81.54,85.81,81.193,85.73780000000001,42.16665365366154
1540,4335.8,81.59,85.82,81.22579999999999,85.7424,42.188569494675406
1541,4335.82,81.64,85.82499999999999,81.2608,85.7458,42.21850041162516
1542,4335.84,81.63,85.83,81.29560000000001,85.749,42.24674036744468
1543,4335.86,81.62,85.805,81.3282,85.7508,42.26317679856616
1544,4335.88,81.65,85.78,81.3602,85.7524,42.281305425190745
1545,4335.9,81.68,85.795,81.39020000000001,85.7554,42.30322032474691
1546,4335.92,81.805,85.81,81.422,85.7614,42.3234453093581
1547,4335.94,81.93,85.78,81.457,85.7686,42.3508409132715
1548,4335.96,81.975,85.75,81.492,85.7726,42.37739385990048
1549,4335.98,82.02,85.75,81.52640000000001,85.7746,42.393832133053095
1550,4336.0,81.955,85.75,81.5558,85.7754,42.412799883721505
1551,4336.02,81.89,85.825,81.58239999999999,85.77799999999999,42.44019607610143
1552,4336.04,81.95,85.9,81.6112,85.78399999999999,42.46590820749036
1553,4336.06,82.01,85.96000000000001,81.64059999999999,85.7928,42.48782683311813
1554,4336.08,82.055,86.02,81.67,85.8034,42.51058693176706
1555,4336.1,82.1,86.015,81.699,85.8132,42.53418889980228
1556,4336.12,82.095,86.01,81.7256,85.8228,42.545990228655924
1557,4336.14,82.09,85.92,81.75160000000001,85.82880000000002,42.5552658637369
1558,4336.16,82.06,85.83,81.77600000000001,85.83220000000001,42.58266476434983
1559,4336.18,82.03,85.815,81.7998,85.836,42.61722511396223
1560,4336.2,82.17,85.8,81.8298,85.8382,42.633664445483866
1561,4336.22,82.31,85.83500000000001,81.866,85.8408,42.638303947611995
1562,4336.24,82.32,85.87,81.9032,85.8442,42.64842431037538
1563,4336.26,82.33,85.93,81.93780000000001,85.8494,42.66950623328716
1564,4336.28,82.315,85.99,81.96880000000002,85.8566,42.69774587463088
1565,4336.3,82.3,85.97999999999999,81.99719999999999,85.863,42.72050527655184
1566,4336.32,82.395,85.97,82.0274,85.86880000000001,42.7407514986415
1567,4336.34,82.49,85.9,82.0618,85.8716,42.7618376356324
1568,4336.36,82.505,85.83,82.09720000000002,85.8726,42.77447165405531
1569,4336.38,82.52,85.86,82.132,85.8758,42.78710714607697
1570,4336.4,82.55,85.89,82.16680000000001,85.87960000000001,42.803548392667224
1571,4336.42,82.58,85.92,82.1978,85.884,42.824633635042574
1572,4336.44,82.555,85.95,82.2228,85.8908,42.85203703521065
1573,4336.46,82.53,85.98,82.245,85.9,42.87479585824931
1574,4336.48,82.55,86.01,82.26619999999998,85.9104,42.89671885060465
1575,4336.5,82.57,86.025,82.2908,85.92139999999999,42.92245406298448
1576,4336.52,82.60499999999999,86.04,82.3194,85.93,42.93889747669418
1577,4336.54,82.64,86.065,82.34700000000001,85.9366,42.94604680792288
1578,4336.56,82.58,86.09,82.3698,85.9418,42.95700881368887
1579,4336.58,82.52,86.065,82.3884,85.9436,42.97893302383656
1580,4336.6,82.63,86.04,82.40960000000001,85.94460000000001,43.008006752974104
1581,4336.62,82.74,86.01,82.43540000000002,85.9446,43.02993084021114
1582,4336.64,82.845,85.98,82.4656,85.94699999999999,43.033744984797
1583,4336.66,82.95,86.025,82.50119999999998,85.95479999999999,43.038393787041194
1584,4336.68,83.00999999999999,86.07,82.54039999999999,85.965,43.05483815033914
1585,4336.7,83.07,86.055,82.57639999999999,85.9752,43.0830774841234
1586,4336.72,83.03999999999999,86.04,82.6056,85.9834,43.11596667619548
1587,4336.74,83.01,86.02000000000001,82.6332,85.9894,43.1324115637168
1588,4336.76,83.03999999999999,86.0,82.66159999999999,85.9922,43.134074757295714
1589,4336.78,83.07,85.995,82.6918,85.99240000000002,43.1395562453218
1590,4336.8,83.065,85.99,82.7224,85.9928,43.15982016919032
1591,4336.82,83.06,86.11,82.749,85.9984,43.18557037566295
1592,4336.84,83.05000000000001,86.23,82.7714,86.01160000000002,43.201188420512146
1593,4336.86,83.04,86.19,82.7928,86.02600000000001,43.21380958659105
1594,4336.88,83.1,86.15,82.816,86.0376,43.231084708253015
1595,4336.9,83.16,86.14,82.8404,86.0476,43.2458743537212
1596,4336.92,83.19,86.13,82.8648,86.056,43.25518513186101
1597,4336.94,83.22,86.115,82.89139999999999,86.0626,43.26615025948116
1598,4336.96,83.215,86.1,82.91879999999999,86.06739999999999,43.28425087961947
1599,4336.98,83.21,86.065,82.94519999999999,86.06960000000001,43.3078349165846
1600,4337.0,83.25,86.03,82.9724,86.0698,43.329764240616065
1601,4337.02,83.29,86.065,82.9998,86.0708,43.350041362813435
1602,4337.04,83.325,86.1,83.0272,86.07220000000001,43.3656643240934
1603,4337.06,83.36,86.125,83.0584,86.0736,43.37114718817983
1604,4337.08,83.38499999999999,86.15,83.09299999999999,86.07699999999998,43.370322778308484
1605,4337.1,83.41,86.14,83.1242,86.081,43.38677171345385
1606,4337.12,83.43,86.13,83.15180000000001,86.0858,43.41418696623373
1607,4337.14,83.45,86.155,83.176,86.09280000000001,43.425153229212114
1608,4337.16,83.485,86.18,83.1974,86.09899999999999,43.425976686202794
1609,4337.18,83.52,86.20500000000001,83.21780000000001,86.10439999999998,43.43611961565394
1610,4337.2,83.595,86.23,83.2388,86.11139999999999,43.458052488356856
1611,4337.22,83.67,86.185,83.264,86.11720000000001,43.4753248362745
1612,4337.24,83.69,86.14,83.2912,86.12200000000001,43.48546904901778
1613,4337.26,83.71,86.185,83.31800000000001,86.1294,43.49643581844929
1614,4337.28,83.69,86.23,83.34279999999998,86.13879999999999,43.50740266540987
1615,4337.3,83.67,86.27000000000001,83.367,86.15,43.51836958886509
1616,4337.32,83.64,86.31,83.39020000000001,86.15799999999999,43.536463329131685
1617,4337.34,83.61,86.235,83.4126,86.1582,43.5600413858525
1618,4337.36,83.57,86.16,83.43379999999999,86.15699999999998,43.57731388685992
1619,4337.38,83.53,86.1,83.45100000000001,86.155,43.587457622164465
1620,4337.4,83.63499999999999,86.04,83.47,86.15099999999998,43.59678109283302
1621,4337.42,83.74,86.11000000000001,83.49199999999999,86.1502,43.606107676362676
1622,4337.44,83.78999999999999,86.18,83.5148,86.15280000000001,43.6099533681473
1623,4337.46,83.84,86.23,83.5398,86.15800000000002,43.62010340551469
1624,4337.48,83.905,86.28,83.5676,86.1666,43.630254482864686
1625,4337.5,83.97,86.25,83.59639999999999,86.17540000000001,43.64122311706058
1626,4337.52,83.97,86.22,83.62360000000001,86.18160000000002,43.6647944364021
1627,4337.54,83.97,86.15,83.6494,86.18359999999998,43.68288257841578
1628,4337.56,83.95,86.08,83.67299999999999,86.18180000000001,43.69303293443312
1629,4337.58,83.93,86.08,83.6948,86.17900000000002,43.70155189611799
1630,4337.6,83.91,86.08,83.7148,86.1766,43.71252102441469
1631,4337.62,83.89,86.16,83.7332,86.1778,43.72979026653876
1632,4337.64,83.97,86.24,83.75399999999999,86.1812,43.7399441563943
1633,4337.66,84.05,86.235,83.7766,86.1834,43.745428865316086
1634,4337.68,84.095,86.23,83.7996,86.18440000000001,43.75802868433911
1635,4337.7,84.14,86.265,83.8214,86.18580000000001,43.78159868659202
1636,4337.72,84.12,86.3,83.83939999999998,86.1904,43.79805195654804
1637,4337.74,84.1,86.33,83.8558,86.198,43.80739016308162
1638,4337.76,84.11,86.36,83.87180000000001,86.205,43.82303008560373
1639,4337.78,84.12,86.33,83.889,86.209,43.8293291190509
1640,4337.8,84.15,86.3,83.9082,86.2102,43.825474555172185
1641,4337.82,84.18,86.28,83.9298,86.209,43.83725939054173
1642,4337.84,84.20500000000001,86.26,83.95360000000001,86.21,43.86386683183343
1643,4337.86,84.23,86.305,83.98,86.2158,43.87869285303592
1644,4337.88,84.28999999999999,86.35,84.0104,86.22579999999999,43.88255212935519
1645,4337.9,84.35,86.37,84.039,86.23900000000002,43.88803732924434
1646,4337.92,84.32499999999999,86.39,84.0624,86.2502,43.8998200125194
1647,4337.94,84.3,86.435,84.0828,86.26039999999999,43.91546347744501
1648,4337.96,84.255,86.48,84.0994,86.2704,43.92481219376042
1649,4337.98,84.21,86.47,84.1116,86.278,43.93029774523798
1650,4338.0,84.27,86.46,84.12360000000001,86.2864,43.942890138304016
1651,4338.02,84.33,86.4,84.138,86.29359999999998,43.95934632470368
1652,4338.04,84.435,86.34,84.1566,86.30120000000001,43.963211319385955
1653,4338.06,84.54,86.295,84.1802,86.3098,43.968697001393146
1654,4338.08,84.535,86.25,84.2044,86.3166,43.98677373332104
1655,4338.1,84.53,86.3,84.2292,86.32539999999999,43.999366264934956
1656,4338.12,84.495,86.35,84.2534,86.33300000000001,44.0040407590609
1657,4338.14,84.46,86.38,84.273,86.33859999999999,44.01887771420498
1658,4338.16,84.46,86.41,84.2894,86.34560000000002,44.04162986012838
1659,4338.18,84.46,86.47,84.304,86.35520000000001,44.053410757421396
1660,4338.2,84.465,86.53,84.31700000000001,86.3658,44.059706321281034
1661,4338.22,84.47,86.545,84.331,86.37559999999999,44.07697320730988
1662,4338.24,84.555,86.56,84.3492,86.38480000000001,44.09261999816652
1663,4338.26,84.64,86.555,84.37039999999999,86.3926,44.10278230509177
1664,4338.28,84.62,86.55,84.39040000000001,86.40140000000001,44.11294563483271
1665,4338.3,84.6,86.565,84.4084,86.41199999999999,44.11762392989487
1666,4338.32,84.64,86.58,84.4268,86.42400000000002,44.12311003056127
1667,4338.34,84.68,86.55,84.4458,86.4356,44.12940363538771
1668,4338.36,84.69,86.52,84.4642,86.4442,44.13488967245888
1669,4338.38,84.7,86.49,84.4806,86.44980000000001,44.150540722977865
1670,4338.4,84.725,86.46,84.4956,86.4534,44.16780610949329
1671,4338.42,84.75,86.43,84.5126,86.455,44.17958554654449
1672,4338.44,84.78999999999999,86.4,84.53220000000002,86.45360000000001,44.18975079763191
1673,4338.46,84.83,86.4,84.5552,86.4504,44.19362501551228
1674,4338.48,84.845,86.4,84.58059999999999,86.44759999999998,44.19201521879718
1675,4338.5,84.86,86.41,84.6042,86.44560000000001,44.1975018765681
1676,4338.52,84.86,86.42,84.62540000000001,86.44640000000001,44.209279551970695
1677,4338.54,84.86,86.37,84.6424,86.44760000000001,44.21557095817711
1678,4338.56,84.86,86.32,84.65520000000001,86.44859999999998,44.2226685116618
1679,4338.58,84.86,86.38499999999999,84.6682,86.454,44.234447315323415
1680,4338.6,84.82,86.45,84.6798,86.46,44.24461393369918
1681,4338.62,84.78,86.46000000000001,84.6912,86.46439999999998,44.25010035721454
1682,4338.64,84.765,86.47,84.7034,86.46800000000002,44.26268501796674
1683,4338.66,84.75,86.465,84.715,86.47019999999999,44.285436430040335
1684,4338.68,84.83,86.46,84.7298,86.46979999999999,44.29560278971045
1685,4338.7,84.91,86.47,84.7476,86.4674,44.29560283340768
1686,4338.72,84.875,86.48,84.7638,86.46480000000001,44.30189524119992
1687,4338.74,84.84,86.475,84.7752,86.4614,44.31286782968235
1688,4338.76,84.83500000000001,86.47,84.78299999999999,86.458,44.32303487079437
1689,4338.78,84.83,86.46000000000001,84.7914,86.45439999999999,44.3285213501395
1690,4338.8,84.83,86.45,84.80059999999999,86.44980000000001,44.330132979248155
1691,4338.82,84.83,86.38,84.8082,86.44179999999999,44.33642578673252
1692,4338.84,84.88,86.31,84.8162,86.43220000000001,44.3465918869838
1693,4338.86,84.93,86.285,84.8258,86.42280000000001,44.35127257389311
1694,4338.88,85.06,86.26,84.84020000000001,86.41359999999999,44.35595402185488
1695,4338.9,85.19,86.325,84.85879999999999,86.4082,44.37160957603352
1696,4338.92,85.16499999999999,86.39,84.87539999999998,86.4066,44.38338702050622
1697,4338.94,85.14,86.39,84.88940000000001,86.40619999999998,44.38419158952751
1698,4338.96,85.18,86.39,84.9034,86.4058,44.38967817028449
1699,4338.98,85.22,86.33500000000001,84.9184,86.40320000000001,44.40145611360003
1700,4339.0,85.16,86.28,84.93039999999999,86.398,44.412429160087825
1701,4339.02,85.1,86.325,84.94,86.3942,44.41791573242839
1702,4339.04,85.13499999999999,86.37,84.95099999999998,86.3942,44.41952634902633
1703,4339.06,85.17,86.41,84.96340000000001,86.3978,44.42581874195595
1704,4339.08,85.15,86.45,84.975,86.4004,44.437597681958614
1705,4339.1,85.13,86.435,84.9874,86.39980000000001,44.443890716527214
1706,4339.12,85.08,86.42,84.99940000000001,86.3982,44.448570195076
1707,4339.14,85.03,86.43,85.01,86.39659999999999,44.45873679087692
1708,4339.16,85.00999999999999,86.44,85.02040000000001,86.39560000000002,44.469709605852174
1709,4339.18,84.99,86.395,85.02680000000001,86.39300000000001,44.47519606214525
1710,4339.2,85.04499999999999,86.35,85.03219999999999,86.3882,44.46890448708784
1711,4339.22,85.1,86.33,85.0412,86.3822,44.463418037203105
1712,4339.24,85.05,86.31,85.0496,86.37559999999999,44.46970978034309
1713,4339.26,85.0,86.28999999999999,85.05619999999999,86.36840000000001,44.486169116939095
1714,4339.28,85.065,86.27,85.06559999999999,86.3608,44.50811513979221
1715,4339.3,85.13,86.3,85.0776,86.3548,44.52457485782878
1716,4339.32,85.185,86.33,85.0918,86.3528,44.53006149649216
1717,4339.34,85.24,86.35499999999999,85.10619999999999,86.35459999999999,44.5300615399114
1718,4339.36,85.205,86.38,85.1172,86.3584,44.53554819599158
1719,4339.38,85.17,86.395,85.1216,86.36380000000001,44.54652151954474
1720,4339.4,85.17500000000001,86.41,85.12100000000001,86.3672,44.55200823035237
1721,4339.42,85.18,86.38499999999999,85.1216,86.367,44.55200827424348
1722,4339.44,85.135,86.36,85.1214,86.3658,44.55669138191663
1723,4339.46,85.09,86.35,85.1178,86.3642,44.56137524703579
1724,4339.48,85.11,86.34,85.1134,86.36439999999999,44.56686220949771
1725,4339.5,85.13,86.37,85.11219999999999,86.368,44.5833231190513
1726,4339.52,85.155,86.4,85.1144,86.37099999999998,44.59429716429995
1727,4339.54,85.18,86.36500000000001,85.1162,86.3708,44.58881019802251
1728,4339.56,85.21000000000001,86.33,85.11779999999999,86.3676,44.588810241108085
1729,4339.58,85.24,86.33500000000001,85.1214,86.363,44.60527136633409
1730,4339.6,85.13,86.34,85.1214,86.3592,44.622534549016024
1731,4339.62,85.02,86.355,85.119,86.35660000000001,44.63431088536788
1732,4339.64,85.065,86.37,85.1204,86.3542,44.63899574634356
1733,4339.66,85.11,86.325,85.12440000000001,86.3496,44.63819419036419
1734,4339.68,85.16499999999999,86.28,85.1314,86.345,44.64448290549052
1735,4339.7,85.22,86.325,85.1384,86.344,44.656258991962645
1736,4339.72,85.22,86.37,85.1432,86.34559999999999,44.6554571921049
1737,4339.74,85.22,86.295,85.15,86.345,44.65465593166964
1738,4339.76,85.205,86.22,85.1582,86.3422,44.66643155013597
1739,4339.78,85.19,86.33,85.1632,86.34460000000001,44.67191875566692
1740,4339.8,85.185,86.44,85.16539999999999,86.3502,44.67580469809484
1741,4339.82,85.18,86.46000000000001,85.1652,86.3554,44.6851808206226
1742,4339.84,85.165,86.48,85.1622,86.36040000000001,44.69535777687883
1743,4339.86,85.15,86.405,85.16,86.36139999999999,44.70164384146467
1744,4339.88,85.24000000000001,86.33,85.1628,86.35879999999999,44.70324202532474
1745,4339.9,85.33,86.31,85.169,86.3548,44.70872955377154
1746,4339.92,85.275,86.29,85.17280000000001,86.351,44.718107066776746
1747,4339.94,85.22,86.25,85.17620000000001,86.34660000000002,44.72279697406515
1748,4339.96,85.18,86.21,85.1798,86.34099999999998,44.72828486598484
1749,4339.98,85.14,86.24,85.181,86.337,44.73846362465917
1750,4340.0,85.095,86.27,85.17960000000001,86.33300000000001,44.74864338414427
1751,4340.02,85.05,86.265,85.17540000000001,86.3276,44.74943972868402
1752,4340.04,85.055,86.26,85.17040000000001,86.3234,44.75023661314632
1753,4340.06,85.06,86.33000000000001,85.1644,86.3234,44.76590397514609
1754,4340.08,85.03999999999999,86.4,85.15639999999999,86.32600000000001,44.78077744318262
1755,4340.1,85.02,86.41,85.152,86.32879999999999,44.79016582541603
1756,4340.12,85.065,86.42,85.1538,86.33139999999999,44.79565443507767
1757,4340.14,85.11,86.38,85.15559999999999,86.3318,44.80273102609337
1758,4340.16,85.175,86.34,85.1582,86.33239999999999,44.80273106914974
1759,4340.18,85.24,86.325,85.1612,86.3342,44.79565456421898
1760,4340.2,85.235,86.31,85.1618,86.3336,44.80504617778842
1761,4340.22,85.23,86.275,85.16220000000001,86.32980000000002,44.819929834268756
1762,4340.24,85.18,86.24,85.16060000000002,86.3276,44.83011757543299
1763,4340.26,85.13,86.28,85.1576,86.33,44.82932771661602
1764,4340.28,85.125,86.32,85.155,86.32959999999999,44.82383848784638
1765,4340.3,85.12,86.335,85.1524,86.32539999999999,44.83639723568227
1766,4340.32,85.125,86.35,85.1502,86.32099999999998,44.852864667064665
1767,4340.34,85.13,86.36,85.1488,86.3162,44.856774500995975
1768,4340.36,85.08500000000001,86.37,85.14620000000001,86.31479999999999,44.85677454288265
1769,4340.38,85.04,86.34,85.1382,86.3152,44.86305328153034
1770,4340.4,85.065,86.31,85.1276,86.3152,44.87324280452975
1771,4340.42,85.09,86.31,85.12020000000001,86.31599999999999,44.87715582381788
1772,4340.44,85.075,86.31,85.1144,86.3184,44.88107139650129
1773,4340.46,85.06,86.32,85.10959999999999,86.3228,44.89047957809089
1774,4340.48,85.045,86.33,85.1058,86.32639999999999,44.90145978435207
1775,4340.5,85.03,86.37,85.1032,86.33040000000001,44.90694993351265
1776,4340.52,85.065,86.41,85.1038,86.3362,44.9061652849843
1777,4340.54,85.1,86.38499999999999,85.1056,86.34119999999999,44.91244014301113
1778,4340.56,85.09,86.36,85.1068,86.3424,44.923420485578575
1779,4340.58,85.08,86.35,85.1084,86.34039999999999,44.92734262492049
1780,4340.6,85.00999999999999,86.34,85.10799999999999,86.33760000000001,44.926559433493686
1781,4340.62,84.94,86.345,85.10300000000001,86.3346,44.93675794965979
1782,4340.64,85.015,86.35,85.0992,86.3334,44.946957452566856
1783,4340.66,85.09,86.365,85.0958,86.3344,44.94773926991014
1784,4340.68,85.13,86.38,85.0914,86.3366,44.95401217387043
1785,4340.7,85.17,86.375,85.0888,86.3392,44.96421133683069
1786,4340.72,85.195,86.37,85.0874,86.34299999999999,44.968139821235084
1787,4340.74,85.22,86.355,85.089,86.3476,44.972070850574575
1788,4340.76,85.195,86.34,85.0916,86.35,44.983053129154335
1789,4340.78,85.17,86.285,85.0934,86.3486,44.98854431395399
1790,4340.8,85.225,86.23,85.0976,86.34440000000001,44.99247850912735
1791,4340.82,85.28,86.24000000000001,85.10379999999999,86.34,44.99641524780944
1792,4340.84,85.21000000000001,86.25,85.10699999999999,86.3356,45.00113042751628
1793,4340.86,85.14,86.21000000000001,85.1092,86.3292,45.01211385636181
1794,4340.88,85.14,86.17,85.11319999999999,86.3224,45.022321831575745
1795,4340.9,85.14,86.265,85.1162,86.32060000000001,45.03175652996069
1796,4340.92,85.08500000000001,86.36,85.116,86.32260000000001,45.04274072567567
1797,4340.94,85.03,86.39500000000001,85.1142,86.32600000000001,45.05372498741902
1798,4340.96,85.025,86.43,85.11280000000001,86.33040000000001,45.057671199085185
1799,4340.98,85.02,86.355,85.1118,86.33140000000002,45.05767123992958
1800,4341.0,85.015,86.28,85.1112,86.32779999999998,45.064709397704696
1801,4341.02,85.01,86.27000000000001,85.109,86.3222,45.06470943763861
1802,4341.04,84.985,86.26,85.1044,86.31720000000001,45.063163701032266
1803,4341.06,84.96,86.30000000000001,85.0992,86.31479999999999,45.079640862226306
1804,4341.08,85.07,86.34,85.09880000000001,86.3144,45.0859055545688
1805,4341.1,85.18,86.36500000000001,85.10560000000001,86.31540000000001,45.08513335126852
1806,4341.12,85.155,86.39,85.1142,86.31720000000001,45.094575749624795
1807,4341.14,85.13,86.37,85.1188,86.318,45.09852825962807
1808,4341.16,85.08500000000001,86.35,85.1186,86.31739999999999,45.10402114751952
1809,4341.18,85.04,86.3,85.115,86.3142,45.11105385130592
1810,4341.2,85.0,86.25,85.1082,86.3092,45.116546584948345
1811,4341.22,84.96,86.255,85.0988,86.30460000000001,45.13225501070544
1812,4341.24,85.04499999999999,86.26,85.0918,86.3008,45.14324077324778
1813,4341.26,85.13,86.28,85.0892,86.2984,45.13697878043023
1814,4341.28,85.13,86.3,85.08760000000001,86.29899999999999,45.13621019169371
1815,4341.3,85.13,86.36,85.0838,86.3042,45.15345779705782
1816,4341.32,85.11,86.42,85.07700000000001,86.3114,45.16521257356844
1817,4341.34,85.09,86.39500000000001,85.0722,86.31720000000001,45.1699369617973
1818,4341.36,85.08500000000001,86.37,85.07,86.3236,45.18092313906149
1819,4341.38,85.08,86.375,85.0676,86.3318,45.18795345245104
1820,4341.4,85.065,86.38,85.06460000000001,86.3364,45.193446415567934
1821,4341.42,85.05,86.37,85.0632,86.3368,45.197402587843236
1822,4341.44,85.06,86.36,85.0644,86.3354,45.20136128736989
1823,4341.46,85.07,86.345,85.06620000000001,86.332,45.211581780458495
1824,4341.48,85.1,86.33,85.0694,86.331,45.22256877729382
1825,4341.5,85.13,86.28999999999999,85.074,86.33140000000002,45.228828293099795
1826,4341.52,85.14,86.25,85.0792,86.33060000000002,45.22486866093675
1827,4341.54,85.15,86.22999999999999,85.0858,86.3294,45.22486870202175
1828,4341.56,85.15,86.21,85.0934,86.3258,45.239815282557494
1829,4341.58,85.15,86.25999999999999,85.0966,86.32260000000001,45.250802254816016
1830,4341.6,85.14,86.31,85.095,86.32039999999999,45.25782840524445
1831,4341.62,85.13,86.33500000000001,85.094,86.31819999999999,45.2688151028213
1832,4341.64,85.13,86.36,85.094,86.3178,45.26728289493435
1833,4341.66,85.13,86.36500000000001,85.0958,86.3184,45.262555362813046
1834,4341.68,85.10499999999999,86.37,85.0984,86.32119999999999,45.26958214906659
1835,4341.7,85.08,86.38,85.1016,86.32639999999999,45.28682919791318
1836,4341.72,85.03,86.39,85.10439999999998,86.3318,45.304076368535235
1837,4341.74,84.98,86.405,85.1018,86.33760000000001,45.30880223873126
1838,4341.76,84.975,86.42,85.09559999999999,86.3432,45.313528844385104
1839,4341.78,84.97,86.38499999999999,85.0892,86.3466,45.32528220900323
1840,4341.8,84.995,86.35,85.0838,86.34620000000001,45.336268923899105
1841,4341.82,85.02,86.275,85.0802,86.34039999999999,45.34099607534149
1842,4341.84,85.03999999999999,86.2,85.0782,86.3326,45.3417623661756
1843,4341.86,85.06,86.225,85.07719999999999,86.3268,45.34878969872379
1844,4341.88,85.155,86.25,85.0802,86.3218,45.35900913313062
1845,4341.9,85.25,86.265,85.08760000000001,86.3172,45.36373609410713
1846,4341.92,85.215,86.28,85.0942,86.31360000000001,45.37076274915501
1847,4341.94,85.18,86.28999999999999,85.09899999999999,86.3108,45.38174935088293
1848,4341.96,85.12,86.3,85.101,86.30900000000001,45.38571008152856
1849,4341.98,85.06,86.345,85.0994,86.30959999999999,45.38571012141822
1850,4342.0,84.96000000000001,86.39,85.0926,86.3136,45.38647620324506
1851,4342.02,84.86,86.405,85.08140000000002,86.3198,45.3864762442397
1852,4342.04,84.955,86.42,85.0736,86.3274,45.39746312813971
1853,4342.06,85.05,86.44,85.0696,86.33660000000002,45.4202030689195
1854,4342.08,85.09,86.46,85.06720000000001,86.34459999999999,45.43195632720009
1855,4342.1,85.13,86.405,85.0668,86.3484,45.42723001563301
1856,4342.12,85.13499999999999,86.35,85.06700000000001,86.34899999999999,45.427997577400646
1857,4342.14,85.14,86.3,85.06739999999999,86.3466,45.44370989208503
1858,4342.16,85.15,86.25,85.06819999999999,86.34200000000001,45.45393001786922
1859,4342.18,85.16,86.265,85.0704,86.3378,45.449203270586665
1860,4342.2,85.12,86.28,85.07199999999999,86.33380000000001,45.44920331017945
1861,4342.22,85.08,86.255,85.074,86.32839999999999,45.46491699894742
1862,4342.24,85.03999999999999,86.23,85.07639999999999,86.3214,45.48139745234837
1863,4342.26,85.0,86.225,85.0774,86.31360000000001,45.48063196008547
1864,4342.28,84.96000000000001,86.22,85.07700000000001,86.307,45.47986699912033
1865,4342.3,84.92,86.27,85.074,86.3038,45.49711287503233
1866,4342.32,84.97,86.32,85.072,86.30560000000001,45.514358872936754
1867,4342.34,85.02,86.305,85.07119999999999,86.3098,45.520617928756806
1868,4342.36,85.08,86.29,85.072,86.3124,45.52215039532371
1869,4342.38,85.14,86.285,85.0714,86.31379999999999,45.52841069137792
1870,4342.4,85.17,86.28,85.06819999999999,86.3144,45.533137168989384
1871,4342.42,85.2,86.28999999999999,85.0676,86.31479999999999,45.533137209791086
1872,4342.44,85.205,86.3,85.0686,86.3152,45.53863061999593
1873,4342.46,85.21,86.32499999999999,85.0722,86.3162,45.548085947018116
1874,4342.48,85.235,86.35,85.0792,86.31639999999999,45.5535795916404
1875,4342.5,85.26,86.31,85.09119999999999,86.3132,45.55511094964156
1876,4342.52,85.24000000000001,86.27,85.1064,86.30779999999999,45.56137078812436
1877,4342.54,85.22,86.31,85.117,86.30339999999998,45.57159138387206
1878,4342.56,85.16499999999999,86.35,85.1216,86.29979999999999,45.58181294322648
1879,4342.58,85.11,86.35,85.1224,86.29540000000001,45.59356549372342
1880,4342.6,85.13499999999999,86.35,85.1226,86.2932,45.59982479741642
1881,4342.62,85.16,86.32,85.12359999999998,86.292,45.59433138268045
1882,4342.64,85.115,86.29,85.1226,86.2916,45.5950977618329
1883,4342.66,85.07,86.23500000000001,85.1194,86.29099999999998,45.606084543327015
1884,4342.68,85.05,86.18,85.115,86.2876,45.61553997988647
1885,4342.7,85.03,86.165,85.11139999999999,86.28299999999999,45.62652725950251
1886,4342.72,85.1,86.15,85.11219999999999,86.2788,45.63202094331996
1887,4342.74,85.17,86.21000000000001,85.1174,86.278,45.635986089104186
1888,4342.76,85.16499999999999,86.27,85.124,86.2798,45.64621056539146
1889,4342.78,85.16,86.255,85.132,86.28119999999998,45.646973904490714
1890,4342.8,85.12,86.24,85.14,86.28,45.64850213066222
1891,4342.82,85.08,86.28999999999999,85.14439999999999,86.27879999999999,45.66498334194975
1892,4342.84,85.065,86.34,85.1462,86.28020000000001,45.67444364137511
1893,4342.86,85.05,86.36,85.145,86.28299999999999,45.67368084139775
1894,4342.88,85.11500000000001,86.38,85.14399999999999,86.2868,45.67841272465897
1895,4342.9,85.18,86.35499999999999,85.1444,86.2898,45.688639614218744
1896,4342.92,85.14500000000001,86.33,85.14219999999999,86.2914,45.700389581286785
1897,4342.94,85.11,86.28,85.1384,86.2906,45.712139774072895
1898,4342.96,85.185,86.23,85.1374,86.2868,45.71763398852882
1899,4342.98,85.26,86.285,85.1384,86.2842,45.7183961359862
1900,4343.0,85.2,86.34,85.13600000000001,86.28540000000001,45.72465281825621
1901,4343.02,85.14,86.33500000000001,85.13199999999999,86.28800000000001,45.72938442791927
1902,4343.04,85.16499999999999,86.33,85.12979999999999,86.28880000000001,45.729384468083616
1903,4343.06,85.19,86.3,85.1308,86.2868,45.73640388965204
1904,4343.08,85.205,86.27,85.1346,86.2836,45.74815510561168
1905,4343.1,85.22,86.27,85.13799999999999,86.28040000000001,45.75288590513976
1906,4343.12,85.255,86.27,85.1418,86.2784,45.75288594539758
1907,4343.14,85.29,86.305,85.1488,86.279,45.75914304749402
1908,4343.16,85.21000000000001,86.34,85.15440000000001,86.2832,45.76860576305441
1909,4343.18,85.13,86.375,85.1576,86.291,45.77731081355881
1910,4343.2,85.12,86.41,85.16120000000001,86.3008,45.78753991599173
1911,4343.22,85.11,86.395,85.16159999999999,86.3106,45.798529126842894
1912,4343.24,85.08500000000001,86.38,85.1582,86.31739999999999,45.80951840076423
1913,4343.26,85.06,86.37,85.154,86.3214,45.815013080842036
1914,4343.28,85.05000000000001,86.36,85.1496,86.3256,45.8150131207606
1915,4343.3,85.04,86.3,85.1464,86.32799999999999,45.8212671335527
1916,4343.32,85.04,86.24,85.14479999999999,86.32600000000001,45.83301601298873
1917,4343.34,85.04,86.19999999999999,85.1438,86.32039999999999,45.83775100314848
1918,4343.36,85.08000000000001,86.16,85.145,86.3124,45.84324567073507
1919,4343.38,85.12,86.25,85.1452,86.3072,45.854994312335066
1920,4343.4,85.18,86.34,85.1452,86.3066,45.859729728766155
1921,4343.42,85.24,86.36,85.149,86.3078,45.86446587039578
1922,4343.44,85.205,86.38,85.15280000000001,86.3118,45.87621392843346
1923,4343.46,85.17,86.38499999999999,85.15220000000001,86.318,45.88720345891412
1924,4343.48,85.08500000000001,86.39,85.1452,86.3222,45.898193052695945
1925,4343.5,85.0,86.35,85.1372,86.32260000000001,45.904446373233675
1926,4343.52,85.045,86.31,85.1334,86.3216,45.89895170438869
1927,4343.54,85.09,86.36500000000001,85.13040000000001,86.323,45.89971084299618
1928,4343.56,85.08,86.42,85.126,86.32779999999998,45.91145957895995
1929,4343.58,85.07,86.455,85.12060000000001,86.33519999999999,45.91619482580673
1930,4343.6,85.18,86.49,85.119,86.344,45.92093079610538
1931,4343.62,85.29,86.44,85.12039999999999,86.35079999999999,45.93116236854503
1932,4343.64,85.34,86.39,85.1224,86.3542,45.93665730293776
1933,4343.66,85.39,86.36500000000001,85.1296,86.35519999999998,45.938173742516454
1934,4343.68,85.28999999999999,86.34,85.13600000000001,86.35379999999999,45.94291013815122
1935,4343.7,85.19,86.35,85.13879999999999,86.3514,45.951628447444854
1936,4343.72,85.195,86.36,85.14220000000002,86.35,45.961862871427044
1937,4343.74,85.2,86.41,85.1468,86.35119999999999,45.9720982457698
1938,4343.76,85.185,86.46,85.15180000000001,86.3548,45.97608502693411
1939,4343.78,85.17,86.47,85.1566,86.3592,45.98082720229433
1940,4343.8,85.08500000000001,86.48,85.1584,86.36640000000001,45.991818619593744
1941,4343.82,85.0,86.46000000000001,85.1568,86.3752,45.99806754154464
1942,4343.84,84.945,86.44,85.15299999999999,86.3848,46.00356321876301
1943,4343.86,84.89,86.405,85.14540000000001,86.39460000000001,46.014554579292984
1944,4343.88,84.9,86.37,85.1366,86.3994,46.02629924778652
1945,4343.9,84.91,86.38,85.1258,86.40100000000001,46.03104175533453
1946,4343.92,85.005,86.39,85.11640000000001,86.4022,46.02953705783845
1947,4343.94,85.1,86.41,85.11219999999999,86.4034,46.03902665605017
1948,4343.96,85.1,86.43,85.1094,86.40520000000001,46.05551509936612
1949,4343.98,85.1,86.4,85.11,86.4056,46.062512863105155
1950,4344.0,85.125,86.37,85.115,86.40639999999999,46.06951238407663
1951,4344.02,85.15,86.34,85.1192,86.4076,46.08125646225345
1952,4344.04,85.165,86.31,85.1222,86.40540000000001,46.0860000211147
1953,4344.06,85.18,86.38,85.12619999999998,86.4038,46.09149594412596
1954,4344.08,85.14500000000001,86.45,85.1292,86.40360000000001,46.10323978606308
1955,4344.1,85.11,86.445,85.12639999999999,86.40180000000001,46.10948809001118
1956,4344.12,85.185,86.44,85.12219999999999,86.40179999999998,46.11024107869655
1957,4344.14,85.26,86.41499999999999,85.119,86.40279999999998,46.10948816880814
1958,4344.16,85.25,86.39,85.1134,86.4038,46.11498397353711
1959,4344.18,85.24,86.38,85.11139999999999,86.40540000000001,46.13222399149407
1960,4344.2,85.32,86.37,85.1166,86.40620000000001,46.14321552071618
1961,4344.22,85.4,86.34,85.1248,86.40539999999999,46.13847283337574
1962,4344.24,85.405,86.31,85.133,86.40140000000001,46.133730865161496
1963,4344.26,85.41,86.33500000000001,85.14200000000001,86.39640000000001,46.14547601993872
1964,4344.28,85.365,86.36,85.1498,86.392,46.16271684004269
1965,4344.3,85.32,86.39,85.1592,86.3884,46.16745818514441
1966,4344.32,85.28,86.42,85.17039999999999,86.38679999999998,46.16745822551357
1967,4344.34,85.24,86.47,85.1822,86.388,46.17446246804774
1968,4344.36,85.235,86.52,85.196,86.3926,46.185453314553016
1969,4344.38,85.23,86.52,85.2092,86.3986,46.1917036183602
1970,4344.4,85.225,86.52,85.2218,86.4042,46.20420526470206
1971,4344.42,85.22,86.49,85.2304,86.4082,46.22543086422228
1972,4344.44,85.2,86.46,85.2344,86.41019999999999,46.230926259368076
1973,4344.46,85.18,86.475,85.2376,86.41199999999999,46.23243733554788
1974,4344.48,85.225,86.49,85.2426,86.4156,46.24494054004644
1975,4344.5,85.27,86.455,85.2484,86.419,46.25119270045754
1976,4344.52,85.315,86.42,85.255,86.42219999999999,46.251192740371536
1977,4344.54,85.36,86.39,85.26280000000001,86.4254,46.25744525905582
1978,4344.56,85.41499999999999,86.36,85.2722,86.4246,46.26218277079105
1979,4344.58,85.47,86.41,85.2852,86.42299999999999,46.266921000451106
1980,4344.6,85.47999999999999,86.46,85.3,86.4236,46.272416143847714
1981,4344.62,85.49,86.41,85.31219999999999,86.4224,46.27165998686467
1982,4344.64,85.50999999999999,86.36,85.3222,86.42019999999998,46.27241622371852
1983,4344.66,85.53,86.25999999999999,85.3334,86.415,46.27317298329526
1984,4344.68,85.39,86.16,85.33940000000001,86.40619999999998,46.279425204314265
1985,4344.7,85.25,86.16499999999999,85.3366,86.398,46.287194520886224
1986,4344.72,85.245,86.17,85.3304,86.39120000000001,46.29496801427305
1987,4344.74,85.24,86.225,85.32379999999999,86.38779999999998,46.306717408399805
1988,4344.76,85.4,86.28,85.3234,86.3856,46.306717449733185
1989,4344.78,85.56,86.345,85.33120000000001,86.385,46.30198418036428
1990,4344.8,85.57,86.41,85.34119999999999,86.38579999999997,46.301984221481376
1991,4344.82,85.58,86.435,85.3532,86.38640000000001,46.311451599637756
1992,4344.84,85.58,86.46,85.3668,86.38599999999998,46.32793516306573
1993,4344.86,85.58,86.5,85.38060000000002,86.38519999999998,46.33495025926547
1994,4344.88,85.475,86.54,85.39040000000001,86.38600000000001,46.33495029981048
1995,4344.9,85.37,86.5,85.3962,86.3852,46.345939103843904
1996,4344.92,85.42500000000001,86.46,85.40440000000001,86.384,46.35844985368012
1997,4344.94,85.48,86.425,85.4156,86.3826,46.354479803040306
1998,4344.96,85.45500000000001,86.39,85.4266,86.3792,46.35524270074291
1999,4344.98,85.43,86.36500000000001,85.4348,86.3742,46.37172469615018
2000,4345.0,85.46000000000001,86.34,85.44239999999999,86.36959999999999,46.38271278537036
2001,4345.02,85.49,86.34,85.44940000000001,86.3664,46.3764562986
2002,4345.04,85.5,86.34,85.455,86.3644,46.3702001675152
2003,4345.06,85.51,86.315,85.4588,86.3626,46.381950502343216
2004,4345.08,85.52000000000001,86.29,85.4608,86.35780000000001,46.39446380581426
2005,4345.1,85.53,86.355,85.4628,86.3536,46.395990902153855
2006,4345.12,85.52000000000001,86.42,85.464,86.35400000000001,46.40148475075344
2007,4345.14,85.51,86.42,85.464,86.3564,46.41170893665079
2008,4345.16,85.575,86.42,85.4658,86.3628,46.41247249509403
2009,4345.18,85.64,86.39500000000001,85.47579999999999,86.37219999999999,46.408507474944756
2010,4345.2,85.7,86.37,85.49380000000001,86.38040000000001,46.40850751599598
2011,4345.22,85.76,86.345,85.51440000000001,86.3874,46.41247261836988
2012,4345.24,85.73,86.32,85.53399999999999,86.39120000000001,46.41720308720334
2013,4345.26,85.7,86.32499999999999,85.546,86.39299999999999,46.41873050262953
2014,4345.28,85.66,86.33,85.55,86.3924,46.425753599978194
2015,4345.3,85.62,86.37,85.552,86.39080000000001,46.44223453318468
2016,4345.32,85.58500000000001,86.41,85.55220000000001,86.3898,46.45871560789341
2017,4345.34,85.55,86.41499999999999,85.551,86.388,46.464209357712285
2018,4345.36,85.53999999999999,86.42,85.5494,86.38480000000001,46.45948056627955
2019,4345.38,85.53,86.405,85.5516,86.37939999999999,46.459480607878305
2020,4345.4,85.545,86.39,85.55860000000001,86.375,46.464974267783
2021,4345.42,85.56,86.38,85.564,86.37180000000001,46.466505442292856
2022,4345.44,85.605,86.37,85.569,86.3696,46.46650548297745
2023,4345.46,85.65,86.37,85.5768,86.36880000000001,46.475961675850414
2024,4345.48,85.67,86.37,85.58640000000001,86.369,46.486184640401085
2025,4345.5,85.69,86.38,85.59560000000002,86.37060000000001,46.48145542488576
2026,4345.52,85.72,86.39,85.6048,86.3726,46.47672692577914
2027,4345.54,85.75,86.35499999999999,85.6148,86.3732,46.48771413346302
2028,4345.56,85.735,86.32,85.62380000000002,86.3734,46.49870140423321
2029,4345.58,85.72,86.32499999999999,85.6318,86.3748,46.493973197417816
2030,4345.6,85.725,86.33,85.63959999999999,86.37379999999999,46.493973237599015
2031,4345.62,85.73,86.36500000000001,85.648,86.3716,46.508924235612454
2032,4345.64,85.725,86.4,85.65660000000001,86.37079999999997,46.51441803795153
2033,4345.66,85.72,86.38,85.66239999999999,86.3692,46.51045400626286
2034,4345.68,85.75,86.36,85.66680000000001,86.3678,46.51198581373534
2035,4345.7,85.78,86.35499999999999,85.67,86.3672,46.51824582552136
2036,4345.72,85.77000000000001,86.35,85.67040000000001,86.3674,46.52450619194752
2037,4345.74,85.76,86.395,85.6716,86.37039999999999,46.525273753455714
2038,4345.76,85.745,86.44,85.6734,86.375,46.52450627495656
2039,4345.78,85.73,86.43,85.6762,86.37899999999999,46.534726009843645
2040,4345.8,85.795,86.42,85.6832,86.38099999999999,46.540219422719915
2041,4345.82,85.86,86.37,85.6942,86.37939999999999,46.53945325415578
2042,4345.84,85.85499999999999,86.32,85.70639999999999,86.37559999999999,46.54341609042219
2043,4345.86,85.85,86.32499999999999,85.71879999999999,86.37179999999998,46.543416131737786
2044,4345.88,85.875,86.33,85.7326,86.36880000000001,46.54494685556965
2045,4345.9,85.9,86.32499999999999,85.74680000000001,86.36619999999999,46.54494689649415
2046,4345.92,85.85,86.32,85.7584,86.36380000000001,46.54341625506514
2047,4345.94,85.8,86.28999999999999,85.76620000000001,86.36059999999999,46.548909969818105
2048,4345.96,85.72999999999999,86.26,85.7694,86.35619999999999,46.55516860186302
2049,4345.98,85.66,86.295,85.76899999999999,86.3532,46.55440374194403
2050,4346.0,85.64,86.33,85.767,86.35119999999999,46.5536394012474
2051,4346.02,85.62,86.33500000000001,85.76299999999999,86.34899999999999,46.56462704857717
2052,4346.04,85.62,86.34,85.7578,86.3484,46.581108615418614
2053,4346.06,85.62,86.34,85.75319999999999,86.3492,46.580345242963084
2054,4346.08,85.66499999999999,86.34,85.751,86.3498,46.56859433053945
2055,4346.1,85.71,86.405,85.75040000000001,86.3528,46.57408839378243
2056,4346.12,85.83,86.47,85.7544,86.35699999999999,46.58507652651741
2057,4346.14,85.95,86.47999999999999,85.76339999999999,86.36019999999999,46.58507656785793
2058,4346.16,85.98,86.49,85.7738,86.36460000000001,46.58034544965661
2059,4346.18,86.01,86.44999999999999,85.7842,86.3682,46.581108904187516
2060,4346.2,85.94,86.41,85.7906,86.37039999999999,46.58660281872619
2061,4346.22,85.87,86.365,85.79459999999999,86.37100000000001,46.59209674907732
2062,4346.24,85.95,86.32,85.80220000000001,86.368,46.597590694536386
2063,4346.26,86.03,86.315,85.81360000000001,86.363,46.60384822752159
2064,4346.28,85.99000000000001,86.31,85.82400000000001,86.3582,46.61010611555155
2065,4346.3,85.95,86.33500000000001,85.8302,86.3548,46.609342156043866
2066,4346.32,85.92,86.36,85.8326,86.3544,46.60308477919323
2067,4346.34,85.89,86.38499999999999,85.834,86.35700000000001,46.60232176741283
2068,4346.36,85.91,86.41,85.8364,86.36040000000001,46.60705338949065
2069,4346.38,85.93,86.37,85.8386,86.362,46.606291503729395
2070,4346.4,85.94,86.33,85.84020000000001,86.36219999999999,46.60629154460612
2071,4346.42,85.95,86.31,85.8442,86.36179999999999,46.612547643424335
2072,4346.44,85.805,86.29,85.8444,86.3618,46.62277433580915
2073,4346.46,85.66,86.285,85.8416,86.36280000000001,46.62750759453727
2074,4346.48,85.68,86.28,85.8424,86.36219999999999,46.62826868438878
2075,4346.5,85.7,86.36,85.84480000000002,86.3634,46.64001869533874
2076,4346.52,85.82,86.44,85.8528,86.3676,46.65024599275185
2077,4346.54,85.94,86.425,85.8656,86.37100000000001,46.64948534201764
2078,4346.56,85.985,86.41,85.8802,86.37379999999999,46.64475174445472
2079,4346.58,86.03,86.365,85.89479999999999,86.3748,46.64551308465776
2080,4346.6,85.975,86.32,85.90540000000001,86.3714,46.65176909273806
2081,4346.62,85.92,86.33,85.90899999999999,86.3658,46.65176913438785
2082,4346.64,85.92500000000001,86.34,85.90800000000002,86.3602,46.64627502496114
2083,4346.66,85.93,86.33500000000001,85.906,86.354,46.647037401279924
2084,4346.68,85.94,86.33,85.9032,86.3492,46.65726342266514
2085,4346.7,85.95,86.345,85.90360000000001,86.3466,46.67298468446123
2086,4346.72,85.95,86.36,85.9068,86.34639999999999,46.67374609595095
2087,4346.74,85.95,86.33500000000001,85.9068,86.34700000000001,46.65802570270385
2088,4346.76,85.86,86.31,85.9,86.3468,46.66199621994944
2089,4346.78,85.77,86.295,85.89119999999998,86.34620000000001,46.67619843496472
2090,4346.8,85.77,86.28,85.884,86.34400000000001,46.68169307697607
2091,4346.82,85.77,86.295,85.87799999999999,86.3414,46.6879472817232
2092,4346.84,85.81,86.31,85.8748,86.33840000000001,46.68718777588036
2093,4346.86,85.85,86.325,85.87240000000001,86.335,46.680934081466965
2094,4346.88,85.845,86.34,85.869,86.33380000000001,46.67619863989272
2095,4346.9,85.84,86.36500000000001,85.865,86.3352,46.67771865127081
2096,4346.92,85.9,86.39,85.863,86.33840000000001,46.690229235873275
2097,4346.94,85.96,86.41,85.8692,86.34320000000001,46.706712145915795
2098,4346.96,85.985,86.43,85.8822,86.34899999999999,46.70671218776959
2099,4346.98,86.01,86.38,85.89540000000001,86.35300000000001,46.69572363394772
2100,4347.0,85.995,86.33,85.90719999999999,86.3518,46.70045704223634
2101,4347.02,85.98,86.33,85.9136,86.3474,46.71220663118791
2102,4347.04,85.94,86.33,85.9136,86.34359999999998,46.71846217909353
2103,4347.06,85.9,86.32,85.9102,86.34,46.718462220586
2104,4347.08,85.86500000000001,86.31,85.90360000000001,86.3378,46.71846226134148
2105,4347.1,85.83,86.27000000000001,85.89779999999999,86.3358,46.7247181637082
2106,4347.12,85.805,86.23,85.89320000000002,86.3318,46.72471820499184
2107,4347.14,85.78,86.215,85.8874,86.3268,46.72395664692225
2108,4347.16,85.89,86.2,85.8858,86.3214,46.73021247554176
2109,4347.18,86.0,86.235,85.8882,86.3176,46.735706720459866
2110,4347.2,86.015,86.27,85.8908,86.31460000000001,46.7341844382702
2111,4347.22,86.03,86.265,85.89399999999999,86.3108,46.72319572979063
2112,4347.24,86.00999999999999,86.26,85.89640000000001,86.3078,46.724718451949684
2113,4347.26,85.99,86.28,85.9016,86.3066,46.741201103477955
2114,4347.28,85.93,86.3,85.90800000000002,86.30680000000001,46.751428476962964
2115,4347.3,85.87,86.315,85.912,86.3082,46.75768393661683
2116,4347.32,85.89500000000001,86.33,85.917,86.3096,46.76317825783783
2117,4347.34,85.92,86.295,85.9214,86.30900000000001,46.76165686903224
2118,4347.36,85.95,86.26,85.9254,86.3064,46.756162450603846
2119,4347.38,85.98,86.225,85.9308,86.30179999999999,46.75844568086922
2120,4347.4,85.95,86.19,85.93520000000001,86.2948,46.76622748659905
2121,4347.42,85.92,86.17,85.936,86.286,46.76622752779155
2122,4347.44,85.955,86.15,85.93580000000001,86.2756,46.7607336467628
2123,4347.46,85.99,86.14500000000001,85.936,86.2642,46.756003518560235
2124,4347.48,85.91,86.14,85.93199999999999,86.2546,46.76073372896321
2125,4347.5,85.83,86.205,85.92540000000001,86.24959999999999,46.765464650227926
2126,4347.52,85.86,86.27,85.9206,86.2472,46.76622773321024
2127,4347.54,85.89,86.205,85.91860000000001,86.24220000000001,46.77324916792045
2128,4347.56,85.96000000000001,86.14,85.92099999999999,86.235,46.7732492100902
2129,4347.58,86.03,86.175,85.9276,86.2296,46.76622785848349
2130,4347.6,86.05,86.21,85.9364,86.2272,46.7654648577964
2131,4347.62,86.07,86.19,85.94699999999999,86.2256,46.765464898544224
2132,4347.64,86.1,86.17,85.9598,86.2238,46.76073405949964
2133,4347.66,86.13,86.18,85.96940000000001,86.22300000000001,46.7614977494615
2134,4347.68,86.04499999999999,86.19,85.97120000000001,86.2212,46.766228065209425
2135,4347.7,85.96,86.295,85.969,86.22219999999999,46.77645313557149
2136,4347.72,85.96,86.4,85.96620000000001,86.2276,46.78820399467946
2137,4347.74,85.96,86.325,85.9642,86.23020000000001,46.788967236377566
2138,4347.76,85.955,86.25,85.9628,86.22900000000001,46.7827100917966
2139,4347.78,85.95,86.2,85.96359999999999,86.225,46.78347342371804
2140,4347.8,85.965,86.15,85.9674,86.2184,46.791260062382534
2141,4347.82,85.98,86.11,85.9708,86.2096,46.792025370513414
2142,4347.84,85.99000000000001,86.07,85.97359999999999,86.2006,46.7865318763614
2143,4347.86,86.0,86.10499999999999,85.9756,86.1944,46.7802729507787
2144,4347.88,86.05,86.14,85.97840000000001,86.191,46.784237437983805
2145,4347.9,86.1,86.11500000000001,85.9844,86.18800000000002,46.78973128387741
2146,4347.92,86.09,86.09,85.9912,86.1848,46.785766684982065
2147,4347.94,86.08,86.12,85.99619999999999,86.18360000000001,46.78729795819674
2148,4347.96,86.055,86.15,85.99879999999999,86.1838,46.79279144566515
2149,4347.98,86.03,86.14500000000001,86.0036,86.18400000000001,46.79675407746666
2150,4348.0,86.00999999999999,86.14,86.0108,86.18140000000001,46.80224777599784
2151,4348.02,85.99,86.15,86.016,86.1766,46.80377850924258
2152,4348.04,86.02,86.16,86.02120000000001,86.17479999999999,46.79355791394402
2153,4348.06,86.05,86.125,86.02480000000001,86.1742,46.78257125916738
2154,4348.08,86.03,86.09,86.0248,86.1708,46.7880646410711
2155,4348.1,86.01,86.135,86.0232,86.1678,46.79828519918259
2156,4348.12,86.065,86.18,86.02300000000001,86.16740000000001,46.80301311322892
2157,4348.14,86.12,86.195,86.02380000000001,86.1684,46.80927225337499
2158,4348.16,86.16499999999999,86.21,86.0252,86.16959999999999,46.80927229496547
2159,4348.18,86.21,86.15,86.0318,86.168,46.80377884373734
2160,4348.2,86.155,86.09,86.0396,86.15980000000002,46.8053116447241
2161,4348.22,86.1,86.015,86.04520000000001,86.1444,46.80607884002226
2162,4348.24,86.025,85.94,86.0478,86.12899999999999,46.80684655243563
2163,4348.26,85.95,85.945,86.0476,86.1168,46.806846593815564
2164,4348.28,85.95,85.95,86.0476,86.1068,46.79981851385936
2165,4348.3,85.95,85.96000000000001,86.04700000000001,86.0992,46.79432527365729
2166,4348.32,86.035,85.97,86.0492,86.09360000000001,46.7950926500612
2167,4348.34,86.12,86.02,86.0544,86.0916,46.799818639205455
2168,4348.36,86.08500000000001,86.07,86.0578,86.09020000000001,46.798285741345936
2169,4348.38,86.05,86.05,86.0578,86.0866,46.792792321283784
2170,4348.4,86.005,86.03,86.054,86.08319999999999,46.79981876420207
2171,4348.42,85.96,85.995,86.04879999999999,86.0794,46.81080541658433
2172,4348.44,86.005,85.96,86.0458,86.073,46.803779385744
2173,4348.46,86.05,85.905,86.04560000000001,86.0632,46.7935587900182
2174,4348.48,86.065,85.85,86.04700000000001,86.0514,46.79509298530441
2175,4348.5,86.08,85.895,86.04980000000002,86.0416,46.79432569239373
2176,4348.52,86.16,85.94,86.0566,86.0332,46.78883246849625
2177,4348.54,86.24,85.995,86.0654,86.0266,46.784106775568446
2178,4348.56,86.25,86.05,86.07339999999998,86.0236,46.77784606696213
2179,4348.58,86.26,86.07,86.0826,86.02279999999999,46.7778461092407
2180,4348.6,86.15,86.09,86.0882,86.021,46.78960006075704
2181,4348.62,86.04,86.07,86.0872,86.0166,46.78960010250423
2182,4348.64,86.055,86.05,86.0846,86.0108,46.778613839734646
2183,4348.66,86.07,86.055,86.0808,86.00460000000001,46.78333951039645
2184,4348.68,86.02,86.06,86.0732,86.001,46.79202716101086
2185,4348.7,85.97,86.035,86.0658,85.99879999999999,46.785003464661486
2186,4348.72,86.015,86.01,86.06240000000001,85.99860000000001,46.78027473844293
2187,4348.74,86.06,85.995,86.06380000000001,86.0008,46.792027285881396
2188,4348.76,86.11500000000001,85.98,86.07039999999999,86.00220000000002,46.803014445627255
2189,4348.78,86.17,85.945,86.0792,86.002,46.803014487267724
2190,4348.8,86.14500000000001,85.91,86.08699999999999,86.0,46.797520961524555
2191,4348.82,86.12,85.925,86.09039999999999,85.9982,46.78653391646759
2192,4348.84,86.14500000000001,85.94,86.0914,85.995,46.781040437726496
2193,4348.86,86.17,85.97,86.09479999999999,85.991,46.78104047849277
2194,4348.88,86.18,86.0,86.1,85.98900000000002,46.77554701644229
2195,4348.9,86.19,85.955,86.10740000000001,85.986,46.77554705800483
2196,4348.92,86.19,85.91,86.1166,85.9826,46.77554709980247
2197,4348.94,86.19,85.97999999999999,86.124,85.9834,46.78104064682631
2198,4348.96,86.16499999999999,86.05,86.12859999999999,85.9892,46.7920277446288
2199,4348.98,86.14,85.97,86.13159999999999,85.994,46.786534250273135
2200,4349.0,86.055,85.89,86.1306,85.9938,46.781806738028386
2201,4349.02,85.97,85.875,86.12299999999999,85.99119999999999,46.782573262675264
2202,4349.04,86.00999999999999,85.86,86.11380000000001,85.9858,46.78180682107196
2203,4349.06,86.05,85.875,86.10580000000002,85.97879999999999,46.78104089507288
2204,4349.08,86.08500000000001,85.89,86.09880000000001,85.9716,46.77478189258074
2205,4349.1,86.12,85.91499999999999,86.0976,85.96459999999999,46.77325240395473
2206,4349.12,86.185,85.94,86.10340000000001,85.95939999999999,46.7787462192611
2207,4349.14,86.25,85.965,86.11120000000001,85.956,46.77951067812371
2208,4349.16,86.21000000000001,85.99,86.1168,85.95339999999999,46.77401703484975
2209,4349.18,86.17,85.985,86.12280000000001,85.95039999999999,46.77401707723145
2210,4349.2,86.15,85.98,86.13,85.9482,46.780275736868006
2211,4349.22,86.13,85.995,86.13459999999999,85.94759999999998,46.781041228722344
2212,4349.24,86.185,86.01,86.13959999999999,85.9482,46.77478222581375
2213,4349.26,86.24,85.96000000000001,86.14460000000001,85.9474,46.774017243270784
2214,4349.28,86.19,85.91,86.14540000000001,85.946,46.77874655135027
2215,4349.3,86.14,85.91,86.1452,85.94599999999998,46.77248882799845
2216,4349.32,86.13499999999999,85.91,86.1458,85.9454,46.766995020781394
2217,4349.34,86.13,85.97,86.1452,85.9466,46.77248891013633
2218,4349.36,86.125,86.03,86.1434,85.949,46.7724889520539
2219,4349.38,86.12,86.045,86.14099999999999,85.9508,46.77172552001067
2220,4349.4,86.17,86.06,86.1402,85.955,46.775694295642985
2221,4349.42,86.22,86.09,86.14140000000002,85.9622,46.7749325023637
2222,4349.44,86.16,86.12,86.14020000000001,85.96780000000001,46.77020024596992
2223,4349.46,86.1,86.07,86.1376,85.96859999999998,46.77096272765242
2224,4349.48,86.115,86.02,86.1366,85.97059999999999,46.77645681205431
2225,4349.5,86.13,86.04499999999999,86.13959999999999,85.9768,46.77096281045742
2226,4349.52,86.13499999999999,86.07,86.14620000000001,85.98460000000001,46.76073794930709
2227,4349.54,86.14,86.03,86.1514,85.9914,46.755244085053896
2228,4349.56,86.18,85.99,86.1566,85.99600000000001,46.755244125556615
2229,4349.58,86.22,85.985,86.16199999999999,85.9998,46.761501727807534
2230,4349.6,86.3,85.98,86.1692,86.0024,46.766995601332354
2231,4349.62,86.38,85.99000000000001,86.17699999999999,86.0044,46.7669956425808
2232,4349.64,86.38499999999999,86.0,86.1824,86.0058,46.75600803510953
2233,4349.66,86.39,85.955,86.18959999999998,86.0044,46.74502049020514
2234,4349.68,86.27000000000001,85.91,86.19359999999999,86.00139999999999,46.750514316830014
2235,4349.7,86.15,85.89,86.1936,85.99780000000001,46.7615019758979
2236,4349.72,86.11,85.87,86.1928,85.9928,46.761502017281394
2237,4349.74,86.07,85.91499999999999,86.1882,85.98899999999999,46.75600824286418
2238,4349.76,86.12,85.96,86.1834,85.98899999999999,46.7505144830359
2239,4349.78,86.17,85.995,86.18259999999998,85.9924,46.75051452477866
2240,4349.8,86.185,86.03,86.18440000000001,85.9972,46.756772628695494
2241,4349.82,86.2,86.03,86.18700000000001,86.002,46.75753744822489
2242,4349.84,86.19,86.03,86.1894,86.0044,46.752809253827486
2243,4349.86,86.18,86.07,86.1916,86.00599999999999,46.753575197908134
2244,4349.88,86.15,86.11,86.1928,86.00859999999999,46.764562138378515
2245,4349.9,86.12,86.11,86.1908,86.0106,46.77005565235264
2246,4349.92,86.15,86.11,86.18799999999999,86.01140000000001,46.75906876451411
2247,4349.94,86.18,86.03,86.18880000000001,86.00779999999999,46.748081939382054
2248,4349.96,86.215,85.95,86.1934,86.00300000000001,46.753575406186435
2249,4349.98,86.25,85.92500000000001,86.19879999999999,85.9992,46.7645623460636
2250,4350.0,86.265,85.9,86.20420000000001,85.99340000000001,46.75983526047754
2251,4350.02,86.28,85.965,86.21,85.9892,46.74884861519457
2252,4350.04,86.25,86.03,86.21440000000001,85.9892,46.748082147468295
2253,4350.06,86.22,86.05,86.21599999999998,85.9916,46.753575614730586
2254,4350.08,86.27,86.07,86.21800000000002,85.99500000000002,46.752809754104454
2255,4350.1,86.32,86.08,86.21879999999999,85.99900000000001,46.746550803910694
2256,4350.12,86.335,86.09,86.21700000000001,86.00299999999999,46.74731632099585
2257,4350.14,86.35,86.025,86.2156,86.00399999999999,46.75434220204722
2258,4350.16,86.25,85.96,86.21,86.0042,46.75587663511662
2259,4350.18,86.15,85.955,86.2052,86.006,46.750383521374715
2260,4350.2,86.14500000000001,85.95,86.205,86.0084,46.74961601886669
2261,4350.22,86.14,85.97,86.2062,86.0124,46.74412283069073
2262,4350.24,86.09,85.99,86.20700000000001,86.01540000000001,46.74489050630226
2263,4350.26,86.04,85.975,86.20379999999999,86.016,46.7519203262937
2264,4350.28,86.08500000000001,85.96,86.2004,86.01460000000002,46.74247353521274
2265,4350.3,86.13,85.975,86.1982,86.0124,46.7377512314471
2266,4350.32,86.16999999999999,85.99,86.197,86.0108,46.73775127389847
2267,4350.34,86.21,86.015,86.1978,86.0102,46.732258676191464
2268,4350.36,86.275,86.04,86.2016,86.00900000000001,46.72753719234651
2269,4350.38,86.34,86.035,86.2092,86.006,46.72908098301181
2270,4350.4,86.275,86.03,86.2154,86.00280000000001,46.740838214104656
2271,4350.42,86.21,86.065,86.21780000000001,86.00099999999999,46.74555817175034
2272,4350.44,86.12,86.1,86.21539999999999,86.00380000000001,46.74006583014807
2273,4350.46,86.03,86.085,86.20800000000001,86.0092,46.7408383411702
2274,4350.48,86.025,86.07,86.199,86.015,46.74633067677021
2275,4350.5,86.02,86.07,86.1892,86.0218,46.75259583229756
2276,4350.52,86.055,86.07,86.1802,86.02599999999998,46.75414303275556
2277,4350.54,86.09,86.02,86.17380000000001,86.0256,46.74942548402462
2278,4350.56,86.155,85.97,86.17119999999998,86.0224,46.74942552609077
2279,4350.58,86.22,86.0,86.1692,86.0196,46.75020053001126
2280,4350.6,86.37,86.03,86.17120000000001,86.01759999999999,46.739992573067354
2281,4350.62,86.52,86.00999999999999,86.1786,86.01440000000001,46.72900920101596
2282,4350.64,86.475,85.99,86.18360000000001,86.01299999999999,46.72900924411287
2283,4350.66,86.43,86.0,86.1908,86.01459999999999,46.73450098550255
2284,4350.68,86.385,86.01,86.20020000000001,86.0168,46.735277298096086
2285,4350.7,86.34,86.025,86.20800000000001,86.01979999999999,46.725071109152715
2286,4350.72,86.225,86.04,86.21140000000001,86.0226,46.720357243309984
2287,4350.74,86.11,86.01,86.21220000000001,86.02339999999998,46.73211800000117
2288,4350.76,86.10499999999999,85.98,86.2148,86.02359999999999,46.743100727168994
2289,4350.78,86.1,85.95,86.2154,86.0232,46.74859213673253
2290,4350.8,86.125,85.92,86.21520000000001,86.021,46.74937033264628
2291,4350.82,86.15,85.975,86.21439999999998,86.02040000000001,46.74465786239983
2292,4350.84,86.23,86.03,86.21519999999998,86.02099999999999,46.74465790563407
2293,4350.86,86.31,86.03999999999999,86.21660000000001,86.02099999999999,46.74465794816971
2294,4350.88,86.325,86.05,86.21600000000001,86.02159999999999,46.7399461941644
2295,4350.9,86.34,86.02,86.21860000000001,86.0212,46.73601565060989
2296,4350.92,86.215,85.99,86.21879999999999,86.0182,46.73757823307695
2297,4350.94,86.09,86.03999999999999,86.2176,86.0158,46.74306896925555
2298,4350.96,86.095,86.09,86.22019999999999,86.01599999999999,46.75405044652578
2299,4350.98,86.1,86.16,86.22320000000002,86.01960000000001,46.76659567699345
2300,4351.0,86.1,86.23,86.22640000000001,86.02600000000001,46.766595719872754
2301,4351.02,86.1,86.195,86.2282,86.031,46.760322995751594
2302,4351.04,86.1,86.16,86.22859999999999,86.03659999999999,46.76110523335413
2303,4351.06,86.1,86.12,86.2264,86.04260000000001,46.768161603431096
2304,4351.08,86.12,86.08,86.2224,86.0458,46.769729466363216
2305,4351.1,86.14,85.985,86.2132,86.04400000000001,46.76031936525676
2306,4351.12,86.24000000000001,85.89,86.20199999999998,86.0392,46.75091213273608
2307,4351.14,86.34,85.9,86.1966,86.03560000000002,46.750912177352184
2308,4351.16,86.36500000000001,85.91,86.19400000000002,86.03200000000001,46.75561550061962
2309,4351.18,86.39,85.91,86.1942,86.02799999999999,46.750125664039956
2310,4351.2,86.35,85.91,86.1946,86.0234,46.739932782578975
2311,4351.22,86.31,85.945,86.198,86.0196,46.74072012986803
2312,4351.24,86.275,85.98,86.20460000000001,86.0184,46.74699756242316
2313,4351.26,86.24,85.995,86.21,86.01899999999999,46.74778584900301
2314,4351.28,86.25999999999999,86.01,86.2164,86.0214,46.74229641598739
2315,4351.3,86.28,86.03999999999999,86.2226,86.02619999999999,46.74308531199286
2316,4351.32,86.25,86.07,86.22660000000002,86.03,46.7501538078686
2317,4351.34,86.22,86.08,86.2262,86.03200000000001,46.755643068184376
2318,4351.36,86.185,86.09,86.2212,86.03400000000002,46.76034273856588
2319,4351.38,86.15,86.06,86.2142,86.0344,46.7603427822608
2320,4351.4,86.20500000000001,86.03,86.2088,86.03479999999999,46.75564320032179
2321,4351.42,86.26,86.03,86.21060000000001,86.03640000000001,46.75094433732722
2322,4351.44,86.265,86.03,86.2176,86.03599999999999,46.73917569206183
2323,4351.46,86.27,86.045,86.22460000000001,86.0342,46.72740725924076
2324,4351.48,86.235,86.06,86.23,86.03019999999998,46.733686615384194
2325,4351.5,86.2,86.095,86.234,86.0248,46.74545540829946
2326,4351.52,86.13,86.13,86.2352,86.02220000000001,46.74624637016001
2327,4351.54,86.06,86.095,86.23360000000001,86.01960000000001,46.741548945357316
2328,4351.56,86.055,86.06,86.2318,86.01719999999999,46.736852238901
2329,4351.58,86.05,86.095,86.229,86.0178,46.72666758385668
2330,4351.6,86.055,86.13,86.2256,86.02359999999999,46.721972425433925
2331,4351.62,86.06,86.07,86.2184,86.0308,46.72825489866388
2332,4351.64,86.16499999999999,86.01,86.2114,86.03519999999999,46.73374342413807
2333,4351.66,86.27,86.055,86.20759999999999,86.041,46.73923196609835
2334,4351.68,86.315,86.1,86.20459999999999,86.04860000000001,46.73374351446254
2335,4351.7,86.36,86.095,86.205,86.05599999999998,46.71727816752426
2336,4351.72,86.32,86.09,86.20540000000001,86.0618,46.71258444923415
2337,4351.74,86.28,86.15,86.20559999999999,86.0686,46.72435618268323
2338,4351.76,86.2,86.21,86.20400000000001,86.0772,46.736128125221065
2339,4351.78,86.12,86.16499999999999,86.1984,86.0834,46.73143590577546
2340,4351.8,86.125,86.12,86.1922,86.0866,46.72045978660843
2341,4351.82,86.13,86.125,86.1874,86.08879999999999,46.7204598322724
2342,4351.84,86.1,86.13,86.18260000000001,86.0908,46.72674449725805
2343,4351.86,86.07,86.15,86.178,86.0932,46.726744541756545
2344,4351.88,86.18,86.17,86.1792,86.0976,46.72125660722441
2345,4351.9,86.29,86.19,86.18260000000001,86.104,46.722851481424655
2346,4351.92,86.26,86.21,86.18259999999998,86.1112,46.73462512926911
2347,4351.94,86.23,86.085,86.18119999999999,86.1134,46.74011290736375
2348,4351.96,86.17,85.96,86.1772,86.11,46.7346252200054
2349,4351.98,86.11,86.09,86.17219999999999,86.11120000000001,46.72833945382212
2350,4352.0,86.075,86.22,86.1672,86.11619999999999,46.71656616531791
2351,4352.02,86.04,86.205,86.1636,86.11919999999998,46.711876219416375
2352,4352.04,86.095,86.19,86.165,86.12299999999999,46.72444869276896
2353,4352.06,86.15,86.215,86.1688,86.1292,46.730735470118205
2354,4352.08,86.25,86.24,86.1768,86.135,46.7252480044222
2355,4352.1,86.35,86.16999999999999,86.18860000000001,86.1366,46.72524804974576
2356,4352.12,86.345,86.1,86.2,86.13779999999998,46.72604783334558
2357,4352.14,86.34,86.115,86.20700000000001,86.14200000000001,46.7213608273735
2358,4352.16,86.30000000000001,86.13,86.20819999999999,86.145,46.72136087229561
2359,4352.18,86.26,86.18,86.206,86.1482,46.72684822425133
2360,4352.2,86.295,86.23,86.2034,86.15360000000001,46.72764903968808
2361,4352.22,86.33,86.2,86.20379999999999,86.15799999999999,46.7237651512096
2362,4352.24,86.24000000000001,86.17,86.2022,86.15879999999999,46.725370538326004
2363,4352.26,86.15,86.17,86.20020000000001,86.15719999999999,46.7261740283786
2364,4352.28,86.1,86.17,86.19940000000001,86.1574,46.7198838117267
2365,4352.3,86.05,86.17500000000001,86.1964,86.15960000000001,46.71908083443273
2366,4352.32,86.11,86.18,86.1956,86.1618,46.72537072130598
2367,4352.34,86.17,86.18,86.1984,86.1638,46.72697817313754
2368,4352.36,86.225,86.18,86.20460000000001,86.165,46.72310124896605
2369,4352.38,86.28,86.23,86.2086,86.1674,46.72390689917115
2370,4352.4,86.295,86.28,86.20880000000001,86.171,46.73019931542997
2371,4352.42,86.31,86.25,86.2108,86.1726,46.73100590210946
2372,4352.44,86.25999999999999,86.22,86.212,86.17800000000001,46.72471315713603
2373,4352.46,86.21,86.185,86.2136,86.18700000000001,46.72471320249109
2374,4352.48,86.21,86.15,86.2176,86.1894,46.73181309767358
2375,4352.5,86.21,86.20500000000001,86.22300000000001,86.18880000000001,46.732620716313086
2376,4352.52,86.145,86.26,86.2272,86.191,46.73262076241584
2377,4352.54,86.08,86.33500000000001,86.2266,86.1968,46.73262080886755
2378,4352.56,86.11,86.41,86.225,86.20460000000001,46.72632722105021
2379,4352.58,86.14,86.41499999999999,86.22059999999999,86.21160000000002,46.7310062721162
2380,4352.6,86.225,86.42,86.2156,86.2216,46.735686045486126
2381,4352.62,86.31,86.30000000000001,86.2142,86.2296,46.724713572410764
2382,4352.64,86.28,86.18,86.2118,86.23219999999999,46.72084136255091
2383,4352.66,86.25,86.20500000000001,86.2098,86.2352,46.72713512023475
2384,4352.68,86.15,86.23,86.20540000000001,86.23720000000002,46.73342922227887
2385,4352.7,86.05,86.2,86.1956,86.236,46.73504699353015
2386,4352.72,86.055,86.17,86.1846,86.2348,46.736666827743
2387,4352.74,86.06,86.17,86.17739999999999,86.2348,46.74296295633581
2388,4352.76,86.08,86.17,86.1746,86.2348,46.74377409093072
2389,4352.78,86.1,86.17,86.1746,86.23479999999999,46.73910051780866
2390,4352.8,86.15,86.17,86.1786,86.23459999999999,46.739912778770844
2391,4352.82,86.2,86.235,86.1822,86.2368,46.74072555537279
2392,4352.84,86.09,86.3,86.179,86.24160000000002,46.73361545278165
2393,4352.86,85.98,86.255,86.1692,86.24459999999999,46.73280370451152
2394,4352.88,85.87,86.21,86.15279999999998,86.2438,46.7445859752811
2395,4352.9,85.76,86.22999999999999,86.1314,86.2418,46.750071262798734
2396,4352.92,85.765,86.25,86.10959999999999,86.2418,46.754745154395394
2397,4352.94,85.77,86.21000000000001,86.09,86.2414,46.76490525376859
2398,4352.96,85.75,86.17,86.0716,86.2408,46.76958070363216
2399,4352.98,85.73,86.185,86.05239999999999,86.2422,46.76958075020698
2400,4353.0,85.875,86.2,86.039,86.24199999999999,46.77120150738419
