,Time,Speed Follower,Speed Leader,Smooth Speed Follower,Smooth Speed Leader,Spacing
0,4379.0,86.015,86.56,86.0174,86.4842,25.61145335821896
1,4379.02,86.09,86.53,86.02159999999999,86.4834,25.610033835257536
2,4379.04,86.105,86.5,86.02140000000001,86.48320000000001,25.615362776307627
3,4379.06,86.12,86.47,86.0224,86.48360000000001,25.61820235498835
4,4379.08,86.065,86.44,86.0218,86.48200000000001,25.61962351405859
5,4379.1,86.01,86.475,86.02100000000002,86.48100000000001,25.623530881537715
6,4379.12,86.045,86.51,86.0236,86.48140000000001,25.623530960222393
7,4379.14,86.08,86.57,86.0266,86.4842,25.623531039584957
8,4379.16,86.03999999999999,86.63,86.027,86.48819999999999,25.626021265652685
9,4379.18,86.0,86.58,86.0262,86.48899999999999,25.62069228470818
10,4379.2,86.02000000000001,86.53,86.02660000000002,86.4894,25.618202903703676
11,4379.22,86.04,86.545,86.03120000000001,86.492,25.630280312060535
12,4379.24,86.04,86.56,86.0392,86.49680000000001,25.639517130284236
13,4379.26,86.04,86.515,86.04540000000001,86.50139999999999,25.64200941991827
14,4379.28,86.055,86.47,86.0504,86.50219999999999,25.64200949833114
15,4379.3,86.07,86.46000000000001,86.05380000000001,86.50059999999999,25.639517366999478
16,4379.32,86.03,86.45,86.0534,86.49860000000001,25.64093734598147
17,4379.34,85.99,86.455,86.05,86.49680000000001,25.639517522432364
18,4379.36,86.03,86.46,86.0468,86.4972,25.639517600837827
19,4379.38,86.07,86.505,86.045,86.50139999999999,25.644846441806855
20,4379.4,86.08,86.55,86.0434,86.5068,25.644846520764677
21,4379.42,86.09,86.565,86.0438,86.51219999999999,25.64235852765544
22,4379.44,86.225,86.58,86.0512,86.517,25.638452504536822
23,4379.46,86.36,86.535,86.066,86.5188,25.642358686378014
24,4379.48,86.225,86.49,86.0774,86.5174,25.654086523728274
25,4379.5,86.09,86.5,86.08040000000001,86.515,25.652669356594647
26,4379.52,86.06,86.51,86.0792,86.51419999999999,25.65017585081475
27,4379.54,86.03,86.42,86.07619999999999,86.51099999999998,25.656923905678358
28,4379.56,86.065,86.33,86.074,86.5054,25.65834388891591
29,4379.58,86.1,86.395,86.0754,86.50359999999999,25.653015599336964
30,4379.6,86.1,86.46,86.079,86.50299999999999,25.65301567791368
31,4379.62,86.1,86.47999999999999,86.08120000000001,86.50179999999999,25.666514470323342
32,4379.64,86.03,86.5,86.07919999999999,86.499,25.678592276384773
33,4379.66,85.96,86.47999999999999,86.07599999999998,86.493,25.677170676878163
34,4379.68,85.955,86.46,86.07419999999998,86.48819999999999,25.678592433681136
35,4379.7,85.95,86.47,86.0714,86.4858,25.6881898496995
36,4379.72,85.97,86.48,86.06859999999999,86.48320000000001,25.68818992938424
37,4379.74,85.99,86.505,86.0666,86.48099999999998,25.682863017545795
38,4379.76,85.97999999999999,86.53,86.0642,86.4816,25.6814387628038
39,4379.78,85.97,86.495,86.0608,86.4826,25.68392070472099
40,4379.8,85.91499999999999,86.46,86.0546,86.4826,25.690670732331714
41,4379.82,85.86,86.475,86.04780000000001,86.48359999999998,25.693517413885004
42,4379.84,85.875,86.49,86.0432,86.485,25.696367634415118
43,4379.86,85.89,86.5,86.0376,86.4866,25.696367713372062
44,4379.88,85.965,86.51,86.0334,86.48679999999999,25.69104129419814
45,4379.9,86.04,86.5,86.0318,86.48479999999999,25.693895645459563
46,4379.92,85.975,86.49,86.0272,86.4818,25.70740426193404
47,4379.94,85.91,86.505,86.01460000000002,86.47879999999999,25.71415919538075
48,4379.96,85.91,86.52,85.9966,86.4782,25.707404419932022
49,4379.98,85.91,86.55,85.984,86.4806,25.707404501270936
50,4380.0,85.865,86.58,85.975,86.48379999999999,25.72091468062975
51,4380.02,85.82,86.565,85.96539999999999,86.486,25.72910179353396
52,4380.04,85.8,86.55,85.95620000000001,86.4912,25.73053415549278
53,4380.06,85.78,86.525,85.9448,86.49900000000001,25.737291433598234
54,4380.08,85.855,86.5,85.93499999999999,86.50319999999999,25.73872526391854
55,4380.1,85.93,86.465,85.9282,86.5034,25.733401607638307
56,4380.12,85.875,86.43,85.9192,86.50140000000002,25.726643707838118
57,4380.14,85.82,86.42,85.9108,86.4982,25.721319953739474
58,4380.16,85.88999999999999,86.41,85.90800000000002,86.4954,25.729513437257967
59,4380.18,85.96,86.42,85.9082,86.49380000000001,25.74303220791807
60,4380.2,85.905,86.43,85.90639999999999,86.4922,25.749792215034176
61,4380.22,85.85,86.44,85.9016,86.4906,25.751230156465063
62,4380.24,85.78999999999999,86.45,85.89359999999999,86.4884,25.760870668630687
63,4380.26,85.73,86.495,85.88359999999999,86.487,25.774396035421482
64,4380.28,85.84,86.54,85.8784,86.48880000000001,25.77827630744974
65,4380.3,85.95,86.55000000000001,85.87979999999999,86.4924,25.778276388635682
66,4380.32,85.905,86.56,85.88159999999999,86.4958,25.781159500092166
67,4380.34,85.86,86.53999999999999,85.881,86.49779999999998,25.789366604859925
68,4380.36,85.88,86.52,85.8806,86.49859999999998,25.792256157696343
69,4380.38,85.9,86.475,85.87799999999999,86.4972,25.788382713612233
70,4380.4,85.86,86.43,85.8708,86.4944,25.786936443307226
71,4380.42,85.82,86.42,85.86460000000001,86.4916,25.786936524804805
72,4380.44,85.85499999999999,86.41,85.8624,86.48780000000001,25.795149470126393
73,4380.46,85.89,86.41499999999999,85.8616,86.48360000000001,25.80868372455814
74,4380.48,85.8,86.42,85.85719999999999,86.47840000000001,25.808683807342053
75,4380.5,85.71,86.42,85.85099999999998,86.47200000000001,25.80336500395831
76,4380.52,85.69999999999999,86.42,85.84620000000001,86.46620000000001,25.806264503045078
77,4380.54,85.69,86.46000000000001,85.8418,86.46260000000001,25.818351693520682
78,4380.56,85.75,86.5,85.84060000000001,86.4616,25.83575707149196
79,4380.58,85.81,86.495,85.8388,86.4614,25.838660601562573
80,4380.6,85.775,86.49,85.83259999999999,86.4624,25.83334318358858
81,4380.62,85.74,86.43,85.82719999999999,86.4624,25.83866076674
82,4380.64,85.725,86.37,85.8234,86.4604,25.84688480997113
83,4380.66,85.71,86.325,85.8162,86.457,25.853656193476127
84,4380.68,85.69,86.28,85.80539999999999,86.45139999999999,25.857519290877555
85,4380.7,85.67,86.255,85.796,86.4444,25.857519373761264
86,4380.72,85.64500000000001,86.23,85.7878,86.436,25.85365644280733
87,4380.74,85.62,86.33500000000001,85.781,86.43140000000001,25.852202331731853
88,4380.76,85.59,86.44,85.7754,86.42920000000002,25.861384212835407
89,4380.78,85.56,86.395,85.7642,86.4234,25.862837016029438
90,4380.8,85.67500000000001,86.35,85.75320000000002,86.4154,25.858973682454216
91,4380.82,85.79,86.275,85.74860000000001,86.40400000000001,25.8672005968587
92,4380.84,85.86000000000001,86.2,85.74859999999998,86.39040000000001,25.87542991853215
93,4380.86,85.93,86.25,85.75060000000002,86.37960000000001,25.873973202820316
94,4380.88,85.79,86.3,85.7462,86.3726,25.879289603988816
95,4380.9,85.65,86.305,85.73780000000001,86.3676,25.898151337096714
96,4380.92,85.655,86.31,85.73119999999999,86.36319999999999,25.90638252882904
97,4380.94,85.66,86.305,85.7234,86.359,25.89721104994579
98,4380.96,85.685,86.3,85.71520000000001,86.3544,25.89335667761114
99,4380.98,85.71,86.28,85.71160000000002,86.34880000000001,25.905447165598893
100,4381.0,85.675,86.26,85.7102,86.3424,25.917537738468823
101,4381.02,85.64,86.245,85.70779999999999,86.33539999999999,25.918999814147572
102,4381.04,85.64,86.23,85.7058,86.32619999999999,25.919931675814635
103,4381.06,85.64,86.24000000000001,85.70139999999999,86.3158,25.926189531918194
104,4381.08,85.64500000000001,86.25,85.6948,86.306,25.935367139229356
105,4381.1,85.65,86.245,85.68980000000002,86.29620000000001,25.939229977129546
106,4381.12,85.665,86.24,85.6868,86.2886,25.936822567482402
107,4381.14,85.68,86.235,85.685,86.2832,25.93296263928357
108,4381.16,85.62,86.23,85.68140000000001,86.27940000000001,25.93005073008144
109,4381.18,85.56,86.16,85.67620000000001,86.2746,25.93391316776985
110,4381.2,85.66499999999999,86.09,85.676,86.26799999999999,25.946001429174295
111,4381.22,85.77,86.1,85.681,86.26279999999998,25.947456175850572
112,4381.24,85.71000000000001,86.11,85.6846,86.2538,25.942139611052575
113,4381.26,85.65,86.095,85.68700000000001,86.24,25.947456342565975
114,4381.28,85.63,86.08,85.68979999999999,86.2274,25.95422841502024
115,4381.3,85.61,86.12,85.68719999999999,86.2182,25.961000866165957
116,4381.32,85.56,86.16,85.678,86.21359999999999,25.966317306880196
117,4381.34,85.51,86.14,85.66400000000002,86.2112,25.959545218392236
118,4381.36,85.485,86.12,85.6462,86.206,25.947456758628658
119,4381.38,85.46,86.045,85.633,86.1958,25.947456842645483
120,4381.4,85.54499999999999,85.97,85.6288,86.1824,25.958090526649546
121,4381.42,85.63,86.00999999999999,85.62780000000001,86.17040000000001,25.96195378970222
122,4381.44,85.72999999999999,86.05,85.6306,86.1602,25.960500972013353
123,4381.46,85.83,86.06,85.6364,86.1506,25.95904902653858
124,4381.48,85.84,86.07,85.6416,86.14219999999999,25.95373126348448
125,4381.5,85.85,86.085,85.6486,86.1352,25.953731347795415
126,4381.52,85.765,86.1,85.65360000000001,86.1294,25.96436722378622
127,4381.54,85.68,86.07,85.65520000000001,86.123,25.969685354369346
128,4381.56,85.61500000000001,86.04,85.6542,86.115,25.97210392945152
129,4381.58,85.55,86.01,85.6504,86.10539999999999,25.979846820528355
130,4381.6,85.475,85.98,85.6434,86.09479999999999,25.98083150118924
131,4381.62,85.4,85.96000000000001,85.6328,86.08359999999999,25.9847092363392
132,4381.64,85.47,85.94,85.62440000000001,86.0718,25.990030340977953
133,4381.66,85.54,85.99000000000001,85.62119999999999,86.06220000000002,25.98182607168565
134,4381.68,85.56,86.04,85.62119999999999,86.0574,25.977946162676293
135,4381.7,85.58,86.04,85.61779999999999,86.0554,25.984709563202404
136,4381.72,85.525,86.04,85.60799999999999,86.05300000000001,25.993910278775285
137,4381.74,85.47,86.065,85.5984,86.05120000000001,25.997791533634416
138,4381.76,85.39,86.09,85.588,86.05099999999999,26.001674349903304
139,4381.78,85.31,86.035,85.57520000000001,86.0492,26.01088142650237
140,4381.8,85.28,85.98,85.56200000000001,86.04360000000001,26.020090948345374
141,4381.82,85.25,85.99000000000001,85.54960000000001,86.0368,26.023979229488123
142,4381.84,85.32,86.0,85.54199999999999,86.03119999999998,26.029302992115845
143,4381.86,85.39,85.955,85.53820000000002,86.02459999999999,26.036061355616887
144,4381.88,85.425,85.91,85.5368,86.0192,26.034626934665756
145,4381.9,85.46,85.88,85.5334,86.01559999999999,26.031760627111026
146,4381.92,85.5,85.85,85.5282,86.0092,26.031760707812218
147,4381.94,85.54,85.88499999999999,85.5206,86.0026,26.031760788174715
148,4381.96,85.58500000000001,85.92,85.5108,85.99700000000001,26.026436502274557
149,4381.98,85.63,85.96000000000001,85.5024,85.9926,26.021112314523332
150,4382.0,85.58,86.0,85.4916,85.9892,26.025004483854932
151,4382.02,85.53,85.985,85.4822,85.98460000000001,26.0342232614419
152,4382.04,85.45,85.97,85.473,85.9806,26.042016081162895
153,4382.06,85.37,86.00999999999999,85.4632,85.9794,26.0391619934344
154,4382.08,85.315,86.05,85.45379999999999,85.98100000000001,26.03631139536413
155,4382.1,85.26,86.05,85.4452,85.98380000000002,26.040214832874913
156,4382.12,85.36500000000001,86.05,85.4438,85.9874,26.04163865120024
157,4382.14,85.47,86.03,85.44380000000001,85.991,26.046965924323892
158,4382.16,85.47999999999999,86.01,85.44139999999999,85.99179999999998,26.049447855943022
159,4382.18,85.49,85.995,85.43860000000001,85.99,26.04660598764631
160,4382.2,85.36,85.98,85.42980000000001,85.9876,26.047679114642232
161,4382.22,85.23,86.015,85.418,85.9866,26.048761937565928
162,4382.24,85.45500000000001,86.05,85.4174,85.98599999999999,26.049096900677196
163,4382.26,85.68,86.045,85.429,85.9842,26.056198216316794
164,4382.28,85.66,86.04,85.443,85.9844,26.057621162710795
165,4382.3,85.64,86.02000000000001,85.45739999999999,85.98599999999999,26.05229385524786
166,4382.32,85.64,86.0,85.473,85.98639999999999,26.052293935030843
167,4382.34,85.64,86.03999999999999,85.4858,85.98800000000001,26.057621402260555
168,4382.36,85.64500000000001,86.08,85.49599999999998,85.99300000000001,26.06827654844246
169,4382.38,85.65,86.08,85.505,85.9998,26.068276627249354
170,4382.4,85.665,86.08,85.5132,86.0078,26.05477678099163
171,4382.42,85.68,86.08,85.52040000000001,86.017,26.057264140752643
172,4382.44,85.635,86.08,85.52420000000001,86.0248,26.07325074021483
173,4382.46,85.59,86.06,85.5244,86.03039999999999,26.08141831857946
174,4382.48,85.59,86.04,85.5228,86.0336,26.084260353248062
175,4382.5,85.59,86.05000000000001,85.5232,86.03559999999999,26.07893256056297
176,4382.52,85.565,86.06,85.52459999999999,86.03859999999999,26.07360486473456
177,4382.54,85.54,86.045,85.5282,86.0416,26.08426059196449
178,4382.56,85.53,86.03,85.53460000000001,86.0424,26.10024486871747
179,4382.58,85.52,86.02000000000001,85.5428,86.0412,26.100244947427754
180,4382.6,85.47999999999999,86.01,85.5516,86.0396,26.098824482756704
181,4382.62,85.44,86.035,85.55460000000001,86.03900000000002,26.105573364525956
182,4382.64,85.44,86.06,85.5534,86.0402,26.11232263236414
183,4382.66,85.44,86.07,85.5518,86.04260000000001,26.121558876958957
184,4382.68,85.36500000000001,86.08,85.5468,86.046,26.132216341271107
185,4382.7,85.29,86.11500000000001,85.544,86.0514,26.13896464385833
186,4382.72,85.21000000000001,86.15,85.5432,86.05680000000001,26.136126820623534
187,4382.74,85.13,86.11,85.53020000000001,86.0592,26.138622278035164
188,4382.76,85.195,86.07,85.5108,86.06020000000001,26.145368452158106
189,4382.78,85.26,86.065,85.4948,86.06120000000001,26.14678560016653
190,4382.8,85.22,86.06,85.478,86.06280000000001,26.150698313341618
191,4382.82,85.18,86.015,85.45960000000001,86.06339999999999,26.1560281909796
192,4382.84,85.225,85.97,85.44300000000001,86.0606,26.161699453738464
193,4382.86,85.27,86.02,85.42800000000001,86.0582,26.169868503634024
194,4382.88,85.255,86.07,85.41220000000001,86.0578,26.180525193871702
195,4382.9,85.24,86.12,85.3952,86.05940000000001,26.18336782180512
196,4382.92,85.195,86.17,85.3758,86.06300000000002,26.17804012717419
197,4382.94,85.15,86.125,85.35640000000001,86.06480000000002,26.187274433229888
198,4382.96,85.19,86.08,85.34039999999999,86.06560000000002,26.20468012499319
199,4382.98,85.23,86.07499999999999,85.32600000000001,86.067,26.207523913167243
200,4383.0,85.185,86.07,85.3098,86.0678,26.20504416927953
201,4383.02,85.14,86.03999999999999,85.2928,86.06700000000001,26.21569835311251
202,4383.04,85.065,86.01,85.27380000000001,86.06559999999999,26.235585219231655
203,4383.06,84.99,86.01,85.25219999999999,86.06479999999999,26.249086002211193
204,4383.08,84.995,86.01,85.23119999999999,86.06439999999999,26.25583701076989
205,4383.1,85.0,86.015,85.21199999999999,86.06460000000001,26.25441364666116
206,4383.12,85.03999999999999,86.02,85.196,86.064,26.25583717013659
207,4383.14,85.08,86.065,85.1816,86.0642,26.262588563433606
208,4383.16,85.175,86.11,85.171,86.0658,26.262588643594526
209,4383.18,85.27,86.125,85.1672,86.06759999999998,26.26934042245539
210,4383.2,85.22,86.14,85.1644,86.0686,26.2775186248617
211,4383.22,85.17,86.155,85.16279999999999,86.0688,26.28037337743934
212,4383.24,85.185,86.17,85.165,86.07119999999999,26.288556856256825
213,4383.26,85.2,86.18,85.1652,86.0756,26.300637259129324
214,4383.28,85.155,86.19,85.161,86.08059999999999,26.311287979542044
215,4383.3,85.11,86.14,85.1566,86.08380000000001,26.318043012492847
216,4383.32,85.0,86.09,85.1494,86.0868,26.32193916757641
217,4383.34,84.89,86.045,85.13600000000001,86.0898,26.325836860445662
218,4383.36,84.875,86.0,85.12020000000001,86.089,26.32869389770037
219,4383.38,84.86,86.06,85.1044,86.08859999999999,26.335448929508214
220,4383.4,84.91499999999999,86.12,85.0914,86.0886,26.3528546023528
221,4383.42,84.97,86.08000000000001,85.08239999999999,86.085,26.36636571896576
222,4383.44,85.03,86.04,85.0776,86.0816,26.363905418296397
223,4383.46,85.09,86.035,85.0736,86.07979999999999,26.366773358090544
224,4383.48,85.135,86.03,85.0698,86.07800000000002,26.374967798950074
225,4383.5,85.18,86.095,85.0696,86.079,26.37496788082071
226,4383.52,85.16,86.16,85.07039999999999,86.0838,26.380291117939056
227,4383.54,85.14,86.13499999999999,85.0734,86.0888,26.395247730770187
228,4383.56,85.055,86.11,85.07600000000001,86.09280000000001,26.408769491186906
229,4383.58,84.97,86.11500000000001,85.075,86.09700000000001,26.414091767647125
230,4383.6,85.00999999999999,86.12,85.07539999999999,86.10119999999999,26.417976079656864
231,4383.62,85.05,86.105,85.0758,86.10459999999999,26.427184995438058
232,4383.64,85.095,86.09,85.07639999999999,86.1056,26.43783150357774
233,4383.66,85.14,86.03999999999999,85.075,86.1028,26.444590701300577
234,4383.68,85.07,85.99,85.06700000000001,86.09740000000002,26.45278746056402
235,4383.7,85.0,86.04499999999999,85.0582,86.09359999999998,26.459547981133987
236,4383.72,84.875,86.1,85.04639999999999,86.09140000000001,26.466308879093063
237,4383.74,84.75,86.11,85.029,86.089,26.479831722028717
238,4383.76,84.83,86.12,85.0142,86.08660000000002,26.49335606764653
239,4383.78,84.91,86.08000000000001,85.0044,86.08220000000001,26.493356149810474
240,4383.8,84.955,86.04,84.9982,86.0782,26.485153889276084
241,4383.82,85.0,86.05000000000001,84.9982,86.0766,26.495798104742853
242,4383.84,85.06,86.06,85.005,86.0772,26.514643131813408
243,4383.86,85.12,86.02000000000001,85.0148,86.07800000000002,26.514643213911345
244,4383.88,85.055,85.98,85.0226,86.07480000000001,26.51176528147637
245,4383.9,84.99,86.02000000000001,85.0256,86.0708,26.529170884276965
246,4383.92,85.0,86.06,85.02680000000001,86.07,26.54701458900049
247,4383.94,85.01,86.055,85.02600000000001,86.0706,26.558108960138313
248,4383.96,85.02000000000001,86.05,85.0232,86.0712,26.56874954390013
249,4383.98,85.03,86.08,85.01899999999999,86.0732,26.57118353709277
250,4384.0,85.035,86.11,85.0132,86.0738,26.57650469352095
251,4384.02,85.04,86.065,85.0084,86.07,26.58471127917156
252,4384.04,84.98,86.02,85.00200000000001,86.06540000000001,26.592920218390603
253,4384.06,84.92,86.03,84.9966,86.06219999999999,26.595811877313956
254,4384.08,84.91499999999999,86.04,84.9944,86.0592,26.597259027688807
255,4384.1,84.91,86.03,84.9904,86.05560000000001,26.601131676717863
256,4384.12,85.005,86.02,84.9886,86.05220000000001,26.598240762836145
257,4384.14,85.1,86.0,84.9888,86.04860000000001,26.603561155343158
258,4384.16,85.10499999999999,85.98,84.9874,86.04620000000001,26.606451660445476
259,4384.18,85.11,86.015,84.98899999999999,86.04719999999999,26.602578791953327
260,4384.2,85.055,86.05,84.99119999999999,86.04740000000001,26.617091583324903
261,4384.22,85.0,86.09,84.99619999999999,86.04699999999998,26.633052034010785
262,4384.24,84.955,86.13,85.0044,86.04780000000001,26.64126279771308
263,4384.26,84.91,86.145,85.0076,86.04879999999999,26.65190265817694
264,4384.28,84.86,86.16,85.0056,86.05199999999999,26.659654854104662
265,4384.3,84.81,86.115,84.9998,86.055,26.664975743226886
266,4384.32,84.84,86.07,84.99340000000001,86.05580000000002,26.671739757496745
267,4384.34,84.87,86.095,84.9858,86.0572,26.68238136655458
268,4384.36,84.81,86.12,84.9734,86.06119999999999,26.691581488248197
269,4384.38,84.75,86.14500000000001,84.9612,86.06779999999999,26.69546222257011
270,4384.4,84.735,86.17,84.95100000000001,86.07379999999999,26.695462305913765
271,4384.42,84.72,86.13499999999999,84.93979999999999,86.0768,26.700784165371445
272,4384.44,84.685,86.1,84.9268,86.07860000000001,26.70998906009831
273,4384.46,84.65,86.12,84.912,86.08139999999999,26.71243655745646
274,4384.48,84.56,86.14,84.8932,86.0838,26.713454485694108
275,4384.5,84.47,86.155,84.8706,86.0856,26.715913246324806
276,4384.52,84.395,86.17,84.84479999999999,86.0898,26.73188754208776
277,4384.54,84.32,86.17,84.8184,86.0958,26.75461814377194
278,4384.56,84.35499999999999,86.17,84.7958,86.1014,26.770593592720093
279,4384.58,84.39,86.195,84.7748,86.1076,26.778387630345403
280,4384.6,84.45,86.22,84.7564,86.11519999999999,26.782286957478938
281,4384.62,84.51,86.15,84.7366,86.12039999999999,26.791514624117106
282,4384.64,84.555,86.08,84.7148,86.12359999999998,26.799321502822462
283,4384.66,84.6,86.08,84.6946,86.1276,26.804649261355554
284,4384.68,84.56,86.08,84.6726,86.1302,26.812823128625773
285,4384.7,84.52,86.095,84.65119999999999,86.13199999999999,26.824901619786427
286,4384.72,84.525,86.11,84.6322,86.1328,26.834133062350897
287,4384.74,84.53,86.12,84.6152,86.1324,26.836617632549554
288,4384.76,84.53,86.13,84.6,86.1318,26.841946049450865
289,4384.78,84.53,86.125,84.5868,86.13040000000001,26.848695167933617
290,4384.8,84.62,86.12,84.5792,86.1306,26.85260316706737
291,4384.82,84.71,86.155,84.574,86.134,26.86184166266299
292,4384.84,84.74,86.19,84.56880000000001,86.13780000000001,26.87250000992174
293,4384.86,84.77,86.185,84.56720000000001,86.14040000000001,26.87782936455639
294,4384.88,84.75,86.18,84.56720000000001,86.1418,26.885995239333173
295,4384.9,84.73,86.18,84.56700000000001,86.14219999999999,26.89949189658148
296,4384.92,84.745,86.18,84.568,86.14399999999999,26.90624083190505
297,4384.94,84.76,86.16,84.571,86.1464,26.90766208925172
298,4384.96,84.76,86.14,84.57539999999999,86.1472,26.911569329680614
299,4384.98,84.76,86.13,84.5834,86.1468,26.920806874409234
300,4385.0,84.85,86.12,84.5986,86.1454,26.932883768022375
301,4385.02,84.94,86.15,84.62039999999999,86.1446,26.939632140149254
302,4385.04,85.045,86.18,84.6494,86.145,26.934303701320374
303,4385.06,85.15,86.22,84.6812,86.147,26.928975356355018
304,4385.08,85.18,86.26,84.71279999999999,86.1496,26.927555386966432
305,4385.1,85.21,86.315,84.7432,86.1534,26.931465252021297
306,4385.12,85.11,86.37,84.76720000000002,86.16220000000001,26.943541957142333
307,4385.14,85.01,86.325,84.78540000000001,86.17200000000001,26.948871027358543
308,4385.16,84.995,86.28,84.8012,86.18,26.95420019008418
309,4385.18,84.98,86.235,84.818,86.18619999999999,26.96769573302871
310,4385.2,84.92,86.19,84.834,86.19,26.981192779543004
311,4385.22,84.86,86.225,84.8474,86.1946,26.987941905825046
312,4385.24,84.88,86.26,84.86139999999999,86.20020000000001,26.993270226599282
313,4385.26,84.9,86.285,84.87619999999998,86.20639999999999,27.003927067778058
314,4385.28,84.97,86.31,84.8938,86.21379999999999,27.01458428122056
315,4385.3,85.04,86.28,84.91060000000002,86.2202,27.018494130271954
316,4385.32,85.06,86.25,84.92460000000001,86.22399999999999,27.01957236507831
317,4385.34,85.08,86.19,84.9382,86.22399999999999,27.022073274004033
318,4385.36,85.045,86.13,84.9492,86.2218,27.028817905154856
319,4385.38,85.01,86.16,84.95960000000001,86.221,27.042308217851755
320,4385.4,84.945,86.19,84.9682,86.22140000000002,27.049053980257153
321,4385.42,84.88,86.19,84.9736,86.2218,27.04905406186898
322,4385.44,84.89,86.19,84.97879999999999,86.22300000000001,27.0558001985884
323,4385.46,84.9,86.205,84.98440000000001,86.22560000000001,27.067876253205903
324,4385.48,84.885,86.22,84.9894,86.2292,27.078535694207982
325,4385.5,84.87,86.205,84.9902,86.2326,27.083865594507586
326,4385.52,84.9,86.19,84.9886,86.2342,27.08919558686456
327,4385.54,84.93,86.19,84.984,86.23459999999999,27.099855767134326
328,4385.56,84.975,86.19,84.977,86.2334,27.10627624459013
329,4385.58,85.02,86.195,84.97059999999999,86.2308,27.112707979163773
330,4385.6,85.02,86.2,84.963,86.2262,27.119449448231563
331,4385.62,85.02,86.205,84.9594,86.21959999999999,27.12478156611323
332,4385.64,84.96000000000001,86.21,84.95739999999999,86.215,27.14077830155432
333,4385.66,84.9,86.18,84.95360000000001,86.21099999999998,27.154260803576953
334,4385.68,84.92,86.15,84.95119999999999,86.2076,27.157081768567583
335,4385.7,84.94,86.07,84.95200000000001,86.20280000000001,27.16382474994226
336,4385.72,85.0,85.99,84.9576,86.1934,27.16382483304834
337,4385.74,85.06,85.97999999999999,84.9648,86.1822,27.159906254110805
338,4385.76,85.00999999999999,85.97,84.9692,86.1696,27.168064292307907
339,4385.78,84.96,86.0,84.96879999999999,86.15720000000002,27.17480933028533
340,4385.8,84.975,86.03,84.96620000000001,86.1472,27.180139685563418
341,4385.82,84.99,86.05,84.96340000000001,86.1392,27.185470132711337
342,4385.84,84.94,86.07,84.95779999999999,86.13439999999999,27.196131219623663
343,4385.86,84.89,86.08,84.9516,86.1324,27.210710940616824
344,4385.88,84.95,86.09,84.9492,86.1296,27.210711023222327
345,4385.9,85.01,86.025,84.9518,86.12299999999999,27.209621017839346
346,4385.92,84.95,85.96,84.95460000000001,86.1138,27.21636643711794
347,4385.94,84.89,85.975,84.95459999999999,86.10519999999998,27.220281814002202
348,4385.96,84.89,85.99,84.9542,86.0966,27.22702686222668
349,4385.98,84.89,86.065,84.9544,86.0904,27.23377228423052
350,4386.0,84.91499999999999,86.14,84.9562,86.0878,27.239102449552657
351,4386.02,84.94,86.16,84.95779999999999,86.0866,27.25117805047887
352,4386.04,84.97,86.18,84.9594,86.0862,27.263253746307463
353,4386.06,85.0,86.08500000000001,84.96039999999999,86.082,27.267168735170785
354,4386.08,85.00999999999999,85.99,84.96,86.07379999999999,27.264341157487127
355,4386.1,85.02,85.94,84.96,86.0634,27.269672149042933
356,4386.12,84.94999999999999,85.89,84.9572,86.0508,27.2870778159133
357,4386.14,84.88,85.81,84.954,86.03479999999999,27.29382176168185
358,4386.16,84.79499999999999,85.73,84.9498,86.0168,27.299152656377554
359,4386.18,84.71,85.78999999999999,84.94139999999999,86.0024,27.306991394324804
360,4386.2,84.805,85.85,84.936,85.99359999999999,27.300249281999417
361,4386.22,84.9,85.85499999999999,84.93199999999999,85.98819999999999,27.29632855475375
362,4386.24,84.80000000000001,85.86,84.9216,85.9834,27.3137342095586
363,4386.26,84.7,85.815,84.9092,85.9772,27.325808502228373
364,4386.28,84.73,85.77,84.9,85.96799999999999,27.327220629954805
365,4386.3,84.76,85.75999999999999,84.89139999999999,85.95720000000001,27.34070846391226
366,4386.32,84.82,85.75,84.88459999999999,85.9452,27.352783514347742
367,4386.34,84.88,85.71000000000001,84.8822,85.9308,27.35811421924255
368,4386.36,84.85,85.67,84.8806,85.91439999999999,27.364858739811933
369,4386.38,84.82,85.705,84.87540000000001,85.899,27.37693398026652
370,4386.4,84.805,85.74,84.8672,85.8876,27.387595028374978
371,4386.42,84.79,85.745,84.8608,85.87899999999999,27.38618165570242
372,4386.44,84.73,85.75,84.85439999999998,85.87,27.38476911429505
373,4386.46,84.67,85.72,84.84559999999999,85.8592,27.396843701190154
374,4386.48,84.64,85.69,84.8356,85.84419999999999,27.408918382341216
375,4386.5,84.61,85.63499999999999,84.8234,85.824,27.414249448172455
376,4386.52,84.63,85.58,84.811,85.8008,27.422406708551012
377,4386.54,84.65,85.57,84.7982,85.7764,27.431981960633344
378,4386.56,84.72,85.56,84.78699999999999,85.75540000000001,27.431982043394054
379,4386.58,84.79,85.545,84.7782,85.7376,27.42382125307594
380,4386.6,84.845,85.53,84.7712,85.7212,27.42773765270132
381,4386.62,84.9,85.425,84.7692,85.7026,27.43306844128394
382,4386.64,84.88,85.32,84.7692,85.68299999999999,27.43589684771179
383,4386.66,84.86,85.365,84.7718,85.6684,27.437312336201163
384,4386.68,84.81,85.41,84.7758,85.6532,27.429152003109973
385,4386.7,84.76,85.435,84.774,85.6366,27.42915208672669
386,4386.72,84.725,85.46,84.76700000000001,85.6208,27.431982702923108
387,4386.74,84.69,85.41,84.7626,85.6028,27.43056710416673
388,4386.76,84.74000000000001,85.36,84.7642,85.5846,27.439813289196483
389,4386.78,84.79,85.38,84.7666,85.569,27.458633273528317
390,4386.8,84.815,85.4,84.7688,85.55460000000001,27.47070871078134
391,4386.82,84.84,85.37,84.76960000000001,85.53939999999999,27.46929420512319
392,4386.84,84.715,85.34,84.76299999999999,85.5246,27.476039119898218
393,4386.86,84.59,85.30000000000001,84.7526,85.5098,27.484200100119732
394,4386.88,84.67,85.26,84.7466,85.492,27.481704819733036
395,4386.9,84.75,85.225,84.7444,85.47139999999999,27.48454263840981
396,4386.92,84.87,85.19,84.7476,85.4492,27.49129124237256
397,4386.94,84.99,85.16499999999999,84.758,85.4258,27.492711985890786
398,4386.96,84.945,85.14,84.76899999999999,85.40259999999998,27.492712069168334
399,4386.98,84.9,85.12,84.77940000000001,85.37980000000002,27.492712152784794
400,4387.0,84.905,85.1,84.79119999999999,85.3584,27.4927122353618
401,4387.02,84.91,85.085,84.80239999999999,85.3386,27.498040546405424
402,4387.04,84.85499999999999,85.07,84.8106,85.31859999999999,27.50336895015426
403,4387.06,84.8,85.125,84.81379999999999,85.3012,27.498040712928145
404,4387.08,84.82,85.18,84.815,85.28659999999999,27.490228787097823
405,4387.1,84.84,85.125,84.81479999999999,85.2704,27.486325072039666
406,4387.12,84.85,85.07,84.81280000000001,85.25619999999999,27.48490146074166
407,4387.14,84.86,84.985,84.81200000000001,85.2428,27.491652456235705
408,4387.16,84.815,84.9,84.81020000000001,85.2242,27.50373094425022
409,4387.18,84.77,84.885,84.80859999999998,85.2032,27.50763482616006
410,4387.2,84.85499999999999,84.87,84.8124,85.1806,27.503731110856926
411,4387.22,84.94,84.92500000000001,84.821,85.1592,27.503731195140304
412,4387.24,84.91499999999999,84.98,84.83,85.14200000000001,27.507635078038213
413,4387.26,84.89,85.015,84.836,85.12819999999999,27.507635160523478
414,4387.28,84.82,85.05,84.8372,85.115,27.50621265130606
415,4387.3,84.75,85.025,84.8346,85.1,27.507635327958962
416,4387.32,84.745,85.0,84.8308,85.0852,27.519713539882527
417,4387.34,84.74,84.95,84.8318,85.0696,27.531791843517656
418,4387.36,84.785,84.9,84.83959999999999,85.0536,27.52398726700558
419,4387.38,84.83,84.825,84.84599999999999,85.03620000000001,27.513334294860485
420,4387.4,84.86500000000001,84.75,84.8506,85.01720000000002,27.511908480422733
421,4387.42,84.9,84.77000000000001,84.8518,85.00040000000001,27.50373202747195
422,4387.44,84.855,84.79,84.84639999999999,84.98540000000001,27.49840498576458
423,4387.46,84.81,84.78,84.84100000000001,84.971,27.501255491345542
424,4387.48,84.725,84.77,84.834,84.95700000000001,27.51333471086921
425,4387.5,84.64,84.805,84.8234,84.9452,27.52541402153379
426,4387.52,84.69,84.84,84.81459999999998,84.93539999999999,27.520087808234305
427,4387.54,84.74,84.735,84.81,84.92200000000001,27.518661444021994
428,4387.56,84.755,84.63,84.8082,84.9022,27.522562755279523
429,4387.58,84.77,84.58500000000001,84.80619999999999,84.8784,27.522562838736313
430,4387.6,84.78,84.54,84.8038,84.855,27.522562921854245
431,4387.62,84.79,84.51,84.8014,84.8326,27.515811357949847
432,4387.64,84.815,84.48,84.7996,84.8124,27.509060160451877
433,4387.66,84.84,84.51,84.80059999999999,84.7968,27.498405899977733
434,4387.68,84.795,84.54,84.8016,84.78300000000002,27.48917735923226
435,4387.7,84.75,84.52000000000001,84.7974,84.76900000000002,27.489177443023717
436,4387.72,84.715,84.5,84.7884,84.75200000000001,27.48775217509196
437,4387.74,84.68,84.505,84.779,84.73299999999999,27.486327733423703
438,4387.76,84.69,84.51,84.771,84.7128,27.48632781701306
439,4387.78,84.7,84.48,84.76620000000001,84.69,27.493079366254474
440,4387.8,84.71000000000001,84.45,84.76460000000002,84.667,27.498406483235907
441,4387.82,84.72,84.4,84.76360000000001,84.64300000000001,27.48632806678795
442,4387.84,84.725,84.35,84.76299999999999,84.619,27.475673992213355
443,4387.86,84.73,84.36,84.7608,84.5974,27.47034713458583
444,4387.88,84.71000000000001,84.37,84.756,84.5792,27.46359556629723
445,4387.9,84.69,84.41,84.749,84.56560000000002,27.46217167441203
446,4387.92,84.685,84.45,84.74040000000001,84.5528,27.459326289533426
447,4387.94,84.68,84.36500000000001,84.7334,84.5358,27.45790488048742
448,4387.96,84.61000000000001,84.28,84.7254,84.5158,27.46039324304021
449,4387.98,84.54,84.225,84.71799999999999,84.494,27.456139613465382
450,4388.0,84.665,84.17,84.719,84.46860000000001,27.446898202969027
451,4388.02,84.79,84.16499999999999,84.72300000000001,84.4416,27.43624008306489
452,4388.04,84.855,84.16,84.7276,84.41860000000001,27.42558232951942
453,4388.06,84.92,84.065,84.7342,84.396,27.41776599010527
454,4388.08,84.735,83.97,84.73280000000001,84.3714,27.42558249257569
455,4388.1,84.55,83.94,84.7236,84.3474,27.43198836708362
456,4388.12,84.425,83.91,84.709,84.3234,27.426330671046966
457,4388.14,84.3,83.99,84.6884,84.3038,27.413944943038324
458,4388.16,84.445,84.07,84.6726,84.2862,27.39794878299201
459,4388.18,84.59,84.04499999999999,84.6644,84.26639999999999,27.392616965345162
460,4388.2,84.62,84.02,84.6592,84.2464,27.38979870001453
461,4388.22,84.65,83.94999999999999,84.6566,84.2244,27.38446642311512
462,4388.24,84.61,83.88,84.6538,84.19939999999998,27.37913423706649
463,4388.26,84.57,83.8,84.649,84.171,27.37380214158256
464,4388.28,84.555,83.72,84.6432,84.14059999999999,27.37631827988536
465,4388.3,84.54,83.735,84.6364,84.11200000000001,27.376030019032008
466,4388.32,84.52000000000001,83.75,84.6284,84.086,27.36929270718238
467,4388.34,84.5,83.695,84.6194,84.0598,27.36395869291185
468,4388.36,84.565,83.64,84.61280000000001,84.031,27.358624768506406
469,4388.38,84.63,83.58500000000001,84.60959999999999,83.99960000000002,27.353290934054247
470,4388.4,84.59,83.53,84.60560000000001,83.96440000000001,27.34655344550866
471,4388.42,84.55,83.49000000000001,84.6002,83.926,27.333079517119454
472,4388.44,84.57499999999999,83.45,84.596,83.88940000000001,27.31960709322973
473,4388.46,84.6,83.44,84.59559999999999,83.8558,27.314272429395807
474,4388.48,84.585,83.43,84.5974,83.824,27.308937855354454
475,4388.5,84.57,83.30000000000001,84.59360000000001,83.7892,27.296867131310073
476,4388.52,84.475,83.17,84.581,83.74940000000001,27.291268503709468
477,4388.54,84.38,83.05000000000001,84.56200000000001,83.705,27.278951882339495
478,4388.56,84.33,82.93,84.5384,83.6596,27.256209606758258
479,4388.58,84.28,82.885,84.5202,83.6162,27.240199115472738
480,4388.6,84.25999999999999,82.84,84.50859999999999,83.5722,27.2334674873513
481,4388.62,84.24,82.705,84.50119999999998,83.524,27.22139919136149
482,4388.64,84.205,82.57,84.4974,83.46719999999999,27.209330996200187
483,4388.66,84.17,82.56,84.48639999999999,83.4068,27.20120709873102
484,4388.68,84.215,82.55,84.47139999999999,83.347,27.193085552484003
485,4388.7,84.26,82.6,84.45700000000001,83.2902,27.181018438329392
486,4388.72,84.35,82.65,84.445,83.23819999999999,27.16500459319506
487,4388.74,84.44,82.605,84.4382,83.18719999999999,27.154329167933103
488,4388.76,84.41499999999999,82.56,84.432,83.1376,27.14226167898723
489,4388.78,84.39,82.495,84.42540000000001,83.0886,27.130194292915334
490,4388.8,84.42,82.43,84.4206,83.03640000000001,27.12346500283561
491,4388.82,84.45,82.305,84.4178,82.9786,27.111397916269055
492,4388.84,84.41499999999999,82.18,84.4144,82.91799999999999,27.09399274799991
493,4388.86,84.38,82.05000000000001,84.40700000000001,82.8544,27.07658758011882
494,4388.88,84.395,81.92,84.3976,82.7878,27.06057361803337
495,4388.9,84.41,81.785,84.39039999999999,82.71800000000002,27.0392228923598
496,4388.92,84.44,81.65,84.38600000000001,82.6444,27.016480197100854
497,4388.94,84.47,81.565,84.3818,82.569,26.99907497865142
498,4388.96,84.47,81.48,84.3766,82.4906,26.981669760202788
499,4388.98,84.47,81.42500000000001,84.37200000000001,82.41040000000001,26.960320754435003
500,4389.0,84.36,81.37,84.36359999999999,82.33319999999999,26.949646829501514
501,4389.02,84.25,81.305,84.35459999999999,82.2586,26.936184653894845
502,4389.04,84.19,81.24,84.34700000000001,82.18620000000001,26.903926866071192
503,4389.06,84.13,81.09,84.339,82.1126,26.878402072997122
504,4389.08,84.13,80.94,84.333,82.03479999999999,26.87167392936478
505,4389.1,84.13,80.845,84.32779999999998,81.955,26.854268792297635
506,4389.12,84.225,80.75,84.32719999999999,81.8768,26.826186622967217
507,4389.14,84.32,80.66,84.3318,81.8004,26.798104786994635
508,4389.16,84.34,80.57,84.33859999999999,81.7208,26.768632700538184
509,4389.18,84.36,80.555,84.34440000000001,81.641,26.74449924167249
510,4389.2,84.36500000000001,80.54,84.3486,81.55860000000001,26.727094101729765
511,4389.22,84.37,80.465,84.34939999999999,81.4712,26.70435044148892
512,4389.24,84.28,80.39,84.34299999999999,81.3826,26.68438867278564
513,4389.26,84.19,80.195,84.334,81.288,26.659094287932046
514,4389.28,84.13499999999999,80.0,84.32379999999999,81.1882,26.629620884231326
515,4389.3,84.08,79.86500000000001,84.31020000000001,81.0856,26.606878481612867
516,4389.32,84.13,79.73,84.2974,80.9826,26.58692630797981
517,4389.34,84.18,79.685,84.288,80.8828,26.56024515032895
518,4389.36,84.20500000000001,79.64,84.281,80.7864,26.532167975315858
519,4389.38,84.23,79.58,84.2744,80.69279999999999,26.509426854883817
520,4389.4,84.215,79.52,84.2666,80.6022,26.476014671128617
521,4389.42,84.2,79.43,84.25699999999999,80.5134,26.43866864687782
522,4389.44,84.16,79.34,84.2446,80.42439999999999,26.413398514279848
523,4389.46,84.12,79.195,84.2306,80.333,26.386729323959596
524,4389.48,84.055,79.05,84.214,80.238,26.3586568310731
525,4389.5,83.99,78.945,84.1992,80.14099999999999,26.330584697756468
526,4389.52,84.005,78.84,84.1894,80.0424,26.302512924444812
527,4389.54,84.02,78.745,84.18260000000001,79.9426,26.269108673784597
528,4389.56,84.11,78.65,84.18180000000001,79.845,26.231781523972792
529,4389.58,84.2,78.58500000000001,84.1846,79.7508,26.199790520412158
530,4389.6,84.14,78.52,84.185,79.65780000000001,26.173133971930056
531,4389.62,84.08,78.285,84.1792,79.5592,26.137233550674456
532,4389.64,83.91,78.05,84.16279999999999,79.45479999999999,26.102422405684838
533,4389.66,83.74,77.87,84.13879999999999,79.3468,26.066196500808335
534,4389.68,83.725,77.69,84.1134,79.2322,26.028885937360705
535,4389.7,83.71,77.61,84.08720000000001,79.115,25.998327748768833
536,4389.72,83.66,77.53,84.05879999999999,78.9976,25.971684604244615
537,4389.74,83.61,77.45,84.03200000000001,78.88,25.938294281861054
538,4389.76,83.61,77.37,84.0088,78.76700000000001,25.907750936932604
539,4389.78,83.61,77.185,83.9878,78.65440000000001,25.87864250571801
540,4389.8,83.52000000000001,77.0,83.9654,78.5398,25.841362582273206
541,4389.82,83.43,76.945,83.9374,78.4284,25.802656367876267
542,4389.84,83.375,76.89,83.90520000000001,78.31660000000001,25.762520315689642
543,4389.86,83.32,76.72999999999999,83.8698,78.2002,25.71705965580922
544,4389.88,83.3,76.57,83.8326,78.0798,25.67978950876543
545,4389.9,83.28,76.405,83.79520000000001,77.9552,25.64252425841961
546,4389.92,83.205,76.24,83.7554,77.8276,25.605263926854136
547,4389.94,83.13,76.13,83.7142,77.6992,25.568008534216133
548,4389.96,82.99,76.02,83.669,77.5722,25.53607929875519
549,4389.98,82.85,75.955,83.6208,77.4484,25.50559771773923
550,4390.0,82.785,75.89,83.57260000000001,77.3262,25.46835795429264
551,4390.02,82.72,75.745,83.5212,77.20240000000001,25.424355840092996
552,4390.04,82.64,75.6,83.46600000000001,77.0766,25.384226121854123
553,4390.06,82.56,75.50999999999999,83.404,76.951,25.346995842310015
554,4390.08,82.45,75.42,83.334,76.82440000000001,25.3141327135629
555,4390.1,82.34,75.295,83.262,76.69539999999999,25.285151167476172
556,4390.12,82.255,75.17,83.189,76.5708,25.25472216755996
557,4390.14,82.17,75.09,83.1194,76.4524,25.216060342776963
558,4390.16,82.14500000000001,75.01,83.0556,76.33800000000001,25.17740029190443
559,4390.18,82.12,74.97,82.9914,76.22919999999999,25.140207992083873
560,4390.2,82.03999999999999,74.93,82.9246,76.122,25.101552781895904
561,4390.22,81.96,74.83000000000001,82.8566,76.01400000000001,25.06289937592507
562,4390.24,81.775,74.73,82.7832,75.90520000000001,25.029559334973378
563,4390.26,81.59,74.67500000000001,82.7024,75.79740000000001,24.990909111283216
564,4390.28,81.45,74.62,82.616,75.6948,24.952260712438225
565,4390.3,81.31,74.475,82.5276,75.5938,24.915088397571967
566,4390.32,81.16,74.33,82.4368,75.4892,24.88470771552705
567,4390.34,81.01,74.19,82.34219999999999,75.38119999999999,24.849027705029922
568,4390.36,80.88,74.05,82.24459999999999,75.274,24.80656806463309
569,4390.38,80.75,73.96000000000001,82.1426,75.1696,24.767936780769038
570,4390.4,80.715,73.87,82.04,75.06819999999999,24.73609947503834
571,4390.42,80.68,73.78999999999999,81.939,74.97019999999999,24.704266182324666
572,4390.44,80.61500000000001,73.71,81.83840000000001,74.8734,24.670947168232814
573,4390.46,80.55,73.66999999999999,81.7408,74.77940000000001,24.63912002781883
574,4390.48,80.245,73.63,81.6366,74.68639999999999,24.612600521439663
575,4390.5,79.94,73.57499999999999,81.5228,74.5938,24.577793143578578
576,4390.52,79.85,73.52,81.408,74.50479999999999,24.542985775668033
577,4390.54,79.76,73.50999999999999,81.2928,74.4212,24.516469448983116
578,4390.56,79.67,73.5,81.1772,74.3408,24.489955967155563
579,4390.58,79.58,73.39500000000001,81.0624,74.2598,24.456645794563233
580,4390.6,79.505,73.29,80.949,74.1796,24.419534224212146
581,4390.62,79.43,73.22,80.836,74.1016,24.383930590693986
582,4390.64,79.385,73.15,80.7246,74.024,24.352131976309884
583,4390.66,79.34,73.095,80.61240000000001,73.9474,24.3173260008152
584,4390.68,79.16499999999999,73.04,80.4942,73.87020000000001,24.289324546369947
585,4390.7,78.99,72.95,80.3722,73.791,24.26283038652919
586,4390.72,78.875,72.86,80.2488,73.7122,24.22953252062307
587,4390.74,78.76,72.705,80.1282,73.63119999999999,24.192448197730567
588,4390.76,78.66499999999999,72.55,80.0112,73.5462,24.162179255878296
589,4390.78,78.57,72.425,79.896,73.4584,24.130403543512767
590,4390.8,78.5,72.3,79.78359999999999,73.3714,24.09863211018232
591,4390.82,78.43,72.195,79.6744,73.286,24.066864971385385
592,4390.84,78.36000000000001,72.09,79.5684,73.202,24.035102143377387
593,4390.86,78.29,72.09,79.46480000000001,73.1236,24.008636439744876
594,4390.88,78.09,72.09,79.3584,73.04879999999999,23.98594202203967
595,4390.9,77.89,72.14,79.2454,72.9796,23.95113871687784
596,4390.92,77.77000000000001,72.19,79.129,72.9156,23.912567566329376
597,4390.94,77.65,72.08500000000001,79.0104,72.8506,23.886108443381303
598,4390.96,77.535,71.98,78.88980000000001,72.783,23.861888861859747
599,4390.98,77.42,71.86,78.77680000000001,72.7122,23.837669574450707
600,4391.0,77.36,71.74,78.6736,72.6388,23.81803057538092
601,4391.02,77.3,71.64,78.5716,72.56360000000001,23.782526976335287
602,4391.04,77.155,71.54,78.4674,72.4848,23.750789947822646
603,4391.06,77.01,71.525,78.36099999999999,72.4058,23.733389138900584
604,4391.08,76.91499999999999,71.51,78.2544,72.3304,23.709165833891053
605,4391.1,76.82,71.46000000000001,78.14699999999999,72.2572,23.670608871255578
606,4391.12,76.715,71.41,78.0384,72.18480000000001,23.638878497782382
607,4391.14,76.61,71.32,77.9274,72.1116,23.612439960550077
608,4391.16,76.515,71.23,77.81439999999999,72.03699999999999,23.584465065627946
609,4391.18,76.42,71.195,77.7046,71.9632,23.560238744890427
610,4391.2,76.34,71.16,77.59859999999999,71.8916,23.536012708119138
611,4391.22,76.26,71.125,77.494,71.82220000000001,23.50803759725872
612,4391.24,76.14500000000001,71.09,77.3894,71.7576,23.480063121816958
613,4391.26,76.03,70.985,77.284,71.695,23.449010574491496
614,4391.28,75.94,70.88,77.1788,71.6332,23.423247188721902
615,4391.3,75.85,70.88499999999999,77.0728,71.5766,23.400558886984967
616,4391.32,75.78999999999999,70.89,76.9672,71.5244,23.3756614550497
617,4391.34,75.73,70.805,76.86200000000001,71.473,23.34548592643049
618,4391.36,75.685,70.72,76.7578,71.4182,23.319059391472205
619,4391.38,75.64,70.71000000000001,76.6598,71.363,23.296374706947475
620,4391.4,75.525,70.7,76.56519999999999,71.3054,23.27214497240879
621,4391.42,75.41,70.66499999999999,76.4708,71.2444,23.251005946718035
622,4391.44,75.33,70.63,76.378,71.1862,23.22986897642676
623,4391.46,75.25,70.615,76.28659999999999,71.13159999999999,23.205638006341694
624,4391.48,75.1,70.6,76.1938,71.0812,23.181407313849213
625,4391.5,74.95,70.56,76.0974,71.03399999999999,23.151892393297572
626,4391.52,74.9,70.52,76.0014,70.9892,23.123924197358626
627,4391.54,74.85,70.475,75.9092,70.9466,23.095956663713302
628,4391.56,74.745,70.43,75.8186,70.90280000000001,23.071725478614034
629,4391.58,74.64,70.31,75.7276,70.85480000000001,23.058063311623684
630,4391.6,74.535,70.19,75.6362,70.804,23.044402707174445
631,4391.62,74.43,70.18,75.54480000000001,70.75479999999999,23.02017312955517
632,4391.64,74.38,70.17,75.45559999999999,70.7088,22.99903367693302
633,4391.66,74.33,70.105,75.3682,70.6638,22.977896299372933
634,4391.68,74.28,70.04,75.2826,70.6176,22.95366547273906
635,4391.7,74.23,70.105,75.1982,70.5754,22.92943492780597
636,4391.72,74.2,70.17,75.1158,70.5372,22.90675089424386
637,4391.74,74.17,70.13499999999999,75.0368,70.49900000000001,22.884067068763347
638,4391.76,74.055,70.1,74.95779999999999,70.4636,22.859836321278028
639,4391.78,73.94,70.09,74.87780000000001,70.432,22.83560585637198
640,4391.8,73.83,70.08,74.797,70.3998,22.818206193127537
641,4391.82,73.72,70.095,74.7142,70.368,22.800806538469487
642,4391.84,73.53,70.11,74.6262,70.3402,22.783406893090774
643,4391.86,73.34,70.05,74.5324,70.31339999999999,22.767554239697844
644,4391.88,73.265,69.99,74.4374,70.2846,22.751702767933114
645,4391.9,73.19,69.89,74.34400000000001,70.2522,22.730569291862263
646,4391.92,73.05,69.79,74.2496,70.2172,22.71317000581332
647,4391.94,72.91,69.72,74.1528,70.1808,22.69950451181209
648,4391.96,72.865,69.65,74.0574,70.14219999999999,22.68210511198845
649,4391.98,72.82,69.68,73.96620000000001,70.1054,22.664705721489202
650,4392.0,72.74,69.71,73.87780000000001,70.0714,22.648855966297376
651,4392.02,72.66,69.705,73.7882,70.0388,22.627724791110875
652,4392.04,72.58,69.7,73.6974,70.0078,22.61032566085746
653,4392.06,72.5,69.69,73.6076,69.9782,22.598209080063683
654,4392.08,72.425,69.68,73.519,69.953,22.58609256956507
655,4392.1,72.35,69.66,73.4316,69.9318,22.579258995231363
656,4392.12,72.285,69.64,73.3458,69.9102,22.57242581745769
657,4392.14,72.22,69.58500000000001,73.2594,69.88680000000001,22.55129429980323
658,4392.16,72.13,69.53,73.17139999999999,69.8638,22.528612617915485
659,4392.18,72.04,69.59,73.08179999999999,69.8458,22.51494496233176
660,4392.2,71.97,69.65,72.9914,69.8276,22.494446435538556
661,4392.22,71.9,69.635,72.8994,69.8062,22.473951505537492
662,4392.24,71.82,69.62,72.8054,69.78559999999999,22.473951570989893
663,4392.26,71.74,69.595,72.7128,69.7654,22.463383292086196
664,4392.28,71.6,69.57,72.61919999999999,69.7446,22.445983757516128
665,4392.3,71.46,69.55,72.5244,69.7234,22.43915243605107
666,4392.32,71.36,69.53,72.43,69.7008,22.432321515792324
667,4392.34,71.26,69.45,72.3392,69.6744,22.427037182991928
668,4392.36,71.125,69.37,72.2506,69.6472,22.420206432878558
669,4392.38,70.99,69.41499999999999,72.1596,69.6242,22.411831165014586
670,4392.4,70.91,69.46,72.0684,69.607,22.411831230756977
671,4392.42,70.83,69.49,71.97959999999999,69.595,22.406546202619214
672,4392.44,70.805,69.52,71.8954,69.587,22.39443146702231
673,4392.46,70.78,69.41499999999999,71.812,69.5776,22.382316804305596
674,4392.48,70.77000000000001,69.31,71.73,69.56280000000001,22.37020221430812
675,4392.5,70.76,69.375,71.6508,69.5494,22.36337318604739
676,4392.52,70.73,69.44,71.5736,69.5388,22.356544561025668
677,4392.54,70.7,69.455,71.4984,69.52900000000001,22.34971633989342
678,4392.56,70.6,69.47,71.42240000000001,69.52019999999999,22.34817483962343
679,4392.58,70.5,69.525,71.3454,69.514,22.33606111155273
680,4392.6,70.315,69.58,71.264,69.5108,22.329234103634597
681,4392.62,70.13,69.525,71.17779999999999,69.50619999999999,22.33298165988331
682,4392.64,69.99,69.47,71.0886,69.5016,22.33144343860811
683,4392.66,69.85,69.425,70.9974,69.4974,22.33144350355287
684,4392.68,69.82499999999999,69.38,70.9088,69.489,22.335194288566104
685,4392.7,69.8,69.345,70.822,69.4768,22.33519435248006
686,4392.72,69.81,69.31,70.7384,69.4638,22.332981982858648
687,4392.74,69.82,69.33500000000001,70.6584,69.45240000000001,22.332982047219932
688,4392.76,69.76499999999999,69.36,70.57939999999999,69.443,22.32461866987071
689,4392.78,69.71,69.42,70.5038,69.437,22.3056814379815
690,4392.8,69.58,69.48,70.4286,69.4342,22.30414577084814
691,4392.82,69.45,69.495,70.3522,69.4328,22.316258105201694
692,4392.84,69.345,69.51,70.2756,69.4352,22.32461892570226
693,4392.86,69.24,69.525,70.2002,69.4414,22.329906862577946
694,4392.88,69.16999999999999,69.54,70.1274,69.4464,22.335194931465082
695,4392.9,69.1,69.58000000000001,70.055,69.4512,22.33519499571535
696,4392.92,69.095,69.62,69.9856,69.4564,22.332124226605995
697,4392.94,69.09,69.64500000000001,69.917,69.4614,22.337413153853323
698,4392.96,69.03,69.67,69.847,69.47160000000001,22.344236402164967
699,4392.98,68.97,69.69,69.77499999999999,69.48679999999999,22.34799140448481
700,4393.0,68.965,69.71,69.7032,69.5002,22.351748265699563
701,4393.02,68.96,69.69999999999999,69.63239999999999,69.51060000000001,22.3570380811881
702,4393.04,68.86,69.69,69.5588,69.52,22.36608766941243
703,4393.06,68.76,69.755,69.48519999999999,69.5314,22.376668875745718
704,4393.08,68.64,69.82,69.4108,69.5432,22.39030945418423
705,4393.1,68.52,69.81,69.339,69.5524,22.400890258172122
706,4393.12,68.475,69.8,69.2728,69.5634,22.401597363833854
707,4393.14,68.43,69.72999999999999,69.21039999999999,69.5738,22.405363727700458
708,4393.16,68.415,69.66,69.153,69.58319999999999,22.413707298314616
709,4393.18,68.4,69.755,69.09599999999999,69.59819999999999,22.418999039644
710,4393.2,68.445,69.85,69.04180000000001,69.61840000000001,22.42958284742857
711,4393.22,68.49,69.85499999999999,68.989,69.6402,22.43792733621487
712,4393.24,68.41,69.86,68.9326,69.6612,22.439455078496753
713,4393.26,68.33,69.91,68.8752,69.6832,22.444746258779894
714,4393.28,68.27,69.96,68.8176,69.70479999999999,22.459094209109967
715,4393.3,68.21,69.91,68.7628,69.722,22.4749706431863
716,4393.32,68.13,69.86,68.71,69.7366,22.487080042786737
717,4393.34,68.05,69.87,68.6582,69.751,22.499189521006446
718,4393.36,68.025,69.88,68.6096,69.7652,22.511299079168335
719,4393.38,68.0,69.89,68.5628,69.7792,22.52035914459291
720,4393.4,67.96000000000001,69.9,68.5172,69.792,22.530944728283647
721,4393.42,67.92,69.885,68.47019999999999,69.8026,22.546102379246065
722,4393.44,67.91,69.87,68.423,69.8116,22.558211970844706
723,4393.46,67.9,69.91499999999999,68.37780000000001,69.8214,22.568796236384888
724,4393.48,67.825,69.96,68.332,69.8322,22.582431388470475
725,4393.5,67.75,69.97,68.28339999999999,69.8426,22.593015252913997
726,4393.52,67.83,69.98,68.2382,69.8538,22.600552116992358
727,4393.54,67.91,70.01,68.2002,69.8666,22.60961687996911
728,4393.56,67.89,70.04,68.1654,69.878,22.62172526603738
729,4393.58,67.87,70.1,68.1346,69.8892,22.6338337313437
730,4393.6,67.745,70.16,68.1036,69.9032,22.64442087185094
731,4393.62,67.62,70.15,68.0694,69.9172,22.658050900897276
732,4393.64,67.59,70.14,68.0358,69.9336,22.675452776243507
733,4393.66,67.56,70.14,68.0016,69.95280000000001,22.693587420629637
734,4393.68,67.56,70.14,67.968,69.9682,22.713249527694888
735,4393.7,67.56,70.14500000000001,67.93260000000001,69.98,22.7306518424671
736,4393.72,67.49000000000001,70.15,67.8926,69.9918,22.742758857845892
737,4393.74,67.42,70.15,67.85300000000001,70.0034,22.761678091185928
738,4393.76,67.465,70.15,67.8184,70.013,22.78741129951786
739,4393.78,67.51,70.13,67.788,70.0198,22.803295012511764
740,4393.8,67.475,70.11,67.7586,70.0278,22.816148115882577
741,4393.82,67.44,70.14500000000001,67.73100000000001,70.0392,22.832036206893576
742,4393.84,67.4,70.18,67.705,70.0516,22.845657146509833
743,4393.86,67.36,70.21000000000001,67.6784,70.0648,22.856248952290283
744,4393.88,67.36,70.24,67.6528,70.0788,22.866841259091835
745,4393.9,67.36,70.28999999999999,67.6288,70.09440000000001,22.884243761047347
746,4393.92,67.33500000000001,70.34,67.6054,70.1126,22.905429909320045
747,4393.94,67.31,70.39,67.5814,70.1334,22.93191538275162
748,4393.96,67.28999999999999,70.44,67.557,70.15440000000001,22.947808184018427
749,4393.98,67.27,70.405,67.5348,70.1722,22.95612620583584
750,4394.0,67.3,70.37,67.5168,70.1882,22.975040358450386
751,4394.02,67.33,70.31,67.49680000000001,70.20139999999999,22.989421159794315
752,4394.04,67.36500000000001,70.25,67.475,70.211,23.002298716273295
753,4394.06,67.4,70.265,67.4554,70.22,23.01518545779538
754,4394.08,67.36500000000001,70.28,67.43520000000001,70.2272,23.02958280534806
755,4394.1,67.33,70.275,67.4186,70.2318,23.046986081646057
756,4394.12,67.3,70.27,67.40580000000001,70.2366,23.06059159057036
757,4394.14,67.27,70.28,67.393,70.2422,23.081002874040244
758,4394.16,67.24,70.29,67.3802,70.2482,23.10370537587606
759,4394.18,67.21,70.29,67.36619999999999,70.2542,23.13020436041289
760,4394.2,67.21,70.29,67.3522,70.26,23.159710666368078
761,4394.22,67.21,70.33000000000001,67.34100000000001,70.2672,23.175611308143395
762,4394.24,67.285,70.37,67.3356,70.276,23.191513043370296
763,4394.26,67.36,70.435,67.33139999999999,70.2874,23.21041784667062
764,4394.28,67.31,70.5,67.32339999999999,70.3022,23.227821121845768
765,4394.3,67.26,70.485,67.31479999999999,70.3172,23.247523862726183
766,4394.32,67.375,70.47,67.31219999999999,70.3302,23.251326517541656
767,4394.34,67.49,70.465,67.3158,70.3416,23.256628368977765
768,4394.36,67.475,70.46,67.3204,70.3516,23.279333813685785
769,4394.38,67.46,70.46,67.32440000000001,70.3604,23.29823529263592
770,4394.4,67.395,70.46,67.3258,70.3672,23.320940525776095
771,4394.42,67.33,70.53,67.3256,70.37480000000001,23.348947928798435
772,4394.44,67.36,70.6,67.32759999999999,70.3832,23.367849197801103
773,4394.46,67.39,70.625,67.3316,70.39059999999999,23.389057205353367
774,4394.48,67.39500000000001,70.65,67.3366,70.4004,23.408772124286134
775,4394.5,67.4,70.64500000000001,67.34060000000001,70.4114,23.419378508510764
776,4394.52,67.36500000000001,70.64,67.342,70.4246,23.435288944973713
777,4394.54,67.33,70.67,67.3406,70.4414,23.45799646076063
778,4394.56,67.405,70.7,67.3408,70.4588,23.475400285310585
779,4394.58,67.48,70.69,67.3454,70.4752,23.498107981805916
780,4394.6,67.465,70.68,67.35079999999999,70.4914,23.526119956894686
781,4394.62,67.45,70.64,67.35679999999999,70.50619999999999,23.54054330626476
782,4394.64,67.38499999999999,70.6,67.36139999999999,70.519,23.551153346696566
783,4394.66,67.32,70.60499999999999,67.3646,70.5316,23.561763857638855
784,4394.68,67.38,70.61,67.37140000000001,70.54440000000001,23.56558216454118
785,4394.7,67.44,70.675,67.3806,70.5598,23.577680535565094
786,4394.72,67.41499999999999,70.74,67.3888,70.5762,23.60187747165591
787,4394.74,67.39,70.79499999999999,67.39299999999999,70.59320000000001,23.635198602816004
788,4394.76,67.44,70.85,67.3962,70.60979999999999,23.66703591873446
789,4394.78,67.49,70.8,67.4034,70.6218,23.682956178222856
790,4394.8,67.565,70.75,67.4156,70.6324,23.69357028560132
791,4394.82,67.64,70.66,67.4262,70.64,23.709492284912567
792,4394.84,67.60499999999999,70.57,67.4308,70.6442,23.73072321369905
793,4394.86,67.57,70.585,67.4346,70.64920000000001,23.750477279627976
794,4394.88,67.525,70.6,67.43719999999999,70.6548,23.76640407442917
795,4394.9,67.48,70.66499999999999,67.44059999999999,70.663,23.779977594561256
796,4394.92,67.52000000000001,70.73,67.4482,70.67099999999999,23.792073486737202
797,4394.94,67.56,70.76,67.45620000000001,70.67739999999999,23.81183169584658
798,4394.96,67.61500000000001,70.79,67.46520000000001,70.68400000000001,23.8262852484493
799,4394.98,67.67,70.745,67.4762,70.6878,23.831595378809173
800,4395.0,67.67500000000001,70.7,67.48719999999999,70.69,23.84752632520435
801,4395.02,67.68,70.74000000000001,67.4998,70.694,23.870241575943606
802,4395.04,67.725,70.78,67.5156,70.6984,23.887646305464802
803,4395.06,67.77,70.795,67.53020000000001,70.7022,23.91036171117913
804,4395.08,67.81,70.81,67.5434,70.707,23.92776645796875
805,4395.1,67.85,70.78999999999999,67.5588,70.7114,23.931605664352613
806,4395.12,67.765,70.77,67.5714,70.7166,23.94753978179643
807,4395.14,67.68,70.775,67.5832,70.72359999999999,23.968786828427938
808,4395.16,67.61500000000001,70.78,67.59500000000001,70.73060000000001,23.98856854380353
809,4395.18,67.55,70.8,67.6018,70.73819999999999,24.016599236003636
810,4395.2,67.57,70.82,67.607,70.744,24.039317262172528
811,4395.22,67.59,70.845,67.61399999999999,70.7482,24.048479246821234
812,4395.24,67.61500000000001,70.87,67.623,70.7512,24.057643910341408
813,4395.26,67.64,70.85,67.631,70.7512,24.07358705305
814,4395.28,67.685,70.83,67.6388,70.7524,24.090992175243695
815,4395.3,67.73,70.845,67.6454,70.75619999999999,24.113711899390633
816,4395.32,67.82,70.86,67.6526,70.7642,24.129656429047344
817,4395.34,67.91,70.86500000000001,67.6648,70.77600000000001,24.140286688022265
818,4395.36,67.91,70.87,67.6784,70.78739999999999,24.157691868010303
819,4395.38,67.91,70.83500000000001,67.6938,70.7968,24.18187191794679
820,4395.4,67.86,70.8,67.709,70.8022,24.199277082631955
821,4395.42,67.81,70.815,67.7206,70.8056,24.204592224674872
822,4395.44,67.765,70.83,67.72879999999999,70.8084,24.22199739801175
823,4395.46,67.72,70.85,67.733,70.8108,24.24471778017389
824,4395.48,67.72,70.87,67.735,70.8158,24.265979769059474
825,4395.5,67.72,70.91499999999999,67.7368,70.8244,24.2925597012584
826,4395.52,67.7,70.96,67.7376,70.83319999999999,24.31382562182035
827,4395.54,67.68,70.965,67.7358,70.8406,24.33654766246437
828,4395.56,67.685,70.97,67.7324,70.8476,24.3607247968962
829,4395.58,67.69,70.97,67.7276,70.854,24.371358271615655
830,4395.6,67.795,70.97,67.7254,70.8612,24.38053847879011
831,4395.62,67.9,70.945,67.7308,70.8682,24.397943822100608
832,4395.64,67.92,70.92,67.7404,70.874,24.41148583050362
833,4395.66,67.94,70.91,67.7534,70.8792,24.4274371956095
834,4395.68,67.87,70.9,67.7662,70.8832,24.452573475497474
835,4395.7,67.8,70.89500000000001,67.7754,70.8862,24.468528371977396
836,4395.72,67.83500000000001,70.89,67.7852,70.888,24.468528435614697
837,4395.74,67.87,70.88499999999999,67.79540000000001,70.8886,24.47384699132659
838,4395.76,67.89,70.88,67.8054,70.8898,24.49802086730963
839,4395.78,67.91,70.875,67.8144,70.8916,24.530416336546125
840,4395.8,67.92,70.87,67.822,70.8926,24.554591941096284
841,4395.82,67.93,70.9,67.8264,70.8942,24.569093138672162
842,4395.84,68.01,70.93,67.8304,70.8968,24.578279467275426
843,4395.86,68.09,70.975,67.83760000000001,70.90100000000001,24.594235768288264
844,4395.88,68.035,71.02,67.8426,70.9084,24.615512305387888
845,4395.9,67.98,71.005,67.8474,70.9166,24.631470839547806
846,4395.92,67.95,70.99,67.85300000000001,70.9236,24.647430327716304
847,4395.94,67.92,71.005,67.8592,70.9306,24.668711106121442
848,4395.96,67.88499999999999,71.02,67.86580000000001,70.9374,24.69387216351561
849,4395.98,67.85,70.97999999999999,67.87100000000001,70.9418,24.709836381368643
850,4396.0,67.88,70.94,67.8774,70.94279999999999,24.718041024841476
851,4396.02,67.91,70.97,67.8858,70.94319999999999,24.731568766034965
852,4396.04,67.9,71.0,67.8946,70.9446,24.750418368122585
853,4396.06,67.89,71.02000000000001,67.9028,70.9466,24.773144257207413
854,4396.08,67.93,71.04,67.91239999999999,70.94940000000001,24.794426846698766
855,4396.1,67.97,71.05000000000001,67.91940000000001,70.9526,24.810389904187616
856,4396.12,68.05,71.06,67.9254,70.9572,24.821032486840718
857,4396.14,68.13,71.105,67.9338,70.9646,24.836997114676944
858,4396.16,68.03,71.15,67.93740000000001,70.9742,24.865046269385058
859,4396.18,67.93,71.045,67.93979999999999,70.98,24.89453554313015
860,4396.2,67.96000000000001,70.94,67.9462,70.9818,24.906619385393366
861,4396.22,67.99,70.91,67.9524,70.9826,24.91194119655163
862,4396.24,68.02,70.88,67.9584,70.9824,24.931790838910427
863,4396.26,68.05,70.9,67.96480000000001,70.9832,24.946322314524924
864,4396.28,68.035,70.92,67.96979999999999,70.985,24.95840486036857
865,4396.3,68.02,70.91,67.9738,70.9866,24.98400768425398
866,4396.32,67.97,70.9,67.9754,70.9866,25.002851702211597
867,4396.34,67.92,70.985,67.9718,70.9888,25.012058641584144
868,4396.36,67.94,71.07,67.9658,70.9926,25.022704394666757
869,4396.38,67.96,71.115,67.9628,70.9964,25.041547191974
870,4396.4,67.995,71.16,67.96340000000001,71.0026,25.06571327085448
871,4396.42,68.03,71.21000000000001,67.9666,71.01140000000001,25.083118883659214
872,4396.44,68.11,71.26,67.9742,71.02159999999999,25.093764053418116
873,4396.46,68.19,71.16,67.98639999999999,71.02720000000001,25.111169675663238
874,4396.48,68.155,71.06,67.9986,71.0304,25.13389801129786
875,4396.5,68.12,70.99000000000001,68.0082,71.03240000000001,25.14598091712263
876,4396.52,68.01,70.92,68.0122,71.03040000000001,25.159502221947978
877,4396.54,67.9,70.91499999999999,68.01219999999999,71.027,25.17690782900739
878,4396.56,67.92,70.91,68.0134,71.0226,25.194313435954083
879,4396.58,67.94,70.985,68.0138,71.0204,25.218480236606478
880,4396.6,67.985,71.06,68.0144,71.0208,25.235885837785073
881,4396.62,68.03,71.06,68.01360000000001,71.0208,25.247969408111388
882,4396.64,68.09,71.06,68.012,71.01899999999999,25.265375004943937
883,4396.66,68.15,71.095,68.0168,71.01679999999999,25.28810264055989
884,4396.68,68.135,71.13,68.025,71.0202,25.306947950287103
885,4396.7,68.12,71.1,68.0314,71.0266,25.317591799007747
886,4396.72,68.095,71.07,68.0356,71.03299999999999,25.33744276498503
887,4396.74,68.07,71.035,68.0376,71.0392,25.365494008592115
888,4396.76,68.085,71.0,68.039,71.0432,25.388222605414107
889,4396.78,68.1,70.925,68.0416,71.04339999999999,25.401742528639293
890,4396.8,68.055,70.85,68.043,71.041,25.411381492206846
891,4396.82,68.01,70.865,68.0446,71.03960000000001,25.432669629969066
892,4396.84,68.095,70.88,68.0516,71.0354,25.456409106907095
893,4396.86,68.18,70.93,68.0612,71.02980000000001,25.473814751401335
894,4396.88,68.11000000000001,70.98,68.0672,71.0244,25.487333428382236
895,4396.9,68.04,71.06,68.069,71.0204,25.504739061783518
896,4396.92,68.075,71.14,68.0708,71.0176,25.53422736766676
897,4396.94,68.11,71.16499999999999,68.0708,71.0138,25.558393061924665
898,4396.96,68.18,71.19,68.0704,71.015,25.563715826775987
899,4396.98,68.25,71.16,68.0742,71.01899999999999,25.566166438159776
900,4397.0,68.22999999999999,71.13,68.0786,71.0246,25.57681360038015
901,4397.02,68.21,71.13,68.0866,71.03299999999999,25.59421925413668
902,4397.04,68.16,71.13,68.097,71.0416,25.616948613038517
903,4397.06,68.11,71.1,68.1046,71.0492,25.635789031657183
904,4397.08,68.035,71.07,68.1084,71.0526,25.659953533787757
905,4397.1,67.96,71.04499999999999,68.10740000000001,71.05199999999999,25.67879539157475
906,4397.12,67.97,71.02,68.105,71.0504,25.684118476285526
907,4397.14,67.98,71.07499999999999,68.1006,71.05099999999999,25.705411627743697
908,4397.16,68.075,71.13,68.0976,71.05239999999999,25.734899435549845
909,4397.18,68.17,71.11,68.09899999999999,71.0516,25.745546454241925
910,4397.2,68.235,71.09,68.1036,71.0512,25.75087014525913
911,4397.22,68.3,71.095,68.1118,71.0522,25.773599530916464
912,4397.24,68.33,71.1,68.1222,71.0548,25.797355943544808
913,4397.26,68.36,71.1,68.1332,71.0588,25.806575954848494
914,4397.28,68.35,71.1,68.14320000000001,71.0658,25.81476169059683
915,4397.3,68.34,71.05,68.1546,71.07379999999999,25.833598819194883
916,4397.32,68.36,71.0,68.16860000000001,71.07919999999999,25.845679968471956
917,4397.34,68.38,71.005,68.18,71.0842,25.851004562517808
918,4397.36,68.32499999999999,71.01,68.1858,71.0874,25.87373487006837
919,4397.38,68.27,71.0,68.1922,71.0882,25.903221530441748
920,4397.4,68.22,70.99,68.1994,71.08539999999999,25.920627209251133
921,4397.42,68.17,70.995,68.2032,71.07959999999999,25.92984581961258
922,4397.44,68.14500000000001,71.0,68.2046,71.073,25.945821560966984
923,4397.46,68.12,71.03999999999999,68.20219999999999,71.067,25.969982325944756
924,4397.48,68.265,71.08,68.2028,71.0638,25.979203885717723
925,4397.5,68.41,71.08,68.21,71.06179999999999,25.983101775677753
926,4397.52,68.41,71.08,68.218,71.0598,25.995181466498085
927,4397.54,68.41,71.065,68.228,71.0572,26.003364198896758
928,4397.56,68.34,71.05,68.2372,71.0552,26.023630033419938
929,4397.58,68.27,71.06,68.2466,71.0548,26.058441338273234
930,4397.6,68.28999999999999,71.07,68.2598,71.0558,26.08649701583974
931,4397.62,68.31,71.00999999999999,68.2734,71.0554,26.10247280249634
932,4397.64,68.4,70.95,68.2902,71.0504,26.109227914867596
933,4397.66,68.49,70.92,68.30680000000001,71.042,26.117414470629793
934,4397.68,68.41499999999999,70.89,68.3166,71.0332,26.12806414760249
935,4397.7,68.34,70.905,68.3208,71.0258,26.138714215175565
936,4397.72,68.34,70.92,68.3224,71.0188,26.16287551826586
937,4397.74,68.34,70.95,68.3228,71.0128,26.189501339008125
938,4397.76,68.41499999999999,70.98,68.325,71.008,26.200152390307924
939,4397.78,68.49,70.995,68.33059999999999,71.0038,26.203011917657683
940,4397.8,68.53999999999999,71.01,68.3386,71.0022,26.201581819783467
941,4397.82,68.59,71.03999999999999,68.34779999999999,71.0038,26.206907233009105
942,4397.84,68.58,71.07,68.3558,71.0064,26.231067951203496
943,4397.86,68.57,71.09,68.3656,71.0096,26.25912425033294
944,4397.88,68.5,71.11,68.3748,71.014,26.271204593026297
945,4397.9,68.43,71.03,68.3832,71.01559999999999,26.27653001331539
946,4397.92,68.44,70.95,68.394,71.0138,26.299261160104027
947,4397.94,68.45,70.96000000000001,68.4062,71.0122,26.327318055594723
948,4397.96,68.49000000000001,70.97,68.421,71.0094,26.339398107107908
949,4397.98,68.53,70.95,68.4316,71.0042,26.34901332791164
950,4398.0,68.605,70.93,68.4394,70.9982,26.35966324916175
951,4398.02,68.68,70.92500000000001,68.4502,70.992,26.374209571925668
952,4398.04,68.625,70.92,68.4588,70.9862,26.396940924432634
953,4398.06,68.57,70.93,68.468,70.98140000000001,26.407592585482856
954,4398.08,68.625,70.94,68.4822,70.9766,26.412918593207394
955,4398.1,68.68,70.995,68.4978,70.97359999999999,26.424998353446657
956,4398.12,68.73500000000001,71.05,68.51480000000001,70.9752,26.43318140792218
957,4398.14,68.79,71.055,68.5304,70.9794,26.443832500745753
958,4398.16,68.795,71.06,68.54260000000001,70.985,26.451629234597135
959,4398.18,68.8,70.97,68.558,70.98819999999999,26.463708615110118
960,4398.2,68.765,70.88,68.575,70.9872,26.494621235332932
961,4398.22,68.73,70.875,68.5906,70.9854,26.524106720934167
962,4398.24,68.70500000000001,70.87,68.60520000000001,70.9822,26.537615591454447
963,4398.26,68.68,70.885,68.61580000000001,70.97840000000001,26.537615658805336
964,4398.28,68.745,70.9,68.626,70.9746,26.534758726893994
965,4398.3,68.81,70.89,68.63680000000001,70.9698,26.542941265208025
966,4398.32,68.88,70.88,68.6484,70.96340000000001,26.557881902732166
967,4398.34,68.95,70.83500000000001,68.6632,70.95400000000001,26.56996278325089
968,4398.36,68.93,70.79,68.6776,70.942,26.5859375572075
969,4398.38,68.91,70.83000000000001,68.694,70.9308,26.607238581394263
970,4398.4,68.875,70.87,68.7118,70.9244,26.62074894207358
971,4398.42,68.84,70.84,68.7278,70.92,26.627504720847313
972,4398.44,68.845,70.81,68.7436,70.914,26.6367246596889
973,4398.46,68.85,70.81,68.758,70.9076,26.645946976807014
974,4398.48,68.9,70.81,68.7728,70.902,26.651272906537503
975,4398.5,68.95,70.78,68.78659999999999,70.896,26.654130490915545
976,4398.52,68.91,70.75,68.79580000000001,70.889,26.667641210405307
977,4398.54,68.87,70.815,68.8056,70.8848,26.683616587295386
978,4398.56,68.86,70.88,68.8172,70.8828,26.68894195037751
979,4398.58,68.85,70.74,68.8262,70.8748,26.6903720443038
980,4398.6,68.845,70.6,68.8328,70.85900000000001,26.695697216464332
981,4398.62,68.84,70.595,68.837,70.8408,26.704918608844373
982,4398.64,68.92,70.59,68.8422,70.82220000000001,26.722324309716498
983,4398.66,69.0,70.6,68.8504,70.8038,26.741159174394497
984,4398.68,68.91,70.61,68.85480000000001,70.7894,26.74648463693741
985,4398.7,68.82,70.63499999999999,68.857,70.7796,26.751810194834444
986,4398.72,68.845,70.66,68.86160000000001,70.771,26.762461528639477
987,4398.74,68.87,70.625,68.8682,70.7612,26.77311324240577
988,4398.76,68.89,70.59,68.8766,70.74940000000001,26.786621662885317
989,4398.78,68.91,70.625,68.8832,70.7384,26.798701868628896
990,4398.8,68.85,70.66,68.8848,70.7292,26.807924721176718
991,4398.82,68.79,70.66499999999999,68.88119999999999,70.7206,26.81039726798395
992,4398.84,68.83500000000001,70.67,68.8766,70.714,26.80897186122282
993,4398.86,68.88,70.66,68.8746,70.7088,26.81572403212748
994,4398.88,68.96000000000001,70.65,68.8766,70.7016,26.827803114542593
995,4398.9,69.04,70.61500000000001,68.8832,70.6914,26.841308889044594
996,4398.92,69.04,70.58,68.89120000000001,70.681,26.85481616362684
997,4398.94,69.04,70.6,68.899,70.67259999999999,26.866896085306305
998,4398.96,69.04,70.62,68.9066,70.665,26.873650504528815
999,4398.98,69.04,70.555,68.9122,70.6548,26.88183527334133
1000,4399.0,69.075,70.49,68.91720000000001,70.6432,26.89534703516399
1001,4399.02,69.11,70.47999999999999,68.92519999999999,70.6324,26.907428067753266
1002,4399.04,69.11,70.47,68.93480000000001,70.6186,26.915617507286925
1003,4399.06,69.11,70.49000000000001,68.9448,70.60300000000001,26.915617575612593
1004,4399.08,69.035,70.51,68.9522,70.5938,26.923402517445997
1005,4399.1,68.96,70.555,68.9568,70.592,26.940808208036238
1006,4399.12,68.955,70.6,68.9614,70.59219999999999,26.948996224130187
1007,4399.14,68.95,70.56,68.96260000000001,70.59100000000001,26.948996292484594
1008,4399.16,68.955,70.52,68.9608,70.5878,26.954320829695043
1009,4399.18,68.96,70.555,68.9628,70.5856,26.971726513594238
1010,4399.2,68.96,70.59,68.9684,70.5838,26.99445676517789
1011,4399.22,68.96,70.545,68.973,70.5792,27.006537878801833
1012,4399.24,68.91999999999999,70.5,68.975,70.5742,27.007970413628318
1013,4399.26,68.88,70.53,68.9746,70.5718,27.013294770714
1014,4399.28,68.925,70.56,68.9752,70.5692,27.02005196464628
1015,4399.3,68.97,70.52000000000001,68.98,70.56360000000001,27.02148561501507
1016,4399.32,68.92,70.48,68.98519999999999,70.5562,27.02394383603404
1017,4399.34,68.87,70.5,68.9866,70.5494,27.027837140152442
1018,4399.36,68.91,70.52,68.98780000000001,70.5438,27.03459321318583
1019,4399.38,68.95,70.555,68.9874,70.54,27.039918042114294
1020,4399.4,68.935,70.59,68.98320000000001,70.539,27.05056791720959
1021,4399.42,68.92,70.51,68.9784,70.5362,27.073298657823774
1022,4399.44,68.92,70.43,68.97359999999999,70.52940000000001,27.085379305426866
1023,4399.46,68.92,70.445,68.9688,70.5224,27.085379373257343
1024,4399.48,68.945,70.46,68.965,70.5186,27.08537944179055
1025,4399.5,68.97,70.46,68.9608,70.51740000000001,27.08824242793995
1026,4399.52,68.97,70.46,68.9552,70.51660000000001,27.09643268976212
1027,4399.54,68.97,70.47999999999999,68.9496,70.51700000000001,27.10851443650808
1028,4399.56,68.985,70.5,68.9446,70.5174,27.125920105523342
1029,4399.58,69.0,70.49000000000001,68.94319999999999,70.5166,27.14864970470391
1030,4399.6,68.95,70.48,68.94279999999999,70.5136,27.160731445602423
1031,4399.62,68.9,70.44,68.94059999999999,70.5072,27.166055447431113
1032,4399.64,68.965,70.4,68.9412,70.5008,27.169946579411764
1033,4399.66,69.03,70.42500000000001,68.9442,70.497,27.167083224551718
1034,4399.68,69.02000000000001,70.45,68.9466,70.4928,27.172408256107772
1035,4399.7,69.01,70.475,68.9486,70.48819999999999,27.185920273914135
1036,4399.72,68.975,70.5,68.9492,70.48639999999999,27.201894677985095
1037,4399.74,68.94,70.47999999999999,68.95,70.48559999999999,27.212544773334514
1038,4399.76,68.97999999999999,70.46,68.954,70.4828,27.21397556496512
1039,4399.78,69.02,70.485,68.95779999999999,70.4798,27.21930050865076
1040,4399.8,69.03999999999999,70.51,68.9606,70.4794,27.2231953835942
1041,4399.82,69.06,70.515,68.96620000000001,70.4808,27.228520794200513
1042,4399.84,69.02000000000001,70.52,68.9722,70.4816,27.24060115202754
1043,4399.86,68.98,70.47999999999999,68.975,70.48,27.247356442307122
1044,4399.88,68.98,70.44,68.9762,70.4754,27.25411210208379
1045,4399.9,68.98,70.38499999999999,68.978,70.4672,27.264762208023907
1046,4399.92,69.005,70.33,68.98140000000001,70.46,27.27930899872519
1047,4399.94,69.03,70.36500000000001,68.9858,70.45739999999999,27.288532950371085
1048,4399.96,69.025,70.4,68.99,70.4556,27.287106204599816
1049,4399.98,69.02,70.46000000000001,68.993,70.45559999999999,27.291007032869235
1050,4400.0,69.04499999999999,70.52,68.996,70.458,27.29633393605358
1051,4400.02,69.07,70.485,69.0,70.459,27.294909411852732
1052,4400.04,68.99,70.45,69.0008,70.45779999999999,27.297390553294676
1053,4400.06,68.91,70.475,68.9978,70.4568,27.313374457343617
1054,4400.08,68.815,70.5,68.9904,70.4572,27.33752984633298
1055,4400.1,68.72,70.50999999999999,68.9812,70.4584,27.348185895922988
1056,4400.12,68.72999999999999,70.52,68.9744,70.4616,27.356002279217936
1057,4400.14,68.74,70.52,68.9654,70.4664,27.36666017225188
1058,4400.16,68.87,70.52,68.959,70.47019999999999,27.366660240318108
1059,4400.18,69.0,70.5,68.95819999999999,70.47219999999999,27.370571416992266
1060,4400.2,68.93,70.48,68.955,70.4724,27.382647801647447
1061,4400.22,68.86,70.45,68.9504,70.4704,27.39863612137762
1062,4400.24,68.8,70.42,68.9448,70.468,27.40504993754417
1063,4400.26,68.74,70.44,68.93520000000001,70.4672,27.403636483580843
1064,4400.28,68.78999999999999,70.46,68.926,70.4662,27.414298408285575
1065,4400.3,68.84,70.495,68.918,70.46560000000001,27.422138342297984
1066,4400.32,68.875,70.53,68.91059999999999,70.4662,27.422138409032712
1067,4400.34,68.91,70.545,68.9062,70.4672,27.430292076845724
1068,4400.36,68.925,70.56,68.904,70.4704,27.44095490986124
1069,4400.38,68.94,70.52000000000001,68.9024,70.47359999999999,27.45413073967788
1070,4400.4,68.945,70.48,68.901,70.4774,27.465908172988176
1071,4400.42,68.95,70.435,68.8988,70.4816,27.467030033580485
1072,4400.44,68.89,70.39,68.8932,70.4826,27.472364433772228
1073,4400.46,68.83,70.405,68.88539999999999,70.4828,27.480504758829383
1074,4400.48,68.85,70.42,68.87859999999999,70.4812,27.485838793934594
1075,4400.5,68.87,70.485,68.8716,70.4798,27.495104549222148
1076,4400.52,68.81,70.55,68.8612,70.4824,27.507175694388568
1077,4400.54,68.75,70.60499999999999,68.8516,70.48859999999999,27.523179274908436
1078,4400.56,68.775,70.66,68.8462,70.49600000000001,27.529649437635705
1079,4400.58,68.8,70.59,68.84559999999999,70.4996,27.52545760016331
1080,4400.6,68.805,70.52,68.84899999999999,70.5,27.522667207192825
1081,4400.62,68.81,70.465,68.8522,70.49780000000001,27.52266727335355
1082,4400.64,68.825,70.41,68.8556,70.49340000000001,27.536130858970303
1083,4400.66,68.84,70.46000000000001,68.8544,70.491,27.55747810769575
1084,4400.68,68.93,70.51,68.8516,70.4914,27.566758812130523
1085,4400.7,69.02,70.515,68.8552,70.4928,27.56536622241427
1086,4400.72,68.96000000000001,70.52,68.8592,70.49560000000001,27.569312461329776
1087,4400.74,68.9,70.515,68.86319999999999,70.4994,27.576041903350482
1088,4400.76,68.875,70.51,68.8686,70.50219999999999,27.585327118725445
1089,4400.78,68.85,70.58000000000001,68.871,70.507,27.60785655775717
1090,4400.8,68.835,70.65,68.8708,70.5132,27.62110590147756
1091,4400.82,68.82,70.61,68.8686,70.5164,27.619722325666743
1092,4400.84,68.84,70.57,68.8658,70.5174,27.62506304663156
1093,4400.86,68.86,70.555,68.86319999999999,70.5172,27.629021574756177
1094,4400.88,68.83500000000001,70.54,68.859,70.518,27.631601192714367
1095,4400.9,68.81,70.52000000000001,68.8536,70.5196,27.639527607088766
1096,4400.92,68.83500000000001,70.5,68.84899999999999,70.5222,27.65021259758303
1097,4400.94,68.86,70.505,68.8478,70.52680000000001,27.668995201174685
1098,4400.96,68.9,70.51,68.8506,70.531,27.685022473133934
1099,4400.98,68.94,70.52000000000001,68.8542,70.535,27.687612729758694
1100,4401.0,68.91,70.53,68.8558,70.5368,27.69158129762538
1101,4401.02,68.88,70.545,68.8586,70.5366,27.69555130606031
1102,4401.04,68.89,70.56,68.8642,70.5348,27.692806657586996
1103,4401.06,68.9,70.565,68.8692,70.531,27.695410262619294
1104,4401.08,68.84,70.57,68.8708,70.53020000000001,27.69801831390762
1105,4401.1,68.78,70.60499999999999,68.8698,70.5336,27.705977069484128
1106,4401.12,68.81,70.64,68.8698,70.5406,27.724635727857343
1107,4401.14,68.84,70.64500000000001,68.8704,70.55,27.732607359210217
1108,4401.16,68.85,70.65,68.8708,70.55760000000001,27.736595357803516
1109,4401.18,68.86,70.575,68.868,70.56020000000001,27.740584790084178
1110,4401.2,68.86500000000001,70.5,68.8618,70.5596,27.743218698149356
1111,4401.22,68.87,70.43,68.85820000000001,70.556,27.756556715915302
1112,4401.24,68.875,70.36,68.8572,70.5498,27.772606912596515
1113,4401.26,68.88,70.41499999999999,68.8574,70.546,27.7860147363898
1114,4401.28,68.86,70.47,68.85780000000001,70.5416,27.796714586347395
1115,4401.3,68.84,70.53,68.858,70.5368,27.79935896875737
1116,4401.32,68.88,70.59,68.86040000000001,70.536,27.796656634105563
1117,4401.34,68.92,70.61,68.86359999999999,70.5376,27.804661000241232
1118,4401.36,68.93,70.63,68.8664,70.5406,27.820716776612027
1119,4401.38,68.94,70.66499999999999,68.87060000000001,70.54560000000001,27.826068905412605
1120,4401.4,68.94999999999999,70.7,68.87620000000001,70.55279999999999,27.82472221261607
1121,4401.42,68.96,70.68,68.88119999999999,70.56,27.823376344706816
1122,4401.44,68.93,70.66,68.884,70.5662,27.826040203825855
1123,4401.46,68.9,70.64,68.884,70.5714,27.834062340806273
1124,4401.48,68.905,70.62,68.8826,70.5754,27.844770369970366
1125,4401.5,68.91,70.6,68.8826,70.5782,27.850124535141003
1126,4401.52,68.94,70.58,68.885,70.5796,27.852799605781524
1127,4401.54,68.97,70.63499999999999,68.8882,70.5826,27.868864250264263
1128,4401.56,69.0,70.69,68.8922,70.5876,27.88091232476366
1129,4401.58,69.03,70.735,68.8998,70.5942,27.88492967760509
1130,4401.6,69.095,70.78,68.91239999999999,70.6012,27.88761271989215
1131,4401.62,69.16,70.77000000000001,68.9264,70.60640000000001,27.886277876334304
1132,4401.64,69.08,70.76,68.936,70.611,27.89565666998664
1133,4401.66,69.0,70.71000000000001,68.942,70.6134,27.914420692460503
1134,4401.68,69.0,70.66,68.94760000000001,70.6168,27.925135542847233
1135,4401.7,69.0,70.645,68.953,70.6226,27.925135603587574
1136,4401.72,68.995,70.63,68.958,70.6306,27.927835381005014
1137,4401.74,68.99,70.61,68.9626,70.6406,27.93053955009971
1138,4401.76,69.02,70.59,68.9682,70.6476,27.93457279246709
1139,4401.78,69.05,70.635,68.97579999999999,70.6542,27.954685745429686
1140,4401.8,68.975,70.68,68.9812,70.6602,27.97348179392776
1141,4401.82,68.9,70.695,68.982,70.6644,27.97620321874006
1142,4401.84,68.86,70.71,68.9796,70.6684,27.98156426946267
1143,4401.86,68.82,70.72999999999999,68.9752,70.6724,28.00028479103755
1144,4401.88,68.88499999999999,70.75,68.973,70.6758,28.01636747336244
1145,4401.9,68.95,70.765,68.973,70.6784,28.02445516870659
1146,4401.92,68.995,70.78,68.9744,70.6824,28.028501151017394
1147,4401.94,69.04,70.8,68.9788,70.688,28.032548534791367
1148,4401.96,69.045,70.82,68.9846,70.6952,28.035284521800964
1149,4401.98,69.05,70.785,68.9904,70.70179999999999,28.033972603863024
1150,4402.0,68.97999999999999,70.75,68.9932,70.70779999999999,28.046010564116624
1151,4402.02,68.91,70.745,68.992,70.7144,28.063411629380866
1152,4402.04,68.89,70.74,68.9888,70.7186,28.072826834726516
1153,4402.06,68.87,70.8,68.9836,70.723,28.080935266963976
1154,4402.08,68.99000000000001,70.86,68.982,70.728,28.083684598912743
1155,4402.1,69.11,70.91499999999999,68.9826,70.7334,28.09180354957099
1156,4402.12,69.05,70.97,68.9782,70.7414,28.09586514835412
1157,4402.14,68.99,70.96000000000001,68.9746,70.7494,28.08919639254367
1158,4402.16,69.0,70.95,68.9746,70.759,28.099928197321578
1159,4402.18,69.01,70.965,68.975,70.7712,28.12936273797678
1160,4402.2,69.095,70.98,68.9788,70.7846,28.145460621684485
1161,4402.22,69.18,71.035,68.9862,70.8008,28.1428583741169
1162,4402.24,69.185,71.09,68.994,70.82,28.141558509123374
1163,4402.26,69.19,71.17,69.0008,70.8432,28.157659300188623
1164,4402.28,69.205,71.25,69.007,70.8678,28.179128048040404
1165,4402.3,69.22,71.235,69.0168,70.89,28.184495465455377
1166,4402.32,69.17,71.22,69.02759999999999,70.911,28.18986295639823
1167,4402.34,69.12,71.205,69.038,70.9308,28.21003760295741
1168,4402.36,69.1,71.19,69.0492,70.9492,28.231510316281824
1169,4402.38,69.08,71.16,69.057,70.9656,28.23817338203135
1170,4402.4,69.16,71.13,69.0654,70.98020000000001,28.238173440929266
1171,4402.42,69.24,71.175,69.0752,70.99600000000001,28.255572991940536
1172,4402.44,69.16499999999999,71.22,69.08019999999999,71.0128,28.27834067974739
1173,4402.46,69.09,71.265,69.082,71.03059999999999,28.283708940896343
1174,4402.48,69.13,71.31,69.0852,71.05160000000001,28.282414672416223
1175,4402.5,69.17,71.375,69.0928,71.07660000000001,28.295935790184476
1176,4402.52,69.11,71.44,69.10079999999999,71.1044,28.31612306588278
1177,4402.54,69.05,71.42,69.10719999999999,71.13159999999999,28.321492897569303
1178,4402.56,69.11500000000001,71.4,69.117,71.1556,28.32149295547965
1179,4402.58,69.18,71.375,69.1246,71.17620000000001,28.326862859919558
1180,4402.6,69.11500000000001,71.35,69.1248,71.1936,28.342972896078688
1181,4402.62,69.05,71.435,69.1248,71.2122,28.363166799028015
1182,4402.64,69.08500000000001,71.52,69.12859999999999,71.2346,28.372622431779696
1183,4402.66,69.12,71.54499999999999,69.1334,71.2584,28.383364691497732
1184,4402.68,69.12,71.57,69.1378,71.28259999999999,28.399478594929626
1185,4402.7,69.12,71.6,69.1388,71.3074,28.418161774579556
1186,4402.72,69.26,71.63,69.142,71.3312,28.42610438178213
1187,4402.74,69.4,71.66499999999999,69.1506,71.3542,28.430189327845696
1188,4402.76,69.355,71.7,69.15719999999999,71.3754,28.446302786817018
1189,4402.78,69.31,71.73,69.1614,71.3946,28.463701299290797
1190,4402.8,69.28999999999999,71.76,69.1642,71.4156,28.473160018805796
1191,4402.82,69.27,71.755,69.16820000000001,71.43700000000001,28.477248851929108
1192,4402.84,69.305,71.75,69.1756,71.4588,28.489275270561475
1193,4402.86,69.34,71.78,69.18520000000001,71.4824,28.5066735809317
1194,4402.88,69.31,71.81,69.1944,71.5084,28.51741737353028
1195,4402.9,69.28,71.83,69.1992,71.5364,28.532252313141946
1196,4402.92,69.35,71.85,69.20360000000001,71.5634,28.547090155595146
1197,4402.94,69.42,71.88,69.2138,71.5898,28.55374258700818
1198,4402.96,69.43,71.91,69.2274,71.6156,28.561676282196448
1199,4402.98,69.44,71.91499999999999,69.2398,71.6398,28.573702220318737
1200,4403.0,69.535,71.92,69.2544,71.66159999999999,28.584446772495458
1201,4403.02,69.63,71.89500000000001,69.2752,71.6798,28.60056410953031
1202,4403.04,69.595,71.87,69.297,71.6978,28.616682090541726
1203,4403.06,69.56,71.94,69.31479999999999,71.7194,28.62205493163598
1204,4403.08,69.37,72.01,69.3224,71.7448,28.63817376724111
1205,4403.1,69.18,72.15,69.325,71.77680000000001,28.675786802832402
1206,4403.12,69.29,72.29,69.33460000000001,71.811,28.702655404364034
1207,4403.14,69.4,72.23500000000001,69.3472,71.8396,28.708029383505597
1208,4403.16,69.44,72.18,69.36,71.865,28.714679198097716
1209,4403.18,69.48,72.17500000000001,69.37440000000001,71.8892,28.72797996489866
1210,4403.2,69.48,72.17,69.3888,71.91199999999999,28.74000429452956
1211,4403.22,69.48,72.255,69.3976,71.937,28.75612473811248
1212,4403.24,69.53,72.34,69.4028,71.964,28.772245818692312
1213,4403.26,69.58,72.435,69.4118,71.99340000000001,28.787092455777405
1214,4403.28,69.625,72.53,69.42439999999999,72.0254,28.803215520811836
1215,4403.3,69.67,72.535,69.4396,72.0564,28.820612871823744
1216,4403.32,69.64500000000001,72.54,69.4546,72.0878,28.835463549279908
1217,4403.34,69.62,72.565,69.4672,72.1204,28.850317082513335
1218,4403.36,69.6,72.59,69.4776,72.1528,28.866443383177998
1219,4403.38,69.58,72.565,69.4884,72.183,28.88384032005358
1220,4403.4,69.62,72.54,69.50200000000001,72.2114,28.901237268237328
1221,4403.42,69.66,72.62,69.5144,72.2422,28.917364033721938
1222,4403.44,69.685,72.7,69.525,72.275,28.933491425946663
1223,4403.46,69.71,72.75999999999999,69.5362,72.309,28.94961944390253
1224,4403.48,69.69,72.82,69.5462,72.3452,28.967016156791907
1225,4403.5,69.67,72.875,69.5516,72.3834,28.979036879252366
1226,4403.52,69.64,72.93,69.55199999999999,72.42479999999999,28.98978900889219
1227,4403.54,69.61,72.92500000000001,69.5526,72.46700000000001,29.005917693295252
1228,4403.56,69.61500000000001,72.92,69.5548,72.50619999999999,29.026157269370117
1229,4403.58,69.62,72.96000000000001,69.56479999999999,72.5442,29.048930520313732
1230,4403.6,69.67500000000001,73.0,69.58460000000001,72.5782,29.062216596435817
1231,4403.62,69.73,73.055,69.6022,72.6088,29.077080796647014
1232,4403.64,69.72,73.11,69.615,72.6438,29.097325263423734
1233,4403.66,69.71,73.14,69.6258,72.68220000000001,29.112195534369324
1234,4403.68,69.745,73.17,69.63640000000001,72.72200000000001,29.127068615305912
1235,4403.7,69.78,73.245,69.6484,72.765,29.15396131927694
1236,4403.72,69.77000000000001,73.32,69.66,72.80760000000001,29.180855720982148
1237,4403.74,69.76,73.425,69.6692,72.851,29.195735963331934
1238,4403.76,69.815,73.53,69.6786,72.8948,29.210618996499655
1239,4403.78,69.87,73.525,69.6884,72.9346,29.23339404214092
1240,4403.8,69.89,73.52,69.69720000000001,72.97399999999999,29.25491441714178
1241,4403.82,69.91,73.52,69.7078,73.0132,29.271055418290338
1242,4403.84,69.87,73.52,69.7178,73.0514,29.28719702128501
1243,4403.86,69.83,73.59,69.727,73.09140000000001,29.31159904935975
1244,4403.88,69.83,73.66,69.73700000000001,73.1352,29.33850698473188
1245,4403.9,69.83,73.72999999999999,69.7454,73.1828,29.355901308221917
1246,4403.92,69.84,73.8,69.7526,73.23,29.366664921334372
1247,4403.94,69.85,73.86,69.7592,73.27640000000001,29.382810810583425
1248,4403.96,69.9,73.92,69.7668,73.3228,29.404339568019697
1249,4403.98,69.95,73.97,69.77720000000001,73.36880000000001,29.432498321799805
1250,4404.0,70.0,74.02,69.7904,73.41460000000001,29.45402854333967
1251,4404.02,70.05,74.04499999999999,69.80680000000001,73.4592,29.46893217371706
1252,4404.04,70.03999999999999,74.07,69.824,73.505,29.490465143499847
1253,4404.06,70.03,74.10499999999999,69.84060000000001,73.55239999999999,29.51986899802493
1254,4404.08,70.02000000000001,74.14,69.85660000000001,73.5996,29.549273096325756
1255,4404.1,70.01,74.215,69.87,73.6482,29.565422765704074
1256,4404.12,70.095,74.29,69.8846,73.69760000000001,29.57618955874116
1257,4404.14,70.18,74.345,69.903,73.747,29.601865934344413
1258,4404.16,70.165,74.4,69.92120000000001,73.7974,29.632931541904366
1259,4404.18,70.15,74.465,69.9374,73.8492,29.649085685874006
1260,4404.2,70.165,74.53,69.9528,73.9006,29.661093856900656
1261,4404.22,70.18,74.52000000000001,69.9692,73.9486,29.68925626452745
1262,4404.24,70.195,74.51,69.9866,73.992,29.72032953805058
1263,4404.26,70.21,74.525,70.0024,74.03179999999999,29.735250839633924
1264,4404.28,70.28,74.54,70.0188,74.0724,29.750174840262844
1265,4404.3,70.35,74.605,70.0372,74.1158,29.782493465844688
1266,4404.32,70.36,74.67,70.0552,74.1618,29.806504445209608
1267,4404.34,70.37,74.785,70.07520000000001,74.2124,29.829282971468437
1268,4404.36,70.315,74.9,70.0946,74.2648,29.86160293141917
1269,4404.38,70.26,74.975,70.11179999999999,74.3174,29.881920832156432
1270,4404.4,70.265,75.05,70.1292,74.37020000000001,29.89562673084357
1271,4404.42,70.27,75.125,70.1464,74.4232,29.917179081904088
1272,4404.44,70.32499999999999,75.2,70.1654,74.4768,29.944120917854626
1273,4404.46,70.38,75.17500000000001,70.1846,74.527,29.975229456592064
1274,4404.48,70.43,75.15,70.2038,74.5742,29.998009283335577
1275,4404.5,70.48,75.185,70.223,74.6208,30.020789123961197
1276,4404.52,70.505,75.22,70.2412,74.6678,30.047735789037933
1277,4404.54,70.53,75.27,70.2608,74.7158,30.063904555064063
1278,4404.56,70.595,75.32,70.2834,74.76440000000001,30.084243648908902
1279,4404.58,70.66,75.36,70.309,74.8132,30.10997687717778
1280,4404.6,70.65,75.4,70.3346,74.8606,30.124932359647765
1281,4404.62,70.64,75.45,70.3564,74.907,30.145281962611023
1282,4404.64,70.695,75.5,70.37700000000001,74.95320000000001,30.173454469455187
1283,4404.66,70.75,75.53999999999999,70.4004,74.9988,30.20162710426522
1284,4404.68,70.71000000000001,75.58,70.4228,75.0434,30.232765954036633
1285,4404.7,70.67,75.645,70.443,75.088,30.26391035221811
1286,4404.72,70.66499999999999,75.71,70.4624,75.1356,30.297477751280965
1287,4404.74,70.66,75.815,70.48100000000001,75.1878,30.329836907758796
1288,4404.76,70.71000000000001,75.92,70.501,75.2436,30.34239807552377
1289,4404.78,70.76,76.025,70.5202,75.303,30.36156807815671
1290,4404.8,70.75,76.13,70.5362,75.364,30.39273711910823
1291,4404.82,70.74,76.155,70.5514,75.4234,30.419715032012878
1292,4404.84,70.79499999999999,76.18,70.5684,75.4792,30.44909334842438
1293,4404.86,70.85,76.24000000000001,70.58980000000001,75.53280000000001,30.477271635733093
1294,4404.88,70.91499999999999,76.3,70.616,75.5858,30.509646781728826
1295,4404.9,70.98,76.28999999999999,70.6446,75.6354,30.552816916071315
1296,4404.92,70.99000000000001,76.28,70.6734,75.6816,30.579800175848902
1297,4404.94,71.0,76.315,70.7004,75.7262,30.59718651196084
1298,4404.96,71.035,76.35,70.7266,75.7732,30.63076327648513
1299,4404.98,71.07,76.425,70.7522,75.82419999999999,30.663145717320738
1300,4405.0,71.00999999999999,76.5,70.7734,75.87679999999999,30.683542139800156
1301,4405.02,70.95,76.61,70.79119999999999,75.9324,30.709340076730797
1302,4405.04,70.95,76.72,70.80799999999999,75.9904,30.740541011958683
1303,4405.06,70.95,76.775,70.82220000000001,76.0486,30.777146592860568
1304,4405.08,70.92500000000001,76.83,70.83279999999999,76.10740000000001,30.821528561005646
1305,4405.1,70.9,76.89,70.8428,76.167,30.855112044669603
1306,4405.12,70.95500000000001,76.95,70.8554,76.227,30.871311530397332
1307,4405.14,71.01,76.97,70.868,76.2858,30.8983117703367
1308,4405.16,71.08000000000001,76.99,70.88119999999999,76.3438,30.929531949289494
1309,4405.18,71.15,77.015,70.8988,76.4012,30.952316488736443
1310,4405.2,71.155,77.04,70.91820000000001,76.45700000000001,30.982865816037773
1311,4405.22,71.16,77.15,70.938,76.5146,31.02067009245672
1312,4405.24,71.19,77.26,70.9592,76.5724,31.0507173113467
1313,4405.26,71.22,77.355,70.9796,76.62979999999999,31.081950685219727
1314,4405.28,71.24000000000001,77.45,70.9988,76.6868,31.11859191590595
1315,4405.3,71.26,77.5,71.0192,76.7416,31.155239463422927
1316,4405.32,71.305,77.55,71.04180000000001,76.7974,31.18766011668695
1317,4405.34,71.35,77.565,71.06400000000001,76.8528,31.221252919531878
1318,4405.36,71.335,77.58,71.0834,76.90639999999999,31.261420141303343
1319,4405.38,71.32,77.625,71.0996,76.9594,31.301587372167802
1320,4405.4,71.405,77.67,71.1166,77.0146,31.328606515116903
1321,4405.42,71.49,77.765,71.1366,77.07400000000001,31.354458704750524
1322,4405.44,71.515,77.86,71.1572,77.1358,31.38571993727494
1323,4405.46,71.54,77.89,71.1774,77.1974,31.416986271506442
1324,4405.48,71.56,77.92,71.197,77.2572,31.45482598938413
1325,4405.5,71.58,78.00999999999999,71.21979999999999,77.3176,31.498074591522638
1326,4405.52,71.59,78.1,71.2454,77.3772,31.537079955710812
1327,4405.54,71.6,78.155,71.2714,77.4346,31.570679284534684
1328,4405.56,71.555,78.21,71.29560000000001,77.492,31.601961378190026
1329,4405.58,71.51,78.24,71.319,77.5484,31.63981239121223
1330,4405.6,71.555,78.27,71.3452,77.6036,31.683073850316497
1331,4405.62,71.6,78.435,71.37100000000001,77.663,31.725185568761376
1332,4405.64,71.63499999999999,78.6,71.396,77.7282,31.758789504289126
1333,4405.66,71.67,78.61,71.4196,77.793,31.797802464451117
1334,4405.68,71.655,78.62,71.4398,77.8572,31.839924763272347
1335,4405.7,71.64,78.64,71.4592,77.9212,31.87664425436456
1336,4405.72,71.69,78.66,71.4804,77.9816,31.91992560362978
1337,4405.74,71.74,78.69,71.5024,78.0388,31.964354756611566
1338,4405.76,71.74,78.72,71.5232,78.0934,31.99681923361388
1339,4405.78,71.74,78.78,71.5432,78.14659999999999,32.02814334982422
1340,4405.8,71.705,78.84,71.56099999999999,78.2002,32.06488425368341
1341,4405.82,71.67,78.905,71.5756,78.2544,32.10276910161677
1342,4405.84,71.745,78.97,71.59140000000001,78.3106,32.13751977493305
1343,4405.86,71.82,79.065,71.6108,78.37,32.171131919177405
1344,4405.88,71.88,79.16,71.6332,78.4314,32.21443213005043
1345,4405.9,71.94,79.19999999999999,71.6546,78.4926,32.257735546473285
1346,4405.92,71.985,79.24,71.6744,78.5516,32.28908148360778
1347,4405.94,72.03,79.32,71.695,78.61,32.326978016356215
1348,4405.96,72.025,79.4,71.7144,78.67039999999999,32.36713985994506
1349,4405.98,72.02,79.435,71.7328,78.73100000000001,32.41045288156923
1350,4406.0,72.03999999999999,79.47,71.7512,78.7894,32.4569273199264
1351,4406.02,72.06,79.535,71.77,78.84679999999999,32.49483452603871
1352,4406.04,72.13,79.6,71.7912,78.90459999999999,32.52845375870998
1353,4406.06,72.2,79.74,71.817,78.96579999999999,32.56636408274427
1354,4406.08,72.31,79.88,71.84899999999999,79.03139999999999,32.60427678213303
1355,4406.1,72.42,79.865,71.8836,79.09519999999999,32.65302514328935
1356,4406.12,72.47,79.85,71.9184,79.1518,32.69953918392984
1357,4406.14,72.52,79.85,71.9538,79.2018,32.734114842814414
1358,4406.16,72.455,79.85,71.98519999999999,79.25139999999999,32.77204475594992
1359,4406.18,72.39,79.87,72.0146,79.3014,32.81220313821006
1360,4406.2,72.305,79.89,72.04119999999999,79.3514,32.85444216740871
1361,4406.22,72.22,80.03,72.0624,79.4062,32.90099878463963
1362,4406.24,72.28,80.17,72.084,79.4654,32.95088820917853
1363,4406.26,72.34,80.19,72.108,79.52420000000001,32.99425185315815
1364,4406.28,72.44,80.21,72.13600000000001,79.58139999999999,33.024567852481525
1365,4406.3,72.54,80.32,72.16940000000001,79.6406,33.06141594208796
1366,4406.32,72.57,80.43,72.2054,79.70159999999998,33.104791673194825
1367,4406.34,72.6,80.42500000000001,72.2396,79.7598,33.144947165141176
1368,4406.36,72.63,80.42,72.27199999999999,79.814,33.185102693082165
1369,4406.38,72.66,80.45,72.3032,79.8656,33.22738194827279
1370,4406.4,72.67,80.48,72.33239999999999,79.9168,33.26966768078474
1371,4406.42,72.68,80.45,72.36019999999999,79.9652,33.31305433284899
1372,4406.44,72.72,80.42,72.3878,80.0092,33.35644385956949
1373,4406.46,72.76,80.47,72.41720000000001,80.052,33.399836249120014
1374,4406.48,72.785,80.52,72.4478,80.0954,33.442141285224196
1375,4406.5,72.81,80.56,72.4786,80.139,33.48445269287364
1376,4406.52,72.805,80.6,72.5084,80.1816,33.52677044704673
1377,4406.54,72.8,80.66999999999999,72.5352,80.2244,33.56909452387958
1378,4406.56,72.87,80.74,72.562,80.26440000000001,33.60708000571084
1379,4406.58,72.94,80.84,72.5872,80.30279999999999,33.64506761885434
1380,4406.6,73.07499999999999,80.94,72.6134,80.3458,33.68848462817259
1381,4406.62,73.21,80.925,72.643,80.3888,33.73082646149413
1382,4406.64,73.235,80.91,72.6716,80.4312,33.76231795107841
1383,4406.66,73.26,80.985,72.7038,80.4766,33.801391733835864
1384,4406.68,73.185,81.06,72.73559999999999,80.52420000000001,33.851322961217996
1385,4406.7,73.11,81.095,72.76780000000001,80.5724,33.89475300763783
1386,4406.72,73.16499999999999,81.13,72.8056,80.6164,33.932756531591366
1387,4406.74,73.22,81.15,72.84320000000001,80.65559999999999,33.976191659182405
1388,4406.76,73.305,81.17,72.8818,80.6948,34.02399073873141
1389,4406.78,73.39,81.205,72.9198,80.7346,34.06636634516507
1390,4406.8,73.485,81.24,72.9576,80.7714,34.097885898420884
1391,4406.82,73.58,81.215,72.998,80.8028,34.1250415954697
1392,4406.84,73.53999999999999,81.19,73.0356,80.8334,34.159756523507646
1393,4406.86,73.5,81.275,73.0704,80.8676,34.20427009118892
1394,4406.88,73.535,81.36,73.1054,80.904,34.25209201076185
1395,4406.9,73.57,81.44,73.1414,80.94239999999999,34.299920973250224
1396,4406.92,73.565,81.52,73.1768,80.98519999999999,34.337948679129916
1397,4406.94,73.56,81.555,73.21039999999999,81.03059999999999,34.38141134919374
1398,4406.96,73.595,81.59,73.24380000000001,81.0754,34.43030994394777
1399,4406.98,73.63,81.67,73.27759999999999,81.1214,34.46834445590636
1400,4407.0,73.735,81.75,73.3146,81.169,34.51076272961307
1401,4407.02,73.84,81.78,73.356,81.2162,34.55757223730709
1402,4407.04,73.86500000000001,81.81,73.3986,81.26180000000001,34.589134259406705
1403,4407.06,73.89,81.80000000000001,73.4394,81.3042,34.62279293914259
1404,4407.08,73.94,81.79,73.4794,81.3422,34.67380452475397
1405,4407.1,73.99,81.775,73.51599999999999,81.3756,34.72376972348959
1406,4407.12,74.10499999999999,81.76,73.5518,81.409,34.755338770398346
1407,4407.14,74.22,81.77000000000001,73.5912,81.4434,34.7869118681804
1408,4407.16,74.22,81.78,73.6296,81.4752,34.82600893017582
1409,4407.18,74.22,81.825,73.671,81.50580000000001,34.8651063026595
1410,4407.2,74.295,81.87,73.71839999999999,81.5368,34.90652007132731
1411,4407.22,74.37,81.95500000000001,73.7666,81.5698,34.94794420439846
1412,4407.24,74.375,82.04,73.8128,81.6054,34.98704543519048
1413,4407.26,74.38,82.075,73.85579999999999,81.64160000000001,35.03262078519341
1414,4407.28,74.43,82.11,73.8974,81.6778,35.081563290572895
1415,4407.3,74.48,82.14500000000001,73.93719999999999,81.714,35.12300486535252
1416,4407.32,74.45500000000001,82.18,73.97219999999999,81.7526,35.15357781716691
1417,4407.34,74.43,82.21000000000001,74.0078,81.7934,35.185186434234126
1418,4407.36,74.415,82.24,74.0444,81.83200000000001,35.22326583797339
1419,4407.38,74.4,82.22999999999999,74.079,81.8668,35.261347073899785
1420,4407.4,74.575,82.22,74.1192,81.898,35.29398959334849
1421,4407.42,74.75,82.21000000000001,74.1666,81.92560000000002,35.33309840231489
1422,4407.44,74.75,82.2,74.2142,81.9514,35.382065577742864
1423,4407.46,74.75,82.25999999999999,74.2604,81.97820000000002,35.43001438860437
1424,4407.48,74.805,82.32,74.3074,82.0042,35.469125724186746
1425,4407.5,74.86,82.35499999999999,74.3524,82.0284,35.509257833627835
1426,4407.52,74.875,82.39,74.3938,82.0528,35.55075314332645
1427,4407.54,74.89,82.41,74.43480000000001,82.0768,35.584785439958075
1428,4407.56,74.91499999999999,82.43,74.47579999999999,82.102,35.61744396433347
1429,4407.58,74.94,82.48,74.5158,82.12960000000001,35.65656001837139
1430,4407.6,74.995,82.53,74.556,82.15979999999999,35.70555107897992
1431,4407.62,75.05,82.55,74.5938,82.19139999999999,35.75454503754688
1432,4407.64,75.025,82.57,74.626,82.2234,35.792653457949605
1433,4407.66,75.0,82.59,74.6572,82.2558,35.83076362025408
1434,4407.68,75.025,82.61,74.68939999999999,82.2872,35.86887551692355
1435,4407.7,75.05,82.595,74.71960000000001,82.31620000000001,35.90799555468796
1436,4407.72,75.16499999999999,82.58,74.7514,82.34119999999999,35.94510449524007
1437,4407.74,75.28,82.66499999999999,74.7876,82.36619999999999,35.9757692902633
1438,4407.76,75.345,82.75,74.82620000000001,82.3932,36.00844404691016
1439,4407.78,75.41,82.795,74.8654,82.4206,36.05201231953354
1440,4407.8,75.49,82.84,74.9058,82.4484,36.09558281234029
1441,4407.82,75.57,82.815,74.9504,82.4738,36.13370881354146
1442,4407.84,75.60499999999999,82.79,74.9974,82.49699999999999,36.17183650257773
1443,4407.86,75.64,82.81,75.0464,82.51979999999999,36.2099658733337
1444,4407.88,75.66499999999999,82.83,75.097,82.54379999999999,36.2480969198082
1445,4407.9,75.69,82.85499999999999,75.1416,82.5692,36.28821935156326
1446,4407.92,75.69,82.88,75.1792,82.596,36.32734644145406
1447,4407.94,75.69,82.82499999999999,75.21679999999999,82.62100000000001,36.368940499275766
1448,4407.96,75.715,82.77,75.2554,82.64139999999999,36.41054409422904
1449,4407.98,75.74,82.78999999999999,75.2928,82.6602,36.4467080766966
1450,4408.0,75.785,82.81,75.32979999999999,82.6784,36.48386621660381
1451,4408.02,75.83,82.86500000000001,75.368,82.6974,36.52299884393935
1452,4408.04,75.8,82.92,75.4044,82.71780000000001,36.562131690581886
1453,4408.06,75.77,82.97,75.4386,82.7394,36.605730013204436
1454,4408.08,75.815,83.02,75.4736,82.76100000000001,36.64933045081286
1455,4408.1,75.86,83.02,75.5082,82.78059999999999,36.68846486954847
1456,4408.12,75.85499999999999,83.02,75.5404,82.7994,36.72759950407286
1457,4408.14,75.85,83.05,75.57339999999999,82.81859999999999,36.77218480097407
1458,4408.16,75.965,83.08,75.612,82.8382,36.80586941481679
1459,4408.18,76.08,83.11,75.6542,82.8582,36.83312245044445
1460,4408.2,76.18,83.14,75.6994,82.88,36.864847565264164
1461,4408.22,76.28,83.17,75.744,82.90359999999998,36.89755431179357
1462,4408.24,76.34,83.2,75.7864,82.925,36.93124008195619
1463,4408.26,76.4,83.21000000000001,75.8286,82.9434,36.969399764898455
1464,4408.28,76.43,83.22,75.8694,82.96039999999999,37.00658518731206
1465,4408.3,76.46,83.28,75.9082,82.978,37.04377483721606
1466,4408.32,76.49,83.34,75.945,82.999,37.08291444141146
1467,4408.34,76.52,83.34,75.9816,83.021,37.123027719022446
1468,4408.36,76.50999999999999,83.34,76.01639999999999,83.0422,37.16664673461119
1469,4408.38,76.5,83.34,76.04979999999999,83.0626,37.20481504774287
1470,4408.4,76.45,83.34,76.08019999999999,83.08200000000001,37.237531987877844
1471,4408.42,76.4,83.34,76.1086,83.1004,37.2692804380278
1472,4408.44,76.46000000000001,83.34,76.13940000000001,83.12100000000001,37.30296927675726
1473,4408.46,76.52,83.33500000000001,76.1716,83.1436,37.34211153647675
1474,4408.48,76.55,83.33,76.204,83.1652,37.38028591901024
1475,4408.5,76.58,83.33500000000001,76.2358,83.18620000000001,37.41942891775983
1476,4408.52,76.61500000000001,83.34,76.26719999999999,83.2052,37.46305927108138
1477,4408.54,76.65,83.375,76.3012,83.2234,37.50123746971581
1478,4408.56,76.74000000000001,83.41,76.34,83.241,37.523054287867055
1479,4408.58,76.83,83.465,76.3806,83.2588,37.55032599420862
1480,4408.6,76.815,83.52,76.4188,83.27879999999999,37.59396229984002
1481,4408.62,76.8,83.53999999999999,76.4566,83.2996,37.637600576259764
1482,4408.64,76.78999999999999,83.56,76.4942,83.32,37.67225377287816
1483,4408.66,76.78,83.555,76.5268,83.339,37.70594492099611
1484,4408.68,76.94,83.55,76.5612,83.3566,37.744129679617174
1485,4408.7,77.1,83.565,76.598,83.37360000000001,37.78327632927823
1486,4408.72,77.1,83.58,76.6308,83.39,37.81696796335195
1487,4408.74,77.1,83.61,76.6612,83.40639999999999,37.84969966890657
1488,4408.76,77.16999999999999,83.64,76.692,83.42360000000001,37.8869296349829
1489,4408.78,77.24,83.6,76.7244,83.43880000000001,37.919664531432794
1490,4408.8,77.33,83.56,76.7592,83.45,37.942445434645826
1491,4408.82,77.42,83.59,76.7964,83.46,37.97068222700731
1492,4408.84,77.39500000000001,83.62,76.8314,83.47120000000001,38.00341818749681
1493,4408.86,77.37,83.66,76.8658,83.484,38.036155228539585
1494,4408.88,77.36500000000001,83.7,76.9004,83.4984,38.076260382696475
1495,4408.9,77.36,83.7,76.9368,83.51280000000001,38.116365675353364
1496,4408.92,77.38,83.7,76.976,83.5272,38.150058728589855
1497,4408.94,77.4,83.745,77.0136,83.5434,38.18375184334468
1498,4408.96,77.45500000000001,83.79,77.05099999999999,83.5616,38.22194610890989
1499,4408.98,77.51,83.79,77.08940000000001,83.58,38.26014183408353
1500,4409.0,77.53,83.79,77.12740000000001,83.59819999999999,38.28742540001416
1501,4409.02,77.55,83.815,77.1648,83.6172,38.320166646751034
1502,4409.04,77.59,83.84,77.2024,83.6358,38.360270290573304
1503,4409.06,77.63,83.875,77.238,83.65440000000001,38.39491726303084
1504,4409.08,77.69,83.91,77.2724,83.67219999999999,38.43311561281801
1505,4409.1,77.75,83.895,77.3098,83.68719999999999,38.47036446380756
1506,4409.12,77.755,83.88,77.348,83.7008,38.4976515993976
1507,4409.14,77.76,83.86,77.38680000000001,83.7128,38.526839276900674
1508,4409.16,77.78999999999999,83.84,77.4272,83.7242,38.561484730125315
1509,4409.18,77.82,83.825,77.4624,83.7352,38.595179407090434
1510,4409.2,77.83,83.81,77.4916,83.745,38.628874140652535
1511,4409.22,77.84,83.825,77.5212,83.75479999999999,38.66256893183938
1512,4409.24,77.93,83.84,77.5544,83.764,38.68985633037465
1513,4409.26,78.02,83.87,77.58840000000001,83.7732,38.7152475882361
1514,4409.28,78.02,83.9,77.6196,83.7852,38.74704918117043
1515,4409.3,78.02,83.965,77.6472,83.8014,38.782638896385684
1516,4409.32,78.07,84.03,77.6732,83.819,38.81277259591699
1517,4409.34,78.12,84.03999999999999,77.7022,83.8358,38.8455198461757
1518,4409.36,78.17,84.05,77.73419999999999,83.8514,38.876375307388734
1519,4409.38,78.22,84.045,77.76839999999999,83.8652,38.902722846045904
1520,4409.4,78.295,84.04,77.8058,83.8788,38.931905542480166
1521,4409.42,78.37,84.0,77.84540000000001,83.8908,38.96560198495204
1522,4409.44,78.38,83.96,77.8846,83.8994,39.0038128336245
1523,4409.46,78.39,84.005,77.92200000000001,83.90800000000002,39.0375096028598
1524,4409.48,78.375,84.05,77.9566,83.9184,39.0657475770362
1525,4409.5,78.36,84.12,77.9898,83.9316,39.09304215660068
1526,4409.52,78.36500000000001,84.19,78.0224,83.9466,39.120337446164
1527,4409.54,78.37,84.22,78.0536,83.9618,39.154034670655484
1528,4409.56,78.35,84.25,78.08239999999999,83.9768,39.193191156930226
1529,4409.58,78.33,84.215,78.108,83.98899999999999,39.22500620357096
1530,4409.6,78.455,84.18,78.1362,84.00040000000001,39.24590485293724
1531,4409.62,78.58,84.24000000000001,78.1692,84.0148,39.26774419727384
1532,4409.64,78.66499999999999,84.3,78.2054,84.0324,39.29410605556671
1533,4409.66,78.75,84.33,78.24380000000001,84.052,39.31953444752457
1534,4409.68,78.755,84.36,78.2812,84.0734,39.34590277401681
1535,4409.7,78.76,84.43,78.3184,84.09819999999999,39.37960227231097
1536,4409.72,78.685,84.5,78.3522,84.1252,39.41876272388525
1537,4409.74,78.61,84.42,78.37939999999999,84.1484,39.4515287831739
1538,4409.76,78.64,84.34,78.4042,84.1672,39.478834599120304
1539,4409.78,78.67,84.36,78.4302,84.1856,39.511602475669996
1540,4409.8,78.71000000000001,84.38,78.45779999999999,84.20219999999999,39.543440565300884
1541,4409.82,78.75,84.32,78.485,84.21379999999999,39.57074935476514
1542,4409.84,78.815,84.26,78.5128,84.2226,39.598988317853106
1543,4409.86,78.88,84.28999999999999,78.5412,84.23219999999999,39.63175980433904
1544,4409.88,78.88,84.32,78.5676,84.2432,39.66360431366515
1545,4409.9,78.88,84.34,78.59100000000001,84.2552,39.6954519326177
1546,4409.92,78.925,84.36,78.6132,84.2696,39.728227876964404
1547,4409.94,78.97,84.4,78.63680000000001,84.2872,39.76192984995827
1548,4409.96,78.99000000000001,84.44,78.6608,84.30460000000001,39.78470632367521
1549,4409.98,79.01,84.46000000000001,78.6862,84.321,39.80748281300223
1550,4410.0,79.06,84.48,78.7142,84.3354,39.83479682257273
1551,4410.02,79.11,84.45,78.744,84.3458,39.850261338777514
1552,4410.04,79.13499999999999,84.42,78.7746,84.3538,39.872113865919246
1553,4410.06,79.16,84.4,78.807,84.3598,39.91035678072414
1554,4410.08,79.155,84.38,78.84,84.3664,39.94313746786715
1555,4410.1,79.15,84.39,78.8678,84.3748,39.97045544455999
1556,4410.12,79.2,84.4,78.8926,84.38119999999999,40.00139828075996
1557,4410.14,79.25,84.485,78.916,84.38860000000001,40.0323474704901
1558,4410.16,79.235,84.57,78.9354,84.3982,40.06058712789266
1559,4410.18,79.22,84.585,78.95400000000001,84.40719999999999,40.08882678717986
1560,4410.2,79.34,84.6,78.9772,84.414,40.116149575907336
1561,4410.22,79.46,84.63,79.0082,84.4192,40.1370925099873
1562,4410.24,79.535,84.66,79.04520000000001,84.4288,40.15803745473729
1563,4410.26,79.61,84.61,79.084,84.43960000000001,40.19174233425105
1564,4410.28,79.62,84.56,79.12200000000001,84.44760000000001,40.22453346693101
1565,4410.3,79.63,84.6,79.1588,84.45639999999999,40.244569959147825
1566,4410.32,79.565,84.64,79.1914,84.4692,40.26552164006018
1567,4410.34,79.5,84.655,79.2188,84.485,40.29376158414425
1568,4410.36,79.445,84.67,79.2414,84.5002,40.32655714182775
1569,4410.38,79.39,84.655,79.26180000000001,84.51360000000001,40.35753638715891
1570,4410.4,79.50999999999999,84.64,79.28699999999999,84.5256,40.379402219459486
1571,4410.42,79.63,84.695,79.31519999999999,84.539,40.40308372665638
1572,4410.44,79.66999999999999,84.75,79.3432,84.55300000000001,40.42950854184967
1573,4410.46,79.71,84.785,79.372,84.5668,40.454125362251574
1574,4410.48,79.725,84.82,79.4006,84.58120000000001,40.48146121055835
1575,4410.5,79.74,84.775,79.42779999999999,84.59299999999999,40.50879768852581
1576,4410.52,79.755,84.73,79.4536,84.6042,40.53979810246531
1577,4410.54,79.77,84.78,79.479,84.61859999999999,40.58264066171039
1578,4410.56,79.78,84.83,79.5038,84.6358,40.62181715361615
1579,4410.58,79.79,84.83500000000001,79.5292,84.654,40.65095742524809
1580,4410.6,79.83500000000001,84.84,79.5566,84.67200000000001,40.672829670030225
1581,4410.62,79.88,84.92,79.5838,84.69279999999999,40.6929049199862
1582,4410.64,79.875,85.0,79.60879999999999,84.71340000000001,40.71755760848172
1583,4410.66,79.87,84.93,79.6342,84.72779999999999,40.73675042122044
1584,4410.68,79.92500000000001,84.86,79.66239999999999,84.73880000000001,40.75315872787436
1585,4410.7,79.98,84.89,79.688,84.75039999999998,40.77682328248414
1586,4410.72,80.02000000000001,84.92,79.71039999999999,84.762,40.803277270693535
1587,4410.74,80.06,84.94,79.7314,84.7732,40.838892027415646
1588,4410.76,80.07,84.96,79.7498,84.78720000000001,40.87082397970696
1589,4410.78,80.08,84.965,79.7682,84.8034,40.89181763765647
1590,4410.8,80.08500000000001,84.97,79.7864,84.81819999999999,40.918284007173575
1591,4410.82,80.09,84.925,79.8074,84.82960000000001,40.94563836733961
1592,4410.84,80.125,84.88,79.83239999999999,84.83859999999999,40.96663714870507
1593,4410.86,80.16,84.91,79.861,84.84819999999999,40.98852193200431
1594,4410.88,80.215,84.94,79.89399999999999,84.85960000000001,41.017647188786306
1595,4410.9,80.27,84.985,79.92439999999999,84.8734,41.04500310693072
1596,4410.92,80.405,85.03,79.9554,84.88680000000001,41.060533236685025
1597,4410.94,80.54,85.00999999999999,79.9902,84.8972,41.077831032236624
1598,4410.96,80.49000000000001,84.99,80.0214,84.90539999999999,41.099716774733984
1599,4410.98,80.44,85.035,80.05,84.914,41.12531042510343
1600,4411.0,80.44999999999999,85.08,80.0784,84.9262,41.15638153166228
1601,4411.02,80.46,85.11,80.10660000000001,84.94139999999999,41.18198605847931
1602,4411.04,80.495,85.14,80.1356,84.9558,41.19665007994108
1603,4411.06,80.53,85.155,80.1656,84.96879999999999,41.21854172555305
1604,4411.08,80.575,85.17,80.197,84.98219999999999,41.25313132243525
1605,4411.1,80.62,85.16,80.22840000000001,84.995,41.28137194386865
1606,4411.12,80.66,85.15,80.2596,85.0042,41.303263588497195
1607,4411.14,80.7,85.11500000000001,80.29260000000001,85.0088,41.33697716760543
1608,4411.16,80.64500000000001,85.08,80.3236,85.0148,41.36521778986397
1609,4411.18,80.59,85.13,80.3502,85.0256,41.38076175318508
1610,4411.2,80.71000000000001,85.18,80.3794,85.0372,41.39630719879278
1611,4411.22,80.83,85.23,80.4118,85.04960000000001,41.41360118517629
1612,4411.24,80.895,85.28,80.4452,85.0632,41.44096798044389
1613,4411.26,80.96,85.28,80.4808,85.07600000000001,41.47206435887537
1614,4411.28,80.94999999999999,85.28,80.51559999999999,85.0886,41.49943356687041
1615,4411.3,80.94,85.36500000000001,80.54979999999999,85.1044,41.526803346178916
1616,4411.32,80.91,85.45,80.5826,85.12540000000001,41.546960591999046
1617,4411.34,80.88,85.45,80.6128,85.1482,41.56251542301511
1618,4411.36,80.955,85.45,80.6446,85.1698,41.57893908951145
1619,4411.38,81.03,85.4,80.6772,85.1882,41.6071796630606
1620,4411.4,81.175,85.35,80.71340000000001,85.20280000000001,41.63455285548164
1621,4411.42,81.32,85.335,80.75,85.215,41.65097705931433
1622,4411.44,81.305,85.32,80.7806,85.2274,41.66740146611272
1623,4411.46,81.29,85.33,80.8126,85.241,41.683826075381496
1624,4411.48,81.28,85.34,80.8462,85.25319999999999,41.71206662928887
1625,4411.5,81.27,85.37,80.87899999999999,85.2648,41.74405129198475
1626,4411.52,81.285,85.4,80.91199999999999,85.2764,41.765087977619245
1627,4411.54,81.3,85.48,80.9442,85.29,41.78612650119058
1628,4411.56,81.32,85.56,80.97579999999999,85.3062,41.80544453567569
1629,4411.58,81.34,85.625,81.0064,85.32440000000001,41.82562950030905
1630,4411.6,81.35,85.69,81.03559999999999,85.34559999999999,41.848393668941405
1631,4411.62,81.36,85.705,81.06360000000001,85.3678,41.87201738898089
1632,4411.64,81.41499999999999,85.72,81.0922,85.39200000000001,41.89392208811235
1633,4411.66,81.47,85.68,81.1252,85.41599999999998,41.91035085426988
1634,4411.68,81.475,85.64,81.16059999999999,85.4364,41.92763879261858
1635,4411.7,81.48,85.57,81.19139999999999,85.45199999999998,41.94868539687419
1636,4411.72,81.535,85.5,81.21959999999999,85.46279999999999,41.96887688654356
1637,4411.74,81.59,85.505,81.2474,85.4718,41.99626089607632
1638,4411.76,81.66,85.51,81.27539999999999,85.48100000000001,42.02535765480709
1639,4411.78,81.73,85.63,81.3066,85.495,42.04264462228127
1640,4411.8,81.765,85.75,81.3396,85.51039999999999,42.05821853634692
1641,4411.82,81.8,85.735,81.37519999999999,85.5218,42.080126208939674
1642,4411.84,81.82499999999999,85.72,81.413,85.5326,42.102034230283515
1643,4411.86,81.85,85.68,81.44879999999999,85.54180000000001,42.11846548551806
1644,4411.88,81.88499999999999,85.64,81.48299999999999,85.5514,42.13027462171107
1645,4411.9,81.92,85.695,81.5128,85.5652,42.15132858032146
1646,4411.92,81.93,85.75,81.5372,85.5818,42.17700907652994
1647,4411.94,81.94,85.795,81.5626,85.60079999999999,42.19806784711314
1648,4411.96,81.955,85.84,81.5892,85.62119999999999,42.22083034700908
1649,4411.98,81.97,85.815,81.6168,85.64020000000001,42.2444448223546
1650,4412.0,82.03,85.79,81.6472,85.65699999999998,42.25540010752083
1651,4412.02,82.09,85.845,81.6794,85.67479999999999,42.27183317347536
1652,4412.04,82.14500000000001,85.9,81.7132,85.69160000000002,42.29459573486115
1653,4412.06,82.2,85.91,81.7484,85.70559999999999,42.30640305443981
1654,4412.08,82.22,85.92,81.78359999999999,85.7174,42.32283603571101
1655,4412.1,82.24,85.87,81.8192,85.72460000000001,42.3438958621914
1656,4412.12,82.225,85.82,81.85379999999999,85.7292,42.36495747850898
1657,4412.14,82.21,85.835,81.8856,85.73380000000002,42.38686996744608
1658,4412.16,82.16499999999999,85.85,81.9134,85.74060000000001,42.41048178932896
1659,4412.18,82.12,85.81,81.9392,85.7474,42.43409446177676
1660,4412.2,82.19,85.77,81.9676,85.75540000000001,42.45052825661136
1661,4412.22,82.26,85.81,81.9966,85.76780000000001,42.46781262458503
1662,4412.24,82.37,85.85,82.02780000000001,85.7816,42.48047054025459
1663,4412.26,82.48,85.91,82.06060000000001,85.79759999999999,42.492277720554576
1664,4412.28,82.515,85.97,82.09200000000001,85.81120000000001,42.51418856846631
1665,4412.3,82.55,85.93,82.1234,85.8184,42.54072694265117
1666,4412.32,82.56,85.89,82.1538,85.8246,42.561789343718765
1667,4412.34,82.57,85.94,82.18360000000001,85.83339999999998,42.57822394375235
1668,4412.36,82.53,85.99,82.2108,85.8458,42.59002957077574
1669,4412.38,82.49,85.94,82.235,85.85780000000001,42.602685425018606
1670,4412.4,82.54499999999999,85.89,82.26,85.8656,42.61996973805828
1671,4412.42,82.6,85.905,82.2868,85.87180000000001,42.63555373880941
1672,4412.44,82.72,85.92,82.318,85.87679999999999,42.64566088621185
1673,4412.46,82.84,85.92,82.35340000000001,85.88,42.65576911722132
1674,4412.48,82.84,85.92,82.3882,85.8842,42.67135699598807
1675,4412.5,82.84,85.91499999999999,82.4206,85.8892,42.69327150890253
1676,4412.52,82.815,85.91,82.4496,85.8918,42.71518635756346
1677,4412.54,82.79,85.925,82.47540000000001,85.8928,42.73246900045288
1678,4412.56,82.725,85.94,82.4964,85.89399999999999,42.756077370445624
1679,4412.58,82.66,85.99000000000001,82.514,85.8968,42.77336040327771
1680,4412.6,82.75,86.04,82.5344,85.90360000000001,42.78053485249158
1681,4412.62,82.84,86.045,82.559,85.91259999999998,42.804145607103855
1682,4412.64,82.945,86.05,82.58840000000001,85.92119999999998,42.8260585752642
1683,4412.66,83.05,86.045,82.62380000000002,85.929,42.83153690382937
1684,4412.68,83.05,86.04,82.661,85.9382,42.843342287481896
1685,4412.7,83.05,85.98,82.69539999999999,85.9466,42.85977710838003
1686,4412.72,83.09,85.92,82.72859999999999,85.95100000000001,42.87073377574878
1687,4412.74,83.13,85.91,82.759,85.9534,42.88801731440819
1688,4412.76,83.10499999999999,85.9,82.78399999999999,85.95300000000002,42.90908270350375
1689,4412.78,83.08,85.96000000000001,82.8066,85.9526,42.92088750008127
1690,4412.8,83.11500000000001,86.02,82.8292,85.95620000000001,42.929762148568244
1691,4412.82,83.15,86.065,82.8528,85.9632,42.952524371837775
1692,4412.84,83.17500000000001,86.11,82.87700000000001,85.97,42.97906508589237
1693,4412.86,83.2,86.03,82.9038,85.9716,42.99549979037469
1694,4412.88,83.215,85.95,82.9328,85.972,43.006456380920454
1695,4412.9,83.23,85.985,82.9602,85.97579999999999,43.023740003943686
1696,4412.92,83.17,86.02,82.983,85.98039999999999,43.04565320702188
1697,4412.94,83.11,86.00999999999999,82.99860000000001,85.98400000000001,43.06124049084795
1698,4412.96,83.17,86.0,83.01180000000001,85.98720000000002,43.07852366011826
1699,4412.98,83.23,86.03,83.0274,85.9916,43.090328527769465
1700,4413.0,83.295,86.06,83.0456,85.9974,43.09117700001811
1701,4413.02,83.36,86.11,83.06739999999999,86.0054,43.097504214518764
1702,4413.04,83.4,86.16,83.0918,86.0148,43.10761203259218
1703,4413.06,83.44,86.175,83.12039999999999,86.02420000000001,43.124047206864475
1704,4413.08,83.47999999999999,86.19,83.1532,86.03219999999999,43.14217915252605
1705,4413.1,83.52,86.175,83.184,86.03759999999998,43.164941080201885
1706,4413.12,83.525,86.16,83.2114,86.04220000000001,43.18685421245895
1707,4413.14,83.53,86.09,83.23479999999999,86.04379999999999,43.19696287507352
1708,4413.16,83.58500000000001,86.02,83.2562,86.04279999999999,43.20791988736012
1709,4413.18,83.64,86.015,83.2798,86.04180000000001,43.21424617667104
1710,4413.2,83.60499999999999,86.01,83.302,86.04299999999999,43.22435558355772
1711,4413.22,83.57,86.005,83.32119999999999,86.04639999999999,43.24627005905469
1712,4413.24,83.63499999999999,86.0,83.3414,86.05,43.25892174108551
1713,4413.26,83.7,86.05,83.3652,86.056,43.26524814876159
1714,4413.28,83.72,86.1,83.3908,86.0616,43.27620501429723
1715,4413.3,83.74,86.14,83.4158,86.06639999999999,43.29642504223752
1716,4413.32,83.78,86.18,83.441,86.07099999999998,43.31664933435838
1717,4413.34,83.82,86.17,83.4668,86.0734,43.32381903066622
1718,4413.36,83.76499999999999,86.16,83.4894,86.07860000000001,43.33099054035105
1719,4413.38,83.71,86.1,83.5092,86.08460000000001,43.34110152782178
1720,4413.4,83.72999999999999,86.04,83.5292,86.0868,43.35753802377823
1721,4413.42,83.75,86.055,83.55239999999999,86.0882,43.380299251028156
1722,4413.44,83.75,86.07,83.57799999999999,86.0906,43.39125698508513
1723,4413.46,83.75,86.095,83.6012,86.0944,43.39758176649767
1724,4413.48,83.78999999999999,86.12,83.62360000000001,86.09800000000001,43.40938561074206
1725,4413.5,83.83,86.14500000000001,83.645,86.10140000000001,43.425821886868
1726,4413.52,83.89,86.17,83.6662,86.1038,43.44225834884729
1727,4413.54,83.95,86.185,83.6882,86.10480000000001,43.45152596661761
1728,4413.56,84.075,86.2,83.71359999999999,86.1058,43.45068177278012
1729,4413.58,84.2,86.23,83.7424,86.1074,43.4515260600263
1730,4413.6,84.18,86.26,83.7688,86.11080000000001,43.462484326673
1731,4413.62,84.16,86.24000000000001,83.7942,86.11399999999999,43.47976612071485
1732,4413.64,84.115,86.22,83.8176,86.11920000000002,43.497048013036775
1733,4413.66,84.07,86.185,83.837,86.1258,43.508006182594464
1734,4413.68,84.04499999999999,86.15,83.8532,86.13119999999999,43.52359960144158
1735,4413.7,84.02,86.185,83.8698,86.13820000000001,43.544673821654605
1736,4413.72,84.09,86.22,83.89059999999999,86.1468,43.55563278369438
1737,4413.74,84.16,86.14,83.91159999999999,86.1524,43.561112318274
1738,4413.76,84.19999999999999,86.06,83.9316,86.15279999999998,43.56743443670512
1739,4413.78,84.24,86.075,83.9524,86.15180000000001,43.56743448326028
1740,4413.8,84.24,86.09,83.9724,86.1498,43.56743452946689
1741,4413.82,84.24,86.075,83.9908,86.1456,43.57544468313584
1742,4413.84,84.35,86.06,84.01199999999999,86.14120000000001,43.581768413860445
1743,4413.86,84.46,86.11,84.0398,86.1392,43.59103841761828
1744,4413.88,84.5,86.16,84.0714,86.1416,43.60031155652704
1745,4413.9,84.54,86.145,84.10379999999999,86.1458,43.61590868751892
1746,4413.92,84.545,86.13,84.1356,86.14880000000001,43.63318922371245
1747,4413.94,84.55,86.185,84.16760000000001,86.1534,43.639510676454215
1748,4413.96,84.5,86.24,84.19760000000001,86.1592,43.644148669057934
1749,4413.98,84.45,86.185,84.22399999999999,86.1618,43.64330763212307
1750,4414.0,84.42500000000001,86.13,84.24779999999998,86.1612,43.64962846833553
1751,4414.02,84.4,86.13499999999999,84.2682,86.15979999999999,43.671547544591874
1752,4414.04,84.44,86.14,84.2878,86.15799999999999,43.69262680993871
1753,4414.06,84.48,86.14,84.304,86.15559999999999,43.69978745787982
1754,4414.08,84.515,86.14,84.3166,86.152,43.699787503873935
1755,4414.1,84.55,86.225,84.33139999999999,86.1506,43.71370788323932
1756,4414.12,84.56,86.31,84.3474,86.1534,43.73014852938181
1757,4414.14,84.57,86.33,84.3656,86.1578,43.73646755749119
1758,4414.16,84.60499999999999,86.35,84.387,86.16439999999999,43.73646760421133
1759,4414.18,84.64,86.345,84.4108,86.17220000000002,43.74194780600543
1760,4414.2,84.695,86.34,84.43779999999998,86.17839999999998,43.75206979533695
1761,4414.22,84.75,86.28999999999999,84.4642,86.18119999999999,43.75671238975383
1762,4414.24,84.71000000000001,86.24,84.4862,86.18520000000001,43.76303054845601
1763,4414.26,84.67,86.25,84.505,86.1928,43.77399133556802
1764,4414.28,84.715,86.26,84.524,86.20020000000001,43.78411495408157
1765,4414.3,84.76,86.23,84.5448,86.20579999999998,43.78959554469515
1766,4414.32,84.77000000000001,86.2,84.566,86.2108,43.79423966713078
1767,4414.34,84.78,86.205,84.58319999999999,86.2166,43.805201112218995
1768,4414.36,84.795,86.21,84.5966,86.22059999999999,43.81699870823932
1769,4414.38,84.81,86.22,84.609,86.223,43.82247941946513
1770,4414.4,84.88,86.23,84.6226,86.2264,43.82879656134745
1771,4414.42,84.95,86.28999999999999,84.63879999999999,86.23279999999998,43.845238467880826
1772,4414.44,85.02000000000001,86.35,84.6576,86.2394,43.84988318195396
1773,4414.46,85.09,86.32,84.68119999999999,86.2426,43.84523856105404
1774,4414.48,85.055,86.29,84.70540000000001,86.24679999999998,43.85071926717616
1775,4414.5,85.02,86.23,84.7292,86.2508,43.855364104136235
1776,4414.52,85.02,86.17,84.75399999999999,86.25219999999999,43.85917503126814
1777,4414.54,85.02,86.215,84.7772,86.2552,43.86846985047608
1778,4414.56,84.955,86.26,84.79620000000001,86.26,43.88026565050365
1779,4414.58,84.89,86.24000000000001,84.81119999999999,86.264,43.88026569657091
1780,4414.6,84.965,86.22,84.82780000000001,86.26379999999999,43.873118539855525
1781,4414.62,85.04,86.235,84.84700000000001,86.2608,43.883249441762736
1782,4414.64,85.03,86.25,84.86540000000001,86.2576,43.89886307664121
1783,4414.66,85.02,86.25999999999999,84.882,86.25400000000002,43.89803255722381
1784,4414.68,84.985,86.27,84.8958,86.251,43.898032602055714
1785,4414.7,84.95,86.22999999999999,84.906,86.2466,43.91364844322806
1786,4414.72,85.06,86.19,84.9184,86.2426,43.92378351107543
1787,4414.74,85.17,86.24000000000001,84.9368,86.2426,43.91830145707886
1788,4414.76,85.16499999999999,86.29,84.9566,86.2442,43.91364857991847
1789,4414.78,85.16,86.31,84.9744,86.2462,43.924612598225785
1790,4414.8,85.145,86.33,84.9898,86.2502,43.93940201591519
1791,4414.82,85.13,86.34,85.0042,86.2558,43.944884341733975
1792,4414.84,85.12,86.35,85.01780000000001,86.2616,43.950366687003886
1793,4414.86,85.11,86.28999999999999,85.03040000000001,86.2648,43.95967767530363
1794,4414.88,85.08,86.23,85.0412,86.26520000000001,43.96981703816882
1795,4414.9,85.05,86.215,85.04799999999999,86.26460000000002,43.974474609730684
1796,4414.92,85.07499999999999,86.2,85.05300000000001,86.26100000000001,43.97830897130933
1797,4414.94,85.1,86.19,85.05619999999999,86.2546,43.98845191263382
1798,4414.96,85.03,86.18,85.0538,86.249,44.00024139008637
1799,4414.98,84.96,86.23,85.05,86.2466,44.006548034271624
1800,4415.0,84.91,86.28,85.0456,86.24860000000001,44.006548079515866
1801,4415.02,84.86,86.3,85.0392,86.25380000000001,44.011207805421144
1802,4415.04,84.945,86.32,85.0362,86.258,44.01586830250364
1803,4415.06,85.03,86.335,85.0392,86.26100000000001,44.01504617780987
1804,4415.08,85.095,86.35,85.0474,86.26539999999999,44.01422459999571
1805,4415.1,85.16,86.335,85.0552,86.27,44.024370784589415
1806,4415.12,85.17,86.32,85.06040000000002,86.2734,44.039182305478306
1807,4415.14,85.18,86.285,85.06639999999999,86.2748,44.042211423466235
1808,4415.16,85.09,86.25,85.0692,86.27439999999999,44.046062078755135
1809,4415.18,85.0,86.265,85.0698,86.27419999999998,44.057847358428624
1810,4415.2,85.055,86.28,85.074,86.2762,44.06414855653732
1811,4415.22,85.11,86.25999999999999,85.07600000000001,86.27900000000001,44.06333182719315
1812,4415.24,85.14,86.24,85.0748,86.279,44.06169996456275
1813,4415.26,85.17,86.255,85.075,86.2776,44.065555094080295
1814,4415.28,85.16,86.27,85.075,86.27600000000001,44.07571106804656
1815,4415.3,85.15,86.33500000000001,85.07520000000001,86.2762,44.08119607467275
1816,4415.32,85.165,86.4,85.0766,86.27860000000001,44.08119611851553
1817,4415.34,85.18,86.385,85.079,86.28,44.085055716966025
1818,4415.36,85.20500000000001,86.37,85.0828,86.2832,44.09440334745307
1819,4415.38,85.23,86.325,85.0888,86.287,44.1045638957759
1820,4415.4,85.21000000000001,86.28,85.0952,86.2896,44.108430566788556
1821,4415.42,85.19,86.27000000000001,85.0998,86.2924,44.10213607150237
1822,4415.44,85.225,86.26,85.1048,86.29520000000001,44.10375417594229
1823,4415.46,85.26,86.245,85.11399999999999,86.29780000000001,44.12102086348503
1824,4415.48,85.24000000000001,86.23,85.1252,86.29780000000001,44.13037404806248
1825,4415.5,85.22,86.255,85.1376,86.2968,44.12327207307326
1826,4415.52,85.16499999999999,86.28,85.1498,86.29599999999999,44.12246485342882
1827,4415.54,85.11,86.28999999999999,85.15639999999999,86.2948,44.13811700472996
1828,4415.56,85.07,86.3,85.15799999999999,86.2934,44.15377046871907
1829,4415.58,85.03,86.285,85.15540000000001,86.2908,44.163938640417584
1830,4415.6,85.03999999999999,86.27,85.15060000000001,86.2882,44.16862111027789
1831,4415.62,85.05,86.22999999999999,85.1458,86.2846,44.167817522814936
1832,4415.64,85.11,86.19,85.14299999999999,86.2808,44.177988340513934
1833,4415.66,85.17,86.19999999999999,85.14620000000001,86.2788,44.18735858052278
1834,4415.68,85.105,86.21,85.1504,86.2766,44.181070300631404
1835,4415.7,85.04,86.21,85.1498,86.2738,44.18735866743953
1836,4415.72,85.1,86.21,85.1494,86.2718,44.203019592989854
1837,4415.74,85.16,86.21,85.1502,86.2706,44.20221942985243
1838,4415.76,85.17,86.21,85.1502,86.2688,44.19593228618476
1839,4415.78,85.18,86.16999999999999,85.15100000000001,86.2648,44.20451199559889
1840,4415.8,85.155,86.13,85.1512,86.25659999999999,44.21938205801438
1841,4415.82,85.13,86.18,85.1498,86.24780000000001,44.21779066708211
1842,4415.84,85.145,86.23,85.1484,86.2416,44.211507420667374
1843,4415.86,85.16,86.21000000000001,85.14659999999999,86.2352,44.21071301178911
1844,4415.88,85.12,86.19,85.14219999999999,86.2298,44.21382175999924
1845,4415.9,85.08,86.22,85.137,86.2274,44.222425143495535
1846,4415.92,85.16,86.25,85.1358,86.2266,44.227914317612196
1847,4415.94,85.24,86.285,85.1364,86.2276,44.24596338589764
1848,4415.96,85.235,86.32,85.1354,86.2306,44.272618093453474
1849,4415.98,85.23,86.32,85.135,86.2342,44.27573926019319
1850,4416.0,85.125,86.32,85.1312,86.23679999999999,44.27337614007843
1851,4416.02,85.02,86.35,85.12540000000001,86.23960000000001,44.28905928739894
1852,4416.04,84.91999999999999,86.38,85.11779999999999,86.2432,44.29454927694407
1853,4416.06,84.82,86.36,85.10780000000001,86.2456,44.2874883323181
1854,4416.08,84.93,86.34,85.10379999999999,86.24780000000001,44.29140985008277
1855,4416.1,85.04,86.28,85.1038,86.2482,44.29533395496846
1856,4416.12,85.055,86.22,85.104,86.24780000000001,44.300042330306425
1857,4416.14,85.07,86.215,85.1024,86.24879999999999,44.310242254573865
1858,4416.16,85.085,86.21,85.09899999999999,86.24919999999999,44.31417195140364
1859,4416.18,85.1,86.205,85.0988,86.24900000000001,44.31261301813438
1860,4416.2,85.11,86.2,85.1016,86.24860000000001,44.316547671555696
1861,4416.22,85.12,86.185,85.1024,86.2476,44.32753057724866
1862,4416.24,85.07,86.17,85.0988,86.24600000000001,44.33851355048224
1863,4416.26,85.02,86.15,85.09280000000001,86.2436,44.34871968584626
1864,4416.28,85.005,86.13,85.0858,86.24199999999999,44.353435083637336
1865,4416.3,84.99,86.115,85.0792,86.2414,44.35188422883641
1866,4416.32,84.97999999999999,86.1,85.0732,86.23819999999999,44.35582767166032
1867,4416.34,84.97,86.095,85.0662,86.23280000000001,44.36526603698391
1868,4416.36,84.94,86.09,85.0574,86.228,44.37393652910271
1869,4416.38,84.91,86.14500000000001,85.04899999999999,86.22619999999999,44.37712015014903
1870,4416.4,85.045,86.2,85.0476,86.22540000000001,44.376351579143964
1871,4416.42,85.18,86.19,85.0484,86.22300000000001,44.375583553247
1872,4416.44,85.105,86.18,85.04299999999999,86.21879999999999,44.379542457943515
1873,4416.46,85.03,86.185,85.03479999999999,86.21340000000001,44.390529273607285
1874,4416.48,85.055,86.19,85.02780000000001,86.20819999999999,44.396022726307514
1875,4416.5,85.08,86.16,85.02600000000001,86.2018,44.394491205423094
1876,4416.52,85.07,86.13,85.02799999999999,86.193,44.398455670455114
1877,4416.54,85.06,86.12,85.0336,86.18260000000001,44.40791673741254
1878,4416.56,85.045,86.11,85.04260000000001,86.1726,44.41661957845413
1879,4416.58,85.03,86.095,85.0466,86.16279999999999,44.426087916664905
1880,4416.6,85.025,86.08,85.046,86.15480000000001,44.43631791968123
1881,4416.62,85.02,86.09,85.04459999999999,86.14959999999999,44.440296055988576
1882,4416.64,85.015,86.1,85.0424,86.145,44.43878166009045
1883,4416.66,85.01,86.14,85.0394,86.14220000000002,44.43802529816354
1884,4416.68,84.94,86.18,85.03299999999999,86.14119999999998,44.44276476664776
1885,4416.7,84.87,86.16,85.0234,86.13959999999999,44.45224590584071
1886,4416.72,84.94,86.14,85.01620000000001,86.13780000000001,44.461730031199586
1887,4416.74,85.01,86.14500000000001,85.0138,86.13680000000001,44.46572120059112
1888,4416.76,85.065,86.15,85.0156,86.13680000000001,44.46496975093554
1889,4416.78,85.12,86.17500000000001,85.0202,86.13860000000001,44.470465822656486
1890,4416.8,85.07,86.2,85.0234,86.14200000000001,44.48220918442046
1891,4416.82,85.02,86.19,85.025,86.14560000000002,44.493201215463564
1892,4416.84,85.0,86.18,85.02619999999999,86.149,44.50119321918089
1893,4416.86,84.98,86.13,85.02780000000001,86.15060000000001,44.50369865810902
1894,4416.88,85.0,86.08,85.03139999999999,86.14800000000001,44.50295230008005
1895,4416.9,85.02,86.07499999999999,85.03039999999999,86.14299999999999,44.50220648582481
1896,4416.92,85.06,86.07,85.02560000000001,86.1382,44.50071645202811
1897,4416.94,85.1,86.10499999999999,85.0254,86.1352,44.49922859314728
1898,4416.96,85.1,86.14,85.0282,86.1334,44.5032404530579
1899,4416.98,85.1,86.185,85.03,86.1332,44.50725487083056
1900,4417.0,85.13499999999999,86.23,85.03219999999999,86.13600000000001,44.506514134689226
1901,4417.02,85.17,86.24000000000001,85.0362,86.14040000000001,44.51127188335382
1902,4417.04,85.11500000000001,86.25,85.0384,86.14560000000002,44.52078956860189
1903,4417.06,85.06,86.24000000000001,85.039,86.1508,44.5262877732354
1904,4417.08,85.00999999999999,86.23,85.0382,86.15620000000001,44.531785993688295
1905,4417.1,84.96,86.235,85.03559999999999,86.16239999999999,44.546805481926626
1906,4417.12,84.94,86.24,85.0324,86.1684,44.561828374116196
1907,4417.14,84.92,86.155,85.02860000000001,86.17060000000001,44.56659173459762
1908,4417.16,85.025,86.07,85.0292,86.16779999999999,44.56585698370543
1909,4417.18,85.13,86.08,85.0368,86.16380000000001,44.569888109962264
1910,4417.2,85.19,86.09,85.04960000000001,86.161,44.574654218325925
1911,4417.22,85.25,86.16499999999999,85.06200000000001,86.16199999999999,44.56842259508942
1912,4417.24,85.225,86.24,85.0706,86.1658,44.56769065228368
1913,4417.26,85.2,86.265,85.07600000000001,86.17039999999999,44.58418868710899
1914,4417.28,85.13499999999999,86.29,85.0766,86.175,44.59922561287288
1915,4417.3,85.07,86.275,85.0766,86.178,44.608766127528966
1916,4417.32,85.11,86.26,85.0802,86.18080000000002,44.61426596139366
1917,4417.34,85.15,86.23,85.08619999999999,86.18279999999999,44.614265997015
1918,4417.36,85.125,86.2,85.09199999999998,86.1856,44.61903748352184
1919,4417.38,85.1,86.17,85.096,86.1892,44.628582632395165
1920,4417.4,85.125,86.14,85.1002,86.1918,44.63263040914058
1921,4417.42,85.15,86.125,85.10379999999999,86.194,44.631905066730276
1922,4417.44,85.125,86.11,85.1048,86.1942,44.63668076515317
1923,4417.46,85.1,86.16499999999999,85.1048,86.1952,44.64073362875385
1924,4417.48,85.10499999999999,86.22,85.105,86.1966,44.64001063639578
1925,4417.5,85.11,86.175,85.104,86.1944,44.64623440588134
1926,4417.52,85.06,86.13,85.0996,86.19,44.65651313662626
1927,4417.54,85.01,86.115,85.09539999999998,86.18459999999999,44.6598492519979
1928,4417.56,85.01,86.1,85.0934,86.179,44.663910125632064
1929,4417.58,85.01,86.145,85.0934,86.17559999999999,44.67419364974219
1930,4417.6,85.135,86.19,85.10040000000001,86.17379999999999,44.6679735739722
1931,4417.62,85.26,86.22999999999999,85.11319999999999,86.1734,44.66247212070069
1932,4417.64,85.2,86.27,85.12440000000001,86.178,44.679695184429725
1933,4417.66,85.14,86.275,85.12899999999999,86.18620000000001,44.69548134083867
1934,4417.68,85.13499999999999,86.28,85.1292,86.19419999999998,44.70505001610856
1935,4417.7,85.13,86.275,85.1268,86.2016,44.710551831393715
1936,4417.72,85.13499999999999,86.27,85.12219999999999,86.2058,44.71605366117709
1937,4417.74,85.14,86.19,85.1188,86.20379999999999,44.72562567803655
1938,4417.76,85.16,86.11,85.11720000000001,86.19760000000001,44.72969841951647
1939,4417.78,85.18,86.14500000000001,85.119,86.1918,44.72969845395686
1940,4417.8,85.11500000000001,86.18,85.1208,86.18799999999999,44.73448694055844
1941,4417.82,85.05,86.19,85.11840000000001,86.18519999999998,44.744778566545634
1942,4417.84,85.035,86.2,85.1138,86.184,44.75649631973295
1943,4417.86,85.02,86.185,85.10959999999999,86.1834,44.76199871675521
1944,4417.88,85.02,86.17,85.1064,86.1834,44.760573748477015
1945,4417.9,85.02,86.16499999999999,85.1022,86.18440000000001,44.76536473426315
1946,4417.92,85.07,86.16,85.09899999999999,86.1858,44.77637009063122
1947,4417.94,85.12,86.185,85.0988,86.18879999999999,44.781162009590716
1948,4417.96,85.11500000000001,86.21,85.0994,86.19059999999999,44.78116204356937
1949,4417.98,85.11,86.22,85.09960000000001,86.19059999999999,44.78737557159395
1950,4418.0,85.1,86.23,85.0992,86.19279999999999,44.79838104030781
1951,4418.02,85.09,86.275,85.1004,86.19859999999998,44.80796638532017
1952,4418.04,85.03,86.32,85.10119999999999,86.2068,44.81755464847723
1953,4418.06,84.97,86.27,85.0996,86.2136,44.82856098290576
1954,4418.08,85.055,86.22,85.1014,86.2166,44.83335642680001
1955,4418.1,85.14,86.185,85.1016,86.2164,44.832649240506555
1956,4418.12,85.21000000000001,86.15,85.0996,86.2132,44.8388597665629
1957,4418.14,85.28,86.135,85.1028,86.2078,44.84027569004134
1958,4418.16,85.265,86.12,85.10780000000001,86.2016,44.8409844799516
1959,4418.18,85.25,86.095,85.1124,86.19420000000002,44.85749363155611
1960,4418.2,85.24000000000001,86.07,85.1168,86.186,44.87471168429686
1961,4418.22,85.23,86.095,85.1206,86.17900000000002,44.88092397001161
1962,4418.24,85.21000000000001,86.12,85.1234,86.17620000000001,44.88021477472934
1963,4418.26,85.19,86.13,85.12460000000002,86.177,44.88430118131053
1964,4418.28,85.125,86.14,85.1224,86.1768,44.88909700448928
1965,4418.3,85.06,86.13499999999999,85.12020000000001,86.175,44.88768379115327
1966,4418.32,85.05000000000001,86.13,85.12020000000001,86.1726,44.89248159609995
1967,4418.34,85.04,86.15,85.12039999999999,86.1706,44.9041943930277
1968,4418.36,85.065,86.17,85.12219999999999,86.17,44.92070508554345
1969,4418.38,85.09,86.195,85.125,86.17099999999999,44.93312415668398
1970,4418.4,85.06,86.22,85.1266,86.1732,44.929034965389384
1971,4418.42,85.03,86.185,85.125,86.1742,44.9283276321304
1972,4418.44,85.045,86.15,85.12200000000001,86.17280000000001,44.94413114378071
1973,4418.46,85.06,86.20500000000001,85.1198,86.1726,44.960641608437975
1974,4418.48,85.075,86.26,85.11840000000001,86.1742,44.971648665499934
1975,4418.5,85.09,86.215,85.11800000000001,86.17360000000001,44.977152231496646
1976,4418.52,85.12,86.17,85.1192,86.16940000000001,44.9709431357429
1977,4418.54,85.15,86.13,85.124,86.1618,44.964029817228166
1978,4418.56,85.11,86.09,85.12960000000001,86.15459999999999,44.970238145850885
1979,4418.58,85.07,86.06,85.1302,86.14820000000002,44.977858416517186
1980,4418.6,85.11,86.03,85.12899999999999,86.14200000000001,44.97785845023015
1981,4418.62,85.15,85.98,85.1266,86.1352,44.98265598034678
1982,4418.64,85.20500000000001,85.93,85.12360000000001,86.127,44.99366314775091
1983,4418.66,85.26,86.05000000000001,85.1234,86.1242,44.99916676861085
1984,4418.68,85.19,86.17,85.12100000000001,86.12720000000002,45.004670403618015
1985,4418.7,85.12,86.2,85.1162,86.1324,45.02118132456078
1986,4418.72,85.09,86.23,85.11059999999999,86.13779999999998,45.03839747103911
1987,4418.74,85.06,86.21000000000001,85.10459999999999,86.14139999999999,45.04460667064505
1988,4418.76,85.065,86.19,85.09960000000001,86.1438,45.050110243469064
1989,4418.78,85.07,86.185,85.0974,86.1456,45.061117397353094
1990,4418.8,85.115,86.18,85.09960000000001,86.14740000000002,45.06662101141016
1991,4418.82,85.16,86.22,85.104,86.15100000000001,45.06591583654954
1992,4418.84,85.15,86.26,85.1084,86.15540000000001,45.07001091837535
1993,4418.86,85.14,86.24000000000001,85.11139999999999,86.1582,45.0803153612401
1994,4418.88,85.125,86.22,85.11280000000001,86.15920000000001,45.09132336796098
1995,4418.9,85.11,86.185,85.1148,86.15780000000001,45.097530487113055
1996,4418.92,85.035,86.15,85.115,86.15639999999999,45.09753052098158
1997,4418.94,84.96,86.165,85.1116,86.15700000000001,45.107835530792364
1998,4418.96,85.04499999999999,86.18,85.111,86.156,45.12024968510585
1999,4418.98,85.13,86.16,85.11319999999999,86.152,45.11615416228081
2000,4419.0,85.015,86.14,85.1102,86.14900000000002,45.11615419537009
2001,4419.02,84.9,86.10499999999999,85.1014,86.1464,45.12165794746285
2002,4419.04,84.975,86.07,85.09440000000001,86.14399999999999,45.13266545882673
2003,4419.06,85.05,86.10499999999999,85.09200000000001,86.14460000000001,45.15397677784638
2004,4419.08,85.03999999999999,86.14,85.0908,86.14779999999999,45.16978551190018
2005,4419.1,85.03,86.12,85.08760000000001,86.15140000000001,45.169785545204356
2006,4419.12,85.09,86.1,85.0852,86.15620000000001,45.15948077830588
2007,4419.14,85.15,86.215,85.083,86.16760000000001,45.166392590902596
2008,4419.16,85.125,86.33,85.0776,86.17880000000001,45.183608414205246
2009,4419.18,85.1,86.32499999999999,85.074,86.185,45.18911215892851
2010,4419.2,85.125,86.32,85.0742,86.18980000000002,45.19052259320885
2011,4419.22,85.15,86.345,85.0766,86.1944,45.19743855722196
2012,4419.24,85.15,86.37,85.0802,86.2008,45.208445394821865
2013,4419.26,85.15,86.35,85.08359999999999,86.2072,45.224955737999586
2014,4419.28,85.1,86.33,85.0848,86.21300000000001,45.24146620508095
2015,4419.3,85.05,86.235,85.0822,86.21519999999998,45.246264060377584
2016,4419.32,84.985,86.14,85.07520000000001,86.212,45.250358112017096
2017,4419.34,84.92,86.195,85.066,86.20939999999999,45.260661920810584
2018,4419.36,84.955,86.25,85.05860000000001,86.2098,45.27166977397057
2019,4419.38,84.99,86.28999999999999,85.0532,86.21259999999998,45.277877298626315
2020,4419.4,85.015,86.33,85.0494,86.21839999999999,45.28549483341381
2021,4419.42,85.04,86.37,85.0496,86.22720000000001,45.303417013227865
2022,4419.44,85.09,86.41,85.0548,86.237,45.31513029298843
2023,4419.46,85.14,86.36,85.05860000000001,86.2442,45.31033379775823
2024,4419.48,85.2,86.31,85.06139999999999,86.2502,45.299327219337734
2025,4419.5,85.26,86.27000000000001,85.0712,86.2554,45.293823968218966
2026,4419.52,85.15,86.23,85.0812,86.2604,45.31033389897967
2027,4419.54,85.04,86.275,85.08380000000001,86.2686,45.33164078212517
2028,4419.56,85.12,86.32,85.0866,86.2772,45.332347356693795
2029,4419.58,85.2,86.255,85.09300000000002,86.2818,45.339265287079904
2030,4419.6,85.25,86.19,85.1018,86.2846,45.350271783243606
2031,4419.62,85.3,86.275,85.1102,86.2916,45.35097970597519
2032,4419.64,85.33500000000001,86.36,85.1176,86.29740000000001,45.35790011400721
2033,4419.66,85.37,86.38,85.1274,86.29939999999999,45.36961541145181
2034,4419.68,85.305,86.4,85.1356,86.30239999999999,45.38062135783896
2035,4419.7,85.24,86.4,85.14020000000001,86.3056,45.38612436865625
2036,4419.72,85.275,86.4,85.1452,86.3078,45.386124403309424
2037,4419.74,85.31,86.375,85.1516,86.308,45.38541546099243
2038,4419.76,85.28999999999999,86.35,85.15719999999999,86.308,45.39162746242936
2039,4419.78,85.27,86.36,85.164,86.3092,45.40405256107355
2040,4419.8,85.175,86.37,85.169,86.31460000000001,45.41434871330167
2041,4419.82,85.08,86.375,85.17280000000001,86.324,45.42873284110551
2042,4419.84,85.09,86.38,85.17960000000001,86.33140000000002,45.44382933761886
2043,4419.86,85.1,86.425,85.18539999999999,86.33840000000001,45.44933285619765
2044,4419.88,85.10499999999999,86.47,85.19,86.34560000000002,45.445242802448774
2045,4419.9,85.11,86.465,85.19380000000001,86.351,45.4521615113035
2046,4419.92,85.125,86.46,85.19720000000001,86.35459999999999,45.468671056345265
2047,4419.94,85.14,86.41,85.1992,86.3546,45.46796339964538
2048,4419.96,85.255,86.36,85.20380000000002,86.35459999999999,45.462460164484014
2049,4419.98,85.37,86.38,85.2106,86.3574,45.47417435593883
2050,4420.0,85.33500000000001,86.4,85.2136,86.3626,45.49068406513023
2051,4420.02,85.3,86.46000000000001,85.21959999999999,86.37180000000001,45.50719389832175
2052,4420.04,85.25999999999999,86.52,85.22840000000001,86.38159999999999,45.523703854478846
2053,4420.06,85.22,86.455,85.2324,86.387,45.522997053647885
2054,4420.08,85.275,86.39,85.23540000000001,86.3924,45.51820060196708
2055,4420.1,85.33,86.37,85.2386,86.39959999999999,45.530622390039206
2056,4420.12,85.31,86.35,85.23899999999999,86.4026,45.546424439459116
2057,4420.14,85.29,86.425,85.23720000000002,86.40519999999998,45.54980855284533
2058,4420.16,85.255,86.5,85.2326,86.41,45.55531216052794
2059,4420.18,85.22,86.505,85.2292,86.4142,45.57323459940048
2060,4420.2,85.205,86.51,85.22779999999999,86.41860000000001,45.578738092390985
2061,4420.22,85.19,86.44,85.2244,86.42019999999998,45.578738126948316
2062,4420.24,85.35499999999999,86.37,85.2262,86.42,45.58565502360677
2063,4420.26,85.52,86.35,85.23539999999998,86.42,45.58636255154917
2064,4420.28,85.47999999999999,86.33,85.2438,86.41879999999999,45.59115840630755
2065,4420.3,85.44,86.375,85.2544,86.419,45.59595497770576
2066,4420.32,85.31,86.42,85.26360000000001,86.4208,45.601458439816476
2067,4420.34,85.18,86.455,85.26719999999999,86.42379999999999,45.61246536926789
2068,4420.36,85.18,86.49,85.2704,86.4264,45.62276652085895
2069,4420.38,85.18,86.485,85.2734,86.42699999999999,45.6392773382113
2070,4420.4,85.28,86.48,85.28020000000001,86.4276,45.650284628505446
2071,4420.42,85.38,86.515,85.2904,86.4298,45.64887544311135
2072,4420.44,85.275,86.55,85.2958,86.43539999999999,45.654379295430196
2073,4420.46,85.17,86.555,85.2924,86.44319999999999,45.67229940757718
2074,4420.48,85.13,86.56,85.28280000000001,86.4504,45.68951540430525
2075,4420.5,85.09,86.505,85.273,86.45459999999999,45.70052276937787
2076,4420.52,85.065,86.45,85.26360000000001,86.4542,45.71082571610577
2077,4420.54,85.04,86.5,85.25479999999999,86.4534,45.716329547465186
2078,4420.56,85.04,86.55,85.2476,86.4572,45.72183339271292
2079,4420.58,85.04,86.525,85.23819999999999,86.46260000000001,45.725930404938744
2080,4420.6,85.09,86.5,85.2286,86.46780000000001,45.7245257150978
2081,4420.62,85.14,86.5,85.2218,86.4738,45.73073193855695
2082,4420.64,85.205,86.5,85.2184,86.4768,45.74314547598153
2083,4420.66,85.27,86.455,85.219,86.475,45.760360622464034
2084,4420.68,85.36,86.41,85.22460000000001,86.47120000000001,45.765864576228914
2085,4420.7,85.45,86.435,85.23440000000001,86.4682,45.75895485925571
2086,4420.72,85.405,86.46,85.243,86.46900000000001,45.76305544046959
2087,4420.74,85.36,86.53,85.2432,86.4754,45.76855974453312
2088,4420.76,85.32,86.6,85.2352,86.48539999999998,45.76996315152602
2089,4420.78,85.28,86.59,85.22720000000001,86.4958,45.77687262663622
2090,4420.8,85.295,86.58,85.22139999999999,86.50399999999999,45.787177835277724
2091,4420.82,85.31,86.6,85.22140000000002,86.51119999999999,45.8022867028344
2092,4420.84,85.255,86.62,85.2244,86.51780000000001,45.8195008106468
2093,4420.86,85.2,86.6,85.2252,86.52220000000001,45.82570671902802
2094,4420.88,85.37,86.58,85.23279999999998,86.52600000000001,45.81950087822254
2095,4420.9,85.54,86.495,85.2432,86.5266,45.82500514929228
2096,4420.92,85.5,86.41,85.248,86.52240000000002,45.836013696244116
2097,4420.94,85.46,86.47999999999999,85.25540000000001,86.5196,45.84151800691335
2098,4420.96,85.445,86.55,85.26639999999999,86.5194,45.85322785153046
2099,4420.98,85.43,86.565,85.2784,86.5196,45.864236364149505
2100,4421.0,85.405,86.58,85.291,86.5226,45.874544048287035
2101,4421.02,85.38,86.59,85.3036,86.5282,45.88485265158242
2102,4421.04,85.36,86.6,85.31640000000002,86.53219999999999,45.89035716660171
2103,4421.06,85.34,86.595,85.3284,86.53399999999999,45.896561711188056
2104,4421.08,85.305,86.59,85.339,86.53659999999999,45.90276662971064
2105,4421.1,85.27,86.53,85.3462,86.5378,45.908971922367996
2106,4421.12,85.315,86.47,85.3532,86.53659999999999,45.92618602432229
2107,4421.14,85.36,86.445,85.35940000000001,86.5344,45.9371945476044
2108,4421.16,85.345,86.42,85.3624,86.53300000000002,45.93169033064507
2109,4421.18,85.33,86.41,85.3612,86.53299999999999,45.93239199204803
2110,4421.2,85.4,86.4,85.3592,86.5316,45.937896193456304
2111,4421.22,85.47,86.46000000000001,85.3618,86.5316,45.941998019113036
2112,4421.24,85.44,86.52,85.365,86.53120000000001,45.953006791124714
2113,4421.26,85.41,86.56,85.3686,86.52960000000002,45.965417334199664
2114,4421.28,85.435,86.6,85.3748,86.53,45.97712735922548
2115,4421.3,85.46,86.55,85.38140000000001,86.5288,45.987434472107644
2116,4421.32,85.38999999999999,86.5,85.38459999999999,86.52480000000001,45.99704241025611
2117,4421.34,85.32,86.45,85.3872,86.51799999999999,46.00805144699873
2118,4421.36,85.345,86.4,85.39299999999999,86.51,46.00875140625362
2119,4421.38,85.37,86.415,85.39299999999999,86.5034,46.008751441419015
2120,4421.4,85.4,86.43,85.3874,86.5008,46.01355607166428
2121,4421.42,85.43,86.43,85.3846,86.5016,46.013556106383476
2122,4421.44,85.43,86.43,85.3834,86.49960000000002,46.01976043269855
2123,4421.46,85.43,86.46000000000001,85.38279999999999,86.49600000000001,46.025965132184595
2124,4421.48,85.43,86.49,85.3828,86.493,46.026665894825875
2125,4421.5,85.43,86.485,85.3838,86.4892,46.03767456351942
2126,4421.52,85.51,86.48,85.38900000000001,86.48479999999999,46.05348733887916
2127,4421.54,85.59,86.485,85.3982,86.48020000000001,46.06449630756486
2128,4421.56,85.58,86.49,85.4078,86.476,46.06519648448343
2129,4421.58,85.57,86.47999999999999,85.4184,86.4716,46.06589718874079
2130,4421.6,85.47,86.47,85.4264,86.4692,46.07830846032507
2131,4421.62,85.37,86.44,85.4286,86.46800000000002,46.083812673494016
2132,4421.64,85.36,86.41,85.42859999999999,86.4666,46.08861551145154
2133,4421.66,85.35,86.41,85.42880000000001,86.46619999999999,46.10032535858164
2134,4421.68,85.44999999999999,86.41,85.43360000000001,86.46619999999999,46.09962417172831
2135,4421.7,85.55,86.425,85.43960000000001,86.46719999999999,46.09822334406282
2136,4421.72,85.63,86.44,85.44599999999998,86.4664,46.10993235857218
2137,4421.74,85.71,86.435,85.4568,86.463,46.11683823195671
2138,4421.76,85.66999999999999,86.43,85.46719999999999,86.45779999999999,46.11133400738296
2139,4421.78,85.63,86.48500000000001,85.475,86.4532,46.11683830178336
2140,4421.8,85.59,86.54,85.48020000000001,86.45279999999998,46.133351192251695
2141,4421.82,85.55,86.57,85.4866,86.45559999999999,46.143659311695316
2142,4421.84,85.625,86.6,85.49879999999999,86.4616,46.149864236581564
2143,4421.86,85.7,86.535,85.51299999999999,86.46699999999998,46.156069533950166
2144,4421.88,85.685,86.47,85.52560000000001,86.4692,46.16567718216731
2145,4421.9,85.67,86.465,85.5364,86.47060000000002,46.17528765417764
2146,4421.92,85.685,86.46,85.5466,86.47179999999999,46.17598668926095
2147,4421.94,85.7,86.41499999999999,85.5574,86.4712,46.172582555740476
2148,4421.96,85.7,86.37,85.56819999999999,86.4676,46.17328377627746
2149,4421.98,85.7,86.39500000000001,85.579,86.4638,46.17258262427064
2150,4422.0,85.73,86.42,85.59100000000001,86.4612,46.1725826581823
2151,4422.02,85.76,86.405,85.60099999999998,86.45819999999999,46.17808701407148
2152,4422.04,85.805,86.39,85.60960000000001,86.45439999999999,46.18839532137657
2153,4422.06,85.85,86.41,85.6204,86.45120000000001,46.19800534718479
2154,4422.08,85.82499999999999,86.43,85.6306,86.4492,46.197306714120174
2155,4422.1,85.8,86.465,85.64380000000001,86.449,46.19800541667729
2156,4422.12,85.725,86.5,85.65799999999999,86.45139999999999,46.20490883278376
2157,4422.14,85.65,86.485,85.6696,86.4544,46.215917849054264
2158,4422.16,85.655,86.47,85.68179999999998,86.4568,46.231033543634794
2159,4422.18,85.66,86.47,85.6902,86.4592,46.23653829459551
2160,4422.2,85.655,86.47,85.69439999999999,86.461,46.23173230535544
2161,4422.22,85.65,86.50999999999999,85.6952,86.46379999999999,46.23173233986538
2162,4422.24,85.63,86.55,85.69200000000001,86.4684,46.24274165479323
2163,4422.26,85.61,86.49000000000001,85.68960000000001,86.47080000000001,46.254449908194466
2164,4422.28,85.58500000000001,86.43,85.68779999999998,86.46860000000001,46.259954544935205
2165,4422.3,85.56,86.42500000000001,85.6866,86.46400000000001,46.264062281127856
2166,4422.32,85.565,86.42,85.68720000000002,86.458,46.2688695239581
2167,4422.34,85.57,86.43,85.685,86.45120000000001,46.28057677667457
2168,4422.36,85.625,86.44,85.682,86.44740000000002,46.29709135592935
2169,4422.38,85.68,86.425,85.68180000000001,86.4456,46.295697568763806
2170,4422.4,85.665,86.41,85.68160000000002,86.4434,46.283295506562965
2171,4422.42,85.65,86.39,85.68019999999999,86.44060000000002,46.288800720825655
2172,4422.44,85.73,86.37,85.6814,86.43880000000001,46.301202711582704
2173,4422.46,85.81,86.42500000000001,85.68580000000001,86.441,46.301202745488325
2174,4422.48,85.845,86.48,85.6916,86.4444,46.29500161497094
2175,4422.5,85.88,86.505,85.69760000000001,86.44779999999999,46.29500164957291
2176,4422.52,85.83500000000001,86.53,85.70060000000001,86.45280000000001,46.301202847993665
2177,4422.54,85.79,86.49000000000001,85.7,86.4568,46.306707935252085
2178,4422.56,85.855,86.45,85.70020000000001,86.4584,46.310821807524555
2179,4422.58,85.92,86.46000000000001,85.70400000000001,86.45960000000001,46.314938120303225
2180,4422.6,85.86,86.47,85.70639999999999,86.4598,46.32525548112303
2181,4422.62,85.8,86.49000000000001,85.7094,86.4594,46.34246543209849
2182,4422.64,85.85499999999999,86.51,85.7176,86.46039999999999,46.34866468037139
2183,4422.66,85.91,86.485,85.7278,86.461,46.33696002542714
2184,4422.68,85.92,86.46,85.73819999999999,86.46060000000001,46.33006822175131
2185,4422.7,85.93,86.47,85.7492,86.4606,46.34107952115983
2186,4422.72,85.91,86.48,85.7596,86.4594,46.35898210305699
2187,4422.74,85.89,86.51,85.77,86.4578,46.364487662894625
2188,4422.76,85.91,86.54,85.78199999999998,86.4598,46.35209093969118
2189,4422.78,85.93,86.57,85.79580000000001,86.4654,46.3458931541597
2190,4422.8,85.89500000000001,86.6,85.8092,86.4724,46.356904695506636
2191,4422.82,85.86,86.535,85.82099999999998,86.477,46.36722498526882
2192,4422.84,85.85499999999999,86.47,85.83239999999999,86.47859999999999,46.365843985236395
2193,4422.86,85.85,86.36500000000001,85.8414,86.4756,46.3713500640293
2194,4422.88,85.81,86.26,85.8466,86.46900000000001,46.38374276853378
2195,4422.9,85.77,86.325,85.85079999999999,86.46560000000001,46.38374280196434
2196,4422.92,85.75999999999999,86.39,85.85520000000001,86.4656,46.383052302286096
2197,4422.94,85.75,86.485,85.85600000000001,86.4702,46.39337450583848
2198,4422.96,85.695,86.58,85.85140000000001,86.4764,46.409203827675306
2199,4422.98,85.64,86.545,85.8432,86.479,46.414021618008796
2200,4423.0,85.65,86.51,85.834,86.4792,46.418152763429305
2201,4423.02,85.66,86.465,85.82699999999998,86.4766,46.42779301508674
2202,4423.04,85.755,86.42,85.8256,86.47380000000001,46.420230865205546
2203,4423.06,85.85,86.41,85.82539999999999,86.47219999999999,46.41267295084751
2204,4423.08,85.87,86.4,85.82339999999998,86.46979999999999,46.423687294320935
2205,4423.1,85.89,86.36500000000001,85.8246,86.46560000000001,46.42919450153015
2206,4423.12,85.91499999999999,86.33,85.8292,86.4592,46.422322939677855
2207,4423.14,85.94,86.37,85.8326,86.45360000000001,46.42164154739609
2208,4423.16,85.86,86.41,85.83059999999999,86.4506,46.426468176392916
2209,4423.18,85.78,86.425,85.825,86.4492,46.430615808485186
2210,4423.2,85.82,86.44,85.82060000000001,86.44800000000001,46.43476586879308
2211,4423.22,85.86,86.49000000000001,85.81859999999999,86.4484,46.43891835596052
2212,4423.24,85.905,86.54,85.8192,86.44959999999999,46.444426418818765
2213,4423.26,85.95,86.54,85.8208,86.44959999999999,46.44993449469254
2214,4423.28,85.965,86.54,85.8222,86.4484,46.44993452687209
2215,4423.3,85.98,86.51,85.8256,86.4448,46.44993455940202
2216,4423.32,86.03,86.48,85.83239999999999,86.4426,46.454089819104894
2217,4423.34,86.08,86.445,85.84140000000001,86.44160000000002,46.45824750373532
2218,4423.36,85.96000000000001,86.41,85.84580000000001,86.4434,46.469264348675694
2219,4423.38,85.84,86.41,85.847,86.44939999999998,46.480955948664494
2220,4423.4,85.845,86.41,85.85,86.45280000000001,46.4796070918871
2221,4423.42,85.85,86.455,85.8536,86.45540000000001,46.477587711258856
2222,4423.44,85.84,86.5,85.8572,86.456,46.481753011622885
2223,4423.46,85.83,86.495,85.8626,86.4526,46.480411634729265
2224,4423.48,85.83500000000001,86.49,85.8704,86.4504,46.484581607061905
2225,4423.5,85.84,86.47,85.87799999999999,86.4488,46.49426344144403
2226,4423.52,85.88,86.45,85.88680000000001,86.4482,46.48741921807072
2227,4423.54,85.92,86.465,85.8934,86.45,46.48057678334989
2228,4423.56,86.0,86.48,85.8994,86.45280000000001,46.49093081692248
2229,4423.58,86.08,86.485,85.90780000000001,86.45620000000001,46.50128573636846
2230,4423.6,86.06,86.49,85.9146,86.46119999999999,46.494447607782085
2231,4423.62,86.04,86.515,85.91959999999999,86.46859999999998,46.48761126849056
2232,4423.64,85.935,86.54,85.91939999999998,86.47540000000001,46.498631791502504
2233,4423.66,85.83,86.505,85.91820000000001,86.4792,46.50899031628038
2234,4423.68,85.81,86.47,85.91940000000001,86.48100000000001,46.518028562248126
2235,4423.7,85.79,86.465,85.9182,86.48199999999999,46.52222030266666
2236,4423.72,85.75,86.46,85.91380000000001,86.4808,46.516050802318055
2237,4423.74,85.71,86.465,85.906,86.4778,46.51539260447314
2238,4423.76,85.76499999999999,86.47,85.8986,86.475,46.51958884021832
2239,4423.78,85.82,86.445,85.89280000000001,86.4712,46.524443471346
2240,4423.8,85.84,86.42,85.88719999999999,86.4676,46.530611120013575
2241,4423.82,85.86,86.41,85.88040000000001,86.4648,46.53612227708919
2242,4423.84,85.88,86.4,85.8724,86.463,46.53612230809463
2243,4423.86,85.9,86.39500000000001,85.87,86.4624,46.53061121198726
2244,4423.88,85.945,86.39,85.8742,86.4616,46.52929891320936
2245,4423.9,85.99,86.425,85.88,86.4622,46.53350014387681
2246,4423.92,85.945,86.46,85.8838,86.4624,46.54321540245898
2247,4423.94,85.9,86.49,85.8862,86.46199999999999,46.552933416917725
2248,4423.96,85.95500000000001,86.52,85.89119999999998,86.463,46.54611831110122
2249,4423.98,86.01,86.475,85.8982,86.46240000000002,46.53930500006982
2250,4424.0,85.995,86.43,85.90440000000001,86.4608,46.54967945577017
2251,4424.02,85.98,86.4,85.9084,86.45880000000001,46.554542509336514
2252,4424.04,86.025,86.37,85.9126,86.455,46.55324577697942
2253,4424.06,86.07,86.34,85.91539999999999,86.44940000000001,46.55746372094014
2254,4424.08,86.15,86.31,85.9182,86.44239999999999,46.55195116677896
2255,4424.1,86.23,86.255,85.925,86.433,46.54157328833838
2256,4424.12,86.17500000000001,86.2,85.9304,86.42040000000001,46.54773347618199
2257,4424.14,86.12,86.2,85.93780000000001,86.40679999999999,46.559406399058496
2258,4424.16,86.08500000000001,86.2,85.948,86.39460000000001,46.55875838672901
2259,4424.18,86.05,86.27000000000001,85.9576,86.3866,46.55746389861196
2260,4424.2,86.025,86.34,85.96699999999998,86.38160000000002,46.56233012569708
2261,4424.22,86.0,86.315,85.97699999999999,86.3758,46.56233015505704
2262,4424.24,85.995,86.29,85.9884,86.36880000000001,46.557463987352655
2263,4424.26,85.99,86.265,85.9974,86.36060000000002,46.55746401745669
2264,4424.28,86.0,86.24,86.0046,86.3524,46.5616843683548
2265,4424.3,86.01,86.205,86.01140000000001,86.34379999999999,46.561039045173686
2266,4424.32,86.065,86.17,86.01960000000001,86.3342,46.55910615416375
2267,4424.34,86.12,86.21000000000001,86.0292,86.3266,46.556536277189494
2268,4424.36,86.065,86.25,86.0358,86.3208,46.561408582176156
2269,4424.38,86.01,86.25999999999999,86.0384,86.31560000000002,46.56628157247628
2270,4424.4,85.95500000000001,86.27,86.03699999999999,86.30940000000001,46.560768069388416
2271,4424.42,85.9,86.31,86.0352,86.3034,46.56076809855536
2272,4424.44,85.95500000000001,86.35,86.03739999999999,86.29780000000001,46.5662816596315
2273,4424.46,86.01,86.33,86.03960000000001,86.2902,46.57794912806324
2274,4424.48,85.985,86.31,86.0386,86.28359999999999,46.58282237952369
2275,4424.5,85.96,86.295,86.03720000000001,86.2782,46.57115539413621
2276,4424.52,85.96,86.28,86.0364,86.2734,46.56628177561496
2277,4424.54,85.96,86.315,86.03379999999999,86.27120000000001,46.57794924472404
2278,4424.56,85.97999999999999,86.35,86.03020000000001,86.27159999999999,46.59384965775015
2279,4424.58,86.0,86.38,86.02420000000001,86.2744,46.598084771583785
2280,4424.6,86.095,86.41,86.01880000000001,86.28059999999999,46.58641869056897
2281,4424.62,86.19,86.38,86.0194,86.2878,46.5747528728467
2282,4424.64,86.155,86.35,86.0208,86.2938,46.573477966598766
2283,4424.66,86.12,86.31,86.0222,86.2982,46.578355405934865
2284,4424.68,86.135,86.27,86.0256,86.2982,46.57771934943326
2285,4424.7,86.15,86.275,86.0306,86.2956,46.57156957293678
2286,4424.72,86.04,86.28,86.03220000000002,86.2942,46.571569600792536
2287,4424.74,85.93,86.31,86.02959999999999,86.29499999999999,46.577083873240404
2288,4424.76,85.915,86.34,86.0266,86.29799999999999,46.58874783447271
2289,4424.78,85.9,86.38,86.0226,86.3036,46.59489792288652
2290,4424.8,85.9,86.42,86.0182,86.31220000000002,46.589383825345585
2291,4424.82,85.9,86.38499999999999,86.0116,86.3208,46.5887479195888
2292,4424.84,85.95,86.35,86.00479999999999,86.32639999999999,46.59362681322017
2293,4424.86,86.0,86.305,86.00219999999999,86.32860000000001,46.593626841763914
2294,4424.88,85.93,86.26,85.99900000000001,86.3286,46.598506418476404
2295,4424.9,85.86,86.245,85.99520000000001,86.3276,46.60338667948892
2296,4424.92,85.925,86.23,85.9962,86.32440000000001,46.60275308854213
2297,4424.94,85.99,86.19,85.9976,86.318,46.608267650880244
2298,4424.96,86.02,86.15,85.99799999999999,86.3108,46.60338676463972
2299,4424.98,86.05,86.24000000000001,86.00059999999999,86.308,46.597238651718264
2300,4425.0,86.06,86.33,86.0046,86.30940000000001,46.60700221741928
2301,4425.02,86.07,86.34,86.00900000000001,86.3118,46.612516940129694
2302,4425.04,86.055,86.35,86.01280000000001,86.3132,46.602753259422165
2303,4425.06,86.04,86.25999999999999,86.01520000000001,86.30959999999999,46.591724252385085
2304,4425.08,86.005,86.17,86.01540000000001,86.3012,46.59534084802649
2305,4425.1,85.97,86.18,86.01039999999999,86.292,46.6112537742099
2306,4425.12,85.995,86.19,86.0026,86.28439999999999,46.61676865744529
2307,4425.14,86.02,86.22,85.9972,86.2792,46.611885209333245
2308,4425.16,86.07,86.25,85.99520000000001,86.27680000000001,46.61378250854893
2309,4425.18,86.12,86.255,85.99459999999999,86.2762,46.619297092669555
2310,4425.2,86.215,86.26,85.99719999999999,86.2756,46.612517195807406
2311,4425.22,86.31,86.265,86.008,86.275,46.60148784591844
2312,4425.24,86.24000000000001,86.27,86.02040000000001,86.2734,46.6014878735471
2313,4425.26,86.17,86.24,86.0306,86.2694,46.60148790168743
2314,4425.28,86.11500000000001,86.21,86.0392,86.2626,46.60763511234427
2315,4425.3,86.06,86.16999999999999,86.0456,86.2526,46.625445148240104
2316,4425.32,86.11500000000001,86.13,86.0542,86.2424,46.62607902005149
2317,4425.34,86.17,86.07499999999999,86.06300000000002,86.23140000000001,46.61505022604565
2318,4425.36,86.155,86.02,86.0692,86.22,46.62183406183376
2319,4425.38,86.14,86.025,86.07759999999999,86.21060000000001,46.628619697601806
2320,4425.4,86.12,86.03,86.08800000000001,86.20199999999998,46.62310561076488
2321,4425.42,86.1,86.07,86.095,86.1956,46.61759153458524
2322,4425.44,86.09,86.11,86.09900000000002,86.19239999999999,46.61822816730547
2323,4425.46,86.08,86.155,86.10140000000001,86.1926,46.62501685262664
2324,4425.48,86.095,86.2,86.1032,86.19099999999999,46.6311687925403
2325,4425.5,86.11,86.17,86.10520000000001,86.18459999999999,46.63053079925854
2326,4425.52,86.075,86.14,86.10539999999999,86.1766,46.62565503535237
2327,4425.54,86.04,86.125,86.1048,86.16760000000001,46.6269328253971
2328,4425.56,86.09,86.11,86.1068,86.16159999999999,46.63244651800575
2329,4425.58,86.14,86.12,86.11219999999999,86.15960000000001,46.62821273388591
2330,4425.6,86.2,86.13,86.12140000000001,86.1576,46.612954687625
2331,4425.62,86.26,86.09,86.13199999999999,86.15360000000001,46.60192809499501
2332,4425.64,86.26,86.05,86.1416,86.1468,46.608083485776866
2333,4425.66,86.26,86.10499999999999,86.14920000000001,86.14099999999999,46.62590849437702
2334,4425.68,86.235,86.16,86.15379999999999,86.13719999999999,46.626551920212485
2335,4425.7,86.21,86.14,86.15360000000001,86.1324,46.615525891685714
2336,4425.72,86.13999999999999,86.12,86.1468,86.1266,46.621038944166685
2337,4425.74,86.07,86.19,86.14,86.1234,46.63206505302155
2338,4425.76,86.09,86.26,86.13680000000001,86.1242,46.6314217630999
2339,4425.78,86.11,86.24000000000001,86.1366,86.12539999999998,46.62590867068047
2340,4425.8,86.13499999999999,86.22,86.13960000000002,86.1274,46.621683055995206
2341,4425.82,86.16,86.24000000000001,86.14139999999999,86.1318,46.621683085396974
2342,4425.84,86.18,86.26,86.14179999999999,86.1392,46.63206520024585
2343,4425.86,86.2,86.215,86.1436,86.14699999999999,46.63206522891408
2344,4425.88,86.2,86.17,86.146,86.15279999999998,46.616170226326155
2345,4425.9,86.2,86.105,86.14920000000001,86.1558,46.616814849029524
2346,4425.92,86.17,86.04,86.152,86.15459999999999,46.633998411172755
2347,4425.94,86.14,86.075,86.154,86.15320000000001,46.64015660082066
2348,4425.96,86.09,86.11,86.15439999999998,86.1514,46.63528980999921
2349,4425.98,86.04,86.16,86.15220000000001,86.14980000000001,46.630423704379986
2350,4426.0,86.095,86.21,86.1516,86.15140000000001,46.63042373365564
2351,4426.02,86.15,86.22,86.15460000000002,86.15459999999999,46.63658332626211
2352,4426.04,86.12,86.23,86.15780000000001,86.15879999999999,46.64274329895066
2353,4426.06,86.09,86.17500000000001,86.15780000000001,86.16140000000001,46.635936410324994
2354,4426.08,86.06,86.12,86.15460000000002,86.1614,46.62426466889611
2355,4426.1,86.03,86.11,86.14779999999999,86.16060000000002,46.61939873921155
2356,4426.12,86.12,86.1,86.14220000000002,86.161,46.62069370035829
2357,4426.14,86.21,86.1,86.14020000000001,86.163,46.62685431463456
2358,4426.16,86.195,86.1,86.1376,86.1628,46.6323666916296
2359,4426.18,86.18,86.09,86.1354,86.16,46.63301533950879
2360,4426.2,86.18,86.08,86.1342,86.1576,46.626854404136715
2361,4426.22,86.18,86.145,86.1358,86.1586,46.61939891687357
2362,4426.24,86.2,86.21,86.141,86.1594,46.618752263651565
2363,4426.26,86.22,86.21,86.1462,86.1574,46.62491154184409
2364,4426.28,86.17,86.21,86.1486,86.15620000000001,46.62491157130123
2365,4426.3,86.12,86.195,86.148,86.15519999999998,46.6187523524117
2366,4426.32,86.015,86.18,86.14220000000002,86.15280000000001,46.61323975193339
2367,4426.34,85.91,86.17,86.13140000000001,86.14920000000001,46.61323978118454
2368,4426.36,85.975,86.16,86.1224,86.147,46.62491169003323
2369,4426.38,86.04,86.17,86.116,86.147,46.63042429566969
2370,4426.4,86.07,86.18,86.1108,86.15,46.62361905679453
2371,4426.42,86.1,86.21000000000001,86.10799999999999,86.1568,46.62297352411497
2372,4426.44,86.16499999999999,86.24,86.109,86.1634,46.622328513541646
2373,4426.46,86.23,86.175,86.11460000000001,86.166,46.61130281290039
2374,4426.48,86.225,86.11,86.12199999999999,86.164,46.60643526274528
2375,4426.5,86.22,86.125,86.12700000000001,86.16059999999999,46.60579002226427
2376,4426.52,86.25999999999999,86.14,86.1314,86.1574,46.59898809071012
2377,4426.54,86.3,86.13,86.13860000000001,86.1534,46.603857407399985
2378,4426.56,86.25,86.12,86.145,86.15119999999999,46.614240574154636
2379,4426.58,86.2,86.15,86.1506,86.1524,46.608084857510775
2380,4426.6,86.21000000000001,86.18,86.15780000000001,86.15519999999998,46.596416228011506
2381,4426.62,86.22,86.185,86.1618,86.1586,46.60064684960861
2382,4426.64,86.215,86.19,86.16199999999999,86.1622,46.61167380286624
2383,4426.66,86.21,86.205,86.1626,86.16640000000001,46.60680137842383
2384,4426.68,86.185,86.22,86.16279999999999,86.1716,46.601288026010806
2385,4426.7,86.16,86.235,86.162,86.1778,46.61295628918406
2386,4426.72,86.185,86.25,86.16220000000001,86.182,46.61846964605056
2387,4426.74,86.21,86.265,86.1626,86.1842,46.60616047999435
2388,4426.76,86.145,86.28,86.15960000000001,86.18700000000001,46.59936643889684
2389,4426.78,86.08,86.255,86.156,86.18879999999999,46.60488007587082
2390,4426.8,86.08,86.23,86.15440000000001,86.1902,46.61103361844199
2391,4426.82,86.08,86.21000000000001,86.15699999999998,86.19139999999999,46.6159073838675
2392,4426.84,86.145,86.19,86.1664,86.1922,46.615907412999526
2393,4426.86,86.21,86.22,86.1758,86.1946,46.60552016208206
2394,4426.88,86.21,86.25,86.18260000000001,86.19779999999999,46.60064722614583
2395,4426.9,86.21,86.18,86.1882,86.1978,46.60128834564363
2396,4426.92,86.22,86.11,86.193,86.19380000000001,46.595133838317594
2397,4426.94,86.23,86.14,86.1956,86.18979999999999,46.59449322311247
2398,4426.96,86.22,86.17,86.1952,86.18960000000001,46.59808820442553
2399,4426.98,86.21,86.17,86.19460000000001,86.19200000000001,46.60656559129497
2400,4427.0,86.22999999999999,86.17,86.195,86.1938,46.61144354147897
2401,4427.02,86.25,86.235,86.19460000000001,86.19760000000001,46.60105157678586
2402,4427.04,86.17,86.3,86.18939999999999,86.2044,46.60232579715208
2403,4427.06,86.09,86.315,86.18299999999999,86.21220000000001,46.61335367957564
2404,4427.08,86.13,86.33,86.1802,86.21940000000001,46.61207981776836
2405,4427.1,86.17,86.285,86.1786,86.2236,46.61144368500326
2406,4427.12,86.18,86.24,86.17699999999999,86.22579999999999,46.61759396920171
2407,4427.14,86.19,86.255,86.176,86.22840000000001,46.612079903126755
2408,4427.16,86.19,86.27,86.1752,86.23099999999998,46.59977967468222
2409,4427.18,86.19,86.265,86.17540000000001,86.23280000000001,46.60465873469009
2410,4427.2,86.19,86.26,86.1766,86.23379999999999,46.61568739114786
2411,4427.22,86.19,86.17500000000001,86.17679999999999,86.2308,46.610173100081106
2412,4427.24,86.225,86.09,86.17739999999999,86.2238,46.59850977791962
2413,4427.26,86.26,86.105,86.18199999999999,86.21679999999998,46.59172737296775
2414,4427.28,86.2,86.12,86.1868,86.21140000000001,46.59172740120834
2415,4427.3,86.14,86.17,86.1892,86.20900000000002,46.598509863081546
2416,4427.32,86.155,86.22,86.1922,86.2094,46.604024264532406
2417,4427.34,86.17,86.28999999999999,86.19319999999999,86.21340000000001,46.60827105498335
2418,4427.36,86.17,86.36,86.1916,86.219,46.612520247614995
2419,4427.38,86.17,86.39500000000001,86.19,86.22480000000002,46.62291793914573
2420,4427.4,86.195,86.43,86.1894,86.23479999999999,46.62843276851702
2421,4427.42,86.22,86.39,86.1894,86.24599999999998,46.62354975377101
2422,4427.44,86.195,86.35,86.18800000000002,86.2544,46.62354978138607
2423,4427.46,86.17,86.31,86.18599999999998,86.26,46.622286818146854
2424,4427.48,86.16499999999999,86.27,86.18419999999998,86.264,46.621025944890704
2425,4427.5,86.16,86.3,86.1814,86.2692,46.619767161788474
2426,4427.52,86.235,86.33,86.1808,86.27300000000001,46.61362333103991
2427,4427.54,86.31,86.38,86.1864,86.27619999999999,46.612995185643385
2428,4427.56,86.315,86.43,86.1954,86.2808,46.611740435806574
2429,4427.58,86.32,86.46000000000001,86.20299999999999,86.286,46.61048777734878
2430,4427.6,86.285,86.49,86.20759999999999,86.2942,46.61475296530398
2431,4427.62,86.25,86.365,86.21039999999999,86.2992,46.62026875927204
2432,4427.64,86.195,86.24,86.2106,86.29860000000001,46.62578456399837
2433,4427.66,86.14,86.28,86.20859999999999,86.29900000000002,46.62453653040323
2434,4427.68,86.12,86.32,86.2058,86.3012,46.62453655777803
2435,4427.7,86.1,86.28999999999999,86.20219999999999,86.30239999999999,46.63005252117413
2436,4427.72,86.16999999999999,86.26,86.2014,86.3058,46.62818459819638
2437,4427.74,86.24,86.265,86.20199999999998,86.31280000000001,46.622046790784424
2438,4427.76,86.19,86.27,86.1992,86.3194,46.62329069742155
2439,4427.78,86.14,86.315,86.19679999999998,86.32719999999999,46.62880680775232
2440,4427.8,86.185,86.36,86.19859999999998,86.33480000000002,46.627563102358344
2441,4427.82,86.23,86.36500000000001,86.2016,86.3406,46.620805112366085
2442,4427.84,86.215,86.37,86.2034,86.34379999999999,46.620805138762115
2443,4427.86,86.2,86.37,86.20459999999999,86.3442,46.626321542959026
2444,4427.88,86.265,86.37,86.2084,86.3432,46.62446302922112
2445,4427.9,86.33,86.41,86.21379999999999,86.3424,46.623226643397466
2446,4427.92,86.35,86.45,86.219,86.34480000000002,46.62260924762098
2447,4427.94,86.37,86.44,86.22599999999998,86.3484,46.62137599895262
2448,4427.96,86.375,86.43,86.2342,86.3532,46.625661960088685
2449,4427.98,86.38,86.43,86.24279999999999,86.35959999999999,46.630564452527146
2450,4428.0,86.365,86.43,86.251,86.36480000000002,46.630564479420514
2451,4428.02,86.35,86.41,86.2556,86.368,46.625047306146
2452,4428.04,86.345,86.39,86.25699999999999,86.36840000000001,46.62443312036226
2453,4428.06,86.34,86.41,86.258,86.3676,46.628723711162806
2454,4428.08,86.39,86.43,86.2608,86.3664,46.6274991195172
2455,4428.1,86.44,86.405,86.26700000000001,86.363,46.62749914618036
2456,4428.12,86.405,86.38,86.27320000000002,86.36359999999999,46.628723790570305
2457,4428.14,86.37,86.35,86.28020000000001,86.368,46.623206398831435
2458,4428.16,86.37,86.32,86.2894,86.36959999999999,46.62137006543166
2459,4428.18,86.37,86.31,86.29939999999999,86.3692,46.61953843981925
2460,4428.2,86.33500000000001,86.3,86.30879999999999,86.3696,46.61402062371738
2461,4428.22,86.3,86.32,86.314,86.37199999999999,46.620759071458544
2462,4428.24,86.3,86.34,86.31639999999999,86.375,46.63179452404715
2463,4428.26,86.3,86.345,86.3208,86.37800000000001,46.630574260507444
2464,4428.28,86.285,86.35,86.3266,86.3794,46.629356089376465
2465,4428.3,86.27,86.33,86.33,86.37819999999999,46.634265890001224
2466,4428.32,86.245,86.31,86.33060000000002,86.376,46.63487415855862
2467,4428.34,86.22,86.32,86.3308,86.37400000000001,46.63548294974209
2468,4428.36,86.22999999999999,86.33,86.33200000000001,86.3724,46.63426596870061
2469,4428.38,86.24,86.35,86.33099999999999,86.3716,46.63305107967965
2470,4428.4,86.3,86.37,86.32979999999999,86.37,46.63796274641171
2471,4428.42,86.36,86.42500000000001,86.3302,86.369,46.643481096090994
2472,4428.44,86.375,86.48,86.33040000000001,86.3706,46.643481122438494
2473,4428.46,86.39,86.45500000000001,86.331,86.3716,46.64226965836201
2474,4428.48,86.36,86.43,86.3302,86.3716,46.64718327209079
2475,4428.5,86.33,86.415,86.32879999999999,86.37099999999998,46.64718329749401
2476,4428.52,86.25,86.4,86.3248,86.3706,46.64597511398735
2477,4428.54,86.17,86.37,86.3178,86.36980000000001,46.65089059180052
2478,4428.56,86.13,86.34,86.30940000000001,86.36699999999999,46.657012577440895
2479,4428.58,86.09,86.32,86.2974,86.3626,46.65640942586929
2480,4428.6,86.18,86.3,86.287,86.35839999999999,46.65089066879513
2481,4428.62,86.27,86.36500000000001,86.2816,86.35780000000001,46.657616355609406
2482,4428.64,86.34,86.43,86.28039999999999,86.361,46.664343857879985
2483,4428.66,86.41,86.46000000000001,86.28200000000001,86.3666,46.66003643935707
2484,4428.68,86.39,86.49,86.28280000000001,86.37380000000002,46.65512449871178
2485,4428.7,86.37,86.44,86.2842,86.3794,46.65451813813282
2486,4428.72,86.345,86.39,86.286,86.38220000000001,46.658220709202226
2487,4428.74,86.32,86.36,86.2868,86.38300000000001,46.657012810310746
2488,4428.76,86.25999999999999,86.33,86.2852,86.3824,46.65580700278622
2489,4428.78,86.2,86.31,86.2818,86.3808,46.66012229293131
2490,4428.8,86.235,86.29,86.28040000000001,86.3792,46.66012231835301
2491,4428.82,86.27,86.305,86.28139999999999,86.37899999999999,46.660122344980905
2492,4428.84,86.205,86.32,86.2808,86.37899999999999,46.66564138540448
2493,4428.86,86.14,86.335,86.2772,86.3792,46.666242878047626
2494,4428.88,86.245,86.35,86.27740000000001,86.3792,46.66132602033603
2495,4428.9,86.35,86.39,86.27940000000001,86.38,46.66072398502527
2496,4428.92,86.35499999999999,86.43,86.2792,86.3802,46.66504054347271
2497,4428.94,86.36,86.4,86.27859999999998,86.37700000000001,46.669959314671324
2498,4428.96,86.25,86.37,86.273,86.37360000000001,46.67547851654925
2499,4428.98,86.14,86.36,86.2642,86.37080000000002,46.67607882142801
2500,4429.0,86.2,86.35,86.259,86.36820000000002,46.67055974129264
2501,4429.02,86.26,86.41499999999999,86.2594,86.36880000000001,46.676078873719895
2502,4429.04,86.33500000000001,86.48,86.266,86.3732,46.682799999718156
2503,4429.06,86.41,86.445,86.2772,86.3774,46.677281052003295
2504,4429.08,86.425,86.41,86.2906,86.381,46.67055984472799
2505,4429.1,86.44,86.365,86.30099999999999,86.3836,46.67055987044948
2506,4429.12,86.35499999999999,86.32,86.30439999999999,86.3818,46.67607900166549
2507,4429.14,86.27,86.34,86.3016,86.37819999999999,46.68039824683285
2508,4429.16,86.31,86.36,86.29759999999999,86.3742,46.68531844684928
2509,4429.18,86.35,86.315,86.296,86.3672,46.68591756476205
2510,4429.2,86.345,86.27,86.295,86.36039999999998,46.68099800904466
2511,4429.22,86.34,86.265,86.2948,86.35539999999999,46.6821989764337
2512,4429.24,86.36,86.26,86.29639999999999,86.3514,46.683402034479954
2513,4429.26,86.38,86.26,86.3012,86.34859999999999,46.67728130905712
2514,4429.28,86.36,86.26,86.30760000000001,86.3466,46.676680008840876
2515,4429.3,86.34,86.275,86.3118,86.346,46.68280033356541
2516,4429.32,86.32,86.29,86.31379999999999,86.34540000000001,46.68280035937108
2517,4429.34,86.3,86.305,86.3176,86.34479999999999,46.68219912990055
2518,4429.36,86.295,86.32,86.3238,86.3442,46.687718209742435
2519,4429.38,86.29,86.31,86.3256,86.3426,46.69383841180963
2520,4429.4,86.285,86.3,86.323,86.33900000000001,46.69444007295067
2521,4429.42,86.28,86.33,86.32,86.335,46.69504225708005
2522,4429.44,86.285,86.36,86.31700000000001,86.33339999999998,46.70116375162375
2523,4429.46,86.29,86.36500000000001,86.3186,86.33319999999999,46.70728563577421
2524,4429.48,86.33000000000001,86.37,86.32619999999999,86.3336,46.70788924436474
2525,4429.5,86.37,86.33500000000001,86.333,86.333,46.70357949055991
2526,4429.52,86.345,86.3,86.3364,86.3284,46.70418473857068
2527,4429.54,86.32,86.32,86.3358,86.32199999999999,46.70849342773508
2528,4429.56,86.375,86.34,86.3344,86.3178,46.70849345380016
2529,4429.58,86.43,86.345,86.33460000000001,86.31519999999999,46.709703257660344
2530,4429.6,86.45,86.35,86.335,86.31460000000001,46.71030895658315
2531,4429.62,86.47,86.335,86.3396,86.3152,46.71152189456893
2532,4429.64,86.43,86.32,86.346,86.3144,46.718255014205155
2533,4429.66,86.39,86.25999999999999,86.3492,86.31040000000002,46.7188632521548
2534,4429.68,86.37,86.2,86.35,86.3058,46.713954063136924
2535,4429.7,86.35,86.215,86.3502,86.3036,46.70843615076413
2536,4429.72,86.285,86.23,86.348,86.30220000000001,46.70843617728905
2537,4429.74,86.22,86.195,86.34240000000001,86.2996,46.715173320841394
2538,4429.76,86.245,86.16,86.337,86.29560000000001,46.715783720237205
2539,4429.78,86.27,86.185,86.3334,86.29260000000001,46.709655578967904
2540,4429.8,86.275,86.21,86.3308,86.29,46.70965560523233
2541,4429.82,86.28,86.32499999999999,86.3292,86.2914,46.72130153314225
2542,4429.84,86.305,86.44,86.3294,86.2968,46.72743005253439
2543,4429.86,86.33,86.44999999999999,86.3308,86.30199999999999,46.72191240834302
2544,4429.88,86.375,86.46,86.3342,86.30799999999999,46.71700619103108
2545,4429.9,86.42,86.445,86.3396,86.31379999999999,46.72436097221634
2546,4429.92,86.38499999999999,86.43,86.34379999999999,86.31779999999999,46.73662287022087
2547,4429.94,86.35,86.34,86.34639999999999,86.31700000000001,46.73172005362217
2548,4429.96,86.435,86.25,86.3522,86.3124,46.72130083311036
2549,4429.98,86.52,86.25999999999999,86.35979999999999,86.30799999999999,46.72620294315748
2550,4430.0,86.525,86.27,86.366,86.30539999999999,46.730491847850786
2551,4430.02,86.53,86.215,86.3734,86.30199999999999,46.72497456548878
2552,4430.04,86.44,86.16,86.37819999999999,86.2956,46.726203023272134
2553,4430.06,86.35,86.245,86.37719999999999,86.29180000000001,46.7329505883476
2554,4430.08,86.33,86.33,86.3732,86.2912,46.73969995950211
2555,4430.1,86.31,86.27,86.3676,86.288,46.74093438821079
2556,4430.12,86.355,86.21,86.363,86.28299999999999,46.735417677874615
2557,4430.14,86.4,86.235,86.3618,86.27960000000002,46.734800169966384
2558,4430.16,86.43,86.26,86.3634,86.27959999999999,46.73541773237816
2559,4430.18,86.46,86.245,86.36699999999999,86.28139999999999,46.73113781288846
2560,4430.2,86.43,86.23,86.37020000000001,86.28199999999998,46.73237670742676
2561,4430.22,86.4,86.265,86.3748,86.2834,46.74402968609498
2562,4430.24,86.38,86.3,86.38119999999999,86.2876,46.749546096752916
2563,4430.26,86.36,86.305,86.3858,86.2934,46.749546123879675
2564,4430.28,86.35,86.31,86.389,86.2984,46.75016666975957
2565,4430.3,86.34,86.345,86.3916,86.3038,46.74527150051235
2566,4430.32,86.36,86.38,86.39480000000002,86.306,46.74465041490625
2567,4430.34,86.38,86.35,86.39779999999999,86.30239999999999,46.74465044157351
2568,4430.36,86.44,86.32,86.4022,86.29720000000002,46.739755356268894
2569,4430.38,86.5,86.33,86.40719999999999,86.292,46.740377092385664
2570,4430.4,86.515,86.34,86.41099999999999,86.28779999999999,46.74162210114689
2571,4430.42,86.53,86.33500000000001,86.41680000000001,86.28399999999999,46.74838505522451
2572,4430.44,86.50999999999999,86.33,86.4232,86.2836,46.76004092522702
2573,4430.46,86.49,86.27,86.42540000000001,86.2844,46.760040952755034
2574,4430.48,86.36,86.21,86.419,86.28240000000001,46.76004098028305
2575,4430.5,86.23,86.22999999999999,86.40720000000002,86.2808,46.75577510294744
2576,4430.52,86.24000000000001,86.25,86.3956,86.28219999999999,46.745996126705485
2577,4430.54,86.25,86.295,86.38799999999999,86.2876,46.751511644381246
2578,4430.56,86.315,86.34,86.3866,86.2914,46.75702717288421
2579,4430.58,86.38,86.35,86.38860000000001,86.2922,46.751511700466224
2580,4430.6,86.44,86.36,86.39380000000001,86.2958,46.746623161399484
2581,4430.62,86.5,86.32,86.3996,86.3002,46.74787859938314
2582,4430.64,86.465,86.28,86.4022,86.30199999999999,46.75465124145555
2583,4430.66,86.43,86.245,86.40220000000001,86.3014,46.755910700435756
2584,4430.68,86.42,86.21,86.40060000000001,86.3,46.74976570727706
2585,4430.7,86.41,86.24,86.3998,86.30040000000001,46.75465132596487
2586,4430.72,86.38,86.27,86.39900000000002,86.30059999999999,46.766940759354824
2587,4430.74,86.35,86.275,86.3978,86.29960000000001,46.77308606358125
2588,4430.76,86.225,86.28,86.3924,86.2986,46.779231751783904
2589,4430.78,86.1,86.28999999999999,86.3824,86.2978,46.78049478511042
2590,4430.8,86.22,86.3,86.3776,86.296,46.77624533498269
2591,4430.82,86.34,86.31,86.37679999999999,86.2932,46.77751268426371
2592,4430.84,86.39,86.32,86.37720000000002,86.292,46.77751271281641
2593,4430.86,86.44,86.33,86.37719999999999,86.2924,46.77136433978936
2594,4430.88,86.41,86.34,86.37360000000001,86.29279999999999,46.771998363656465
2595,4430.9,86.38,86.31,86.36820000000002,86.2916,46.77326794578855
2596,4430.92,86.38,86.28,86.36219999999999,86.2894,46.767753728589476
2597,4430.94,86.38,86.255,86.35700000000001,86.2864,46.76775375724453
2598,4430.96,86.37,86.23,86.3522,86.28479999999999,46.769025573516124
2599,4430.98,86.36,86.17500000000001,86.3522,86.28339999999999,46.769662277175684
2600,4431.0,86.31,86.12,86.35539999999999,86.27900000000001,46.774539726673375
2601,4431.02,86.26,86.15,86.3562,86.275,46.779417858002326
2602,4431.04,86.26,86.18,86.3566,86.27040000000001,46.784932079051856
2603,4431.06,86.26,86.2,86.3544,86.2648,46.77941791527012
2604,4431.08,86.27000000000001,86.22,86.35,86.2596,46.77453984108763
2605,4431.1,86.28,86.28,86.34359999999998,86.2564,46.78684151470989
2606,4431.12,86.3,86.34,86.3356,86.2572,46.78684154387979
2607,4431.14,86.32,86.345,86.32980000000002,86.2598,46.76902583229098
2608,4431.16,86.33,86.35,86.3258,86.26400000000001,46.76351177596266
2609,4431.18,86.34,86.32499999999999,86.32259999999998,86.2686,46.776451347651545
2610,4431.2,86.30000000000001,86.3,86.31819999999999,86.271,46.788117162509685
2611,4431.22,86.26,86.28,86.3134,86.2714,46.792993082329225
2612,4431.24,86.315,86.26,86.31199999999998,86.2708,46.79363104819366
2613,4431.26,86.37,86.21000000000001,86.3178,86.26800000000001,46.78875578158618
2614,4431.28,86.30000000000001,86.16,86.3258,86.26280000000001,46.78388119790526
2615,4431.3,86.23,86.145,86.32619999999999,86.25659999999999,46.7783675713564
2616,4431.32,86.235,86.13,86.322,86.24940000000001,46.77772839688334
2617,4431.34,86.24,86.21000000000001,86.31599999999999,86.245,46.78939495118709
2618,4431.36,86.28999999999999,86.29,86.31000000000002,86.24340000000001,46.79490865781163
2619,4431.38,86.34,86.30000000000001,86.3072,86.2418,46.78260360670616
2620,4431.4,86.32,86.31,86.3048,86.24179999999998,46.77708982913637
2621,4431.42,86.3,86.255,86.3016,86.2408,46.78939506775729
2622,4431.44,86.28999999999999,86.2,86.29799999999999,86.2386,46.79618829206284
2623,4431.46,86.28,86.15,86.29440000000001,86.23539999999998,46.79131540923021
2624,4431.48,86.37,86.1,86.2948,86.23240000000001,46.78516130806813
2625,4431.5,86.46,86.12,86.3008,86.2324,46.77836786205792
2626,4431.52,86.41,86.14,86.30680000000001,86.23200000000001,46.778367891646774
2627,4431.54,86.36,86.11500000000001,86.3108,86.2294,46.79067491133111
2628,4431.56,86.28,86.09,86.3116,86.225,46.80106206010924
2629,4431.58,86.2,86.08500000000001,86.30879999999999,86.21959999999999,46.79426999843087
2630,4431.6,86.16499999999999,86.08,86.3042,86.2116,46.78388166238546
2631,4431.62,86.13,86.125,86.2974,86.20299999999999,46.78452134193234
2632,4431.64,86.13,86.17,86.2898,86.196,46.78939538743325
2633,4431.66,86.13,86.16499999999999,86.2818,86.1886,46.78324262053572
2634,4431.68,86.095,86.16,86.272,86.182,46.77772891833511
2635,4431.7,86.06,86.19,86.2624,86.17759999999998,46.78875641943159
2636,4431.72,86.205,86.22,86.26019999999998,86.1752,46.79978396492496
2637,4431.74,86.35,86.24000000000001,86.2616,86.17439999999999,46.805297766939916
2638,4431.76,86.41499999999999,86.26,86.2634,86.1764,46.79978402273481
2639,4431.78,86.48,86.22,86.2706,86.1788,46.78811800230336
2640,4431.8,86.39,86.18,86.277,86.1802,46.78811803108913
2641,4431.82,86.3,86.15,86.27959999999999,86.181,46.78939564888955
2642,4431.84,86.22,86.12,86.2788,86.17739999999999,46.78388201168419
2643,4431.86,86.14,86.125,86.27279999999999,86.1708,46.78324291091299
2644,4431.88,86.205,86.13,86.2674,86.16400000000002,46.79490941229659
2645,4431.9,86.27,86.13499999999999,86.26539999999999,86.15700000000001,46.80106255346144
2646,4431.92,86.28,86.14,86.26460000000002,86.1524,46.789395793801155
2647,4431.94,86.29,86.18,86.26459999999999,86.1516,46.783243026228206
2648,4431.96,86.25,86.22,86.2634,86.15440000000001,46.79427054937561
2649,4431.98,86.21,86.205,86.257,86.15859999999999,46.79914595734903
2650,4432.0,86.16999999999999,86.19,86.2454,86.1614,46.798508122525256
2651,4432.02,86.13,86.16499999999999,86.23419999999999,86.16239999999999,46.804659864466494
2652,4432.04,86.125,86.14,86.2248,86.1634,46.799784427963786
2653,4432.06,86.12,86.14500000000001,86.2184,86.16560000000001,46.78811840731222
2654,4432.08,86.155,86.15,86.2166,86.1682,46.792356906314005
2655,4432.1,86.19,86.125,86.2176,86.17,46.80402219135377
2656,4432.12,86.28999999999999,86.1,86.22399999999999,86.16900000000001,46.800423449192635
2657,4432.14,86.39,86.095,86.2344,86.166,46.79003568880421
2658,4432.16,86.38,86.09,86.24439999999998,86.16300000000001,46.789396142005955
2659,4432.18,86.37,86.155,86.2554,86.16279999999999,46.78875711563775
2660,4432.2,86.28,86.22,86.2642,86.16400000000002,46.783243403129866
2661,4432.22,86.19,86.185,86.26360000000001,86.1626,46.78260482254629
2662,4432.24,86.11500000000001,86.15,86.2542,86.15900000000002,46.78684316011576
2663,4432.26,86.04,86.165,86.23919999999998,86.15520000000001,46.787480682294635
2664,4432.28,86.02000000000001,86.18,86.22080000000001,86.15360000000001,46.78939631614846
2665,4432.3,86.0,86.18,86.2052,86.15360000000001,46.79491002208819
2666,4432.32,86.0,86.18,86.19319999999999,86.1548,46.79914644961875
2667,4432.34,86.0,86.17,86.18439999999998,86.1568,46.798508613797644
2668,4432.36,86.12,86.16,86.18360000000001,86.1582,46.797871298515545
2669,4432.38,86.24,86.155,86.185,86.1592,46.80274857868435
2670,4432.4,86.275,86.15,86.18520000000001,86.15979999999999,46.79787135620048
2671,4432.42,86.31,86.19,86.18639999999999,86.1618,46.79363275605956
2672,4432.44,86.25999999999999,86.23,86.18520000000001,86.1638,46.7997850088933
2673,4432.46,86.21,86.21000000000001,86.18360000000001,86.1634,46.79363281397485
2674,4432.48,86.225,86.19,86.1842,86.1628,46.78196710851751
2675,4432.5,86.24,86.145,86.18699999999998,86.161,46.78811904464614
2676,4432.52,86.225,86.1,86.1908,86.1584,46.79850887473706
2677,4432.54,86.21,86.1,86.1942,86.1568,46.79172067113158
2678,4432.56,86.175,86.1,86.1964,86.155,46.78132965413834
2679,4432.58,86.14,86.16,86.1958,86.15540000000001,46.788119159756704
2680,4432.6,86.12,86.22,86.193,86.1592,46.799146854849454
2681,4432.62,86.1,86.22999999999999,86.18540000000002,86.16439999999999,46.792357685568845
2682,4432.64,86.13,86.24,86.175,86.17020000000001,46.78620676209899
2683,4432.66,86.16,86.235,86.1662,86.176,46.79850907652607
2684,4432.68,86.17,86.23,86.15820000000002,86.17900000000002,46.80529913018767
2685,4432.7,86.18,86.245,86.1542,86.18,46.799785384781266
2686,4432.72,86.20500000000001,86.26,86.1548,86.18299999999999,46.7997854142832
2687,4432.74,86.23,86.185,86.1594,86.18439999999998,46.79427167943081
2688,4432.76,86.21000000000001,86.11,86.1662,86.1822,46.78260560353303
2689,4432.78,86.19,86.10499999999999,86.17300000000002,86.1792,46.78684393807581
2690,4432.8,86.155,86.1,86.17919999999998,86.17599999999999,46.80211295432768
2691,4432.82,86.12,86.08,86.184,86.17199999999998,46.80826329792535
2692,4432.84,86.185,86.06,86.19140000000002,86.16760000000001,46.7972351664149
2693,4432.86,86.25,86.075,86.1966,86.1642,46.79044889430939
2694,4432.88,86.255,86.09,86.19720000000001,86.16159999999999,46.79596313659941
2695,4432.9,86.26,86.14500000000001,86.1966,86.16140000000001,46.790448951724805
2696,4432.92,86.32,86.2,86.197,86.1618,46.77327084162005
2697,4432.94,86.38,86.235,86.20179999999999,86.162,46.77263582858798
2698,4432.96,86.285,86.27,86.20479999999999,86.1644,46.78917888267385
2699,4432.98,86.19,86.25999999999999,86.2034,86.1672,46.79469327387133
2700,4433.0,86.14,86.25,86.19940000000001,86.17139999999999,46.79469330250906
2701,4433.02,86.09,86.16499999999999,86.19400000000002,86.17399999999999,46.79532807450168
2702,4433.04,86.14,86.08,86.19120000000001,86.17320000000001,46.789813814044116
2703,4433.06,86.19,86.09,86.1918,86.1728,46.78917902510192
2704,4433.08,86.18,86.1,86.1934,86.17039999999999,46.79532815978765
2705,4433.1,86.17,86.145,86.1954,86.16740000000001,46.80211338599022
2706,4433.12,86.2,86.19,86.19939999999998,86.1658,46.7965992656448
2707,4433.14,86.23,86.21000000000001,86.2034,86.1646,46.78429968036173
2708,4433.16,86.225,86.23,86.206,86.16439999999999,46.78791109425477
2709,4433.18,86.22,86.195,86.208,86.163,46.79830705141319
2710,4433.2,86.205,86.16,86.209,86.1596,46.80445472100814
2711,4433.22,86.19,86.12,86.2084,86.154,46.80508830255717
2712,4433.24,86.14,86.08,86.20479999999999,86.14980000000001,46.800208019799335
2713,4433.26,86.09,86.15,86.2,86.1514,46.80020804857509
2714,4433.28,86.21000000000001,86.22,86.2008,86.156,46.794059480140845
2715,4433.3,86.33,86.19,86.2078,86.15960000000001,46.78239679214424
2716,4433.32,86.255,86.16,86.2132,86.1628,46.78664533044379
2717,4433.34,86.18,86.125,86.213,86.16539999999999,46.79641108051204
2718,4433.36,86.08500000000001,86.09,86.20639999999999,86.166,46.796411109353606
2719,4433.38,85.99,86.065,86.1958,86.165,46.79089631644511
2720,4433.4,86.055,86.04,86.1876,86.1608,46.791527964619036
2721,4433.42,86.12,86.075,86.1796,86.1558,46.79279279531066
2722,4433.44,86.14500000000001,86.11,86.17020000000001,86.1508,46.792792823428194
2723,4433.46,86.17,86.10499999999999,86.1656,86.1442,46.79216018973662
2724,4433.48,86.16499999999999,86.1,86.1646,86.13780000000001,46.78601334166397
2725,4433.5,86.16,86.125,86.1654,86.1328,46.78538167535459
2726,4433.52,86.16499999999999,86.15,86.1684,86.13220000000001,46.78963483632336
2727,4433.54,86.17,86.16,86.16959999999999,86.13539999999999,46.78774625169214
2728,4433.56,86.13499999999999,86.17,86.1674,86.13860000000001,46.780974478830146
2729,4433.58,86.1,86.185,86.1642,86.14200000000001,46.78648983757199
2730,4433.6,86.18,86.2,86.1646,86.14419999999998,46.79752055738813
2731,4433.62,86.26,86.21000000000001,86.167,86.145,46.79200523398172
2732,4433.64,86.18,86.22,86.165,86.14540000000001,46.78223121059664
2733,4433.66,86.1,86.175,86.16,86.1432,46.78837543748974
2734,4433.68,86.04499999999999,86.13,86.15299999999999,86.14059999999999,46.79814849650303
2735,4433.7,85.99,86.115,86.1444,86.1388,46.791377965581134
2736,4433.72,86.11,86.1,86.14120000000001,86.138,46.78649003325644
2737,4433.74,86.23,86.09,86.14480000000002,86.1384,46.798148580301714
2738,4433.76,86.185,86.08,86.1486,86.13560000000001,46.80855151483597
2739,4433.78,86.14,86.095,86.1458,86.1306,46.80178222538604
2740,4433.8,86.175,86.11,86.13960000000002,86.1274,46.790751244207655
2741,4433.82,86.21,86.15,86.13779999999998,86.12700000000001,46.797520864846156
2742,4433.84,86.22,86.19,86.13940000000001,86.12960000000001,46.7975208931353
2743,4433.86,86.23,86.225,86.1452,86.135,46.78586277467844
2744,4433.88,86.34,86.26,86.1592,86.1428,46.78460945558672
2745,4433.9,86.45,86.28999999999999,86.175,86.15279999999998,46.7888739296472
2746,4433.92,86.41499999999999,86.32,86.1868,86.1626,46.78824918060739
2747,4433.94,86.38,86.255,86.1962,86.1684,46.78210909489996
2748,4433.96,86.29499999999999,86.19,86.20120000000001,86.1718,46.78210912241444
2749,4433.98,86.21,86.11500000000001,86.20299999999999,86.1724,46.782109149578055
2750,4434.0,86.215,86.04,86.20519999999999,86.169,46.78148536856897
2751,4434.02,86.22,86.025,86.20739999999999,86.164,46.78637811317768
2752,4434.04,86.17,86.01,86.20739999999999,86.15799999999999,46.78575544761731
2753,4434.06,86.12,86.03999999999999,86.2068,86.15280000000001,46.77899542689093
2754,4434.08,86.125,86.07,86.2078,86.1482,46.77899545417433
2755,4434.1,86.13,86.13,86.2058,86.14540000000001,46.79002794057046
2756,4434.12,86.055,86.19,86.19760000000001,86.14460000000001,46.793682824390785
2757,4434.14,85.98,86.21000000000001,86.18960000000001,86.1442,46.782030365291
2758,4434.16,85.985,86.23,86.185,86.14640000000001,46.78203039258046
2759,4434.18,85.99,86.21000000000001,86.1828,86.1496,46.797342897687976
2760,4434.2,85.975,86.19,86.1822,86.1526,46.801008054133675
2761,4434.22,85.96,86.175,86.1762,86.15559999999999,46.794874937473374
2762,4434.24,85.945,86.16,86.1648,86.15839999999999,46.79487496373969
2763,4434.26,85.93,86.12,86.15459999999999,86.16,46.79916124836061
2764,4434.28,85.94,86.08,86.14659999999999,86.1594,46.80467842509355
2765,4434.3,85.95,86.08500000000001,86.13759999999998,86.1584,46.799161302145464
2766,4434.32,86.005,86.09,86.1294,86.15599999999999,46.79241539202987
2767,4434.34,86.06,86.135,86.12299999999999,86.15379999999999,46.7973191583857
2768,4434.36,86.1,86.18,86.11779999999999,86.15199999999999,46.796706161279054
2769,4434.38,86.14,86.20500000000001,86.10979999999999,86.14980000000001,46.79548170400351
2770,4434.4,86.14500000000001,86.23,86.0976,86.14740000000002,46.80038792568703
2771,4434.42,86.15,86.21000000000001,86.087,86.14299999999999,46.80099934101767
2772,4434.44,86.125,86.19,86.0768,86.14039999999999,46.79548178364245
2773,4434.46,86.1,86.18,86.069,86.14,46.794259410565
2774,4434.48,86.115,86.17,86.0652,86.14220000000002,46.798556994166695
2775,4434.5,86.13,86.2,86.0618,86.1486,46.7985570200751
2776,4434.52,86.15,86.23,86.059,86.1568,46.79303917507908
2777,4434.54,86.17,86.20500000000001,86.05900000000001,86.1646,46.79182097133448
2778,4434.56,86.12,86.18,86.059,86.17020000000001,46.79551579222095
2779,4434.58,86.07,86.155,86.05680000000001,86.17360000000001,46.793697289122704
2780,4434.6,86.1,86.13,86.05560000000001,86.17360000000001,46.781450404103396
2781,4434.62,86.13,86.16,86.05859999999998,86.1724,46.775931863310554
2782,4434.64,86.13499999999999,86.19,86.06479999999999,86.1716,46.78757371821037
2783,4434.66,86.14,86.18,86.07099999999998,86.16959999999999,46.79800624451777
2784,4434.68,86.10499999999999,86.17,86.0756,86.16799999999999,46.80231750105723
2785,4434.7,86.07,86.15,86.0794,86.1664,46.80723345092264
2786,4434.72,86.13,86.13,86.0862,86.16460000000001,46.806631163003566
2787,4434.74,86.19,86.175,86.09599999999999,86.1652,46.801112287700796
2788,4434.76,86.16,86.22,86.10520000000001,86.1692,46.80171469781789
2789,4434.78,86.13,86.22,86.1128,86.17479999999999,46.80663124016318
2790,4434.8,86.1,86.22,86.11880000000001,86.1802,46.805428201988086
2791,4434.82,86.07,86.235,86.1214,86.186,46.79870806468071
2792,4434.84,86.055,86.25,86.1212,86.19059999999999,46.79750905504455
2793,4434.86,86.04,86.275,86.11880000000001,86.1944,46.80302840615073
2794,4434.88,86.065,86.3,86.1158,86.1982,46.80854776782493
2795,4434.9,86.09,86.32499999999999,86.11359999999999,86.20199999999998,46.80735112638082
2796,4434.92,86.1,86.35,86.1116,86.2076,46.80123405340979
2797,4434.94,86.11,86.32499999999999,86.11099999999999,86.21300000000001,46.80675362582191
2798,4434.96,86.11500000000001,86.3,86.1116,86.21779999999998,46.817195884251966
2799,4434.98,86.12,86.28999999999999,86.1118,86.22259999999999,46.817195909722145
2800,4435.0,86.135,86.28,86.11200000000001,86.22579999999999,46.81107986013319
2801,4435.02,86.15,86.33500000000001,86.112,86.23,46.80929369950776
2802,4435.04,86.295,86.39,86.11699999999999,86.2374,46.80139925614734
2803,4435.06,86.44,86.33,86.12979999999999,86.24340000000001,46.789174502457165
2804,4435.08,86.42,86.27,86.1438,86.24799999999999,46.79035895765694
2805,4435.1,86.4,86.25999999999999,86.1558,86.25319999999999,46.79706553022291
2806,4435.12,86.36,86.25,86.165,86.2568,46.80258559383503
2807,4435.14,86.32,86.235,86.1724,86.2586,46.80139938046943
2808,4435.16,86.22,86.22,86.17560000000002,86.2602,46.79587922680212
2809,4435.18,86.12,86.25999999999999,86.17620000000001,86.2638,46.79095208072977
2810,4435.2,86.105,86.3,86.1776,86.26979999999999,46.795286869293484
2811,4435.22,86.09,86.36,86.17599999999999,86.279,46.80573565486413
2812,4435.24,86.015,86.42,86.16900000000001,86.28880000000001,46.81125601721052
2813,4435.26,85.94,86.445,86.1602,86.2978,46.82111523528209
2814,4435.28,86.05,86.47,86.15699999999998,86.3078,46.82663576421764
2815,4435.3,86.16,86.475,86.15939999999999,86.318,46.82229679290047
2816,4435.32,86.195,86.48,86.1644,86.32780000000001,46.8222968179712
2817,4435.34,86.23,86.39500000000001,86.17139999999999,86.3336,46.827226262320785
2818,4435.36,86.185,86.31,86.1772,86.335,46.82604596071405
2819,4435.38,86.14,86.30000000000001,86.18019999999999,86.335,46.81993596079886
2820,4435.4,86.095,86.29,86.1804,86.3336,46.82111540814828
2821,4435.42,86.05,86.265,86.1784,86.3302,46.82781730685389
2822,4435.44,86.045,86.24,86.1758,86.3268,46.833337706297016
2823,4435.46,86.04,86.28,86.1728,86.32600000000001,46.832156499661515
2824,4435.48,86.08500000000001,86.32,86.17139999999999,86.3272,46.826046108445276
2825,4435.5,86.13,86.35,86.17119999999998,86.33,46.83215654948622
2826,4435.52,86.09,86.38,86.1688,86.3318,46.84319762918852
2827,4435.54,86.05,86.43,86.15899999999999,86.3334,46.83708735805671
2828,4435.56,86.07499999999999,86.48,86.1444,86.33940000000001,46.82427962710451
2829,4435.58,86.1,86.46000000000001,86.13159999999999,86.34700000000001,46.82862546806412
2830,4435.6,86.1,86.44,86.11959999999999,86.3542,46.840254467889885
2831,4435.62,86.1,86.39,86.1092,86.35979999999999,46.840842101880334
2832,4435.64,86.085,86.34,86.0998,86.36399999999999,46.835321316937566
2833,4435.66,86.07,86.32,86.09379999999999,86.368,46.83590954130497
2834,4435.68,86.145,86.3,86.09479999999999,86.36959999999999,46.842018958552615
2835,4435.7,86.22,86.305,86.09939999999999,86.3698,46.84084219987857
2836,4435.72,86.185,86.31,86.1032,86.3678,46.83908095867628
2837,4435.74,86.15,86.275,86.10859999999998,86.362,46.84401603276367
2838,4435.76,86.09,86.24,86.1146,86.3538,46.844016057313894
2839,4435.78,86.03,86.345,86.11380000000001,86.3488,46.84401608201313
2840,4435.8,86.015,86.45,86.108,86.3478,46.856230522537224
2841,4435.82,86.0,86.5,86.1002,86.3486,46.867859268618616
2842,4435.84,86.09,86.55,86.09459999999999,86.3548,46.86175155717712
2843,4435.86,86.18,86.535,86.09440000000001,86.36380000000001,46.86292572694983
2844,4435.88,86.18,86.52,86.096,86.3726,46.88007599229548
2845,4435.9,86.18,86.47,86.0994,86.37979999999999,46.87831463897714
2846,4435.92,86.17500000000001,86.42,86.1044,86.38600000000001,46.86057959363796
2847,4435.94,86.17,86.37,86.10940000000001,86.39119999999998,46.86116538845019
2848,4435.96,86.32,86.32,86.12060000000001,86.39280000000001,46.86844670556035
2849,4435.98,86.47,86.29499999999999,86.13600000000001,86.3918,46.85858139739417
2850,4436.0,86.435,86.27,86.1482,86.38860000000001,46.8475400337402
2851,4436.02,86.4,86.275,86.16059999999999,86.38439999999999,46.84754005855512
2852,4436.04,86.235,86.28,86.168,86.3784,46.85917043696218
2853,4436.06,86.07,86.33500000000001,86.16779999999999,86.3726,46.87632168250513
2854,4436.08,85.925,86.39,86.1608,86.3698,46.88677376960179
2855,4436.1,85.78,86.41,86.14800000000001,86.3686,46.88618517520366
2856,4436.12,85.81,86.43,86.13640000000001,86.37020000000001,46.886773819560325
2857,4436.14,85.84,86.48,86.1266,86.3758,46.892883598989336
2858,4436.16,85.905,86.53,86.12,86.3842,46.89899377030309
2859,4436.18,85.97,86.49000000000001,86.113,86.3918,46.90510433304914
2860,4436.2,85.93,86.45,86.10140000000001,86.3976,46.916145374721395
2861,4436.22,85.89,86.405,86.0896,86.4014,46.92107615657149
2862,4436.24,85.925,86.36,86.08060000000002,86.40480000000001,46.9094456233465
2863,4436.26,85.96,86.31,86.0754,86.4076,46.90392500500281
2864,4436.28,86.025,86.26,86.07519999999998,86.4042,46.905104457489955
2865,4436.3,86.09,86.28,86.0782,86.3974,46.90076563548972
2866,4436.32,86.06,86.3,86.08059999999999,86.38939999999998,46.90017457580702
2867,4436.34,86.03,86.33500000000001,86.07820000000001,86.3808,46.898404470880514
2868,4436.36,86.03999999999999,86.37,86.07260000000001,86.3742,46.89722701161229
2869,4436.38,86.05,86.31,86.06739999999999,86.3658,46.909445796034774
2870,4436.4,86.12,86.25,86.065,86.35700000000001,46.91732685407835
2871,4436.42,86.19,86.255,86.06560000000002,86.3504,46.91298995746389
2872,4436.44,86.235,86.26,86.06819999999999,86.346,46.91298998246308
2873,4436.46,86.28,86.32,86.0666,86.346,46.91180655460749
2874,4436.48,86.265,86.38,86.0584,86.34939999999999,46.905695200141665
2875,4436.5,86.25,86.33500000000001,86.051,86.35199999999999,46.9118066052061
2876,4436.52,86.245,86.29,86.0448,86.3526,46.917327004327916
2877,4436.54,86.24,86.33000000000001,86.045,86.3546,46.90569527431021
2878,4436.56,86.245,86.37,86.052,86.35600000000001,46.90076595903082
2879,4436.58,86.25,86.315,86.065,86.35300000000001,46.912990157056335
2880,4436.6,86.195,86.26,86.0816,86.347,46.92343881435349
2881,4436.62,86.14,86.215,86.09479999999999,86.33840000000001,46.92895916239288
2882,4436.64,86.14500000000001,86.17,86.10700000000001,86.32600000000001,46.929550965467776
2883,4436.66,86.15,86.18,86.1168,86.31200000000001,46.92284756199559
2884,4436.68,86.095,86.19,86.12180000000001,86.3,46.922847586750336
2885,4436.7,86.04,86.19999999999999,86.12619999999998,86.29,46.92403078631429
2886,4436.72,86.045,86.21,86.1324,86.28219999999999,46.92403081180936
2887,4436.74,86.05,86.26499999999999,86.1374,86.2784,46.92955109025632
2888,4436.76,86.08,86.32,86.14219999999999,86.27879999999999,46.93073623155653
2889,4436.78,86.11,86.38999999999999,86.14560000000002,86.28399999999999,46.93132959539772
2890,4436.8,86.175,86.46,86.149,86.29119999999999,46.93566365644573
2891,4436.82,86.24,86.475,86.15620000000001,86.29820000000001,46.94059172519315
2892,4436.84,86.24,86.49,86.1646,86.3044,46.94059175066689
2893,4436.86,86.24,86.44,86.1726,86.3072,46.94059177578948
2894,4436.88,86.225,86.39,86.17960000000001,86.31039999999999,46.946112081664644
2895,4436.9,86.21,86.33,86.1832,86.3136,46.9455205370409
2896,4436.92,86.21,86.27,86.184,86.3142,46.940000211008794
2897,4436.94,86.21,86.25999999999999,86.183,86.3142,46.940000236086924
2898,4436.96,86.125,86.25,86.1768,86.31139999999999,46.94492956212605
2899,4436.98,86.04,86.295,86.1678,86.308,46.94433905717939
2900,4437.0,86.01,86.34,86.1582,86.3082,46.94374907222056
2901,4437.02,85.98,86.39500000000001,86.1476,86.3124,46.95479024401181
2902,4437.04,86.075,86.45,86.141,86.3172,46.96149097971116
2903,4437.06,86.17,86.43,86.13799999999999,86.3196,46.957152897618364
2904,4437.08,86.22,86.41,86.13680000000001,86.3234,46.95656149153239
2905,4437.1,86.27,86.345,86.1398,86.3268,46.96031093035336
2906,4437.12,86.32,86.28,86.147,86.3294,46.95479036875737
2907,4437.14,86.37,86.265,86.156,86.33319999999999,46.94433925699751
2908,4437.16,86.27000000000001,86.25,86.1608,86.336,46.94257081146644
2909,4437.18,86.17,86.305,86.16380000000001,86.3406,46.94691530284881
2910,4437.2,86.16499999999999,86.36,86.1688,86.34700000000001,46.95302397292298
2911,4437.22,86.16,86.37,86.1734,86.35340000000001,46.9591330352235
2912,4437.24,86.19,86.38,86.179,86.35799999999999,46.95972182247258
2913,4437.26,86.22,86.39,86.18459999999999,86.3608,46.95913308421063
2914,4437.28,86.295,86.4,86.192,86.36120000000001,46.95854486702024
2915,4437.3,86.37,86.475,86.1998,86.3618,46.95913313460247
2916,4437.32,86.33000000000001,86.55,86.2034,86.3648,46.964653894014184
2917,4437.34,86.29,86.565,86.20540000000001,86.3678,46.96958655823753
2918,4437.36,86.24000000000001,86.58,86.2054,86.3734,46.98004079040345
2919,4437.38,86.19,86.53,86.204,86.37899999999999,46.98556172432537
2920,4437.4,86.21000000000001,86.48,86.204,86.385,46.975107454075044
2921,4437.42,86.23,86.375,86.20479999999999,86.3892,46.9634781903439
2922,4437.44,86.225,86.27,86.2054,86.38959999999999,46.96230446729939
2923,4437.46,86.22,86.29499999999999,86.2092,86.39139999999999,46.9678255118917
2924,4437.48,86.22,86.32,86.2164,86.3924,46.96723951155873
2925,4437.5,86.22,86.31,86.22480000000002,86.39120000000001,46.96548458095383
2926,4437.52,86.285,86.3,86.23700000000001,86.38740000000001,46.97042203292688
2927,4437.54,86.35,86.33,86.24799999999999,86.3826,46.97711157494487
2928,4437.56,86.28999999999999,86.36,86.25280000000001,86.37979999999999,46.978281815205605
2929,4437.58,86.23,86.315,86.25319999999999,86.37599999999999,46.972175295684664
2930,4437.6,86.2,86.27,86.25039999999998,86.37299999999999,46.97100600667701
2931,4437.62,86.17,86.28999999999999,86.24439999999998,86.37339999999999,46.97652734478178
2932,4437.64,86.21000000000001,86.31,86.238,86.3752,46.97594356054539
2933,4437.66,86.25,86.34,86.23719999999999,86.3788,46.974777528312266
2934,4437.68,86.28999999999999,86.37,86.24199999999999,86.3814,46.975360321508575
2935,4437.7,86.33,86.39,86.24859999999998,86.3826,46.97594363400436
2936,4437.72,86.38499999999999,86.41,86.2576,86.3842,46.97536036999788
2937,4437.74,86.44,86.4,86.2676,86.385,46.97477762591212
2938,4437.76,86.435,86.39,86.2762,86.385,46.97419540152425
2939,4437.78,86.43,86.405,86.2816,86.3852,46.97419542632902
2940,4437.8,86.38,86.42,86.28200000000001,86.38300000000001,46.979717046528286
2941,4437.82,86.33,86.39500000000001,86.28199999999998,86.3768,46.97855426973196
2942,4437.84,86.305,86.37,86.2826,86.369,46.976813991177494
2943,4437.86,86.28,86.345,86.2842,86.35959999999999,46.982335961277926
2944,4437.88,86.315,86.32,86.2892,86.3512,46.982915498699384
2945,4437.9,86.35,86.33,86.2948,86.3452,46.98175701709894
2946,4437.92,86.395,86.34,86.3014,86.34380000000002,46.98670065965161
2947,4437.94,86.44,86.36,86.31,86.3474,46.987279088711496
2948,4437.96,86.37,86.38,86.31599999999999,86.35079999999999,46.97739371615113
2949,4437.98,86.3,86.33500000000001,86.3192,86.3514,46.97855446254567
2950,4438.0,86.22,86.29,86.31919999999998,86.3506,46.98959798018159
2951,4438.02,86.14,86.325,86.3134,86.3516,46.98901751964438
2952,4438.04,86.18,86.36,86.3066,86.35279999999999,46.98843757850325
2953,4438.06,86.22,86.38499999999999,86.30380000000001,86.3538,46.9933801224208
2954,4438.08,86.28,86.41,86.3058,86.3576,46.992222951249836
2955,4438.1,86.34,86.36,86.3114,86.36120000000001,46.992222975385886
2956,4438.12,86.36,86.31,86.31900000000002,86.36200000000001,46.99222299966902
2957,4438.14,86.38,86.28999999999999,86.3258,86.3612,46.98496882632204
2958,4438.16,86.41499999999999,86.27,86.33239999999999,86.3584,46.984392523290936
2959,4438.18,86.45,86.32499999999999,86.3388,86.3566,46.990491177316805
2960,4438.2,86.375,86.38,86.34060000000001,86.35619999999999,46.991067979413884
2961,4438.22,86.3,86.37,86.3372,86.35459999999999,46.99222311941354
2962,4438.24,86.28999999999999,86.36,86.3312,86.353,46.99774525261921
2963,4438.26,86.28,86.36500000000001,86.325,86.352,47.00705823799791
2964,4438.28,86.28,86.37,86.31900000000002,86.3506,47.01695162931265
2965,4438.3,86.28,86.345,86.315,86.34759999999999,47.010279792512534
2966,4438.32,86.325,86.32,86.31479999999999,86.34459999999999,46.993137902367906
2967,4438.34,86.37,86.32,86.31739999999999,86.3426,46.98818945342719
2968,4438.36,86.33500000000001,86.32,86.31960000000001,86.3416,46.99980921620728
2969,4438.38,86.3,86.405,86.319,86.345,47.01142926384197
2970,4438.4,86.25999999999999,86.49,86.31540000000001,86.3514,47.01085433935681
2971,4438.42,86.22,86.475,86.3084,86.3568,47.00533182066965
2972,4438.44,86.2,86.46,86.29880000000001,86.3608,47.000384394146515
2973,4438.46,86.18,86.41999999999999,86.2912,86.3624,47.00038441770822
2974,4438.48,86.345,86.38,86.29299999999999,86.3642,47.00038444182611
2975,4438.5,86.51,86.365,86.30460000000001,86.3672,46.99980938172562
2976,4438.52,86.535,86.35,86.32039999999999,86.3682,46.9992348413866
2977,4438.54,86.56,86.31,86.3356,86.3662,46.99923486535905
2978,4438.56,86.44,86.27,86.3444,86.3616,47.00418351290213
2979,4438.58,86.32,86.32499999999999,86.346,86.3582,47.00361007921251
2980,4438.6,86.25,86.38,86.3424,86.359,47.00361010267836
2981,4438.62,86.18,86.405,86.33519999999999,86.3628,47.009132870663514
2982,4438.64,86.18,86.43,86.3272,86.36840000000001,47.01580281224986
2983,4438.66,86.18,86.475,86.3178,86.3766,47.0224745709155
2984,4438.68,86.195,86.52,86.30760000000001,86.3844,47.029148146530964
2985,4438.7,86.21,86.39,86.301,86.3848,47.02972447526766
2986,4438.72,86.24,86.26,86.29860000000001,86.38040000000001,47.02362582859809
2987,4438.74,86.27,86.235,86.29780000000001,86.37540000000001,47.01752757439886
2988,4438.76,86.36,86.21,86.301,86.36919999999998,47.01085476409611
2989,4438.78,86.45,86.3,86.30779999999999,86.3664,47.00418377083135
2990,4438.8,86.44,86.39,86.3142,86.3682,46.998087600762226
2991,4438.82,86.43,86.375,86.3184,86.37039999999999,47.00303742360186
2992,4438.84,86.37,86.36,86.3184,86.37199999999999,47.00798790830245
2993,4438.86,86.31,86.46000000000001,86.31739999999999,86.3776,47.000750918047025
2994,4438.88,86.245,86.56,86.3152,86.3838,47.00399605631557
2995,4438.9,86.18,86.50999999999999,86.31199999999998,86.3846,47.01390720535731
2996,4438.92,86.14500000000001,86.46,86.309,86.38400000000001,47.012773712101335
2997,4438.94,86.11,86.38999999999999,86.30539999999999,86.3812,47.00668405816902
2998,4438.96,86.215,86.32,86.30680000000001,86.37719999999999,47.00116039068245
2999,4438.98,86.32,86.26499999999999,86.30580000000002,86.3726,47.00116041387894
3000,4439.0,86.365,86.21,86.3,86.36640000000001,47.001160436372686
3001,4439.02,86.41,86.275,86.295,86.36339999999998,46.99507111993694
3002,4439.04,86.38499999999999,86.34,86.28800000000001,86.3646,46.99450600454395
3003,4439.06,86.36,86.39,86.28479999999999,86.36939999999998,46.9989012582195
3004,4439.08,86.325,86.44,86.285,86.374,46.99281375669058
3005,4439.1,86.29,86.39,86.28659999999999,86.37440000000001,46.98616404751648
3006,4439.12,86.27000000000001,86.34,86.2902,86.37180000000001,46.995528060197245
3007,4439.14,86.25,86.26,86.29299999999999,86.365,47.011540970298014
3008,4439.16,86.175,86.18,86.2928,86.3532,47.015946741308305
3009,4439.18,86.1,86.15,86.289,86.33840000000001,47.003223089616846
3010,4439.2,86.16,86.12,86.28699999999999,86.3276,46.99714115373907
3011,4439.22,86.22,86.125,86.28620000000001,86.3222,47.00210937835769
3012,4439.24,86.235,86.13,86.28479999999999,86.318,47.00707826231276
3013,4439.26,86.25,86.125,86.28039999999999,86.31459999999998,47.00099774833308
3014,4439.28,86.25999999999999,86.12,86.2728,86.3074,46.98883789220646
3015,4439.3,86.27,86.15,86.266,86.29780000000001,46.99325541044826
3016,4439.32,86.22999999999999,86.18,86.25800000000001,86.29,47.001546645605224
3017,4439.34,86.19,86.17500000000001,86.2508,86.2826,46.99327439613715
3018,4439.36,86.185,86.17,86.2458,86.271,46.98112729846578
3019,4439.38,86.18,86.15,86.2432,86.25460000000001,46.98556029748258
3020,4439.4,86.195,86.13,86.24380000000001,86.23939999999999,46.996612689818065
3021,4439.42,86.21,86.11,86.24640000000001,86.2254,47.00323158982173
3022,4439.44,86.26499999999999,86.09,86.2526,86.21340000000001,46.99770554266561
3023,4439.46,86.32,86.105,86.2568,86.20480000000002,46.980580546817684
3024,4439.48,86.32,86.12,86.2568,86.199,46.97505446703198
3025,4439.5,86.32,86.17,86.255,86.1974,46.98112744849114
3026,4439.52,86.375,86.22,86.2536,86.1952,46.98112746983478
3027,4439.54,86.43,86.18,86.2554,86.18880000000001,46.975054531257335
3028,4439.56,86.39,86.14,86.25659999999998,86.17880000000001,46.974508150004915
3029,4439.58,86.35,86.11500000000001,86.2576,86.1658,46.979488520203766
3030,4439.6,86.285,86.09,86.2574,86.15379999999999,46.978398469238655
3031,4439.62,86.22,86.02000000000001,86.2554,86.141,46.96734578231506
3032,4439.64,86.35499999999999,85.95,86.25959999999999,86.1286,46.96345592795132
3033,4439.66,86.49,86.0,86.2722,86.12140000000001,46.96400247979108
3034,4439.68,86.425,86.05,86.28519999999999,86.1174,46.95240369490457
3035,4439.7,86.36,86.10499999999999,86.2932,86.1168,46.95240371691543
3036,4439.72,86.3,86.16,86.29639999999999,86.1182,46.96843621749678
3037,4439.74,86.24,86.16499999999999,86.2966,86.1196,46.9684362382314
3038,4439.76,86.25,86.17,86.2966,86.1214,46.95240377971362
3039,4439.78,86.26,86.05000000000001,86.2966,86.1186,46.947424399807794
3040,4439.8,86.28,85.93,86.29699999999998,86.10979999999999,46.95847655163028
3041,4439.82,86.3,85.935,86.29979999999999,86.1,46.96345611939448
3042,4439.84,86.285,85.94,86.30359999999999,86.0906,46.952403865716235
3043,4439.86,86.27,86.005,86.30699999999999,86.084,46.941351642676544
3044,4439.88,86.28,86.07,86.311,86.0808,46.9468777814194
3045,4439.9,86.29,86.13,86.31479999999999,86.08080000000001,46.95793006241848
3046,4439.92,86.275,86.19,86.31739999999999,86.084,46.95349779156185
3047,4439.94,86.26,86.18,86.3172,86.08760000000001,46.95404551533001
3048,4439.96,86.28999999999999,86.17,86.31599999999999,86.09020000000001,46.9640028001581
3049,4439.98,86.32,86.03999999999999,86.316,86.087,46.968982439641366
3050,4440.0,86.25,85.91,86.3132,86.0766,46.97007591612144
