,Time,Speed Follower,Speed Leader,Smooth Speed Follower,Smooth Speed Leader,Spacing
0,311.0,85.22,86.24,85.2058,86.3058,30.572151418891522
1,311.02,85.25,86.265,85.2032,86.30560000000001,30.582784248128508
2,311.04,85.195,86.29,85.19699999999999,86.305,30.592977491643506
3,311.06,85.14,86.345,85.18719999999999,86.3052,30.604053372682838
4,311.08,85.1,86.4,85.1744,86.30760000000001,30.61601093278384
5,311.1,85.06,86.39500000000001,85.16239999999999,86.3098,30.622433434024945
6,311.12,85.08500000000001,86.39,85.15379999999999,86.31139999999999,30.622433425522072
7,311.14,85.11,86.38499999999999,85.1484,86.3124,30.62752840788696
8,311.16,85.05,86.38,85.14280000000001,86.31480000000002,30.637721291102636
9,311.18,84.99,86.375,85.1354,86.3186,30.653017888203937
10,311.2,85.0,86.37,85.12899999999999,86.32260000000001,30.67517067065493
11,311.22,85.01,86.345,85.12280000000001,86.32600000000001,30.687562868731405
12,311.24,85.06,86.32,85.11840000000001,86.32799999999999,30.682465141075138
13,311.26,85.11,86.34,85.116,86.33040000000001,30.682024863242166
14,311.28,85.11,86.36,85.1136,86.3316,30.6926615277603
15,311.3,85.11,86.345,85.111,86.3302,30.6922230099534
16,311.32,85.19,86.33,85.11139999999999,86.32799999999999,30.687123435498794
17,311.34,85.27,86.39,85.1176,86.32799999999999,30.69907884500382
18,311.36,85.215,86.45,85.1242,86.3318,30.70971483488098
19,311.38,85.16,86.46000000000001,85.12719999999999,86.3374,30.713938275003223
20,311.4,85.13,86.47,85.1276,86.34559999999999,30.724142746939926
21,311.42,85.1,86.445,85.12639999999999,86.355,30.73565511302646
22,311.44,85.07,86.42,85.12360000000001,86.362,30.753143155132758
23,311.46,85.04,86.41,85.1186,86.36720000000001,30.7642196485491
24,311.48,85.015,86.4,85.1116,86.37279999999998,30.76975790256357
25,311.5,84.99,86.4,85.1024,86.3792,30.780834442736165
26,311.52,85.005,86.4,85.0926,86.38459999999999,30.791039229791107
27,311.54,85.02,86.405,85.0856,86.3892,30.801681607098455
28,311.56,85.005,86.41,85.0802,86.3918,30.812758708936574
29,311.58,84.99,86.4,85.0758,86.3918,30.818297267261602
30,311.6,84.94,86.39,85.071,86.3916,30.82427005995905
31,311.62,84.89,86.43,85.0632,86.3932,30.83534706679664
32,311.64,84.97999999999999,86.47,85.05799999999999,86.39659999999999,30.840451585513403
33,311.66,85.07,86.5,85.05879999999999,86.4014,30.8455570647208
34,311.68,84.965,86.53,85.0578,86.40759999999999,30.861741062100542
35,311.7,84.86,86.465,85.05220000000001,86.4114,30.877926388979706
36,311.72,84.955,86.4,85.05,86.4136,30.88389625290808
37,311.74,85.05,86.4,85.0496,86.41680000000001,30.890299261187263
38,311.76,85.1,86.4,85.0492,86.4192,30.896705149388684
39,311.78,85.15,86.36,85.0508,86.4192,30.89757554489434
40,311.8,85.19,86.32,85.054,86.4182,30.903550223495422
41,311.82,85.23,86.375,85.0556,86.42,30.908652274692695
42,311.84,85.155,86.43,85.051,86.4216,30.91375528485529
43,311.86,85.08,86.45500000000001,85.0456,86.4218,30.93080584269646
44,311.88,85.00999999999999,86.48,85.0396,86.4226,30.9478567959394
45,311.9,84.94,86.485,85.03200000000001,86.4232,30.9533951477968
46,311.92,84.99000000000001,86.49,85.0276,86.425,30.95339513880036
47,311.94,85.04,86.44,85.0264,86.42580000000002,30.958933497984223
48,311.96,85.025,86.39,85.0258,86.425,30.970010248217196
49,311.98,85.01,86.39500000000001,85.0256,86.42480000000002,30.97554863059748
50,312.0,85.01,86.4,85.0264,86.42480000000002,30.980651796297824
51,312.02,85.01,86.38,85.0266,86.42399999999999,30.997267263025957
52,312.04,84.98,86.36,85.025,86.42219999999999,31.014317556766464
53,312.06,84.95,86.4,85.0228,86.4218,31.014317548243117
54,312.08,84.995,86.44,85.023,86.4234,31.01388278077083
55,312.1,85.04,86.405,85.02699999999999,86.42399999999999,31.030498384695413
56,312.12,84.945,86.37,85.0292,86.42160000000001,31.046680555077373
57,312.14,84.85,86.385,85.024,86.4182,31.046247836932597
58,312.16,84.835,86.4,85.01460000000002,86.4142,31.04711403893147
59,312.18,84.82,86.39,85.0088,86.4086,31.064598690856354
60,312.2,84.875,86.38,85.0094,86.40520000000001,31.08164944497623
61,312.22,84.93,86.345,85.0084,86.40299999999999,31.0931622648644
62,312.24,85.035,86.31,85.00779999999999,86.3994,31.099137339477657
63,312.26,85.14,86.305,85.0094,86.3956,31.09913733061472
64,312.28,85.12,86.3,85.0082,86.39320000000002,31.10423889788033
65,312.3,85.1,86.315,85.00460000000001,86.39299999999999,31.109777230552936
66,312.32,84.94999999999999,86.33,84.99340000000001,86.39120000000001,31.115752094720634
67,312.34,84.8,86.41,84.9792,86.39040000000001,31.132366945276658
68,312.36,84.815,86.49,84.96860000000001,86.3918,31.15452018971711
69,312.38,84.83,86.44999999999999,84.9614,86.3906,31.1604952053299
70,312.4,84.87,86.41,84.9586,86.3876,31.15583284682925
71,312.42,84.91,86.39,84.95540000000001,86.38359999999999,31.167787790801054
72,312.44,84.93,86.37,84.95100000000001,86.3808,31.184842001196863
73,312.46,84.95,86.36500000000001,84.948,86.37979999999999,31.19082092676082
74,312.48,84.98,86.36,84.9468,86.3784,31.19547763293239
75,312.5,85.01,86.35499999999999,84.9468,86.3766,31.194161855038196
76,312.52,84.95500000000001,86.35,84.94460000000001,86.37540000000001,31.194161846483127
77,312.54,84.9,86.335,84.94139999999999,86.37440000000001,31.210776552005008
78,312.56,84.915,86.32,84.94,86.37119999999999,31.22141643127477
79,312.58,84.93,86.335,84.9374,86.36699999999999,31.2163147875779
80,312.6,84.88,86.35,84.931,86.36480000000002,31.216752270255334
81,312.62,84.83,86.37,84.9264,86.3648,31.232929576629942
82,312.64,84.805,86.39,84.92460000000001,86.365,31.255082749977785
83,312.66,84.78,86.4,84.9224,86.365,31.260621056031482
84,312.68,84.8,86.41,84.9216,86.3658,31.26572336172258
85,312.7,84.82,86.375,84.91940000000001,86.3656,31.277236027672053
86,312.72,84.835,86.34,84.9156,86.36540000000001,31.27301018687982
87,312.74,84.85,86.35,84.9082,86.36699999999999,31.279427059137486
88,312.76,84.86,86.36,84.897,86.3692,31.29604094479453
89,312.78,84.87,86.33500000000001,84.887,86.3706,31.30623890459021
90,312.8,84.86,86.31,84.8774,86.3704,31.317315205794912
91,312.82,84.85,86.35,84.8734,86.37119999999999,31.32373089635968
92,312.84,84.8,86.39,84.8734,86.37039999999999,31.32926890583812
93,312.86,84.75,86.41,84.8708,86.36720000000001,31.335246711154902
94,312.88,84.74000000000001,86.43,84.86720000000001,86.3664,31.341666430327216
95,312.9,84.73,86.39500000000001,84.8616,86.3658,31.352300924123952
96,312.92,84.70500000000001,86.36,84.85340000000001,86.36460000000001,31.36847453925546
97,312.94,84.68,86.33,84.8434,86.363,31.37999049314851
98,312.96,84.63,86.3,84.83059999999999,86.36040000000001,31.390626578410664
99,312.98,84.58,86.33,84.81460000000001,86.3592,31.406363916477193
100,313.0,84.53999999999999,86.36,84.7958,86.3594,31.422105378832576
101,313.02,84.5,86.36500000000001,84.7776,86.36,31.443823853654607
102,313.04,84.52000000000001,86.37,84.7624,86.36139999999999,31.466848261733404
103,313.06,84.54,86.385,84.7474,86.36400000000002,31.47879821296988
104,313.08,84.58000000000001,86.4,84.7334,86.36660000000002,31.47325997820792
105,313.1,84.62,86.315,84.72300000000001,86.36519999999999,31.47325996865477
106,313.12,84.69,86.23,84.7174,86.35959999999999,31.484336418160673
107,313.14,84.76,86.17500000000001,84.71560000000001,86.351,31.48987464933517
108,313.16,84.78999999999999,86.12,84.71600000000001,86.3398,31.496288757673867
109,313.18,84.82,86.16499999999999,84.7168,86.33,31.502265877712627
110,313.2,84.79499999999999,86.21,84.7158,86.3234,31.506926779957
111,313.22,84.77,86.31,84.7132,86.3222,31.517129471511883
112,313.24,84.63499999999999,86.41,84.70460000000001,86.3246,31.538847586867675
113,313.26,84.5,86.34,84.6902,86.32379999999999,31.5554630072024
114,313.28,84.455,86.27,84.67360000000001,86.32119999999999,31.561001489289595
115,313.3,84.41,86.29499999999999,84.65559999999999,86.3206,31.577617000053923
116,313.32,84.47,86.32,84.64040000000001,86.3194,31.600640963272532
117,313.34,84.53,86.345,84.62960000000001,86.3176,31.612153693635044
118,313.36,84.62,86.37,84.62440000000001,86.31599999999999,31.61259039637282
119,313.38,84.71,86.355,84.6232,86.31299999999999,31.619004250356095
120,313.4,84.72,86.34,84.62280000000001,86.3108,31.63051929220858
121,313.42,84.73,86.31,84.62380000000002,86.30879999999999,31.635618600311535
122,313.44,84.715,86.28,84.6252,86.30680000000001,31.640281740124816
123,313.46,84.7,86.25,84.62799999999999,86.3048,31.651358335655736
124,313.48,84.725,86.22,84.6338,86.3004,31.662434960906303
125,313.5,84.75,86.25,84.64219999999999,86.296,31.667973280465993
126,313.52,84.72999999999999,86.28,84.6514,86.29260000000001,31.67904995144695
127,313.54,84.71,86.25999999999999,84.65899999999999,86.2882,31.69566501848655
128,313.56,84.745,86.24,84.66720000000001,86.2824,31.70630634923894
129,313.58,84.78,86.27,84.6752,86.2772,31.71651507600697
130,313.6,84.69,86.3,84.678,86.2766,31.72802589820172
131,313.62,84.6,86.33,84.6744,86.2806,31.73997217988907
132,313.64,84.63,86.36,84.6692,86.288,31.751484626301117
133,313.66,84.66,86.34,84.664,86.2968,31.757022989039438
134,313.68,84.685,86.32,84.65859999999999,86.30300000000001,31.762125930778527
135,313.7,84.71,86.26499999999999,84.65520000000001,86.3052,31.767664385457827
136,313.72,84.625,86.21,84.6494,86.30120000000001,31.778741324677075
137,313.74,84.54,86.16,84.6456,86.29119999999999,31.800027823952824
138,313.76,84.61000000000001,86.11,84.65,86.28200000000001,31.81491905513648
139,313.78,84.68,86.125,84.65899999999999,86.2762,31.81960042934833
140,313.8,84.755,86.14,84.67280000000001,86.27,31.820458026691206
141,313.82,84.83,86.175,84.68719999999999,86.2642,31.81534906500727
142,313.84,84.875,86.21,84.70100000000001,86.25880000000001,31.814919020573498
143,313.86,84.92,86.24,84.713,86.2536,31.83110695883102
144,313.88,84.905,86.27,84.7208,86.2502,31.84729618220778
145,313.9,84.89,86.285,84.7276,86.24799999999999,31.852835354630834
146,313.92,84.86500000000001,86.3,84.733,86.2476,31.858374533382186
147,313.94,84.84,86.28,84.738,86.2476,31.869025946741285
148,313.96,84.85,86.26,84.744,86.24799999999999,31.88010451250311
149,313.98,84.86,86.22,84.74940000000001,86.248,31.886070554220698
150,314.0,84.83,86.18,84.7526,86.24520000000001,31.892037225182044
151,314.02,84.8,86.215,84.7554,86.2426,31.892037216117178
152,314.04,84.795,86.25,84.7588,86.24220000000001,31.89203720775701
153,314.06,84.79,86.31,84.7606,86.245,31.908654711614076
154,314.08,84.80000000000001,86.37,84.7614,86.249,31.92441904249533
155,314.1,84.81,86.345,84.76620000000001,86.2508,31.923993570420738
156,314.12,84.82,86.32,84.775,86.25039999999998,31.9239935617033
157,314.14,84.83,86.29499999999999,84.78299999999999,86.24780000000001,31.940187387229244
158,314.16,84.8,86.27,84.7886,86.245,31.961922104665383
159,314.18,84.77,86.275,84.792,86.2432,31.973001352770673
160,314.2,84.75999999999999,86.28,84.794,86.2438,31.978964172239742
161,314.22,84.75,86.25,84.79899999999999,86.24539999999999,31.99046712615145
162,314.24,84.735,86.22,84.80680000000001,86.24780000000001,32.0015461507875
163,314.26,84.72,86.245,84.81120000000001,86.25319999999999,32.0066620782541
164,314.28,84.715,86.27,84.8126,86.259,32.01177892724956
165,314.3,84.71,86.27,84.8108,86.2642,32.022436465293936
166,314.32,84.755,86.27,84.80779999999999,86.26799999999999,32.03267493570338
167,314.34,84.8,86.285,84.8048,86.27099999999999,32.03779554607576
168,314.36,84.8,86.3,84.8,86.2734,32.043754792933484
169,314.38,84.8,86.32499999999999,84.7958,86.2756,32.04929473136858
170,314.4,84.81,86.35,84.79260000000001,86.2782,32.05483467758069
171,314.42,84.82,86.28999999999999,84.7908,86.27780000000001,32.06549564572578
172,314.44,84.86,86.23,84.7916,86.2758,32.070200225181345
173,314.46,84.9,86.195,84.79360000000001,86.2732,32.07061756307894
174,314.48,84.885,86.16,84.7946,86.27079999999998,32.082115782376945
175,314.5,84.87,86.205,84.79619999999998,86.2718,32.087237945594886
176,314.52,84.785,86.25,84.7956,86.2732,32.08723793724681
177,314.54,84.7,86.295,84.79180000000001,86.27499999999998,32.10385838871733
178,314.56,84.74000000000001,86.34,84.7898,86.27619999999999,32.1200622029419
179,314.58,84.78,86.32,84.789,86.27420000000001,32.131142718973926
180,314.6,84.88499999999999,86.3,84.792,86.2724,32.13709946572147
181,314.62,84.99,86.32,84.79880000000001,86.2724,32.13709945753463
182,314.64,84.93,86.34,84.80279999999999,86.27420000000001,32.142223245583075
183,314.66,84.87,86.295,84.8056,86.2752,32.14734794876988
184,314.68,84.875,86.25,84.8098,86.27420000000001,32.15288830424476
185,314.7,84.88,86.27000000000001,84.81459999999998,86.27380000000001,32.1639690448408
186,314.72,84.87,86.29,84.8194,86.2754,32.174221672456824
187,314.74,84.86,86.34,84.82440000000001,86.28019999999998,32.17893726407797
188,314.76,84.825,86.39,84.82860000000001,86.286,32.19001863997773
189,314.78,84.79,86.36,84.8316,86.2896,32.20664075807801
190,314.8,84.80000000000001,86.33,84.8352,86.292,32.21731137121185
191,314.82,84.81,86.305,84.8374,86.2934,32.22285216842793
192,314.84,84.85,86.28,84.83940000000001,86.2932,32.22326291784627
193,314.86,84.89,86.32,84.84300000000002,86.294,32.228803651198916
194,314.88,84.89500000000001,86.36,84.8468,86.29540000000001,32.23947459938473
195,314.9,84.9,86.31,84.85040000000001,86.29379999999999,32.24501542303981
196,314.92,84.87,86.26,84.8524,86.29259999999998,32.25055625285564
197,314.94,84.84,86.26,84.8516,86.29379999999999,32.25568751699674
198,314.96,84.78999999999999,86.26,84.84720000000002,86.2964,32.26676935839367
199,314.98,84.74,86.285,84.8414,86.30140000000002,32.28339217319404
200,315.0,84.785,86.31,84.838,86.3056,32.288524731034904
201,315.02,84.83,86.35,84.8398,86.30959999999999,32.288117096431215
202,315.04,84.82,86.39,84.84460000000001,86.3134,32.2991992951271
203,315.06,84.81,86.405,84.8474,86.316,32.32136377796567
204,315.08,84.795,86.42,84.84800000000001,86.32,32.33798720463491
205,315.1,84.78,86.36,84.84380000000002,86.32240000000002,32.337987197007415
206,315.12,84.85,86.3,84.8382,86.3216,32.33203973106494
207,315.14,84.92,86.265,84.8378,86.31859999999999,32.33758094391721
208,315.16,84.92,86.23,84.8398,86.31599999999999,32.34866339683612
209,315.18,84.92,86.195,84.8416,86.31379999999999,32.35339485342802
210,315.2,84.935,86.16,84.84379999999999,86.30939999999998,32.358532552942165
211,315.22,84.95,86.21000000000001,84.84700000000001,86.30619999999999,32.364477614628974
212,315.24,85.005,86.26,84.8528,86.30300000000001,32.364881974793036
213,315.26,85.06,86.235,84.86219999999999,86.2968,32.3708283551228
214,315.28,84.99000000000001,86.21,84.87020000000001,86.2908,32.38150596324535
215,315.3,84.92,86.26499999999999,84.875,86.2882,32.38623987879685
216,315.32,84.96000000000001,86.32,84.881,86.2888,32.385435484683086
217,315.34,85.0,86.375,84.887,86.29260000000001,32.39571766818669
218,315.36,85.02000000000001,86.43,84.89220000000002,86.29700000000001,32.41828469620239
219,315.38,85.04,86.385,84.89800000000001,86.29799999999999,32.4242269977299
220,315.4,85.035,86.34,84.9034,86.2992,32.4238264162737
221,315.42,85.03,86.255,84.90979999999999,86.29900000000002,32.43490989707842
222,315.44,84.965,86.17,84.9148,86.29540000000001,32.44005203273271
223,315.46,84.9,86.15,84.9192,86.29099999999998,32.43925508081819
224,315.48,84.84,86.13,84.9232,86.28479999999999,32.44994180868683
225,315.5,84.78,86.15,84.92299999999999,86.2784,32.45548384554971
226,315.52,84.71000000000001,86.17,84.9182,86.27120000000001,32.46142295164867
227,315.54,84.64,86.22,84.911,86.26440000000001,32.48319414193134
228,315.56,84.66499999999999,86.27,84.90520000000001,86.259,32.504571720831464
229,315.58,84.69,86.3,84.90100000000001,86.2542,32.51565619776368
230,315.6,84.72,86.33,84.8986,86.25299999999999,32.52119844157688
231,315.62,84.75,86.275,84.8946,86.25200000000001,32.531889039884035
232,315.64,84.86,86.22,84.89220000000002,86.2502,32.53228294674116
233,315.66,84.97,86.22,84.8942,86.24980000000001,32.52753090851164
234,315.68,85.07,86.22,84.9002,86.2508,32.52753090101539
235,315.7,85.17,86.195,84.90960000000001,86.25220000000002,32.52159320877551
236,315.72,85.15,86.17,84.91760000000001,86.25060000000002,32.52159320109461
237,315.74,85.13,86.16499999999999,84.9226,86.24680000000001,32.53821978125629
238,315.76,85.11,86.16,84.92460000000001,86.2438,32.55524157388349
239,315.78,85.09,86.16499999999999,84.9286,86.242,32.556034149289204
240,315.8,85.07,86.17,84.9346,86.23819999999999,32.55603414152804
241,315.82,85.05,86.155,84.9382,86.2316,32.56672165310055
242,315.84,84.94999999999999,86.14,84.93620000000001,86.22220000000002,32.578202257571604
243,315.86,84.85,86.185,84.9294,86.2124,32.590081146172516
244,315.88,84.86,86.23,84.92220000000002,86.20620000000001,32.60116499435984
245,315.9,84.87,86.20500000000001,84.9156,86.2008,32.600370462752615
246,315.92,84.86500000000001,86.18,84.90899999999999,86.19779999999999,32.599974325373914
247,315.94,84.86,86.185,84.9048,86.19839999999998,32.61145459801535
248,315.96,84.87,86.19,84.90360000000001,86.2,32.62253876393036
249,315.98,84.88,86.185,84.90519999999998,86.20219999999999,32.62768505904644
250,316.0,84.945,86.18,84.9118,86.2034,32.63283224905356
251,316.02,85.01,86.155,84.92379999999999,86.20279999999998,32.6439167319104
252,316.04,85.03,86.13,84.9394,86.1992,32.650249273859735
253,316.06,85.05,86.125,84.95479999999999,86.1934,32.65064554376933
254,316.08,85.13499999999999,86.12,84.9726,86.18619999999999,32.655791384363326
255,316.1,85.22,86.125,84.9926,86.178,32.655791376726576
256,316.12,85.22,86.13,85.0114,86.17219999999999,32.65658454396635
257,316.14,85.22,86.13,85.0258,86.16860000000001,32.667668537761294
258,316.16,85.21000000000001,86.13,85.03540000000001,86.165,32.67835585983997
259,316.18,85.2,86.115,85.0406,86.1608,32.68983659637725
260,316.2,85.21000000000001,86.1,85.0422,86.15699999999998,32.69617386603219
261,316.22,85.22,86.115,85.045,86.1548,32.69617385819641
262,316.24,85.185,86.13,85.04719999999999,86.1534,32.70092064610196
263,316.26,85.15,86.08,85.04879999999999,86.1502,32.712401779552394
264,316.28,85.15,86.03,85.05120000000001,86.14479999999999,32.72388341969968
265,316.3,85.15,85.95,85.0544,86.13600000000001,32.72902775293104
266,316.32,85.045,85.87,85.0542,86.12460000000002,32.7349672803088
267,316.34,84.94,85.91499999999999,85.05380000000001,86.1156,32.740509220027434
268,316.36,85.005,85.96,85.06,86.1066,32.74565377378965
269,316.38,85.07,86.01499999999999,85.0684,86.098,32.751593116867404
270,316.4,85.15,86.07,85.07960000000001,86.0926,32.74605115058904
271,316.42,85.23,86.03,85.0942,86.0866,32.74525711017187
272,316.44,85.215,85.99,85.1084,86.07880000000002,32.75634129590691
273,316.46,85.2,85.975,85.1216,86.0702,32.762279832634505
274,316.48,85.195,85.96,85.1342,86.06120000000001,32.76267701464281
275,316.5,85.19,85.94999999999999,85.14399999999999,86.05199999999999,32.763473639797056
276,316.52,85.215,85.94,85.15220000000001,86.0434,32.76901547433198
277,316.54,85.24,85.87,85.16060000000002,86.03299999999999,32.77415875827951
278,316.56,85.195,85.8,85.1664,86.02,32.778905945492745
279,316.58,85.15,85.8,85.16699999999999,86.00720000000001,32.783656409661106
280,316.6,85.215,85.8,85.16680000000001,85.9942,32.7888040021541
281,316.62,85.28,85.815,85.1692,85.9816,32.79395248397755
282,316.64,85.19,85.83,85.168,85.96959999999999,32.79910185481615
283,316.66,85.1,85.87,85.1636,85.95919999999998,32.80979460622359
284,316.68,85.12,85.91,85.16040000000001,85.95100000000001,32.82127155340481
285,316.7,85.14,85.87,85.1576,85.9418,32.82720662616016
286,316.72,85.195,85.83,85.1566,85.93039999999999,32.82642209453871
287,316.74,85.25,85.82499999999999,85.1592,85.9182,32.82603094930887
288,316.76,85.25,85.82,85.1632,85.9078,32.83235641537851
289,316.78,85.25,85.775,85.1672,85.8976,32.8386846201537
290,316.8,85.215,85.73,85.1698,85.88879999999999,32.84422694086604
291,316.82,85.18,85.68,85.1752,85.88119999999999,32.84937614645185
292,316.84,85.15,85.63,85.18360000000001,85.8698,32.854526239472996
293,316.86,85.12,85.595,85.1882,85.85519999999998,32.85967721956474
294,316.88,85.105,85.56,85.18959999999998,85.837,32.86521976224456
295,316.9,85.09,85.63499999999999,85.18719999999999,85.8196,32.86521975484292
296,316.92,85.07,85.71,85.1808,85.80680000000001,32.864829071817546
297,316.94,85.05,85.695,85.1742,85.795,32.87552451818659
298,316.96,85.16499999999999,85.68,85.1728,85.7832,32.88145693898429
299,316.98,85.28,85.64,85.17620000000001,85.7704,32.88145693142785
300,317.0,85.24000000000001,85.6,85.1782,85.7564,32.88622098450196
301,317.02,85.2,85.555,85.1776,85.741,32.892152602689904
302,317.04,85.195,85.51,85.1758,85.7266,32.898866152766225
303,317.06,85.19,85.505,85.17559999999999,85.7148,32.904800380178166
304,317.08,85.24000000000001,85.5,85.1792,85.70279999999998,32.89886613729147
305,317.1,85.29,85.445,85.18220000000001,85.68860000000001,32.89293251643371
306,317.12,85.305,85.39,85.1832,85.6716,32.90401768502124
307,317.14,85.32,85.445,85.1884,85.65620000000001,32.915102876411666
308,317.16,85.29499999999999,85.5,85.1962,85.64140000000002,32.92025545894677
309,317.18,85.27,85.475,85.20219999999999,85.624,32.919866181692
310,317.2,85.25,85.45,85.2066,85.60719999999999,32.9194776525683
311,317.22,85.23,85.4,85.208,85.59,32.92502045533618
312,317.24,85.27000000000001,85.35,85.2088,85.571,32.919866158970194
313,317.26,85.31,85.285,85.2112,85.54960000000001,32.91471274791592
314,317.28,85.34,85.22,85.2148,85.5274,32.91549365345273
315,317.3,85.37,85.25999999999999,85.221,85.5086,32.91549364584567
316,317.32,85.39500000000001,85.3,85.2296,85.49340000000001,32.92025539874183
317,317.34,85.42,85.25999999999999,85.2404,85.4786,32.92025539138117
318,317.36,85.45,85.22,85.2536,85.4636,32.92025538392137
319,317.38,85.48,85.25,85.2686,85.45119999999999,32.92540885182877
320,317.4,85.42,85.28,85.2818,85.43700000000001,32.920255369432255
321,317.42,85.36,85.275,85.2934,85.41959999999999,32.9095601680902
322,317.44,85.4,85.27,85.3074,85.40259999999998,32.91471268038262
323,317.46,85.44,85.205,85.3184,85.3836,32.926187977479636
324,317.48,85.62,85.14,85.33200000000001,85.3636,32.915885155727445
325,317.5,85.8,85.1,85.35439999999998,85.34360000000001,32.8996502778332
326,317.52,85.65,85.06,85.3724,85.32379999999999,32.899650270253
327,317.54,85.5,85.025,85.38459999999999,85.30439999999999,32.89925773874899
328,317.56,85.47,84.99,85.39580000000002,85.28379999999999,32.899257731297496
329,317.58,85.44,85.005,85.40379999999999,85.264,32.90519264010734
330,317.6,85.555,85.02,85.4144,85.24699999999999,32.90558583837419
331,317.62,85.67,84.985,85.42900000000002,85.2308,32.90004350421925
332,317.64,85.61,84.95,85.44059999999999,85.211,32.90004349661005
333,317.66,85.55,84.955,85.4508,85.1892,32.905192610318394
334,317.68,85.505,84.96,85.4602,85.16859999999998,32.90916992223517
335,317.7,85.46,84.91499999999999,85.46860000000001,85.14720000000001,32.90878051440512
336,317.72,85.455,84.87,85.4776,85.126,32.90956005554788
337,317.74,85.45,84.785,85.48479999999999,85.10340000000001,32.909560047803595
338,317.76,85.44,84.7,85.49,85.08,32.89808457354562
339,317.78,85.43,84.64,85.49359999999999,85.05680000000001,32.88145663084988
340,317.8,85.405,84.58,85.495,85.02959999999999,32.875913990047856
341,317.82,85.38,84.59,85.4944,85.00120000000001,32.86959238460237
342,317.84,85.41,84.6,85.494,84.9748,32.86959237762843
343,317.86,85.44,84.55,85.4936,84.948,32.8818470780092
344,317.88,85.53999999999999,84.5,85.49600000000001,84.91799999999999,32.876695793643385
345,317.9,85.64,84.425,85.50479999999999,84.8838,32.86006831582936
346,317.92,85.63,84.35,85.51559999999999,84.8468,32.84976884751213
347,317.94,85.62,84.38499999999999,85.52439999999999,84.81139999999999,32.83868417788934
348,317.96,85.635,84.42,85.53220000000002,84.78,32.82166376950578
349,317.98,85.65,84.345,85.5334,84.7482,32.81690917563779
350,318.0,85.61,84.27,85.5258,84.715,32.82324205690633
351,318.02,85.57,84.21000000000001,85.5226,84.681,32.81769994486505
352,318.04,85.455,84.15,85.5208,84.646,32.811366920693835
353,318.06,85.34,84.055,85.51559999999999,84.60860000000001,32.80543028683809
354,318.08,85.37,83.96,85.51280000000001,84.5668,32.80543027887271
355,318.1,85.4,83.88999999999999,85.50659999999999,84.52159999999999,32.805036621177045
356,318.12,85.49000000000001,83.82,85.49939999999998,84.475,32.788409571297024
357,318.14,85.58,83.69999999999999,85.49820000000001,84.425,32.77178257365169
358,318.16,85.6,83.58,85.5002,84.37,32.7603045041748
359,318.18,85.62,83.59,85.50479999999999,84.3152,32.749219756413964
360,318.2,85.635,83.6,85.51180000000001,84.2626,32.74367738823963
361,318.22,85.65,83.52,85.5196,84.2086,32.738135025705915
362,318.24,85.64500000000001,83.44,85.5274,84.1548,32.72229653640898
363,318.26,85.64,83.37,85.53540000000001,84.1016,32.70091986569724
364,318.28,85.69,83.3,85.54580000000001,84.04800000000002,32.69023309451947
365,318.3,85.74,83.19999999999999,85.5592,83.99279999999999,32.67360722339315
366,318.32,85.69999999999999,83.1,85.57199999999999,83.9332,32.651439482874586
367,318.34,85.66,83.115,85.58200000000001,83.87379999999999,32.640754316316034
368,318.36,85.66,83.13,85.5908,83.817,32.63561196236129
369,318.38,85.66,82.985,85.59559999999999,83.7564,32.63007019087625
370,318.4,85.675,82.84,85.59700000000001,83.693,32.61858697643941
371,318.42,85.69,82.76,85.5994,83.6294,32.59641974980475
372,318.44,85.68,82.68,85.6018,83.56120000000001,32.56871085627478
373,318.46,85.67,82.515,85.6032,83.485,32.54654384983286
374,318.48,85.62,82.35,85.60199999999999,83.40520000000001,32.53506041904962
375,318.5,85.57,82.275,85.60040000000001,83.32539999999999,32.5180356509395
376,318.52,85.52,82.2,85.5984,83.245,32.5014101423338
377,318.54,85.47,82.17500000000001,85.59899999999999,83.166,32.489927506188934
378,318.56,85.41,82.15,85.6018,83.0898,32.47884375006459
379,318.58,85.35,82.06,85.601,83.01379999999999,32.462617498147466
380,318.6,85.38499999999999,81.97,85.6004,82.93700000000001,32.445992173490524
381,318.62,85.42,81.85499999999999,85.5976,82.8584,32.42342535267189
382,318.64,85.465,81.74,85.59299999999999,82.78,32.395316995077614
383,318.66,85.51,81.63499999999999,85.58939999999998,82.70219999999999,32.373149659456466
384,318.68,85.51,81.53,85.585,82.6198,32.35652421925283
385,318.7,85.51,81.425,85.58,82.5328,32.334357055611605
386,318.72,85.42500000000001,81.32,85.571,82.4448,32.31218999077544
387,318.74,85.34,81.215,85.5588,82.3558,32.295564754699
388,318.76,85.4,81.11,85.5492,82.26539999999999,32.274200428272856
389,318.78,85.46,81.0,85.54,82.1734,32.247298949758
390,318.8,85.435,80.89,85.52780000000001,82.081,32.22553796397245
391,318.82,85.41,80.805,85.51620000000001,81.9892,32.20377840025997
392,318.84,85.465,80.72,85.5084,81.8934,32.17053124153771
393,318.86,85.52,80.64,85.50280000000001,81.7938,32.13687785770337
394,318.88,85.57,80.56,85.4992,81.6968,32.109171909083706
395,318.9,85.62,80.445,85.49700000000001,81.601,32.07633221413374
396,318.92,85.595,80.33,85.4932,81.5038,32.04903532066753
397,318.94,85.57,80.25,85.48880000000001,81.4066,32.021740063546936
398,318.96,85.53999999999999,80.17,85.48360000000001,81.3128,31.994446446751617
399,318.98,85.51,80.00999999999999,85.4792,81.2192,31.966742757888778
400,319.0,85.42,79.85,85.47319999999999,81.12219999999999,31.932266729900704
401,319.02,85.33,79.77,85.4656,81.025,31.898611984560766
402,319.04,85.25,79.69,85.4568,80.92559999999999,31.87172789912035
403,319.06,85.17,79.555,85.4472,80.8218,31.838895331233317
404,319.08,85.13,79.42,85.4384,80.7162,31.81119221249302
405,319.1,85.09,79.305,85.4266,80.60959999999999,31.78902983632096
406,319.12,85.09,79.19,85.4134,80.50299999999999,31.75620015055129
407,319.14,85.09,79.1,85.3984,80.3974,31.71741704459071
408,319.16,85.225,79.01,85.387,80.2924,31.678634269236692
409,319.18,85.36,78.89500000000001,85.381,80.187,31.634727550873045
410,319.2,85.39500000000001,78.78,85.37640000000002,80.0812,31.595946001251104
411,319.22,85.43,78.63,85.3766,79.97359999999999,31.56270493885484
412,319.24,85.39,78.48,85.3786,79.8642,31.529882338342947
413,319.26,85.35,78.30000000000001,85.3766,79.7518,31.491521729031177
414,319.28,85.28999999999999,78.12,85.3698,79.6366,31.45274246847442
415,319.3,85.23,77.945,85.3616,79.5188,31.413963551761377
416,319.32,85.17,77.77,85.352,79.3974,31.3756068284249
417,319.34,85.11,77.71000000000001,85.33779999999999,79.277,31.331712711798776
418,319.36,85.025,77.65,85.31800000000001,79.1574,31.292935931725033
419,319.38,84.94,77.625,85.29279999999999,79.04,31.259274766034732
420,319.4,84.845,77.6,85.26180000000001,78.9262,31.226462267734775
421,319.42,84.75,77.445,85.228,78.8108,31.194078406333258
422,319.44,84.78999999999999,77.29,85.1968,78.6924,31.160843134596984
423,319.46,84.83,77.09,85.1684,78.5692,31.116529851538598
424,319.48,84.83500000000001,76.89,85.14140000000002,78.4444,31.056459406278293
425,319.5,84.84,76.77000000000001,85.1182,78.3212,31.001502545821864
426,319.52,84.77000000000001,76.65,85.0958,78.1964,30.962299244113805
427,319.54,84.7,76.515,85.0738,78.0694,30.91842222128826
428,319.56,84.69,76.38,85.05460000000001,77.94239999999999,30.869444414296424
429,319.58,84.68,76.22,85.03659999999999,77.81439999999999,30.820035745807296
430,319.6,84.59,76.06,85.0166,77.6846,30.78126811771106
431,319.62,84.5,75.95,84.99300000000001,77.555,30.74250087052306
432,319.64,84.42,75.84,84.96619999999999,77.4246,30.698195914984222
433,319.66,84.34,75.685,84.9308,77.2916,30.64835343951625
434,319.68,84.265,75.53,84.88699999999999,77.157,30.59895224903643
435,319.7,84.19,75.41499999999999,84.83879999999999,77.0224,30.555091658874044
436,319.72,84.13,75.3,84.7868,76.8892,30.516327792524482
437,319.74,84.07,75.185,84.734,76.7574,30.471583417993873
438,319.76,83.955,75.07,84.6782,76.62819999999999,30.426839075583246
439,319.78,83.84,74.975,84.62020000000001,76.5024,30.377443969108214
440,319.8,83.80000000000001,74.88,84.56300000000002,76.3798,30.32296069089064
441,319.82,83.76,74.72999999999999,84.50659999999999,76.2582,30.27312530865961
442,319.84,83.765,74.58,84.45279999999998,76.133,30.22373917084007
443,319.86,83.77,74.465,84.4026,76.0056,30.16927012084469
444,319.88,83.715,74.35,84.3536,75.8746,30.11943906458228
445,319.9,83.66,74.24,84.3062,75.7402,30.074692928686137
446,319.92,83.53,74.13,84.2574,75.60759999999999,30.03085221469913
447,319.94,83.4,73.9,84.2018,75.472,29.976853290545915
448,319.96,83.355,73.67,84.14280000000001,75.3352,29.92194907606735
449,319.98,83.31,73.555,84.0818,75.20179999999999,29.866588518676657
450,320.0,83.19,73.44,84.0158,75.0686,29.81676477044712
451,320.02,83.07,73.33,83.94779999999999,74.9358,29.766941738860236
452,320.04,83.035,73.22,83.8812,74.804,29.717581478559413
453,320.06,83.0,73.15,83.81360000000001,74.6748,29.66822432289499
454,320.08,83.00999999999999,73.08,83.74680000000001,74.5492,29.60826587108835
455,320.1,83.02,72.96000000000001,83.684,74.42519999999999,29.54831568536951
456,320.12,82.94,72.84,83.6216,74.3008,29.493437076873494
457,320.14,82.86,72.635,83.5592,74.17259999999999,29.43255500488231
458,320.16,82.72,72.43,83.4944,74.0424,29.382743249674515
459,320.18,82.58,72.295,83.427,73.913,29.33388111823599
460,320.2,82.475,72.16,83.3584,73.78280000000001,29.278538279499553
461,320.22,82.37,72.025,83.288,73.65180000000001,29.22271976266693
462,320.24,82.27000000000001,71.89,83.21600000000001,73.52,29.16833389610421
463,320.26,82.17,71.83500000000001,83.1446,73.3906,29.113956009434418
464,320.28,82.035,71.78,83.0724,73.26280000000001,29.064153386414926
465,320.3,81.9,71.67,82.9964,73.1344,29.00930166280253
466,320.32,81.85,71.56,82.92,73.0076,28.955426868862304
467,320.34,81.8,71.38,82.8414,72.8796,28.901075795097235
468,320.36,81.69999999999999,71.2,82.7586,72.74900000000001,28.84624059762584
469,320.38,81.6,71.09,82.67399999999999,72.6186,28.791409182855766
470,320.4,81.46,70.98,82.586,72.48819999999999,28.73658157410575
471,320.42,81.32,70.885,82.4976,72.3584,28.68126092683314
472,320.44,81.19999999999999,70.79,82.4096,72.234,28.630976386825445
473,320.46,81.08,70.66,82.31859999999999,72.11359999999999,28.575656820497347
474,320.48,80.975,70.53,82.2252,71.9926,28.52133679745987
475,320.5,80.87,70.44,82.1324,71.8726,28.467025186021235
476,320.52,80.81,70.35,82.04199999999999,71.7534,28.41272203442108
477,320.54,80.75,70.225,81.9506,71.6336,28.35842739148351
478,320.56,80.705,70.1,81.85879999999999,71.5116,28.297590627281522
479,320.58,80.66,69.99,81.7648,71.388,28.237266073583083
480,320.6,80.53,69.88,81.6652,71.26480000000001,28.182989657873105
481,320.62,80.4,69.78999999999999,81.56360000000001,71.14280000000001,28.12820560490685
482,320.64,80.29,69.7,81.4608,71.0254,28.079473312974596
483,320.66,80.18,69.6,81.3592,70.9122,28.024699118809004
484,320.68,80.01,69.5,81.2564,70.8004,27.968365968643326
485,320.7,79.84,69.35499999999999,81.15100000000001,70.6882,27.918082175480883
486,320.72,79.66,69.21,81.04260000000001,70.57560000000001,27.874368902265292
487,320.74,79.48,69.07,80.931,70.4628,27.819601099686665
488,320.76,79.355,68.93,80.8184,70.3466,27.7598346671785
489,320.78,79.23,68.89,80.7062,70.231,27.70507743093527
490,320.8,79.215,68.85,80.5988,70.1182,27.65032444395261
491,320.82,79.2,68.72999999999999,80.4928,70.005,27.59610829582917
492,320.84,79.095,68.61,80.38459999999999,69.8942,27.546358956272744
493,320.86,78.99,68.49000000000001,80.2762,69.7858,27.491083141836018
494,320.88,78.82,68.37,80.165,69.67699999999999,27.43634519522005
495,320.9,78.65,68.26,80.0526,69.56819999999999,27.37500817245549
496,320.92,78.515,68.15,79.9404,69.4588,27.319198460408444
497,320.94,78.38,68.035,79.82759999999999,69.34859999999999,27.276059678037885
498,320.96,78.16999999999999,67.92,79.7112,69.23899999999999,27.23292884077037
499,320.98,77.96,67.795,79.59060000000001,69.1296,27.183734570979173
500,321.0,77.86,67.67,79.47019999999999,69.0188,27.134544297235735
501,321.02,77.76,67.58500000000001,79.34819999999999,68.90820000000001,27.084809949060194
502,321.04,77.65,67.5,79.2242,68.7992,27.04005449460147
503,321.06,77.54,67.33,79.0976,68.6884,26.990321257354825
504,321.08,77.39500000000001,67.16,78.967,68.57520000000001,26.936164777298295
505,321.1,77.25,67.14,78.8358,68.4656,26.88146378386089
506,321.12,77.08,67.12,78.703,68.3588,26.8311830770076
507,321.14,76.91,66.98,78.56779999999999,68.25,26.78090238365618
508,321.16,76.755,66.84,78.4308,68.1396,26.736701214452694
509,321.18,76.6,66.735,78.2944,68.029,26.6925009651346
510,321.2,76.505,66.63,78.161,67.92,26.64277679019619
511,321.22,76.41,66.485,78.03099999999999,67.81099999999999,26.59305379099442
512,321.24,76.275,66.34,77.9028,67.7018,26.549975796837135
513,321.26,76.14,66.30000000000001,77.77420000000001,67.5966,26.496422190157315
514,321.28,75.945,66.26,77.64280000000001,67.4914,26.441184326541993
515,321.3,75.75,66.17500000000001,77.5042,67.3844,26.396995121070347
516,321.32,75.625,66.09,77.3612,67.2788,26.35394384306233
517,321.34,75.5,65.955,77.2174,67.1726,26.30480634317387
518,321.36,75.38499999999999,65.82,77.0732,67.0658,26.260051160770498
519,321.38,75.27,65.785,76.9312,66.9624,26.21529597907808
520,321.4,75.18,65.75,76.7924,66.86200000000001,26.16501784834051
521,321.42,75.09,65.595,76.6554,66.7598,26.115311986764095
522,321.44,74.9,65.44,76.5162,66.65599999999999,26.076652747063424
523,321.46,74.71,65.275,76.3778,66.5502,26.03189764045697
524,321.48,74.55,65.11,76.2414,66.44279999999999,25.98276924588774
525,321.5,74.39,64.97999999999999,76.1026,66.3352,25.9336452840437
526,321.52,74.28999999999999,64.85,75.9638,66.22579999999999,25.890047674673593
527,321.54,74.19,64.75999999999999,75.8254,66.11619999999999,25.840932382162112
528,321.56,73.925,64.67,75.6808,66.0098,25.796759827682912
529,321.58,73.66,64.625,75.5314,65.9084,25.764214985633117
530,321.6,73.555,64.58,75.3836,65.806,25.72615214469373
531,321.62,73.45,64.44999999999999,75.2384,65.69919999999999,25.676463479592204
532,321.64,73.36500000000001,64.32,75.0966,65.59280000000001,25.632296917286357
533,321.66,73.28,64.195,74.9576,65.487,25.59365205788422
534,321.68,73.185,64.07,74.821,65.3804,25.54948752241615
535,321.7,73.09,64.00999999999999,74.6844,65.2756,25.500395592954092
536,321.72,72.84,63.95,74.5416,65.1742,25.46234821944954
537,321.74,72.59,63.83,74.3942,65.07379999999999,25.418189030105143
538,321.76,72.405,63.71,74.2448,64.97019999999999,25.37955065220819
539,321.78,72.22,63.6,74.0958,64.8638,25.34643272178098
540,321.8,72.025,63.49,73.9468,64.7564,25.302276468396876
541,321.82,71.83,63.36,73.795,64.6472,25.25200337547338
542,321.84,71.705,63.23,73.6432,64.5382,25.207249741737286
543,321.86,71.58,63.075,73.491,64.4284,25.163694722211723
544,321.88,71.38499999999999,62.92,73.3356,64.31379999999999,25.131784222226518
545,321.9,71.19,62.845,73.176,64.1976,25.099881435170566
546,321.92,70.94,62.77,73.01,64.0846,25.065560204045834
547,321.94,70.69,62.715,72.84160000000001,63.97560000000001,25.030637362909673
548,321.96,70.5,62.66,72.67320000000001,63.870999999999995,24.997524593626412
549,321.98,70.31,62.545,72.5036,63.7684,24.964412478071328
550,322.0,70.17,62.43,72.3348,63.6664,24.930696632184656
551,322.02,70.03,62.285,72.1644,63.56379999999999,24.89146215068537
552,322.04,69.96000000000001,62.14,71.99520000000001,63.458999999999996,24.847313450906974
553,322.06,69.89,62.03,71.8338,63.3534,24.797647571099564
554,322.08,69.735,61.92,71.6768,63.245200000000004,24.75471778921423
555,322.1,69.58,61.8,71.51780000000001,63.13399999999999,24.722832537555288
556,322.12,69.455,61.68,71.358,63.0232,24.695245053004246
557,322.14,69.33,61.620000000000005,71.1966,62.9152,24.66214070013298
558,322.16,69.22999999999999,61.56,71.0346,62.809799999999996,24.622905871820066
559,322.18,69.13,61.475,70.8724,62.706,24.57815371241989
560,322.2,68.93,61.39,70.706,62.6012,24.545050114520382
561,322.22,68.73,61.305,70.5416,62.4954,24.51746430844465
562,322.24,68.605,61.22,70.3822,62.391000000000005,24.484361979511366
563,322.26,68.48,61.120000000000005,70.2252,62.2874,24.44636086631546
564,322.28,68.285,61.02,70.06779999999999,62.184200000000004,24.420016666078258
565,322.3,68.09,60.885000000000005,69.9104,62.08,24.393056972637588
566,322.32,67.875,60.75,69.75219999999999,61.97560000000001,24.358716444614835
567,322.34,67.66,60.64,69.5904,61.872,24.31886083624575
568,322.36,67.44999999999999,60.53,69.4252,61.770199999999996,24.285762727845018
569,322.38,67.24,60.475,69.2594,61.67240000000001,24.258181513795765
570,322.4,67.06,60.42,69.0942,61.5754,24.235495176305186
571,322.42,66.88,60.315,68.9318,61.4772,24.20729272667378
572,322.44,66.655,60.21,68.7704,61.376999999999995,24.179090366219643
573,322.46,66.43,60.135000000000005,68.60759999999999,61.276,24.150888095027046
574,322.48,66.285,60.06,68.4466,61.1766,24.122685914111155
575,322.5,66.14,60.005,68.2854,61.0796,24.100000296287472
576,322.52,66.11500000000001,59.95,68.1288,60.98620000000001,24.078555158510753
577,322.54,66.09,59.855000000000004,67.97399999999999,60.894800000000004,24.051596462209893
578,322.56,65.91,59.76,67.81479999999999,60.804,24.024016608667974
579,322.58,65.73,59.65,67.65459999999999,60.7132,23.990921453611435
580,322.6,65.58000000000001,59.54,67.4946,60.6228,23.95782702860174
581,322.62,65.43,59.43,67.3336,60.532799999999995,23.924733336988588
582,322.64,65.33500000000001,59.32,67.1738,60.440799999999996,23.892267942796565
583,322.66,65.24,59.22,67.0142,60.3472,23.85980604983356
584,322.68,65.035,59.12,66.8504,60.253,23.838377202162388
585,322.7,64.83,59.11,66.68639999999999,60.1618,23.821832928876614
586,322.72,64.62,59.1,66.52199999999999,60.073600000000006,23.80402599973246
587,322.74,64.41,59.07,66.3542,59.9876,23.787481224638466
588,322.76,64.36,59.04,66.1894,59.9044,23.76605375604844
589,322.78,64.31,58.955,66.0304,59.821799999999996,23.738480708622074
590,322.8,64.15,58.87,65.87280000000001,59.7412,23.716422648928464
591,322.82,63.99,58.79,65.71740000000001,59.6628,23.688850552012422
592,322.84,63.92,58.71,65.56779999999999,59.58560000000001,23.661278985616498
593,322.86,63.85,58.644999999999996,65.4238,59.510200000000005,23.63858678775544
594,322.88,63.78,58.58,65.2854,59.4344,23.610380402714323
595,322.9,63.71,58.51,65.15140000000001,59.358000000000004,23.582808844945546
596,322.92,63.504999999999995,58.44,65.0164,59.283,23.571145323537817
597,322.94,63.3,58.32,64.8822,59.2074,23.5539678699092
598,322.96,63.114999999999995,58.2,64.7496,59.13,23.5312762314346
599,322.98,62.93,58.145,64.6154,59.0534,23.51409936507622
600,323.0,62.825,58.09,64.4828,58.976800000000004,23.497555667319833
601,323.02,62.72,58.085,64.347,58.90219999999999,23.46998327203146
602,323.04,62.575,58.08,64.2064,58.831199999999995,23.443683170940837
603,323.06,62.43,58.0,64.0672,58.760799999999996,23.427779093765366
604,323.08,62.265,57.92,63.9286,58.6916,23.416113333223606
605,323.1,62.1,57.845,63.78939999999999,58.6238,23.399571693503816
606,323.12,61.995000000000005,57.77,63.652,58.5574,23.383030248410442
607,323.14,61.89,57.705,63.5142,58.49280000000001,23.36648899922237
608,323.16,61.775,57.64,63.375600000000006,58.4296,23.350587943792082
609,323.18,61.66,57.535,63.2406,58.3662,23.334689036154522
610,323.2,61.555,57.43,63.1096,58.29900000000001,23.328534111632546
611,323.22,61.45,57.45,62.9828,58.23299999999999,23.32174024139084
612,323.24,61.35,57.47,62.860400000000006,58.169,23.29904637826141
613,323.26,61.25,57.415,62.736000000000004,58.104,23.271477873886518
614,323.28,61.2,57.36,62.611599999999996,58.040200000000006,23.25006409744116
615,323.3,61.15,57.370000000000005,62.4916,57.980199999999996,23.23352397381156
616,323.32,61.025,57.38,62.373000000000005,57.9238,23.22249733250098
617,323.34,60.9,57.295,62.2522,57.867200000000004,23.201731481619305
618,323.36,60.754999999999995,57.21,62.1284,57.809799999999996,23.180325820193083
619,323.38,60.61,57.165,62.001599999999996,57.75320000000001,23.174813165120415
620,323.4,60.480000000000004,57.12,61.8724,57.6976,23.18032579994376
621,323.42,60.35,57.004999999999995,61.7462,57.64020000000001,23.174167226214415
622,323.44,60.2,56.89,61.6222,57.583,23.15698362665019
623,323.46,60.05,56.875,61.4996,57.53,23.140445097404065
624,323.48,59.91,56.86,61.3788,57.47860000000001,23.13006561837557
625,323.5,59.77,56.94,61.2566,57.432599999999994,23.1245530130679
626,323.52,59.625,57.02,61.132799999999996,57.39,23.117748670379747
627,323.54,59.48,56.955,61.00899999999999,57.345,23.101210152148294
628,323.56,59.44499999999999,56.89,60.8896,57.300599999999996,23.08467183603416
629,323.58,59.41,56.835,60.7754,57.257200000000005,23.077869401915592
630,323.6,59.285,56.78,60.662800000000004,57.2146,23.077869392524015
631,323.62,59.16,56.71,60.5494,57.172200000000004,23.067488016811488
632,323.64,58.98,56.64,60.433,57.1296,23.056462409324595
633,323.66,58.8,56.575,60.31399999999999,57.086999999999996,23.050949633996414
634,323.68,58.754999999999995,56.51,60.1978,57.04599999999999,23.04543688210191
635,323.7,58.71,56.54,60.084,57.0104,23.03441145482324
636,323.72,58.71,56.57,59.974399999999996,56.9752,23.018520565975418
637,323.74,58.71,56.57,59.86879999999999,56.9392,23.013656394005103
638,323.76,58.655,56.57,59.76499999999999,56.9054,23.014305731700677
639,323.78,58.6,56.475,59.661,56.87,23.003932226150837
640,323.8,58.435,56.38,59.5524,56.8304,22.997769426706967
641,323.82,58.27,56.400000000000006,59.44219999999999,56.791199999999996,22.990958485922814
642,323.84,58.05500000000001,56.42,59.3284,56.7562,22.98479812991837
643,323.86,57.84,56.394999999999996,59.2118,56.723600000000005,22.98479812027323
644,323.88,57.745000000000005,56.37,59.0972,56.69179999999999,22.984798110628084
645,323.9,57.65,56.325,58.983999999999995,56.66,22.985446108783385
646,323.92,57.535,56.28,58.8714,56.63099999999999,22.98674529210892
647,323.94,57.42,56.285,58.760200000000005,56.6068,22.981233279093157
648,323.96,57.35,56.29,58.6522,56.583400000000005,22.97572128943014
649,323.98,57.28,56.245000000000005,58.547,56.55879999999999,22.966002067480396
650,324.0,57.230000000000004,56.2,58.4454,56.5292,22.956288431368243
651,324.02,57.18,56.165000000000006,58.3476,56.495,22.96245588720035
652,324.04,57.05,56.13,58.2504,56.461999999999996,22.972822263592974
653,324.06,56.92,56.06,58.14940000000001,56.4288,22.972167422165267
654,324.08,56.865,55.99,58.0476,56.395,22.97282224383636
655,324.1,56.81,56.015,57.9486,56.3644,22.972822234483925
656,324.12,56.7,56.04,57.8502,56.3376,22.972822224780906
657,324.14,56.59,55.989999999999995,57.7546,56.3116,22.968624063161545
658,324.16,56.485,55.94,57.662000000000006,56.28620000000001,22.963771409327027
659,324.18,56.38,55.915,57.567,56.26240000000001,22.96928221036433
660,324.2,56.31,55.89,57.471,56.236399999999996,22.980962802359965
661,324.22,56.24,55.91,57.3722,56.21,22.986473516103604
662,324.24,56.175,55.93,57.27080000000001,56.184400000000004,22.98515706186894
663,324.26,56.11,55.864999999999995,57.169000000000004,56.156200000000005,22.9851570527922
664,324.28,55.975,55.8,57.06399999999999,56.1292,22.99132564060353
665,324.3,55.84,55.769999999999996,56.96020000000001,56.104800000000004,22.99683655975435
666,324.32,55.75,55.74,56.85940000000001,56.0784,23.00234750188711
667,324.34,55.66,55.765,56.7636,56.05219999999999,23.002347492275433
668,324.36,55.55,55.79,56.672000000000004,56.028,23.003005760530407
669,324.38,55.44,55.765,56.5798,56.0038,23.009175745968026
670,324.4,55.325,55.74,56.4868,55.9804,23.014686419907036
671,324.42,55.21,55.775000000000006,56.3938,55.96020000000001,23.025707848215053
672,324.44,55.120000000000005,55.81,56.30179999999999,55.9412,23.042899459876114
673,324.46,55.03,55.775000000000006,56.209,55.92060000000001,23.055241918528548
674,324.48,54.94,55.74,56.1154,55.90040000000001,23.066262729709194
675,324.5,54.85,55.725,56.0202,55.881400000000006,23.076623184379773
676,324.52,54.8,55.71,55.925,55.863200000000006,23.082133825865984
677,324.54,54.75,55.695,55.833,55.8458,23.08764449037941
678,324.56,54.760000000000005,55.68,55.7466,55.830600000000004,23.09381515705442
679,324.58,54.77,55.67,55.6628,55.8178,23.094476178763532
680,324.6,54.715,55.66,55.57899999999999,55.803599999999996,23.100648502555572
681,324.62,54.66,55.61,55.4974,55.7864,23.112995440338466
682,324.64,54.519999999999996,55.56,55.4146,55.7692,23.124679912066878
683,324.66,54.38,55.565,55.3304,55.7542,23.130189795517
684,324.68,54.345,55.57,55.249,55.7404,23.135699702305278
685,324.7,54.31,55.56,55.169000000000004,55.7272,23.15222958553689
686,324.72,54.230000000000004,55.55,55.08860000000001,55.712799999999994,23.16875968303037
687,324.74,54.15,55.599999999999994,55.0076,55.699600000000004,23.174269756169252
688,324.76,54.099999999999994,55.65,54.9272,55.690999999999995,23.18044377429163
689,324.78,54.05,55.64,54.8502,55.6846,23.18661854928125
690,324.8,53.935,55.63,54.773999999999994,55.678999999999995,23.19763824077644
691,324.82,53.82,55.63,54.696799999999996,55.6746,23.214833031237184
692,324.84,53.769999999999996,55.63,54.62120000000001,55.669200000000004,23.232028136479148
693,324.86,53.72,55.53,54.547999999999995,55.65879999999999,23.24855733791726
694,324.88,53.620000000000005,55.43,54.4752,55.6454,23.26508675404975
695,324.9,53.52,55.504999999999995,54.403,55.636,23.276106479947327
696,324.92,53.49,55.58,54.3342,55.6282,23.286462231699588
697,324.94,53.46,55.635,54.26780000000001,55.6212,23.302330061831068
698,324.96,53.375,55.69,54.2016,55.617799999999995,23.31952321243306
699,324.98,53.29,55.62,54.135600000000004,55.61299999999999,23.34156434030876
700,325.0,53.265,55.55,54.072199999999995,55.605999999999995,23.357434438430488
701,325.02,53.24,55.55,54.0098,55.5996,23.363605832955685
702,325.04,53.205,55.55,53.948,55.5938,23.375950889671362
703,325.06,53.17,55.56,53.8844,55.589,23.386971245581847
704,325.08,53.07,55.57,53.8164,55.585,23.40284013529579
705,325.1,52.97,55.575,53.74660000000001,55.5816,23.42003288604685
706,325.12,52.94,55.58,53.6778,55.58039999999999,23.432378823507815
707,325.14,52.91,55.629999999999995,53.6134,55.5832,23.455082865155184
708,325.16,52.864999999999995,55.68,53.5528,55.587799999999994,23.477787071202446
709,325.18,52.82,55.735,53.49179999999999,55.59439999999999,23.489471697195444
710,325.2,52.9,55.79,53.4354,55.6036,23.50115682859746
711,325.22,52.98,55.739999999999995,53.3854,55.6112,23.523861771335255
712,325.24,52.925,55.69,53.336400000000005,55.614799999999995,23.55074541655976
713,325.26,52.87,55.72,53.28719999999999,55.6176,23.56727536480793
714,325.28,52.83,55.75,53.2384,55.622,23.578295443377016
715,325.3,52.79,55.730000000000004,53.1926,55.626000000000005,23.58799082788019
716,325.32,52.745000000000005,55.71,53.1496,55.6292,23.598351173434878
717,325.34,52.7,55.685,53.10679999999999,55.631400000000006,23.62105376706474
718,325.36,52.68,55.66,53.065200000000004,55.63660000000001,23.64926703934253
719,325.38,52.66,55.69,53.0268,55.647,23.665798703704844
720,325.4,52.584999999999994,55.72,52.989399999999996,55.65559999999999,23.68299086285261
721,325.42,52.51,55.745000000000005,52.950199999999995,55.662200000000006,23.705033069152645
722,325.44,52.459999999999994,55.77,52.910199999999996,55.6676,23.72156496187323
723,325.46,52.41,55.760000000000005,52.8716,55.6704,23.744928086848553
724,325.48,52.394999999999996,55.75,52.8358,55.6756,23.773803472328733
725,325.5,52.38,55.769999999999996,52.800399999999996,55.684400000000004,23.790334351731097
726,325.52,52.35,55.79,52.76480000000001,55.693999999999996,23.8068654377417
727,325.54,52.32,55.8,52.7294,55.70399999999999,23.835741270743636
728,325.56,52.254999999999995,55.81,52.692800000000005,55.714,23.863292590316203
729,325.58,52.19,55.825,52.657599999999995,55.7242,23.87916258713052
730,325.6,52.185,55.84,52.6262,55.73480000000001,23.896354921883155
731,325.62,52.18,55.86,52.5958,55.745999999999995,23.9190579534344
732,325.64,52.165,55.88,52.565999999999995,55.756,23.941099723744454
733,325.66,52.15,55.83,52.5374,55.762,23.963141858664386
734,325.68,52.129999999999995,55.78,52.509800000000006,55.7638,23.99069504083367
735,325.7,52.11,55.84,52.478199999999994,55.7658,24.01759050097321
736,325.72,52.09,55.9,52.44259999999999,55.772200000000005,24.032156041049618
737,325.74,52.07,55.96,52.4084,55.783,24.053548934249694
738,325.76,52.055,56.02,52.3758,55.795,24.076248552055773
739,325.78,52.04,55.975,52.3442,55.803999999999995,24.08661960866083
740,325.8,52.08,55.93,52.315799999999996,55.812,24.102504411838048
741,325.82,52.12,55.89,52.2908,55.8192,24.12941591272128
742,325.84,52.09,55.85,52.266400000000004,55.8258,24.15697777960486
743,325.86,52.06,55.91,52.2416,55.8358,24.17481195257451
744,325.88,51.965,55.97,52.2138,55.84700000000001,24.19751022933515
745,325.9,51.87,55.985,52.1852,55.857600000000005,24.225071180512252
746,325.92,51.87,56.0,52.1596,55.867799999999995,24.247769322720252
747,325.94,51.87,56.004999999999995,52.136,55.877199999999995,24.27533051317503
748,325.96,51.905,56.01,52.1158,55.8872,24.302892244378082
749,325.98,51.94,55.995,52.0976,55.897,24.331751088323827
750,326.0,51.95,55.98,52.0804,55.9054,24.359961482052004
751,326.02,51.96,55.95,52.0648,55.9118,24.375849489053618
752,326.04,51.855000000000004,55.92,52.0462,55.916599999999995,24.39238674230012
753,326.06,51.75,55.97,52.025999999999996,55.923,24.41573288716179
754,326.08,51.745000000000005,56.02,52.00820000000001,55.9308,24.443943225581865
755,326.1,51.74,56.035,51.9904,55.938599999999994,24.477016848505823
756,326.12,51.730000000000004,56.05,51.97240000000001,55.9462,24.499714737596083
757,326.14,51.72,56.035,51.9546,55.9524,24.5113884058099
758,326.16,51.730000000000004,56.02,51.937799999999996,55.96,24.528574649911825
759,326.18,51.74,56.015,51.9222,55.96939999999999,24.556785266213883
760,326.2,51.855000000000004,56.01,51.912,55.976200000000006,24.578184323193042
761,326.22,51.97,56.01,51.9072,55.9806,24.58791384416691
762,326.24,51.980000000000004,56.01,51.9036,55.982600000000005,24.603161529070118
763,326.26,51.99,56.03,51.901,55.983000000000004,24.630726634259855
764,326.28,51.995000000000005,56.05,51.89920000000001,55.986000000000004,24.65957963217348
765,326.3,52.0,56.05,51.896,55.9908,24.681631359442665
766,326.32,51.955,56.05,51.8894,55.99719999999999,24.710485218524337
767,326.34,51.91,56.065,51.88219999999999,56.0058,24.74485328597776
768,326.36,51.89,56.08,51.8754,56.01259999999999,24.771127198196783
769,326.38,51.87,56.03,51.87160000000001,56.01499999999999,24.793179451589868
770,326.4,51.94,55.98,51.874399999999994,56.014799999999994,24.81100635375056
771,326.42,52.01,56.03,51.88,56.01599999999999,24.82818987972282
772,326.44,52.06,56.08,51.8876,56.019000000000005,24.845373715137036
773,326.46,52.11,56.07,51.8958,56.02139999999999,24.861911968093672
774,326.48,52.129999999999995,56.06,51.903400000000005,56.023999999999994,24.883963268535656
775,326.5,52.15,56.06,51.9114,56.0272,24.911527865955684
776,326.52,52.09,56.06,51.916599999999995,56.0316,24.93909298278961
777,326.54,52.03,55.99,51.92360000000001,56.034400000000005,24.962433068256615
778,326.56,52.06,55.92,51.93600000000001,56.032399999999996,24.984484727415584
779,326.58,52.09,56.015,51.949799999999996,56.0322,25.005251368977866
780,326.6,52.095,56.11,51.964,56.035199999999996,25.02115063622786
781,326.62,52.1,56.095,51.97879999999999,56.037,25.04935860562201
782,326.64,51.99,56.08,51.9896,56.0388,25.08923463079696
783,326.66,51.88,56.07,51.9956,56.0408,25.11192963378811
784,326.68,51.865,56.06,52.000600000000006,56.0426,25.12782856367736
785,326.7,51.85,56.095,52.0004,56.04599999999999,25.148604666699786
786,326.72,51.905,56.13,51.997800000000005,56.0508,25.17066023779761
787,326.74,51.96,56.105000000000004,51.997,56.0546,25.198867427218566
788,326.76,52.065,56.08,52.0,56.056599999999996,25.220286453298893
789,326.78,52.17,56.05,52.007,56.056599999999996,25.241707878507352
790,326.8,52.120000000000005,56.02,52.011799999999994,56.0554,25.26991429126742
791,326.82,52.07,56.02,52.016400000000004,56.0542,25.286457260293215
792,326.84,52.08,56.02,52.023199999999996,56.0524,25.307881303300086
793,326.86,52.09,56.040000000000006,52.0312,56.0508,25.34160179223838
794,326.88,52.125,56.06,52.041399999999996,56.05200000000001,25.359412995445474
795,326.9,52.16,56.08,52.050200000000004,56.056000000000004,25.376590844968526
796,326.92,52.23,56.1,52.059000000000005,56.0588,25.398013823881
797,326.94,52.3,56.075,52.068599999999996,56.0586,25.41392449637298
798,326.96,52.33,56.05,52.0774,56.0578,25.431101016298452
799,326.98,52.36,56.045,52.0866,56.0572,25.448277846959716
800,327.0,52.345,56.04,52.09440000000001,56.0564,25.469703637962777
801,327.02,52.33,56.015,52.104000000000006,56.0546,25.490501830419408
802,327.04,52.295,55.99,52.1146,56.0546,25.512562306746933
803,327.06,52.26,56.065,52.122600000000006,56.06040000000001,25.535251966672956
804,327.08,52.325,56.14,52.132,56.0654,25.552426768606974
805,327.1,52.39,56.129999999999995,52.1438,56.06620000000001,25.575116839539856
806,327.12,52.41,56.12,52.1562,56.0672,25.59780708586556
807,327.14,52.43,56.08,52.1738,56.06719999999999,25.608836929381056
808,327.16,52.475,56.04,52.1976,56.066,25.61860840861906
809,327.18,52.52,55.97,52.223800000000004,56.0624,25.640669574972762
810,327.2,52.510000000000005,55.9,52.25020000000001,56.0546,25.668873996061947
811,327.22,52.5,55.84,52.273999999999994,56.04299999999999,25.68604802618145
812,327.24,52.465,55.78,52.294200000000004,56.03,25.69833694009769
813,327.26,52.43,55.825,52.3088,56.0198,25.714881970126726
814,327.28,52.39,55.87,52.3176,56.0126,25.736942281724385
815,327.3,52.35,55.95,52.326800000000006,56.009800000000006,25.759002901648977
816,327.32,52.385000000000005,56.03,52.3394,56.010200000000005,25.774293882249534
817,327.34,52.42,56.004999999999995,52.353,56.0096,25.79021500135787
818,327.36,52.45,55.98,52.3674,56.00719999999999,25.806138037787953
819,327.38,52.48,55.905,52.3816,56.001,25.82206298744931
820,327.4,52.525,55.83,52.3962,55.99100000000001,25.83861133760297
821,327.42,52.57,55.83,52.4098,55.9802,25.85578189099274
822,327.44,52.595,55.83,52.4216,55.9704,25.872330179344527
823,327.46,52.62,55.81,52.43320000000001,55.9608,25.88763709824227
824,327.48,52.709999999999994,55.79,52.447199999999995,55.9506,25.904186515265124
825,327.5,52.8,55.769999999999996,52.4654,55.939800000000005,25.93300867758285
826,327.52,52.785,55.75,52.483599999999996,55.9292,25.966106993827943
827,327.54,52.77,55.7,52.502599999999994,55.9176,25.981419340694323
828,327.56,52.755,55.65,52.5224,55.900999999999996,25.986936101704014
829,327.58,52.74,55.625,52.53900000000001,55.8804,25.99920595633487
830,327.6,52.845,55.6,52.5572,55.8592,26.015755690305472
831,327.62,52.95,55.6,52.5788,55.8384,26.025553977299584
832,327.64,52.965,55.6,52.6002,55.8192,26.03045494095484
833,327.66,52.98,55.595,52.6204,55.801399999999994,26.047621733176413
834,327.68,53.045,55.59,52.641400000000004,55.78620000000001,26.065405874425757
835,327.7,53.11,55.535,52.6654,55.7716,26.077057154158627
836,327.72,53.175,55.48,52.6924,55.757200000000005,26.088708919178828
837,327.74,53.24,55.44499999999999,52.7234,55.74379999999999,26.094844686780544
838,327.76,53.230000000000004,55.41,52.7554,55.7272,26.1052587384807
839,327.78,53.22,55.425,52.788599999999995,55.709399999999995,26.120574474373935
840,327.8,53.185,55.44,52.821999999999996,55.68899999999999,26.1426424331648
841,327.82,53.15,55.485,52.8526,55.667199999999994,26.159193589921035
842,327.84,53.099999999999994,55.53,52.879799999999996,55.648199999999996,26.163482224999566
843,327.86,53.05,55.465,52.90379999999999,55.6276,26.179421936224195
844,327.88,53.015,55.4,52.925200000000004,55.6074,26.202104161711453
845,327.9,52.98,55.355000000000004,52.943400000000004,55.58839999999999,26.214365278078258
846,327.92,53.0,55.31,52.96060000000001,55.5676,26.2266291531878
847,327.94,53.02,55.33,52.9776,55.5476,26.24318034430041
848,327.96,53.105000000000004,55.35,52.997,55.5292,26.25360007869588
849,327.98,53.19,55.335,53.016200000000005,55.510999999999996,26.259731688371485
850,328.0,53.349999999999994,55.32,53.038199999999996,55.492999999999995,26.2609631666485
851,328.02,53.51,55.254999999999995,53.0672,55.4732,26.267097061799504
852,328.04,53.519999999999996,55.19,53.0972,55.452799999999996,26.283030847635025
853,328.06,53.53,55.155,53.1282,55.433,26.29344936538569
854,328.08,53.495000000000005,55.12,53.1584,55.4128,26.292834850499897
855,328.1,53.46,55.195,53.183,55.3966,26.297126134847087
856,328.12,53.355000000000004,55.27,53.19919999999999,55.3834,26.319196390251555
857,328.14,53.25,55.265,53.21059999999999,55.37,26.330231619940303
858,328.16,53.31,55.26,53.223800000000004,55.3566,26.329620785648835
859,328.18,53.37,55.28,53.236799999999995,55.344199999999994,26.34065634179843
860,328.2,53.39,55.3,53.248000000000005,55.3348,26.357209812604165
861,328.22,53.41,55.22,53.2574,55.324400000000004,26.37376344243277
862,328.24,53.459999999999994,55.14,53.2662,55.312200000000004,26.384799280479367
863,328.26,53.51,55.125,53.2774,55.3008,26.390926640575977
864,328.28,53.525,55.11,53.2896,55.288199999999996,26.39214824384397
865,328.3,53.54,55.085,53.3038,55.273999999999994,26.39827788298969
866,328.32,53.51,55.06,53.3182,55.257000000000005,26.419736325317675
867,328.34,53.48,55.135000000000005,53.333400000000005,55.2412,26.44058779627144
868,328.36,53.53,55.21,53.3526,55.231,26.446105784562093
869,328.38,53.58,55.2,53.37519999999999,55.223,26.44610577545159
870,328.4,53.57,55.19,53.3988,55.2164,26.450408660406918
871,328.42,53.56,55.215,53.4212,55.212599999999995,26.455320887068506
872,328.44,53.45,55.24,53.4384,55.208999999999996,26.46696355352071
873,328.46,53.34,55.25,53.4478,55.205,26.48412495131578
874,328.48,53.36,55.26,53.45459999999999,55.202,26.500679785758038
875,328.5,53.38,55.245,53.455799999999996,55.199000000000005,26.517234776467216
876,328.52,53.375,55.23,53.4504,55.198,26.523359511616775
877,328.54,53.37,55.22,53.4444,55.1992,26.523966798878238
878,328.56,53.435,55.21,53.4406,55.20140000000001,26.529484922154722
879,328.58,53.5,55.235,53.440799999999996,55.206,26.535003062962588
880,328.6,53.525,55.26,53.44339999999999,55.2086,26.54052122117828
881,328.62,53.55,55.224999999999994,53.45120000000001,55.206799999999994,26.557683276010977
882,328.64,53.54,55.19,53.46280000000001,55.2038,26.57975581336729
883,328.66,53.53,55.144999999999996,53.471599999999995,55.1992,26.589579695925902
884,328.68,53.555,55.1,53.479000000000006,55.19200000000001,26.593889588979014
885,328.7,53.58,55.06,53.486599999999996,55.1824,26.599408313963917
886,328.72,53.525,55.02,53.4912,55.174400000000006,26.617172171467683
887,328.74,53.47,55.06,53.4916,55.1712,26.634332649344067
888,328.76,53.445,55.1,53.489000000000004,55.1702,26.63433264027152
889,328.78,53.42,55.19,53.48479999999999,55.173399999999994,26.634332630496903
890,328.8,53.455,55.28,53.4814,55.1812,26.63985109959581
891,328.82,53.49,55.32,53.4806,55.1916,26.65088809816364
892,328.84,53.545,55.36,53.4832,55.200599999999994,26.66744372894632
893,328.86,53.6,55.355000000000004,53.486000000000004,55.206399999999995,26.683999513725954
894,328.88,53.595,55.35,53.48660000000001,55.21240000000001,26.69564110395399
895,328.9,53.59,55.29,53.4874,55.2164,26.70115963595402
896,328.92,53.655,55.23,53.4912,55.217000000000006,26.699952154778323
897,328.94,53.72,55.18,53.501999999999995,55.2146,26.699952144748927
898,328.96,53.7,55.13,53.516400000000004,55.2098,26.70667816654736
899,328.98,53.68,55.22,53.5292,55.208200000000005,26.71832005689533
900,329.0,53.629999999999995,55.31,53.5392,55.2108,26.73978985744255
901,329.02,53.58,55.295,53.547399999999996,55.2134,26.7612618394422
902,329.04,53.54,55.28,53.5542,55.2158,26.766780700189916
903,329.06,53.5,55.254999999999995,53.556799999999996,55.21759999999999,26.76738338877564
904,329.08,53.515,55.23,53.5574,55.2174,26.77350562770433
905,329.1,53.53,55.269999999999996,53.5576,55.2178,26.784542946271642
906,329.12,53.5,55.31,53.5556,55.22120000000001,26.801702830066212
907,329.14,53.47,55.315,53.5528,55.2262,26.812740069593154
908,329.16,53.480000000000004,55.32,53.5508,55.233200000000004,26.818258710117334
909,329.18,53.49,55.35,53.548199999999994,55.243199999999995,26.830505085660953
910,329.2,53.5,55.38,53.545,55.25599999999999,26.84214762918168
911,329.22,53.51,55.275000000000006,53.5444,55.2662,26.847665981832037
912,329.24,53.489999999999995,55.17,53.5452,55.2706,26.858097488735115
913,329.26,53.47,55.17,53.5462,55.273399999999995,26.8740491646275
914,329.28,53.480000000000004,55.17,53.54860000000001,55.272600000000004,26.885690326468122
915,329.3,53.49,55.195,53.55,55.2692,26.897331967424595
916,329.32,53.53,55.22,53.5516,55.26519999999999,26.908974086874952
917,329.34,53.57,55.295,53.552600000000005,55.2626,26.91449251965445
918,329.36,53.545,55.37,53.550399999999996,55.2632,26.92552944502874
919,329.38,53.52,55.355000000000004,53.547399999999996,55.26339999999999,26.943296289696033
920,329.4,53.510000000000005,55.34,53.544200000000004,55.2654,26.949421471803323
921,329.42,53.5,55.31,53.538000000000004,55.2686,26.960457855992104
922,329.44,53.614999999999995,55.28,53.5338,55.272600000000004,26.977012565927193
923,329.46,53.73,55.269999999999996,53.535,55.2782,26.977012556664036
924,329.48,53.76,55.26,53.5382,55.279799999999994,26.976406272124116
925,329.5,53.79,55.28,53.5446,55.2786,26.987443074976166
926,329.52,53.69,55.3,53.54900000000001,55.278800000000004,27.0052106258768
927,329.54,53.59,55.349999999999994,53.551,55.2816,27.027890624460362
928,329.56,53.615,55.4,53.555600000000005,55.287400000000005,27.045052699886106
929,329.58,53.64,55.394999999999996,53.5606,55.294000000000004,27.050570796403004
930,329.6,53.61,55.39,53.5638,55.2988,27.05548166167258
931,329.62,53.58,55.32,53.567,55.29919999999999,27.061607040781933
932,329.64,53.59,55.25,53.5718,55.2966,27.072643362738287
933,329.66,53.6,55.269999999999996,53.5766,55.29459999999999,27.09471622066952
934,329.68,53.54,55.29,53.578599999999994,55.2922,27.11187795228553
935,329.7,53.48,55.315,53.577799999999996,55.2896,27.117396129207364
936,329.72,53.39,55.34,53.573,55.2922,27.127826002104303
937,329.74,53.3,55.325,53.5654,55.2984,27.137652837403937
938,329.76,53.31,55.31,53.559,55.304,27.143171468781894
939,329.78,53.32,55.38,53.55259999999999,55.3124,27.160936391645222
940,329.8,53.41,55.45,53.5494,55.3226,27.177491818458975
941,329.82,53.5,55.46,53.548199999999994,55.3322,27.18301032171485
942,329.84,53.485,55.47,53.544799999999995,55.3392,27.200776731579577
943,329.86,53.47,55.42,53.541799999999995,55.34120000000001,27.217938141636118
944,329.88,53.375,55.37,53.535999999999994,55.341800000000006,27.223456393652754
945,329.9,53.28,55.385,53.5268,55.343599999999995,27.234492958324985
946,329.92,53.305,55.4,53.519,55.3472,27.25104793591667
947,329.94,53.33,55.41,53.507600000000004,55.352399999999996,27.26760306531086
948,329.96,53.349999999999994,55.42,53.492399999999996,55.3584,27.278639899082695
949,329.98,53.37,55.394999999999996,53.4768,55.3638,27.290282465959258
950,330.0,53.415,55.37,53.461800000000004,55.3674,27.306837580794564
951,330.02,53.46,55.41,53.45259999999999,55.37179999999999,27.31726935000069
952,330.04,53.5,55.45,53.449,55.3758,27.322787903955128
953,330.06,53.54,55.46,53.446000000000005,55.3782,27.333825072619806
954,330.08,53.545,55.47,53.44219999999999,55.3812,27.339343677163733
955,330.1,53.55,55.519999999999996,53.4398,55.3864,27.344862297871
956,330.12,53.595,55.57,53.4404,55.3964,27.35650379935024
957,330.14,53.64,55.56,53.4424,55.4088,27.374269859083164
958,330.16,53.55,55.55,53.4404,55.41999999999999,27.4018618412888
959,330.18,53.46,55.515,53.437200000000004,55.428999999999995,27.417812585153886
960,330.2,53.47,55.48,53.436800000000005,55.4356,27.417812575332576
961,330.22,53.48,55.48,53.4404,55.4412,27.417812565818735
962,330.24,53.47,55.48,53.4472,55.447399999999995,27.434368466279825
963,330.26,53.46,55.56999999999999,53.453199999999995,55.4578,27.461961972556026
964,330.28,53.525000000000006,55.66,53.461400000000005,55.46900000000001,27.473602911798597
965,330.3,53.59,55.69,53.468599999999995,55.4786,27.47420721721541
966,330.32,53.620000000000005,55.72,53.4734,55.489,27.479725750878266
967,330.34,53.65,55.69,53.47999999999999,55.4978,27.49076287744069
968,330.36,53.765,55.66,53.491800000000005,55.5074,27.496886177348234
969,330.38,53.88,55.69,53.51200000000001,55.520199999999996,27.503616508276984
970,330.4,53.875,55.72,53.5358,55.5336,27.515867951638658
971,330.42,53.87,55.730000000000004,53.5584,55.54679999999999,27.52751260352057
972,330.44,53.8,55.74,53.57719999999999,55.56,27.537332826514707
973,330.46,53.73,55.745000000000005,53.5924,55.573,27.552676149359076
974,330.48,53.73,55.75,53.6068,55.5872,27.574146463350832
975,330.5,53.73,55.754999999999995,53.6194,55.602599999999995,27.584581129347086
976,330.52,53.665,55.76,53.6276,55.6166,27.5900999931716
977,330.54,53.6,55.78,53.6316,55.629799999999996,27.59622141298494
978,330.56,53.650000000000006,55.8,53.635999999999996,55.6434,27.597429136202496
979,330.58,53.7,55.86,53.6422,55.659,27.609071181979814
980,330.6,53.755,55.92,53.6504,55.675,27.62010810130732
981,330.62,53.81,55.980000000000004,53.659000000000006,55.6914,27.62562658099878
982,330.64,53.775000000000006,56.04,53.66439999999999,55.71060000000001,27.637268829741885
983,330.66,53.74,55.980000000000004,53.672,55.72780000000001,27.654429873591727
984,330.68,53.78,55.92,53.684799999999996,55.744,27.6783244375347
985,330.7,53.82,55.975,53.6988,55.7638,27.702224288760828
986,330.72,53.92,56.03,53.71639999999999,55.7858,27.707132086241035
987,330.74,54.02,56.004999999999995,53.7384,55.806799999999996,27.70652301059956
988,330.76,53.99,55.98,53.7596,55.8232,27.723685790170563
989,330.78,53.96,56.04,53.777,55.83839999999999,27.74145896944099
990,330.8,54.04,56.1,53.795,55.854800000000004,27.746366733577624
991,330.82,54.12,56.185,53.815,55.873400000000004,27.755578588741937
992,330.84,54.015,56.27,53.829600000000006,55.8966,27.771527621390238
993,330.86,53.91,56.370000000000005,53.8354,55.925,27.783170149656062
994,330.88,53.974999999999994,56.47,53.8392,55.95620000000001,27.789902129466153
995,330.9,54.04,56.480000000000004,53.8458,55.986599999999996,27.806456592535998
996,330.92,54.03,56.49,53.8522,56.016999999999996,27.82792303838968
997,330.94,54.02,56.42,53.861000000000004,56.044200000000004,27.838354508808266
998,330.96,54.02,56.35,53.872600000000006,56.068400000000004,27.843873028658585
999,330.98,54.02,56.394999999999996,53.8842,56.0942,27.856120866800126
1000,331.0,54.05,56.44,53.897,56.1216,27.87207047783359
1001,331.02,54.08,56.525,53.9136,56.1522,27.887418492591554
1002,331.04,54.105000000000004,56.61,53.93380000000001,56.1854,27.89966316571192
1003,331.06,54.13,56.655,53.953,56.21960000000001,27.912516802430996
1004,331.08,54.175,56.7,53.972,56.2532,27.924160328553203
1005,331.1,54.22,56.77,53.9906,56.28719999999999,27.93458993806519
1006,331.12,54.224999999999994,56.84,54.00719999999999,56.3216,27.95605794696655
1007,331.14,54.23,56.885000000000005,54.0254,56.3554,27.978737017826248
1008,331.16,54.22,56.93,54.0446,56.3934,27.984861142607944
1009,331.18,54.21,56.975,54.061800000000005,56.4356,27.98977393543417
1010,331.2,54.185,57.02,54.07639999999999,56.477399999999996,28.01124379159012
1011,331.22,54.16,56.945,54.086000000000006,56.513999999999996,28.033318591311232
1012,331.24,54.18,56.87,54.092400000000005,56.54860000000001,28.049874858595565
1013,331.26,54.2,56.915,54.1008,56.586000000000006,28.067034289594066
1014,331.28,54.175,56.96,54.10940000000001,56.622800000000005,28.078675389061264
1015,331.3,54.15,57.004999999999995,54.1138,56.659,28.094628038202835
1016,331.32,54.129999999999995,57.05,54.114200000000004,56.6936,28.1167033337329
1017,331.34,54.11,57.15,54.118,56.7288,28.128947109957465
1018,331.36,54.19,57.25,54.1292,56.763999999999996,28.134465762688283
1019,331.38,54.27,57.275,54.141000000000005,56.7962,28.149816746364166
1020,331.4,54.295,57.3,54.151199999999996,56.82900000000001,28.16577278203622
1021,331.42,54.32,57.394999999999996,54.1628,56.8652,28.18844980456795
1022,331.44,54.364999999999995,57.49,54.1766,56.908,28.21664602933451
1023,331.46,54.41,57.56,54.1922,56.956399999999995,28.23872226542451
1024,331.48,54.43,57.63,54.2086,57.0058,28.254080717118104
1025,331.5,54.45,57.655,54.2246,57.05440000000001,28.26884809677109
1026,331.52,54.375,57.68,54.236399999999996,57.10060000000001,28.297042637176723
1027,331.54,54.3,57.655,54.24419999999999,57.14240000000001,28.315392503663798
1028,331.56,54.345,57.63,54.2528,57.1814,28.321510408091697
1029,331.58,54.39,57.6,54.2614,57.217400000000005,28.34298984317827
1030,331.6,54.465,57.57,54.2712,57.24940000000001,28.35283591874678
1031,331.62,54.54,57.685,54.2838,57.283199999999994,28.357166398179267
1032,331.64,54.495000000000005,57.8,54.2944,57.319799999999994,28.378653707577723
1033,331.66,54.45,57.9,54.3036,57.358599999999996,28.40684720538623
1034,331.68,54.43,58.0,54.3124,57.3996,28.439968442807295
1035,331.7,54.41,58.04,54.321400000000004,57.4404,28.466388644171513
1036,331.72,54.415,58.08,54.3316,57.4858,28.477429784545976
1037,331.74,54.42,58.128499999999995,54.3412,57.536139999999996,28.494699266143655
1038,331.76,54.44,58.177,54.3508,57.58662,28.527351167049392
1039,331.78,54.46,58.2255,54.362199999999994,57.63724,28.560005255439613
1040,331.8,54.49,58.274,54.3758,57.688,28.571164471554724
1041,331.82,54.52,58.3225,54.3914,57.738899999999994,28.582323691049872
1042,331.84,54.475,58.370999999999995,54.406000000000006,57.78774000000001,28.616153870638932
1043,331.86,54.43,58.4195,54.415600000000005,57.834520000000005,28.649984187821005
1044,331.88,54.41,58.467999999999996,54.4212,57.882239999999996,28.67829390885253
1045,331.9,54.39,58.5165,54.425,57.9309,28.706603874034105
1046,331.92,54.394999999999996,58.565,54.428000000000004,57.9777,28.72269529468974
1047,331.94,54.4,58.613499999999995,54.429399999999994,58.02264,28.738787937367032
1048,331.96,54.45,58.662,54.431,58.066720000000004,28.760989107895025
1049,331.98,54.5,58.710499999999996,54.4338,58.109939999999995,28.783190370356294
1050,332.0,54.585,58.759,54.4392,58.1541,28.799870685200997
1051,332.02,54.67,58.8075,54.451,58.19919999999999,28.81655103280908
1052,332.04,54.58,58.855999999999995,54.4622,58.24723999999999,28.843688376689126
1053,332.06,54.49,58.9045,54.468,58.29822,28.87082752783091
1054,332.08,54.445,58.952999999999996,54.4702,58.35234,28.898551233641264
1055,332.1,54.4,59.0015,54.467600000000004,58.4096,28.926275118095063
1056,332.12,54.43,59.05,54.46320000000001,58.4642,28.9484776511587
1057,332.14,54.46,59.095,54.4618,58.516000000000005,28.969982197518625
1058,332.16,54.58,59.14,54.467,58.565599999999996,28.985966854518896
1059,332.18,54.7,59.185,54.47780000000001,58.613,29.002532444380407
1060,332.2,54.760000000000005,59.23,54.491800000000005,58.660599999999995,29.025199801849084
1061,332.22,54.82,59.22,54.508,58.706199999999995,29.053969968234995
1062,332.24,54.760000000000005,59.21,54.5216,58.74946,29.087100344889947
1063,332.26,54.7,59.379999999999995,54.532,58.797579999999996,29.11355099440675
1064,332.28,54.730000000000004,59.55,54.54280000000001,58.850559999999994,29.135639365324895
1065,332.3,54.76,59.605,54.5536,58.903800000000004,29.169928555854842
1066,332.32,54.81,59.66,54.565200000000004,58.9573,29.20421898249491
1067,332.34,54.86,59.66,54.5806,59.00886,29.23182843936494
1068,332.36,54.86,59.66,54.5978,59.05848,29.257705433843608
1069,332.38,54.86,59.69,54.6158,59.10736,29.284741846716027
1070,332.4,54.79,59.72,54.631800000000005,59.15549999999999,29.318451877144753
1071,332.42,54.72,59.765,54.6448,59.203500000000005,29.346064459709886
1072,332.44,54.735,59.81,54.65820000000001,59.25136,29.368154777525344
1073,332.46,54.75,59.855000000000004,54.6702,59.29908,29.40071755379846
1074,332.48,54.71,59.9,54.6786,59.34666,29.432712135517157
1075,332.5,54.67,60.01,54.681999999999995,59.3967,29.460327794129398
1076,332.52,54.705,60.12,54.6834,59.4492,29.482420566945432
1077,332.54,54.74,60.15,54.689800000000005,59.500960000000006,29.510036843730866
1078,332.56,54.785,60.18,54.7016,59.55197999999999,29.543745514179005
1079,332.58,54.83,60.269999999999996,54.717000000000006,59.604659999999996,29.576317307063945
1080,332.6,54.885,60.36,54.7364,59.659,29.603934744047233
1081,332.62,54.94,60.475,54.75679999999999,59.715999999999994,29.632119508095702
1082,332.64,54.925,60.59,54.77540000000001,59.7758,29.66469429943837
1083,332.66,54.91,60.605000000000004,54.788599999999995,59.8344,29.692312818019097
1084,332.68,55.045,60.62,54.8024,59.891799999999996,29.715539509169552
1085,332.7,55.18,60.65,54.8192,59.948600000000006,29.74315758145081
1086,332.72,55.1,60.68,54.8304,60.007,29.775170386371144
1087,332.74,55.02,60.725,54.8408,60.0676,29.808314256256587
1088,332.76,55.02,60.77,54.8536,60.1232,29.842021605203865
1089,332.78,55.02,60.895,54.865199999999994,60.177,29.87572899927348
1090,332.8,55.05,61.02,54.876799999999996,60.233599999999996,29.908873052092723
1091,332.82,55.08,61.11,54.8876,60.29160000000001,29.940894505109362
1092,332.84,55.12,61.2,54.898,60.353199999999994,29.974040750930296
1093,332.86,55.16,61.27,54.91,60.41759999999999,30.01327175414118
1094,332.88,55.15,61.34,54.9216,60.4836,30.05138382034393
1095,332.9,55.14,61.34,54.9356,60.5484,30.089498773688444
1096,332.92,55.175,61.34,54.9538,60.6114,30.117679900560642
1097,332.94,55.21,61.405,54.9728,60.675200000000004,30.140336430878236
1098,332.96,55.260000000000005,61.47,54.993199999999995,60.7398,30.167403173774716
1099,332.98,55.31,61.575,55.017199999999995,60.806799999999996,30.19999710759564
1100,333.0,55.345,61.68,55.044200000000004,60.873599999999996,30.233702491913444
1101,333.02,55.38,61.769999999999996,55.0712,60.9396,30.272932928554663
1102,333.04,55.394999999999996,61.86,55.0974,61.008,30.3116082930032
1103,333.06,55.41,61.91,55.1224,61.077200000000005,30.34475909797916
1104,333.08,55.4,61.96,55.145199999999996,61.144800000000004,30.38398938528494
1105,333.1,55.39,62.004999999999995,55.1654,61.21060000000001,30.42377436008994
1106,333.12,55.43,62.05,55.185,61.27360000000001,30.452510502105568
1107,333.14,55.47,62.18,55.206799999999994,61.337199999999996,30.480691276340707
1108,333.16,55.54,62.31,55.232,61.4054,30.519921855738136
1109,333.18,55.61,62.41,55.2546,61.477,30.56467730154931
1110,333.2,55.629999999999995,62.51,55.27259999999999,61.551399999999994,30.597271117489985
1111,333.22,55.65,62.480000000000004,55.2946,61.623400000000004,30.63042155454121
1112,333.24,55.614999999999995,62.45,55.318400000000004,61.6924,30.67020696447981
1113,333.26,55.58,62.43,55.3408,61.7588,30.709437421272817
1114,333.28,55.58,62.41,55.3632,61.819399999999995,30.758055079960947
1115,333.3,55.58,62.51,55.38440000000001,61.879,30.806680501478066
1116,333.32,55.754999999999995,62.61,55.41139999999999,61.93899999999999,30.8343086887465
1117,333.34,55.93,62.68,55.4438,61.998200000000004,30.85696155485452
1118,333.36,55.975,62.75,55.47639999999999,62.05740000000001,30.885140197869244
1119,333.38,56.02,62.94,55.5112,62.121399999999994,30.9238195701602
1120,333.4,55.945,63.13,55.5434,62.193000000000005,30.968575016588275
1121,333.42,55.87,63.19,55.5712,62.266999999999996,31.013880970892515
1122,333.44,55.849999999999994,63.25,55.5968,62.3408,31.058085908733865
1123,333.46,55.83,63.260000000000005,55.6196,62.4124,31.0962168266271
1124,333.48,55.84,63.27,55.6408,62.4802,31.135446418883493
1125,333.5,55.85,63.335,55.661,62.546400000000006,31.18020185523519
1126,333.52,55.96,63.4,55.684200000000004,62.611599999999996,31.218335306462482
1127,333.54,56.07,63.45,55.7112,62.6752,31.257017710044106
1128,333.56,56.09,63.5,55.7384,62.7388,31.30177312489473
1129,333.58,56.11,63.614999999999995,55.7668,62.805,31.345982293992623
1130,333.6,56.144999999999996,63.73,55.797,62.873999999999995,31.38521151070538
1131,333.62,56.18,63.785,55.827,62.943400000000004,31.424440742375644
1132,333.64,56.230000000000004,63.84,55.8574,63.009800000000006,31.463669988662645
1133,333.66,56.28,63.900000000000006,55.887,63.0734,31.502899249724756
1134,333.68,56.3,63.96,55.9146,63.1354,31.546563629540795
1135,333.7,56.32,64.03,55.9422,63.196200000000005,31.590774653475506
1136,333.72,56.239999999999995,64.1,55.9658,63.261,31.629459912564563
1137,333.74,56.16,64.215,55.9876,63.3316,31.673130170186976
1138,333.76,56.239999999999995,64.33,56.013999999999996,63.4076,31.717344093564122
1139,333.78,56.32,64.36,56.043600000000005,63.485600000000005,31.762099411519188
1140,333.8,56.36,64.39,56.074799999999996,63.56080000000001,31.81292286935425
1141,333.82,56.4,64.455,56.10060000000001,63.6346,31.862663634074536
1142,333.84,56.474999999999994,64.52,56.1224,63.7082,31.900811685719315
1143,333.86,56.55,64.58500000000001,56.1454,63.7816,31.94003999574734
1144,333.88,56.62,64.65,56.1694,63.85,31.97926832298059
1145,333.9,56.69,64.7,56.1992,63.9128,32.017957245505634
1146,333.92,56.7,64.75,56.2324,63.975199999999994,32.061635923295064
1147,333.94,56.71,64.81,56.266799999999996,64.0376,32.10531756842033
1148,333.96,56.705,64.87,56.3018,64.102,32.15007275180802
1149,333.98,56.7,64.96000000000001,56.3362,64.1696,32.195364392852284
1150,334.0,56.74,65.05,56.37179999999999,64.23819999999999,32.24618404983433
1151,334.02,56.78,65.13,56.40459999999999,64.3074,32.30199372258031
1152,334.04,56.81,65.21,56.434200000000004,64.3778,32.34514018871354
1153,334.06,56.84,65.275,56.4642,64.4488,32.38276554446051
1154,334.08,56.885000000000005,65.34,56.4952,64.5178,32.42752062291256
1155,334.1,56.93,65.36,56.5266,64.583,32.477803465912785
1156,334.12,56.92,65.38,56.55620000000001,64.6468,32.52096305103815
1157,334.14,56.91,65.43,56.583400000000005,64.71039999999999,32.56518768374346
1158,334.16,56.91,65.48,56.6086,64.7736,32.62099890379339
1159,334.18,56.91,65.575,56.632999999999996,64.8382,32.67522446733326
1160,334.2,56.98,65.67,56.6594,64.9038,32.718925862695
1161,334.22,57.05,65.7,56.69179999999999,64.9678,32.76368063719005
1162,334.24,57.135,65.73,56.7308,65.0284,32.80738480328631
1163,334.26,57.22,65.765,56.77,65.0858,32.850569066821905
1164,334.28,57.275,65.8,56.8082,65.1434,32.89532364894278
1165,334.3,57.33,65.88499999999999,56.847,65.2032,32.94060105059027
1166,334.32,57.230000000000004,65.97,56.880199999999995,65.2638,32.99641355210138
1167,334.34,57.13,66.055,56.906400000000005,65.32520000000001,33.0572325835752
1168,334.36,57.185,66.14,56.9318,65.3874,33.10699453402254
1169,334.38,57.24,66.25999999999999,56.9566,65.4518,33.15675731464152
1170,334.4,57.325,66.38,56.982,65.519,33.200991590163675
1171,334.42,57.41,66.41499999999999,57.0104,65.5856,33.24574602375752
1172,334.44,57.415,66.45,57.0386,65.6512,33.3020792280882
1173,334.46,57.42,66.495,57.0672,65.7162,33.35789221055836
1174,334.48,57.525000000000006,66.54,57.1002,65.7794,33.396077916789054
1175,334.5,57.63,66.57,57.135799999999996,65.84020000000001,33.42925461765132
1176,334.52,57.655,66.6,57.17080000000001,65.899,33.47452788473699
1177,334.54,57.68,66.655,57.2056,65.9568,33.52481167482661
1178,334.56,57.665,66.71,57.2386,66.0142,33.573541145115755
1179,334.58,57.65,66.82499999999999,57.2692,66.0736,33.62832239543075
1180,334.6,57.735,66.94,57.301399999999994,66.1368,33.68966609060875
1181,334.62,57.82,66.985,57.337399999999995,66.20100000000001,33.74496521016029
1182,334.64,57.82,67.03,57.3738,66.265,33.79473525398193
1183,334.66,57.82,67.1,57.410199999999996,66.32979999999999,33.850036229698844
1184,334.68,57.81,67.17,57.446200000000005,66.39359999999999,33.90431571359398
1185,334.7,57.8,67.24000000000001,57.479000000000006,66.4564,33.953580388732625
1186,334.72,57.84,67.31,57.510600000000004,66.5208,33.99884351365649
1187,334.74,57.88,67.315,57.540400000000005,66.5842,34.04912773262621
1188,334.76,58.065,67.32,57.5742,66.6464,34.09839385914102
1189,334.78,58.25,67.315,57.6132,66.707,34.142639441193865
1190,334.8,58.385000000000005,67.31,57.6554,66.764,34.181354819229824
1191,334.82,58.52,67.38499999999999,57.70700000000001,66.8206,34.23113241280351
1192,334.84,58.515,67.46,57.7624,66.87679999999999,34.28644173811132
1193,334.86,58.51,67.565,57.8154,66.9338,34.33521273997692
1194,334.88,58.455,67.67,57.864,66.9902,34.389521737406895
1195,334.9,58.4,67.725,57.907,67.044,34.44483697839397
1196,334.92,58.44,67.78,57.94820000000001,67.09859999999999,34.495121443233316
1197,334.94,58.48,67.83500000000001,57.9908,67.154,34.550937485418736
1198,334.96,58.56,67.89,58.0364,67.2098,34.60725403860799
1199,334.98,58.64,67.96000000000001,58.081,67.2666,34.65753849522514
1200,335.0,58.655,68.03,58.12200000000001,67.32499999999999,34.70632364221412
1201,335.02,58.67,68.055,58.16259999999999,67.3832,34.75511519986266
1202,335.04,58.665,68.08,58.202,67.4402,34.79937141535469
1203,335.06,58.66,68.175,58.241800000000005,67.4988,34.84412387164312
1204,335.08,58.69499999999999,68.27,58.2836,67.5566,34.89994044771325
1205,335.1,58.73,68.365,58.3234,67.6136,34.966325846633666
1206,335.12,58.86,68.46,58.365,67.6726,35.021647972820205
1207,335.14,58.99,68.52,58.4118,67.7322,35.07193249798683
1208,335.16,59.095,68.58,58.46280000000001,67.79140000000001,35.122217022783325
1209,335.18,59.2,68.62,58.51839999999999,67.8494,35.16647535311091
1210,335.2,59.24,68.66,58.57599999999999,67.9062,35.20974968476681
1211,335.22,59.28,68.66499999999999,58.633599999999994,67.96039999999999,35.264585151421194
1212,335.24,59.385000000000005,68.67,58.69379999999999,68.0146,35.320402390888944
1213,335.26,59.49,68.75999999999999,58.7508,68.07220000000001,35.370197217116385
1214,335.28,59.540000000000006,68.85,58.802400000000006,68.1336,35.41445985854811
1215,335.3,59.59,68.93,58.85060000000001,68.1984,35.46425597545825
1216,335.32,59.645,69.01,58.895599999999995,68.2634,35.52414577016146
1217,335.34,59.7,69.095,58.943000000000005,68.3288,35.57899328346864
1218,335.36,59.730000000000004,69.18,58.991800000000005,68.3934,35.629277745926245
1219,335.38,59.76,69.225,59.044000000000004,68.45559999999999,35.684611558847735
1220,335.4,59.76,69.27,59.0984,68.5174,35.739463631867615
1221,335.42,59.76,69.35,59.151199999999996,68.58019999999999,35.78926616719636
1222,335.44,59.84,69.43,59.2056,68.64399999999999,35.83401692726198
1223,335.46,59.92,69.46000000000001,59.26,68.7068,35.88382002932407
1224,335.48,60.019999999999996,69.49,59.315200000000004,68.768,35.93410442367782
1225,335.5,60.12,69.53,59.3738,68.828,35.98487015567214
1226,335.52,60.175,69.57,59.434000000000005,68.8886,36.04020692638221
1227,335.54,60.23,69.63499999999999,59.49660000000001,68.95079999999999,36.08953076943804
1228,335.56,60.25,69.7,59.5602,69.0118,36.133323255080754
1229,335.58,60.27,69.815,59.623200000000004,69.0736,36.183129570417464
1230,335.6,60.28,69.93,59.6852,69.1362,36.23341387584818
1231,335.62,60.29,69.97,59.742399999999996,69.1966,36.283220808096424
1232,335.64,60.355000000000004,70.01,59.797,69.25619999999999,36.33207696348237
1233,335.66,60.42,70.02000000000001,59.85,69.3138,36.3818864643405
1234,335.68,60.505,70.03,59.9022,69.37020000000001,36.43217065895484
1235,335.7,60.59,70.03999999999999,59.95620000000001,69.4254,36.49257648158388
1236,335.72,60.63,70.05,60.010200000000005,69.4808,36.559464382930685
1237,335.74,60.67,70.08,60.0616,69.5372,36.6152831140871
1238,335.76,60.705,70.11,60.110200000000006,69.5912,36.66509484338606
1239,335.78,60.74,70.215,60.158199999999994,69.6458,36.720441930328505
1240,335.8,60.725,70.32,60.203599999999994,69.7014,36.77578977284109
1241,335.82,60.71,70.44999999999999,60.2462,69.759,36.83160863899969
1242,335.84,60.805,70.58,60.2904,69.8184,36.88695727594989
1243,335.86,60.9,70.66499999999999,60.3372,69.8778,36.94183779875449
1244,335.88,60.980000000000004,70.75,60.386,69.9388,36.991185943967764
1245,335.9,61.06,70.745,60.438,69.9978,37.04053660773664
1246,335.92,61.11,70.74,60.492,70.0534,37.09589015777778
1247,335.94,61.16,70.75999999999999,60.5448,70.1066,37.15170932205594
1248,335.96,61.19499999999999,70.78,60.5958,70.15939999999999,37.20152816834803
1249,335.98,61.23,70.855,60.6442,70.214,37.25641955776393
1250,336.0,61.285,70.93,60.690799999999996,70.27,37.31177592991721
1251,336.02,61.34,71.0,60.7374,70.3272,37.36205954484475
1252,336.04,61.49,71.07,60.7878,70.3846,37.40634512189822
1253,336.06,61.64,71.175,60.8434,70.4436,37.45570583516013
1254,336.08,61.6,71.28,60.8966,70.5022,37.51614099828979
1255,336.1,61.56,71.33500000000001,60.9478,70.55839999999999,37.57703746284753
1256,336.12,61.585,71.39,60.9996,70.6152,37.633315839478904
1257,336.14,61.61,71.45,61.0498,70.6728,37.68913525699534
1258,336.16,61.71,71.51,61.10139999999999,70.7324,37.744037542607764
1259,336.18,61.81,71.515,61.153600000000004,70.7918,37.79386321547566
1260,336.2,61.84,71.52,61.203599999999994,70.851,37.844604164573276
1261,336.22,61.87,71.50999999999999,61.2532,70.9094,37.90042362512091
1262,336.24,61.91,71.5,61.3028,70.96620000000001,37.955328450105874
1263,336.26,61.95,71.625,61.3526,71.02680000000001,38.00515527380158
1264,336.28,61.92,71.75,61.399800000000006,71.0882,38.05543844971728
1265,336.3,61.89,71.805,61.446400000000004,71.1476,38.11633859967849
1266,336.32,61.875,71.86,61.493,71.20400000000001,38.176785228593545
1267,336.34,61.86,71.93,61.5352,71.258,38.23215111558649
1268,336.36,61.92,72.0,61.57599999999999,71.31139999999999,38.28198098737266
1269,336.38,61.98,72.08500000000001,61.61599999999999,71.3648,38.33734814645097
1270,336.4,62.015,72.17,61.6542,71.4218,38.399156877497234
1271,336.42,62.05,72.225,61.6918,71.4812,38.46096610065939
1272,336.44,62.065,72.28,61.728,71.542,38.52186948618134
1273,336.46,62.08,72.325,61.763400000000004,71.6038,38.57124850296221
1274,336.48,62.12,72.37,61.799,71.6644,38.61599447589572
1275,336.5,62.16,72.385,61.833999999999996,71.7226,38.67226583138802
1276,336.52,62.295,72.4,61.8722,71.77860000000001,38.7276337288053
1277,336.54,62.43,72.485,61.9098,71.8352,38.78808880049407
1278,336.56,62.46,72.57,61.94259999999999,71.891,38.84899574408431
1279,336.58,62.49,72.625,61.978199999999994,71.9448,38.899278373241636
1280,336.6,62.56,72.68,62.01820000000001,71.99860000000001,38.95464894672255
1281,336.62,62.63,72.755,62.06,72.0532,39.0210944873663
1282,336.64,62.620000000000005,72.83,62.1004,72.1084,39.07646647615335
1283,336.66,62.61,72.88,62.1364,72.1632,39.1258553257552
1284,336.68,62.655,72.93,62.170199999999994,72.2198,39.181229157778205
1285,336.7,62.7,72.99000000000001,62.2046,72.2786,39.236603623570346
1286,336.72,62.785,73.05,62.241200000000006,72.3402,39.285997142967524
1287,336.74,62.87,73.13,62.2796,72.40540000000001,39.33583576983382
1288,336.76,62.985,73.21,62.321,72.46880000000002,39.39209893955814
1289,336.78,63.1,73.29499999999999,62.368199999999995,72.5306,39.45345623000725
1290,336.8,63.125,73.38,62.4176,72.59360000000001,39.50838972407267
1291,336.82,63.15,73.38,62.468599999999995,72.6544,39.55822946634958
1292,336.84,63.11,73.38,62.5186,72.7124,39.6200291118284
1293,336.86,63.07,73.425,62.5646,72.7694,39.6878102216765
1294,336.88,63.114999999999995,73.47,62.61,72.82480000000001,39.74407382501339
1295,336.9,63.16,73.56,62.6558,72.8804,39.79346865407258
1296,336.92,63.23,73.65,62.703,72.93740000000001,39.84330788934812
1297,336.94,63.3,73.75,62.752399999999994,72.9962,39.899570381429164
1298,336.96,63.325,73.85,62.8022,73.05720000000001,39.95494727737799
1299,336.98,63.35,73.94,62.851400000000005,73.12,40.01542105916681
1300,337.0,63.400000000000006,74.03,62.901,73.1858,40.075897533200404
1301,337.02,63.45,74.0,62.947199999999995,73.2498,40.12530049239317
1302,337.04,63.5,73.97,62.99,73.3092,40.1755820737121
1303,337.06,63.55,74.00999999999999,63.03360000000001,73.3668,40.23140174274367
1304,337.08,63.64,74.05,63.0796,73.4238,40.29188315557504
1305,337.1,63.73,74.175,63.1264,73.4836,40.35834209457833
1306,337.12,63.81999999999999,74.3,63.174,73.5454,40.41328925207929
1307,337.14,63.91,74.265,63.22559999999999,73.6028,40.46226609659864
1308,337.16,63.975,74.23,63.280199999999994,73.6568,40.51254711778343
1309,337.18,64.04,74.305,63.33560000000001,73.7118,40.56836670743122
1310,337.2,64.045,74.38,63.389399999999995,73.7674,40.62885822484027
1311,337.22,64.05,74.435,63.44,73.8228,40.69489115139254
1312,337.24,64.095,74.49,63.489,73.87719999999999,40.75624949235127
1313,337.26,64.14,74.63,63.5352,73.934,40.80696194305959
1314,337.28,64.2,74.77,63.5792,73.993,40.85724274003842
1315,337.3,64.26,74.82499999999999,63.6246,74.0508,40.91306228530816
1316,337.32,64.39,74.88,63.6742,74.1108,40.96844998700399
1317,337.34,64.52,74.88499999999999,63.730599999999995,74.17099999999999,41.02894651080169
1318,337.36,64.55,74.89,63.78980000000001,74.2296,41.09498463610659
1319,337.38,64.58,74.97999999999999,63.8484,74.28999999999999,41.149947224266754
1320,337.4,64.625,75.07,63.907,74.3504,41.194688335079206
1321,337.42,64.67,75.09,63.9646,74.40799999999999,41.25050775326444
1322,337.44,64.66,75.11,64.01899999999999,74.4624,41.31101159267522
1323,337.46,64.65,75.09,64.072,74.512,41.366404473834045
1324,337.48,64.605,75.07,64.1222,74.5572,41.42818960146466
1325,337.5,64.56,75.18,64.1686,74.6032,41.49466113941691
1326,337.52,64.63,75.29,64.2158,74.6548,41.555168920984826
1327,337.54,64.7,75.27000000000001,64.26379999999999,74.70679999999999,41.61652766246205
1328,337.56,64.875,75.25,64.3168,74.7564,41.66638290446168
1329,337.58,65.05,75.38,64.37320000000001,74.8096,41.715815069429716
1330,337.6,65.13499999999999,75.51,64.4294,74.863,41.77632869105231
1331,337.62,65.22,75.64,64.4854,74.9166,41.83684477687863
1332,337.64,65.295,75.77,64.5408,74.9768,41.89266388338396
1333,337.66,65.37,75.78,64.59660000000001,75.0388,41.94848299107682
1334,337.68,65.445,75.79,64.6528,75.0982,42.00942137106238
1335,337.7,65.52,75.83500000000001,64.7118,75.1564,42.070780330400744
1336,337.72,65.515,75.88,64.7704,75.2142,42.12063949644062
1337,337.74,65.51,75.91499999999999,64.82700000000001,75.2712,42.17008013394234
1338,337.76,65.545,75.95,64.8832,75.324,42.22506290237786
1339,337.78,65.58,75.985,64.9384,75.37259999999999,42.280047863993495
1340,337.8,65.72999999999999,76.02,64.99719999999999,75.42039999999999,42.33032647962919
1341,337.82,65.88,76.08,65.05680000000001,75.4684,42.38060510915583
1342,337.84,65.995,76.14,65.1158,75.51859999999999,42.43005157182518
1343,337.86,66.11,76.21000000000001,65.1782,75.5714,42.48545511309331
1344,337.88,66.11,76.28,65.23939999999999,75.6234,42.54722949972098
1345,337.9,66.11,76.31,65.2988,75.673,42.61371378944457
1346,337.92,66.065,76.34,65.35459999999999,75.723,42.67978485731978
1347,337.94,66.02,76.385,65.409,75.774,42.73560353669715
1348,337.96,66.14,76.43,65.4686,75.8276,42.791008767243255
1349,337.98,66.26,76.495,65.53479999999999,75.8846,42.845590385569956
1350,338.0,66.28999999999999,76.56,65.604,75.9398,42.89463606378106
1351,338.02,66.32,76.565,65.6716,75.9908,42.950044854421165
1352,338.04,66.4,76.57,65.7396,76.0428,43.00073202958006
1353,338.06,66.48,76.72,65.8038,76.1016,43.05614069030636
1354,338.08,66.565,76.87,65.86439999999999,76.1612,43.116274140008336
1355,338.1,66.65,76.93,65.925,76.218,43.17127792594402
1356,338.12,66.695,76.99,65.98400000000001,76.272,43.226689654122524
1357,338.14,66.74,77.03999999999999,66.04180000000001,76.3228,43.28804895346601
1358,338.16,66.83500000000001,77.09,66.1004,76.37519999999999,43.34346116079838
1359,338.18,66.93,77.08500000000001,66.15979999999999,76.42699999999999,43.39292769034231
1360,338.2,66.97,77.08,66.2178,76.4768,43.437258549315615
1361,338.22,67.01,77.12,66.27759999999999,76.52640000000001,43.487131125709375
1362,338.24,67.025,77.16,66.3382,76.5762,43.54768415857153
1363,338.26,67.04,77.235,66.398,76.6276,43.60269782425225
1364,338.28,67.08500000000001,77.31,66.45819999999999,76.6806,43.65851550903614
1365,338.3,67.13,77.33,66.5142,76.73299999999999,43.72027664613691
1366,338.32,67.275,77.35,66.57,76.7838,43.77569250291621
1367,338.34,67.42,77.425,66.62700000000001,76.8352,43.82476598947131
1368,338.36,67.50999999999999,77.5,66.683,76.88680000000001,43.87384391148642
1369,338.38,67.6,77.60499999999999,66.7426,76.9398,43.934805008789795
1370,338.4,67.69999999999999,77.71,66.8062,76.9958,43.991818720120705
1371,338.42,67.8,77.75,66.8756,77.0522,44.04249446228239
1372,338.44,67.805,77.79,66.947,77.1084,44.097113482701964
1373,338.46,67.81,77.845,67.0138,77.165,44.152134532094905
1374,338.48,67.82,77.9,67.0762,77.2212,44.20755442943581
1375,338.5,67.83,77.86,67.13780000000001,77.2732,44.26337167551146
1376,338.52,67.94,77.82,67.20259999999999,77.3234,44.31404449488379
1377,338.54,68.05,77.87,67.2686,77.3754,44.3702599958076
1378,338.56,68.1,77.92,67.3334,77.4234,44.425679143528164
1379,338.58,68.15,78.005,67.3968,77.4688,44.47476283474736
1380,338.6,68.2,78.09,67.4588,77.5152,44.524641696247244
1381,338.62,68.25,78.16499999999999,67.521,77.56219999999999,44.580458818636515
1382,338.64,68.36,78.24,67.5858,77.61019999999999,44.63548488503279
1383,338.66,68.47,78.34,67.6512,77.6602,44.690512919936275
1384,338.68,68.505,78.44,67.7142,77.7144,44.740787529689506
1385,338.7,68.54,78.52,67.777,77.77199999999999,44.791851582267164
1386,338.72,68.55000000000001,78.6,67.8386,77.8312,44.85321080396716
1387,338.74,68.56,78.6,67.9,77.8888,44.91338664551847
1388,338.76,68.69,78.6,67.96600000000001,77.9434,44.968417204378056
1389,338.78,68.82,78.585,68.0354,77.9944,45.0242339515772
1390,338.8,68.84,78.57,68.1038,78.04400000000001,45.07965824603597
1391,338.82,68.86,78.555,68.16720000000001,78.09219999999999,45.12914899400365
1392,338.84,68.925,78.54,68.2274,78.13680000000001,45.173880521251306
1393,338.86,68.99,78.625,68.28659999999999,78.18180000000001,45.22969712306151
1394,338.88,68.99,78.71,68.3422,78.226,45.289884344997006
1395,338.9,68.99,78.85,68.3938,78.27159999999999,45.34492207603109
1396,338.92,69.06,78.99,68.4442,78.3212,45.39558481076697
1397,338.94,69.13,79.08,68.49719999999999,78.3728,45.45140118145136
1398,338.96,69.145,79.17,68.55059999999999,78.4258,45.511982241489214
1399,338.98,69.16,79.245,68.6042,78.4796,45.57256538273573
1400,339.0,69.255,79.32,68.6612,78.538,45.62760763669702
1401,339.02,69.35,79.32499999999999,68.7176,78.59819999999999,45.67749443155624
1402,339.04,69.455,79.33,68.7738,78.65659999999998,45.727381555763195
1403,339.06,69.56,79.27,68.8322,78.7106,45.78204299398636
1404,339.08,69.575,79.21,68.88919999999999,78.7588,45.837091580655866
1405,339.1,69.59,79.32,68.9448,78.808,45.89290711339165
1406,339.12,69.67500000000001,79.43,69.0018,78.8586,45.93801969476947
1407,339.14,69.76,79.49000000000001,69.0578,78.90859999999999,45.97720581146294
1408,339.16,69.77000000000001,79.55,69.10979999999999,78.957,46.02671116906917
1409,339.18,69.78,79.645,69.1608,79.0052,46.08768715081474
1410,339.2,69.905,79.74,69.2154,79.054,46.14942873621868
1411,339.22,70.03,79.765,69.2746,79.1006,46.20486137994822
1412,339.24,70.125,79.79,69.3372,79.1482,46.253987715943076
1413,339.26,70.22,79.795,69.3984,79.196,46.303878574350506
1414,339.28,70.275,79.8,69.4566,79.2446,46.348606917942305
1415,339.3,70.33,79.895,69.5162,79.29759999999999,46.39811772412189
1416,339.32,70.32499999999999,79.99,69.5748,79.355,46.46464015790536
1417,339.34,70.32,80.07,69.6306,79.4162,46.526378466685735
1418,339.36,70.375,80.15,69.68599999999999,79.4772,46.576270223115806
1419,339.38,70.43,80.16,69.7436,79.5352,46.631327008273566
1420,339.4,70.465,80.17,69.8026,79.588,46.68638560464763
1421,339.42,70.5,80.23,69.8602,79.63759999999999,46.74182292303685
1422,339.44,70.53999999999999,80.29,69.9166,79.68599999999999,46.79801513953265
1423,339.46,70.58,80.30000000000001,69.97399999999999,79.7312,46.8479085870276
1424,339.48,70.61,80.31,70.032,79.7738,46.896673761125825
1425,339.5,70.64,80.325,70.0874,79.81400000000001,46.95211296010846
1426,339.52,70.74000000000001,80.34,70.143,79.8546,47.0031346099081
1427,339.54,70.84,80.345,70.1984,79.8952,47.04823805265552
1428,339.56,70.99000000000001,80.35,70.2556,79.9384,47.09258841695595
1429,339.58,71.14,80.405,70.3182,79.98620000000001,47.14173176005145
1430,339.6,71.2,80.46,70.3826,80.03179999999999,47.191627305772556
1431,339.62,71.26,80.52,70.446,80.0754,47.24227267052709
1432,339.64,71.25,80.58,70.5056,80.119,47.298462696515756
1433,339.66,71.24,80.63,70.5644,80.1622,47.35465341478729
1434,339.68,71.19999999999999,80.68,70.6212,80.2036,47.409715920712365
1435,339.7,71.16,80.715,70.6714,80.2426,47.464405890899314
1436,339.72,71.28,80.75,70.72139999999999,80.282,47.508384696372076
1437,339.74,71.4,80.78,70.7724,80.3216,47.557537105754676
1438,339.76,71.405,80.81,70.8198,80.3622,47.61704265648657
1439,339.78,71.41,80.85,70.8652,80.4042,47.67175052278957
1440,339.8,71.405,80.89,70.90820000000001,80.444,47.7223872954018
1441,339.82,71.4,80.89,70.9512,80.48,47.7730248797048
1442,339.84,71.47,80.89,70.9972,80.51280000000001,47.817749423361164
1443,339.86,71.54,80.94,71.0438,80.54440000000001,47.8621048993921
1444,339.88,71.65,80.99,71.0926,80.57759999999999,47.917918264861996
1445,339.9,71.76,81.08,71.14439999999999,80.614,47.979645337966645
1446,339.92,71.83500000000001,81.17,71.1978,80.6516,48.02954503961623
1447,339.94,71.91,81.17,71.2526,80.6868,48.073164017499195
1448,339.96,71.955,81.17,71.30760000000001,80.7216,48.1230650241036
1449,339.98,72.0,81.235,71.3632,80.7586,48.17924586125081
1450,340.0,71.975,81.3,71.4166,80.79759999999999,48.22914670427405
1451,340.02,71.95,81.36,71.465,80.83840000000001,48.27904783044141
1452,340.04,72.065,81.42,71.51400000000001,80.8814,48.33486091428789
1453,340.06,72.18,81.405,71.56160000000001,80.92360000000001,48.385129442371436
1454,340.08,72.26,81.39,71.60640000000001,80.963,48.430221313679816
1455,340.1,72.34,81.42,71.652,81.0014,48.48049004817953
1456,340.12,72.4,81.45,71.69760000000001,81.0386,48.53002307507633
1457,340.14,72.46,81.495,71.746,81.0752,48.5799243783299
1458,340.16,72.455,81.54,71.7946,81.1116,48.63056019192344
1459,340.18,72.45,81.6,71.84460000000001,81.1484,48.68082879924301
1460,340.2,72.50999999999999,81.66,71.8986,81.1862,48.730362691968416
1461,340.22,72.57,81.715,71.95020000000001,81.2248,48.77989812113567
1462,340.24,72.6,81.77,71.9982,81.26440000000001,48.829800443560124
1463,340.26,72.63,81.72999999999999,72.0472,81.3012,48.87970304227538
1464,340.28,72.74,81.69,72.1004,81.3348,48.92924130088798
1465,340.3,72.85,81.75,72.1582,81.3692,48.98468967615392
1466,340.32,72.91999999999999,81.81,72.21900000000001,81.406,49.0353216711576
1467,340.34,72.99,81.78,72.27980000000001,81.4416,49.080409714886564
1468,340.36,73.055,81.75,72.3404,81.47399999999999,49.12476779841013
1469,340.38,73.12,81.86,72.39920000000001,81.50880000000001,49.17430659080629
1470,340.4,73.16499999999999,81.97,72.4554,81.5444,49.230119115789584
1471,340.42,73.21,81.95,72.5104,81.57560000000001,49.280751356850494
1472,340.44,73.16499999999999,81.93,72.5606,81.60600000000001,49.33138439312094
1473,340.46,73.12,81.96000000000001,72.60719999999999,81.6376,49.38128714208334
1474,340.48,73.14500000000001,81.99,72.65299999999999,81.6678,49.42564536867074
1475,340.5,73.17,82.05,72.7008,81.6978,49.47664390748961
1476,340.52,73.30000000000001,82.11,72.75479999999999,81.7278,49.526546338108936
1477,340.54,73.43,82.13499999999999,72.8094,81.7564,49.57571983181312
1478,340.56,73.515,82.16,72.8628,81.78659999999999,49.620078669388874
1479,340.58,73.6,82.205,72.9164,81.8192,49.65889282644289
1480,340.6,73.645,82.25,72.9686,81.8524,49.70361548566647
1481,340.62,73.69,82.215,73.02019999999999,81.883,49.74870229128519
1482,340.64,73.685,82.18,73.0692,81.9104,49.79342523848276
1483,340.66,73.68,82.20500000000001,73.1182,81.93700000000001,49.84369304152457
1484,340.68,73.69,82.23,73.1678,81.9622,49.899870638860236
1485,340.7,73.7,82.33000000000001,73.21539999999999,81.98899999999999,49.95604892115289
1486,340.72,73.825,82.43,73.26559999999999,82.0176,50.000406648662924
1487,340.74,73.95,82.47,73.3196,82.0456,50.04439968712169
1488,340.76,74.0,82.51,73.3744,82.0768,50.09393894273667
1489,340.78,74.05,82.485,73.4268,82.10860000000001,50.13866170589839
1490,340.8,74.10499999999999,82.46,73.477,82.13699999999999,50.1785690306375
1491,340.82,74.16,82.47,73.5266,82.1634,50.22329226118602
1492,340.84,74.25999999999999,82.48,73.5774,82.19139999999999,50.26247082063532
1493,340.86,74.36,82.53999999999999,73.6296,82.223,50.30164946897134
1494,340.88,74.35499999999999,82.6,73.679,82.2526,50.35191759407491
1495,340.9,74.35,82.655,73.7264,82.28,50.40255199350801
1496,340.92,74.33,82.71,73.7712,82.31040000000002,50.44654334561473
1497,340.94,74.31,82.74,73.817,82.34280000000001,50.496080823089166
1498,340.96,74.34,82.77,73.8658,82.3752,50.551528813472494
1499,340.98,74.37,82.745,73.9148,82.40539999999999,50.595887440781546
1500,341.0,74.555,82.72,73.9702,82.4322,50.62952065703249
1501,341.02,74.74,82.755,74.02780000000001,82.458,50.65760919912318
1502,341.04,74.77,82.79,74.0814,82.4842,50.69124268576096
1503,341.06,74.8,82.78,74.1328,82.509,50.74151058802712
1504,341.08,74.83,82.77,74.182,82.5316,50.79177852281582
1505,341.1,74.86,82.745,74.23060000000001,82.5514,50.836501743962614
1506,341.12,74.87,82.72,74.2778,82.5716,50.88085979352615
1507,341.14,74.88,82.785,74.32560000000001,82.5958,50.92521805158093
1508,341.16,74.91999999999999,82.85,74.37519999999999,82.6216,50.96957651739532
1509,341.18,74.96,82.89,74.42599999999999,82.648,51.01357139823946
1510,341.2,75.06,82.93,74.48039999999999,82.67200000000001,51.0527492016804
1511,341.22,75.16,82.95,74.5338,82.69279999999999,51.09229129837229
1512,341.24,75.175,82.97,74.58279999999999,82.71279999999999,51.13701428238067
1513,341.26,75.19,82.985,74.6304,82.7318,51.18210234078027
1514,341.28,75.24000000000001,83.0,74.678,82.7524,51.22201275609863
1515,341.3,75.29,83.045,74.7254,82.7758,51.26155864422052
1516,341.32,75.295,83.09,74.7708,82.80059999999999,51.30037088494316
1517,341.34,75.3,83.1,74.8124,82.82539999999999,51.33918328594486
1518,341.36,75.295,83.11,74.8498,82.84819999999999,51.38427394222241
1519,341.38,75.29,83.11,74.8872,82.8686,51.43490999523416
1520,341.4,75.42500000000001,83.11,74.9302,82.88680000000001,51.47335455840578
1521,341.42,75.56,83.12,74.9794,82.9032,51.5062556505501
1522,341.44,75.66499999999999,83.13,75.03359999999999,82.91879999999999,51.54580139561223
1523,341.46,75.77,83.145,75.0908,82.9338,51.585348105837525
1524,341.48,75.83,83.16,75.14920000000001,82.95039999999999,51.61898312756075
1525,341.5,75.89,83.195,75.20259999999999,82.96940000000001,51.658162780382874
1526,341.52,75.99000000000001,83.23,75.25259999999999,82.9884,51.70288701330221
1527,341.54,76.09,83.21000000000001,75.3054,83.0052,51.742066816843284
1528,341.56,76.17500000000001,83.19,75.3604,83.02159999999999,51.775333755639
1529,341.58,76.26,83.18,75.41760000000001,83.03800000000001,51.80860081269283
1530,341.6,76.20500000000001,83.17,75.47139999999999,83.055,51.848148948614565
1531,341.62,76.15,83.28,75.5226,83.0774,51.893242451293446
1532,341.64,76.255,83.39,75.5776,83.1016,51.93205340748285
1533,341.66,76.36,83.445,75.6352,83.12539999999998,51.97123352810625
1534,341.68,76.37,83.5,75.6916,83.1498,52.010783407293665
1535,341.7,76.38,83.52000000000001,75.7444,83.1734,52.04996389113428
1536,341.72,76.505,83.54,75.7982,83.197,52.08397070978907
1537,341.74,76.63,83.445,75.85640000000001,83.21600000000001,52.112434364293286
1538,341.76,76.65,83.35,75.9148,83.2306,52.146443365568466
1539,341.78,76.67,83.36,75.972,83.245,52.185997532480044
1540,341.8,76.67,83.37,76.02720000000001,83.258,52.22480637165805
1541,341.82,76.67,83.45500000000001,76.0822,83.2726,52.25289976831554
1542,341.84,76.68,83.54,76.1374,83.2902,52.2806203496302
1543,341.86,76.69,83.53,76.19319999999999,83.307,52.32422955404192
1544,341.88,76.8,83.52,76.25359999999999,83.3234,52.36303924725573
1545,341.9,76.91,83.50999999999999,76.313,83.33940000000001,52.396676031781205
1546,341.92,77.005,83.5,76.3708,83.3546,52.430312932292495
1547,341.94,77.1,83.535,76.4282,83.3708,52.46394994917614
1548,341.96,77.125,83.57,76.4824,83.38780000000001,52.50350359675039
1549,341.98,77.15,83.57499999999999,76.5352,83.40440000000001,52.537887604629645
1550,342.0,77.215,83.58,76.5882,83.4198,52.56598162504792
1551,342.02,77.28,83.55,76.63980000000001,83.43260000000001,52.599619801604135
1552,342.04,77.37,83.52,76.691,83.445,52.63400797749577
1553,342.06,77.46,83.52,76.7424,83.45819999999999,52.66764684339759
1554,342.08,77.44999999999999,83.52,76.79,83.4718,52.700535014805986
1555,342.1,77.44,83.565,76.83940000000001,83.4876,52.73379871346112
1556,342.12,77.55,83.61,76.8954,83.5008,52.767437229362976
1557,342.14,77.66,83.555,76.9516,83.5074,52.79590737048578
1558,342.16,77.67,83.5,77.00399999999999,83.50959999999999,52.82475530606023
1559,342.18,77.68,83.505,77.0564,83.5098,52.853606333242176
1560,342.2,77.745,83.51,77.111,83.5094,52.876159194981184
1561,342.22,77.81,83.58000000000001,77.1632,83.51100000000001,52.90904324125757
1562,342.24,77.875,83.65,77.21300000000001,83.5192,52.94822690870597
1563,342.26,77.94,83.7,77.2646,83.5332,52.982245294697556
1564,342.28,77.955,83.75,77.316,83.54880000000001,53.00479847527428
1565,342.3,77.97,83.745,77.368,83.56379999999999,53.027351857249535
1566,342.32,78.06,83.74,77.4236,83.57520000000001,53.06653612609033
1567,342.34,78.15,83.79499999999999,77.48240000000001,83.5854,53.11126402177487
1568,342.36,78.28,83.85,77.546,83.59819999999999,53.139361354146
1569,342.38,78.41,83.88499999999999,77.6104,83.61280000000001,53.16229562874149
1570,342.4,78.46000000000001,83.92,77.6724,83.6292,53.190774576242205
1571,342.42,78.51,83.88499999999999,77.73259999999999,83.64460000000001,53.21887291439005
1572,342.44,78.575,83.85,77.7916,83.65719999999999,53.24697140324501
1573,342.46,78.64,83.86,77.8522,83.6688,53.27507004160805
1574,342.48,78.63,83.87,77.9114,83.6806,53.30355137138304
1575,342.5,78.62,83.91,77.9676,83.69380000000001,53.33203383829523
1576,342.52,78.66499999999999,83.95,78.023,83.7098,53.35936685615064
1577,342.54,78.71,83.91,78.0766,83.7254,53.39224414487155
1578,342.56,78.75999999999999,83.87,78.1286,83.7394,53.426268880666036
1579,342.58,78.81,83.9,78.183,83.7546,53.44882486351274
1580,342.6,78.825,83.93,78.2384,83.7692,53.47099785153551
1581,342.62,78.84,83.9,78.29,83.7808,53.50502381122879
1582,342.64,78.91,83.87,78.34,83.7934,53.53905078030963
1583,342.66,78.98,83.91499999999999,78.39240000000001,83.81,53.56715086268045
1584,342.68,78.97,83.96,78.444,83.8282,53.58455006876864
1585,342.7,78.96,83.97999999999999,78.4926,83.84700000000001,53.60749364355515
1586,342.72,78.985,84.0,78.53960000000001,83.8638,53.64113771484582
1587,342.74,79.01,84.05,78.585,83.87979999999999,53.66923895073232
1588,342.76,79.06,84.1,78.62979999999999,83.8958,53.697340332167485
1589,342.78,79.11,84.16499999999999,78.676,83.91239999999999,53.73098475577213
1590,342.8,79.185,84.23,78.7246,83.93180000000001,53.764242193279564
1591,342.82,79.26,84.185,78.7726,83.9496,53.79749975660731
1592,342.84,79.28999999999999,84.14,78.81819999999999,83.96340000000001,53.82521448637886
1593,342.86,79.32,84.07,78.85979999999999,83.97220000000002,53.84184336076244
1594,342.88,79.31,84.0,78.8958,83.9768,53.85370265182875
1595,342.9,79.3,84.05,78.9294,83.98200000000001,53.8711062890726
1596,342.92,79.41,84.1,78.9654,83.9906,53.899208407612406
1597,342.94,79.52,84.13,79.00319999999999,84.0018,53.93246527577475
1598,342.96,79.525,84.16,79.0386,84.01379999999999,53.960567404381706
1599,342.98,79.53,84.215,79.0746,84.0276,53.989058367925495
1600,343.0,79.565,84.27,79.1124,84.042,54.011229339738755
1601,343.02,79.6,84.305,79.1498,84.05619999999999,54.03933192300134
1602,343.04,79.595,84.34,79.1852,84.0734,54.07890949199634
1603,343.06,79.59,84.265,79.21839999999999,84.0892,54.107012573711955
1604,343.08,79.71000000000001,84.19,79.25439999999999,84.10079999999999,54.11809787384483
1605,343.1,79.83,84.21000000000001,79.2946,84.11200000000001,54.12840461443482
1606,343.12,79.945,84.23,79.3388,84.1252,54.15018717083414
1607,343.14,80.06,84.27000000000001,79.3848,84.14119999999998,54.178289450834505
1608,343.16,80.075,84.31,79.4286,84.15699999999998,54.20639187398289
1609,343.18,80.09,84.34,79.4734,84.17219999999999,54.234494440352364
1610,343.2,80.03,84.37,79.5162,84.18780000000001,54.25744394703589
1611,343.22,79.97,84.435,79.5556,84.2052,54.27524283337827
1612,343.24,80.0,84.5,79.59519999999999,84.22319999999999,54.29780412381949
1613,343.26,80.03,84.53,79.634,84.24040000000001,54.325125977673395
1614,343.28,80.06,84.56,79.672,84.2562,54.34768703508243
1615,343.3,80.09,84.575,79.70819999999999,84.27,54.37024828246826
1616,343.32,80.17500000000001,84.59,79.7448,84.28620000000001,54.38687590082309
1617,343.34,80.26,84.605,79.78359999999999,84.3048,54.40350355148597
1618,343.36,80.255,84.62,79.821,84.3268,54.43675895920671
1619,343.38,80.25,84.58500000000001,79.85860000000001,84.3502,54.470405203314115
1620,343.4,80.28,84.55,79.8978,84.37020000000001,54.48742393474664
1621,343.42,80.31,84.56,79.9338,84.38860000000001,54.49890040933115
1622,343.44,80.36500000000001,84.57,79.9676,84.40620000000001,54.52185428911926
1623,343.46,80.42,84.555,80.0034,84.42200000000001,54.550351762054255
1624,343.48,80.515,84.54,80.0428,84.435,54.56658614013879
1625,343.5,80.61,84.555,80.0846,84.44640000000001,54.58321341059808
1626,343.52,80.6,84.57,80.1246,84.45700000000001,54.60616853261255
1627,343.54,80.59,84.61,80.1644,84.46780000000001,54.62240284440692
1628,343.56,80.55000000000001,84.65,80.20280000000001,84.4832,54.64418034791481
1629,343.58,80.51,84.7,80.2348,84.5036,54.671892737504166
1630,343.6,80.57,84.75,80.2644,84.5252,54.6936713335435
1631,343.62,80.63,84.72999999999999,80.29180000000001,84.54520000000001,54.715841520314115
1632,343.64,80.65,84.71,80.3154,84.56279999999998,54.732469193917794
1633,343.66,80.67,84.705,80.3392,84.57860000000001,54.74909689889158
1634,343.68,80.695,84.7,80.3634,84.59300000000002,54.77720060036705
1635,343.7,80.72,84.71000000000001,80.391,84.6066,54.8053044426099
1636,343.72,80.765,84.72,80.42280000000001,84.618,54.822323409919505
1637,343.74,80.81,84.77,80.4552,84.6288,54.83301712819014
1638,343.76,80.81,84.82,80.4864,84.64040000000001,54.84925406777695
1639,343.78,80.81,84.805,80.51639999999999,84.6502,54.87181504465851
1640,343.8,80.795,84.79,80.5446,84.65880000000001,54.89476750845004
1641,343.82,80.78,84.73500000000001,80.5688,84.6646,54.91732915245293
1642,343.84,80.9,84.68,80.59440000000001,84.66760000000001,54.93434852628573
1643,343.86,81.02,84.775,80.625,84.67380000000001,54.95176083657109
1644,343.88,81.09,84.87,80.65859999999999,84.68520000000001,54.96838800009634
1645,343.9,81.16,84.845,80.6938,84.697,54.984230729014904
1646,343.92,81.17,84.82,80.7282,84.70739999999999,55.00561833116162
1647,343.94,81.18,84.8,80.7608,84.7166,55.02778866476139
1648,343.96,81.225,84.78,80.793,84.7256,55.044807129508676
1649,343.98,81.27,84.8,80.8232,84.736,55.061434825777134
1650,344.0,81.27,84.82,80.8496,84.7466,55.07767210872184
1651,344.02,81.27,84.845,80.8764,84.7576,55.09391010536074
1652,344.04,81.25999999999999,84.87,80.9032,84.76799999999999,55.11092789325849
1653,344.06,81.25,84.935,80.9312,84.77939999999998,55.13426998568785
1654,344.08,81.28999999999999,85.0,80.9624,84.7914,55.156831399704195
1655,344.1,81.33,85.03999999999999,80.9928,84.80300000000001,55.17267716405855
1656,344.12,81.36,85.08,81.02199999999999,84.81700000000001,55.18891487524719
1657,344.14,81.39,85.065,81.0516,84.83120000000001,55.205153297680184
1658,344.16,81.31,85.05,81.0772,84.845,55.23247794450498
1659,344.18,81.23,85.025,81.0986,84.85799999999999,55.26019177405227
1660,344.2,81.28,85.0,81.12100000000001,84.86959999999999,55.27682010806992
1661,344.22,81.33,84.96000000000001,81.14359999999999,84.8792,55.29344847239926
1662,344.24,81.38499999999999,84.92,81.1666,84.8852,55.30968895551071
1663,344.26,81.44,84.95,81.1918,84.89040000000001,55.32593014793895
1664,344.28,81.53999999999999,84.98,81.221,84.8974,55.337015933294104
1665,344.3,81.64,85.07,81.25479999999999,84.9086,55.35403179860901
1666,344.32,81.71000000000001,85.16,81.292,84.92559999999999,55.3706604218594
1667,344.34,81.78,85.22999999999999,81.32719999999999,84.94760000000001,55.386515672670555
1668,344.36,81.78,85.3,81.3576,84.96860000000001,55.41384471657493
1669,344.38,81.78,85.275,81.3852,84.98479999999999,55.43601683777255
1670,344.4,81.78,85.25,81.41,85.001,55.45264596073516
1671,344.42,81.78,85.24000000000001,81.4344,85.0178,55.46373205553043
1672,344.44,82.02000000000001,85.23,81.468,85.035,55.46334699303017
1673,344.46,82.26,85.2,81.5094,85.0518,55.468121383885226
1674,344.48,82.315,85.17,81.5512,85.0666,55.47920772956524
1675,344.5,82.37,85.155,81.59519999999999,85.08,55.490678059103544
1676,344.52,82.31,85.14,81.63680000000001,85.0918,55.50692365637148
1677,344.54,82.25,85.21000000000001,81.6764,85.10539999999999,55.53425645743489
1678,344.56,82.195,85.28,81.7142,85.1192,55.55012133565746
1679,344.58,82.14,85.315,81.7482,85.1318,55.55490162921554
1680,344.6,82.03,85.35,81.7762,85.1442,55.582238090086996
1681,344.62,81.92,85.32499999999999,81.7986,85.154,55.61549897645253
1682,344.64,82.005,85.3,81.8232,85.1634,55.62734711805618
1683,344.66,82.09,85.295,81.8544,85.1732,55.63289053091607
1684,344.68,82.195,85.29,81.89299999999999,85.18379999999999,55.648759955048355
1685,344.7,82.3,85.33500000000001,81.93379999999999,85.1972,55.67017523157399
1686,344.72,82.395,85.38,81.9764,85.214,55.675340129712545
1687,344.74,82.49,85.38499999999999,82.0206,85.2326,55.6753401180625
1688,344.76,82.565,85.39,82.06559999999999,85.2502,55.68604922064013
1689,344.78,82.64,85.35,82.10959999999999,85.265,55.69675892947949
1690,344.8,82.66,85.31,82.1504,85.27459999999999,55.713013018640005
1691,344.82,82.68,85.33,82.1892,85.28139999999999,55.729267803565634
1692,344.84,82.69,85.35,82.2256,85.28620000000001,55.73997941384395
1693,344.86,82.7,85.35499999999999,82.2624,85.2884,55.75106714393218
1694,344.88,82.68,85.36,82.2984,85.29180000000001,55.75698692746997
1695,344.9,82.66,85.4,82.3336,85.29780000000001,55.77324264029699
1696,344.92,82.77,85.44,82.3732,85.3058,55.80021218296807
1697,344.94,82.88,85.495,82.4076,85.31639999999999,55.821640248185005
1698,344.96,82.84,85.55,82.4308,85.3304,55.83752657238612
1699,344.98,82.8,85.57,82.45020000000001,85.34639999999999,55.85415901649506
1700,345.0,82.895,85.59,82.47120000000001,85.36380000000001,55.86599282214511
1701,345.02,82.99,85.525,82.4984,85.37919999999998,55.87153690053574
1702,345.04,82.99,85.46,82.52799999999999,85.3892,55.88150782415599
1703,345.06,82.99,85.435,82.5598,85.3954,55.89185375117067
1704,345.08,83.02,85.41,82.595,85.39920000000001,55.89776901547822
1705,345.1,83.05,85.465,82.6358,85.40379999999999,55.90960066442601
1706,345.12,83.015,85.52,82.67960000000001,85.41159999999999,55.926233228915116
1707,345.14,82.98,85.57499999999999,82.71860000000001,85.4226,55.94212311753152
1708,345.16,83.01,85.63,82.75540000000001,85.436,55.94692651710853
1709,345.18,83.04,85.695,82.7892,85.45219999999999,55.95247086358432
1710,345.2,83.09,85.76,82.8208,85.4692,55.97501834309309
1711,345.22,83.14,85.755,82.8506,85.48419999999999,55.9968258097459
1712,345.24,83.19,85.75,82.87859999999999,85.49880000000002,56.0016318061622
1713,345.26,83.24,85.69,82.90559999999999,85.5108,56.00680776352534
1714,345.28,83.25999999999999,85.63,82.93039999999999,85.52199999999999,56.02270581557914
1715,345.3,83.28,85.62,82.9552,85.53439999999999,56.03860608947198
1716,345.32,83.28999999999999,85.61,82.9796,85.5456,56.04932940522262
1717,345.34,83.3,85.64500000000001,83.00399999999999,85.5574,56.060053316907926
1718,345.36,83.34,85.68,83.02959999999999,85.5704,56.07632261488034
1719,345.38,83.38,85.70500000000001,83.05760000000001,85.5842,56.09295699261256
1720,345.4,83.395,85.73,83.087,85.5974,56.10441135203169
1721,345.42,83.41,85.70500000000001,83.1126,85.608,56.104046576895925
1722,345.44,83.425,85.68,83.1344,85.6154,56.09777347795024
1723,345.46,83.44,85.75,83.1584,85.6234,56.11404473088235
1724,345.48,83.545,85.82,83.1882,85.6334,56.13104276158716
1725,345.5,83.65,85.8,83.2184,85.64179999999999,56.131406456486204
1726,345.52,83.70500000000001,85.78,83.24700000000001,85.652,56.14213253168007
1727,345.54,83.76,85.78999999999999,83.27780000000001,85.6652,56.164312140045276
1728,345.56,83.73,85.8,83.3074,85.67980000000001,56.17503897556624
1729,345.58,83.7,85.82,83.33460000000001,85.69619999999999,56.17985934467988
1730,345.6,83.75,85.84,83.3626,85.7112,56.1961329052832
1731,345.62,83.8,85.86500000000001,83.39399999999999,85.725,56.212768121363105
1732,345.64,83.85499999999999,85.89,83.429,85.7376,56.218313192068216
1733,345.66,83.91,85.85,83.465,85.7464,56.21759173604805
1734,345.68,83.9,85.81,83.49940000000001,85.751,56.22241725905275
1735,345.7,83.89,85.775,83.53139999999999,85.7516,56.22796247736219
1736,345.72,83.905,85.74,83.56200000000001,85.75099999999999,56.22832202274678
1737,345.74,83.92,85.805,83.59119999999999,85.75319999999999,56.2449576103537
1738,345.76,83.965,85.87,83.62020000000001,85.7604,56.26123388071292
1739,345.78,84.01,85.93,83.6502,85.7724,56.26123387014107
1740,345.8,84.14500000000001,85.99,83.6848,85.78720000000001,56.26195298417519
1741,345.82,84.28,85.945,83.7244,85.80059999999999,56.273764066514914
1742,345.84,84.305,85.9,83.76460000000002,85.8108,56.28449377064178
1743,345.86,84.33,85.875,83.8042,85.81859999999999,56.288960102263566
1744,345.88,84.225,85.85,83.83800000000001,85.82439999999998,56.30559589129503
1745,345.9,84.12,85.84,83.867,85.82879999999999,56.322590660561616
1746,345.92,84.14,85.83,83.89620000000001,85.8338,56.32777697615775
1747,345.94,84.16,85.83,83.92559999999999,85.8398,56.332963802233316
1748,345.96,84.27,85.83,83.9588,85.84300000000002,56.33779360300146
1749,345.98,84.38,85.85,83.9922,85.8442,56.34333898764714
1750,346.0,84.41999999999999,85.87,84.023,85.84700000000001,56.349241841050386
1751,346.02,84.46,85.93,84.0532,85.853,56.35407277118931
1752,346.04,84.425,85.99,84.07979999999999,85.861,56.358905593609016
1753,346.06,84.39,85.94999999999999,84.10619999999999,85.86699999999999,56.36964103124718
1754,346.08,84.3,85.91,84.1302,85.87060000000001,56.391468245980434
1755,346.1,84.21,85.97999999999999,84.1486,85.87620000000001,56.4077505800649
1756,346.12,84.22999999999999,86.05,84.1658,85.88359999999999,56.41329621094362
1757,346.14,84.25,86.02,84.1816,85.88879999999999,56.41884184460076
1758,346.16,84.285,85.99,84.1966,85.8944,56.42474183580526
1759,346.18,84.32,85.965,84.21340000000001,85.9006,56.43099738879087
1760,346.2,84.365,85.94,84.2324,85.90719999999999,56.43654292629296
1761,346.22,84.41,85.96000000000001,84.2526,85.916,56.4469242797278
1762,346.24,84.435,85.98,84.2732,85.92299999999999,56.45730766973358
1763,346.26,84.46,85.965,84.29299999999999,85.9268,56.46285336035347
1764,346.28,84.475,85.95,84.3116,85.9276,56.468045849890856
1765,346.3,84.49,86.0,84.32539999999999,85.928,56.472534692769834
1766,346.32,84.44,86.05,84.3318,85.93220000000001,56.48847003041588
1767,346.34,84.39,86.08500000000001,84.3352,85.93960000000001,56.50475745897501
1768,346.36,84.39500000000001,86.12,84.33779999999999,85.94940000000001,56.504407539945674
1769,346.38,84.4,86.14500000000001,84.34479999999999,85.9612,56.50960409329739
1770,346.4,84.505,86.17,84.36019999999999,85.9744,56.515499525570654
1771,346.42,84.61,86.155,84.37899999999999,85.9874,56.515849354595254
1772,346.44,84.68,86.14,84.3998,85.99980000000001,56.52104551221428
1773,346.46,84.75,86.14,84.419,86.01219999999999,56.5321375244304
1774,346.48,84.78999999999999,86.14,84.43540000000002,86.0238,56.543579215697
1775,346.5,84.83,86.11,84.4518,86.0334,56.54877555854459
1776,346.52,84.81,86.08,84.4658,86.0394,56.54842634964712
1777,346.54,84.79,86.1,84.48039999999999,86.04379999999999,56.548426339155206
1778,346.56,84.80000000000001,86.12,84.49680000000001,86.05060000000002,56.55432155069436
1779,346.58,84.81,86.11,84.51719999999999,86.05859999999998,56.55502117504443
1780,346.6,84.81,86.1,84.54119999999999,86.0634,56.55537163532942
1781,346.62,84.81,86.12,84.5644,86.06620000000001,56.57236020572476
1782,346.64,84.81,86.14,84.5868,86.071,56.588997894752744
1783,346.66,84.81,86.11500000000001,84.60780000000001,86.07600000000001,56.58899788443792
1784,346.68,84.83,86.09,84.62819999999999,86.081,56.58934900933737
1785,346.7,84.85,86.13,84.6476,86.0886,56.60008967643278
1786,346.72,84.85,86.17,84.6652,86.09700000000001,56.610480800457445
1787,346.74,84.85,86.13499999999999,84.68180000000001,86.1032,56.6156771168351
1788,346.76,84.91999999999999,86.1,84.70020000000001,86.10860000000001,56.62087393996389
1789,346.78,84.99,86.065,84.7208,86.11319999999999,56.6264199883163
1790,346.8,84.945,86.03,84.73899999999999,86.1144,56.631966039268555
1791,346.82,84.9,86.08500000000001,84.7574,86.1158,56.64305815951708
1792,346.84,84.87,86.14,84.7766,86.118,56.654499273246756
1793,346.86,84.84,86.16,84.79440000000001,86.11959999999999,56.659696354336546
1794,346.88,84.87,86.18,84.8132,86.12100000000001,56.65899975099983
1795,346.9,84.9,86.155,84.829,86.12039999999999,56.65345359761418
1796,346.92,84.91,86.13,84.84100000000001,86.1194,56.65345358737681
1797,346.94,84.92,86.13,84.8506,86.119,56.66974443736287
1798,346.96,84.98,86.13,84.85979999999999,86.1186,56.68673046365943
1799,346.98,85.04,86.15,84.8698,86.119,56.692972796590624
1800,347.0,85.07,86.17,84.8794,86.1214,56.692972786099254
1801,347.02,85.1,86.21000000000001,84.891,86.1266,56.698518869367206
1802,347.04,85.085,86.25,84.90280000000001,86.1326,56.70995969520294
1803,347.06,85.07,86.19,84.9136,86.13539999999999,56.71515714454024
1804,347.08,85.03,86.13,84.9224,86.1362,56.72035509997366
1805,347.1,84.99,86.14,84.9296,86.13780000000001,56.72624933521041
1806,347.12,84.965,86.15,84.9358,86.139,56.73144736296221
1807,347.14,84.94,86.15,84.941,86.13940000000001,56.73699349867456
1808,347.16,85.00999999999999,86.15,84.949,86.1408,56.73214391811591
1809,347.18,85.08,86.185,84.959,86.14460000000001,56.726249292918496
1810,347.2,85.155,86.22,84.9712,86.1482,56.72590117815002
1811,347.22,85.23,86.175,84.98639999999999,86.1484,56.731447310993666
1812,347.24,85.21000000000001,86.13,85.0008,86.1482,56.742539595250946
1813,347.26,85.19,86.22,85.0116,86.15299999999999,56.748433705034024
1814,347.28,85.145,86.31,85.01780000000001,86.1628,56.75397981462096
1815,347.3,85.1,86.325,85.024,86.1746,56.7591780271616
1816,347.32,85.11,86.34,85.0324,86.1848,56.76437674376645
1817,347.34,85.12,86.275,85.0424,86.1902,56.77546912794736
1818,347.36,85.155,86.21,85.055,86.19220000000001,56.78690881972524
1819,347.38,85.19,86.195,85.06779999999999,86.19279999999999,56.79280267868957
1820,347.4,85.21000000000001,86.18,85.0802,86.19380000000001,56.793150799392805
1821,347.42,85.23,86.22,85.09299999999999,86.1974,56.79869689616211
1822,347.44,85.185,86.26,85.10359999999999,86.2026,56.80909348530845
1823,347.46,85.14,86.285,85.11,86.2088,56.81394583803939
1824,347.48,85.10499999999999,86.31,85.1126,86.21520000000001,56.81983874083782
1825,347.5,85.07,86.28,85.1126,86.21960000000001,56.831625662264315
1826,347.52,85.07499999999999,86.25,85.1116,86.22120000000001,56.8427179747552
1827,347.54,85.08,86.285,85.11139999999999,86.2226,56.84826412959144
1828,347.56,85.07499999999999,86.32,85.1116,86.2278,56.8534629643017
1829,347.58,85.07,86.35,85.11319999999999,86.2366,56.85831587987849
1830,347.6,85.1,86.38,85.1176,86.2462,56.8527695974655
1831,347.62,85.13,86.345,85.1242,86.25399999999999,56.85311604383324
1832,347.64,85.115,86.31,85.13119999999999,86.26039999999999,56.86975475654664
1833,347.66,85.1,86.31,85.1348,86.26679999999999,56.88050095396019
1834,347.68,85.08,86.31,85.1348,86.2718,56.88604722929514
1835,347.7,85.06,86.28999999999999,85.131,86.2746,56.897485983378935
1836,347.72,85.03999999999999,86.27,85.1234,86.2784,56.90823237619853
1837,347.74,85.02,86.25,85.1158,86.2832,56.91308779384322
1838,347.76,85.11,86.23,85.11259999999999,86.2836,56.90788667002672
1839,347.78,85.2,86.28999999999999,85.1148,86.28280000000001,56.9085784637031
1840,347.8,85.275,86.35,85.12180000000001,86.28380000000001,56.914471235622806
1841,347.82,85.35,86.35,85.1314,86.2842,56.9200174588024
1842,347.84,85.3,86.35,85.13860000000001,86.2872,56.93076350736095
1843,347.86,85.25,86.335,85.1424,86.2922,56.94185604987521
1844,347.88,85.205,86.32,85.14299999999999,86.29719999999999,56.95294860325294
1845,347.9,85.16,86.31,85.14099999999999,86.30239999999999,56.95849487909854
1846,347.92,85.145,86.3,85.13759999999998,86.3056,56.96438737100006
1847,347.94,85.13,86.32499999999999,85.13539999999999,86.3082,56.96438736088106
1848,347.96,85.14,86.35,85.1354,86.3108,56.964733996965926
1849,347.98,85.15,86.345,85.13719999999999,86.31219999999999,56.98206705242983
1850,348.0,85.185,86.34,85.14179999999999,86.31459999999998,56.99281203046821
1851,348.02,85.22,86.35,85.1476,86.31859999999999,56.99801134667941
1852,348.04,85.27,86.36,85.15519999999998,86.3216,56.99835821231719
1853,348.06,85.32,86.35,85.165,86.32279999999999,56.9931593408354
1854,348.08,85.315,86.34,85.17479999999999,86.3224,56.99870550009603
1855,348.1,85.31,86.305,85.1832,86.31939999999999,57.00390438676644
1856,348.12,85.21000000000001,86.27,85.18639999999999,86.31639999999999,57.00910377609215
1857,348.14,85.11,86.31,85.18620000000001,86.31639999999999,57.02019625803672
1858,348.16,85.06,86.35,85.18459999999999,86.31800000000001,57.04203508888917
1859,348.18,85.01,86.36,85.18180000000001,86.31999999999998,57.058328326930194
1860,348.2,85.03,86.37,85.1806,86.3232,57.05312765951278
1861,348.22,85.05,86.38,85.181,86.32759999999999,57.05867394811821
1862,348.24,85.125,86.39,85.18520000000001,86.33319999999999,57.074967310503595
1863,348.26,85.2,86.35,85.18879999999999,86.338,57.07496730034175
1864,348.28,85.21000000000001,86.31,85.1892,86.33879999999999,57.069420949237255
1865,348.3,85.22,86.30000000000001,85.18700000000001,86.3368,57.07496727977895
1866,348.32,85.16,86.29,85.1794,86.3344,57.09715265834948
1867,348.34,85.1,86.345,85.17139999999999,86.3342,57.11344684369448
1868,348.36,85.06,86.4,85.1638,86.3368,57.11864881934499
1869,348.38,85.02,86.415,85.15639999999999,86.3406,57.13528811050921
1870,348.4,84.94999999999999,86.43,85.148,86.34539999999998,57.14603716955238
1871,348.42,84.88,86.375,85.1374,86.3484,57.1456937797138
1872,348.44,84.97,86.32,85.131,86.34819999999999,57.14638095983564
1873,348.46,85.06,86.31,85.12780000000001,86.3466,57.152616241715236
1874,348.48,85.14,86.3,85.1274,86.34480000000002,57.158162610708146
1875,348.5,85.22,86.33500000000001,85.1288,86.34460000000001,57.15781799477018
1876,348.52,85.245,86.37,85.12979999999999,86.34540000000001,57.16336440012157
1877,348.54,85.27,86.345,85.12979999999999,86.34479999999999,57.17480173536799
1878,348.56,85.21000000000001,86.32,85.12540000000001,86.34360000000001,57.185894507730836
1879,348.58,85.15,86.3,85.1188,86.34200000000001,57.19144089277714
1880,348.6,85.2,86.28,85.1144,86.34100000000001,57.196987281123455
1881,348.62,85.25,86.27000000000001,85.116,86.34100000000001,57.20808007423552
1882,348.64,85.25999999999999,86.26,85.12200000000001,86.33900000000001,57.20842479966193
1883,348.66,85.27,86.285,85.1304,86.3364,57.20322362004726
1884,348.68,85.3,86.31,85.142,86.3344,57.20876994610959
1885,348.7,85.33,86.30000000000001,85.154,86.3316,57.21431627504065
1886,348.72,85.245,86.29,85.1618,86.32800000000002,57.22540895058019
1887,348.74,85.16,86.325,85.1632,86.32539999999999,57.24724941008933
1888,348.76,85.09,86.36,85.15879999999999,86.3258,57.26354417614524
1889,348.78,85.02,86.37,85.15119999999999,86.3282,57.26354416610441
1890,348.8,85.065,86.38,85.145,86.33139999999999,57.26354415632882
1891,348.82,85.11,86.35499999999999,85.14299999999999,86.334,57.28018344822197
1892,348.84,85.155,86.33,85.1452,86.3334,57.286074145558366
1893,348.86,85.2,86.33500000000001,85.1508,86.3308,57.27532609150331
1894,348.88,85.215,86.34,85.1586,86.32780000000001,57.27532608123825
1895,348.9,85.23,86.33500000000001,85.1698,86.32400000000001,57.291965189235874
1896,348.92,85.235,86.33,85.184,86.32220000000001,57.303402965424944
1897,348.94,85.24,86.32499999999999,85.1948,86.3224,57.29820210029648
1898,348.96,85.25999999999999,86.32,85.20280000000001,86.3228,57.298202089631424
1899,348.98,85.28,86.335,85.2084,86.3242,57.31484102742072
1900,349.0,85.265,86.35,85.2102,86.3248,57.33182571081214
1901,349.02,85.25,86.38,85.2104,86.32520000000001,57.33771811345589
1902,349.04,85.235,86.41,85.209,86.32780000000001,57.34291828398147
1903,349.06,85.22,86.395,85.2094,86.3308,57.35332013282014
1904,349.08,85.13499999999999,86.38,85.2088,86.334,57.36441287130781
1905,349.1,85.05,86.39,85.20279999999998,86.33840000000001,57.37064978407751
1906,349.12,85.0,86.4,85.19279999999999,86.34360000000001,57.376888283153924
1907,349.14,84.95,86.385,85.18039999999999,86.34859999999999,57.393873671043956
1908,349.16,85.045,86.37,85.17139999999999,86.352,57.40531311489918
1909,349.18,85.14,86.4,85.165,86.3556,57.399766911085536
1910,349.2,85.22,86.43,85.16059999999999,86.3608,57.39941986396899
1911,349.22,85.3,86.41,85.16279999999999,86.3656,57.416058541117145
1912,349.24,85.31,86.39,85.1688,86.3682,57.421951667956385
1913,349.26,85.32,86.345,85.178,86.3676,57.422646750908505
1914,349.28,85.31,86.3,85.18959999999998,86.3648,57.43443569043255
1915,349.3,85.3,86.28,85.199,86.3608,57.44033070188722
1916,349.32,85.3,86.26,85.2066,86.35700000000001,57.44068006757427
1917,349.34,85.3,86.26,85.2124,86.3542,57.44657583742751
1918,349.36,85.305,86.26,85.2166,86.3512,57.457667786713955
1919,349.38,85.31,86.315,85.22040000000001,86.3502,57.46875974655681
1920,349.4,85.315,86.37,85.2238,86.3516,57.47985171748081
1921,349.42,85.32,86.38,85.2272,86.3536,57.47985170671697
1922,349.44,85.35499999999999,86.39,85.2318,86.3562,57.4750061951965
1923,349.46,85.39,86.39500000000001,85.237,86.3592,57.48644885611288
1924,349.48,85.405,86.4,85.24199999999999,86.3618,57.50273582163596
1925,349.5,85.42,86.39500000000001,85.2482,86.3636,57.502735811088314
1926,349.52,85.39,86.39,85.25380000000001,86.36399999999999,57.49129357469756
1927,349.54,85.36,86.33500000000001,85.2588,86.361,57.49648963471079
1928,349.56,85.28,86.28,85.26119999999999,86.3564,57.52456938983147
1929,349.58,85.2,86.295,85.26379999999999,86.353,57.541907870277754
1930,349.6,85.16499999999999,86.31,85.2684,86.3498,57.54815596427821
1931,349.62,85.13,86.36500000000001,85.2736,86.3484,57.55959933627017
1932,349.64,85.19,86.42,85.2832,86.34980000000002,57.55959932511551
1933,349.66,85.25,86.4,85.2914,86.351,57.55405348826877
1934,349.68,85.24000000000001,86.38,85.29539999999999,86.3502,57.565497191979524
1935,349.7,85.23,86.32,85.2958,86.3458,57.58283978095778
1936,349.72,85.26,86.26,85.2942,86.33980000000001,57.58319301128068
1937,349.74,85.29,86.27000000000001,85.2934,86.33500000000002,57.57764729882282
1938,349.76,85.255,86.28,85.2908,86.33239999999999,57.58390075442656
1939,349.78,85.22,86.3,85.2872,86.33240000000002,57.59570135773798
1940,349.8,85.235,86.32,85.2846,86.334,57.601602196812976
1941,349.82,85.25,86.32499999999999,85.2826,86.3366,57.60679248407025
1942,349.84,85.195,86.33,85.2784,86.33940000000001,57.617528885646976
1943,349.86,85.14,86.305,85.2718,86.34119999999999,57.62932989845385
1944,349.88,85.16,86.28,85.2658,86.33980000000001,57.641132358046185
1945,349.9,85.18,86.245,85.26039999999999,86.3348,57.64739083791577
1946,349.92,85.22,86.21,85.2564,86.32799999999999,57.65329335952808
1947,349.94,85.26,86.185,85.2526,86.3198,57.664384140678784
1948,349.96,85.315,86.16,85.24959999999999,86.31039999999999,57.66438412907907
1949,349.98,85.37,86.21000000000001,85.2482,86.30279999999999,57.65883872024645
1950,350.0,85.295,86.26,85.2432,86.2974,57.67028693741498
1951,350.02,85.22,86.28999999999999,85.23639999999999,86.2934,57.68173545482485
1952,350.04,85.235,86.32,85.23140000000001,86.2928,57.687280783152914
1953,350.06,85.25,86.33,85.23020000000001,86.2948,57.698013774873495
1954,350.08,85.205,86.34,85.2304,86.2966,57.70874734179952
1955,350.1,85.16,86.37,85.23020000000001,86.29900000000002,57.71429275343226
1956,350.12,85.18,86.4,85.23219999999999,86.30040000000001,57.709104509795104
1957,350.14,85.2,86.37,85.2326,86.2984,57.71500746771765
1958,350.16,85.14,86.34,85.2282,86.29599999999999,57.73200143959817
1959,350.18,85.08,86.265,85.2218,86.29140000000001,57.73235976056273
1960,350.2,85.125,86.19,85.2176,86.28620000000001,57.732718508391045
1961,350.22,85.17,86.235,85.214,86.28519999999999,57.75007288006702
1962,350.24,85.13499999999999,86.28,85.2078,86.28559999999999,57.76706831048833
1963,350.26,85.1,86.27000000000001,85.2016,86.2852,57.766349063900385
1964,350.28,85.155,86.26,85.199,86.28359999999999,57.760803811156485
1965,350.3,85.21,86.26,85.198,86.28120000000001,57.772613451399494
1966,350.32,85.235,86.26,85.1974,86.27860000000001,57.78406395161541
1967,350.34,85.26,86.28,85.2,86.2766,57.77924045005785
1968,350.36,85.38,86.3,85.2096,86.27640000000001,57.77960190551137
1969,350.38,85.5,86.35,85.22319999999999,86.2792,57.795514728377576
1970,350.4,85.495,86.4,85.2358,86.28540000000001,57.80033931027735
1971,350.42,85.49,86.42,85.2466,86.2938,57.794794110396154
1972,350.44,85.405,86.44,85.2524,86.304,57.80069933755254
1973,350.46,85.32,86.37,85.2526,86.31240000000001,57.812150050288054
1974,350.48,85.3,86.3,85.2498,86.316,57.82324029727838
1975,350.5,85.28,86.255,85.2492,86.3158,57.82914614879126
1976,350.52,85.215,86.21,85.249,86.3126,57.83541390608511
1977,350.54,85.15,86.25,85.2456,86.3098,57.840597418528176
1978,350.56,85.17500000000001,86.29,85.2426,86.3082,57.84023632116069
1979,350.58,85.2,86.295,85.2424,86.30640000000001,57.84614246795395
1980,350.6,85.23,86.3,85.24520000000001,86.30359999999999,57.85759401872975
1981,350.62,85.26,86.33500000000001,85.2484,86.30099999999999,57.86313905357799
1982,350.64,85.295,86.37,85.25219999999999,86.301,57.86277766940239
1983,350.66,85.33,86.37,85.2598,86.30220000000001,57.87386782906345
1984,350.68,85.32499999999999,86.37,85.26960000000001,86.3064,57.890864294931674
1985,350.7,85.32,86.28999999999999,85.2774,86.31039999999999,57.89122590850318
1986,350.72,85.34,86.21,85.2842,86.30940000000001,57.891587948092756
1987,350.74,85.36,86.195,85.2932,86.306,57.90858529965305
1988,350.76,85.35,86.18,85.3032,86.30239999999999,57.91413025600863
1989,350.78,85.34,86.23,85.3106,86.30120000000001,57.90340314305584
1990,350.8,85.33,86.28,85.3154,86.302,57.90413007117867
1991,350.82,85.32,86.275,85.3188,86.30259999999998,57.9204010725462
1992,350.84,85.3,86.27,85.3204,86.3022,57.94185509301981
1993,350.86,85.28,86.32,85.31639999999999,86.303,57.94667623445533
1994,350.88,85.28999999999999,86.37,85.30799999999999,86.3038,57.93558611666627
1995,350.9,85.3,86.43,85.3002,86.305,57.94185505872173
1996,350.92,85.36,86.49,85.295,86.30779999999999,57.9584900108827
1997,350.94,85.42,86.43,85.2956,86.30740000000002,57.964397442532004
1998,350.96,85.47,86.37,85.3016,86.3074,57.96548732943074
1999,350.98,85.52,86.25,85.31039999999999,86.3054,57.9713962898398
2000,351.0,85.475,86.13,85.31819999999999,86.30040000000001,57.98248593174947
2001,351.02,85.43,86.22999999999999,85.3268,86.3012,57.98839518604429
2002,351.04,85.39500000000001,86.33,85.3366,86.3044,57.99393997348438
2003,351.06,85.36,86.395,85.34400000000001,86.30860000000001,57.99875645919787
2004,351.08,85.3,86.46,85.348,86.3152,58.00393784088716
2005,351.1,85.24,86.445,85.3484,86.321,58.01539106790966
2006,351.12,85.255,86.43,85.34819999999999,86.32480000000001,58.015391056631984
2007,351.14,85.27,86.35,85.34719999999999,86.324,58.00984616456111
2008,351.16,85.305,86.27,85.34620000000001,86.32,58.009846152879305
2009,351.18,85.34,86.265,85.3468,86.3158,58.01502761054904
2010,351.2,85.33500000000001,86.26,85.3474,86.31460000000001,58.026117437554134
2011,351.22,85.33,86.255,85.34700000000001,86.31639999999999,58.03166234956473
2012,351.24,85.31,86.25,85.345,86.31859999999999,58.037207264413674
2013,351.26,85.29,86.265,85.3426,86.322,58.05384204915634
2014,351.28,85.31,86.28,85.3414,86.324,58.06456924082257
2015,351.3,85.33,86.315,85.3414,86.32539999999999,58.059024254048694
2016,351.32,85.36,86.35,85.34300000000002,86.3284,58.059024243010256
2017,351.34,85.39,86.41,85.3466,86.33400000000002,58.074935226881685
2018,351.36,85.38499999999999,86.47,85.35079999999999,86.34,58.091570382064695
2019,351.38,85.38,86.38499999999999,85.35439999999998,86.34060000000001,58.09783909369602
2020,351.4,85.395,86.3,85.3582,86.33539999999999,58.09229409011378
2021,351.42,85.41,86.32,85.3602,86.32860000000001,58.09193200079151
2022,351.44,85.37,86.34,85.3582,86.32499999999999,58.10338405411523
2023,351.46,85.33,86.275,85.3526,86.32119999999999,58.10965425878653
2024,351.48,85.32,86.21,85.34460000000001,86.3196,58.109654247217144
2025,351.5,85.31,86.235,85.33800000000001,86.32379999999999,58.114474017500186
2026,351.52,85.315,86.26,85.3334,86.32499999999999,58.125564016065745
2027,351.54,85.32,86.25,85.3304,86.32179999999998,58.131833955260944
2028,351.56,85.4,86.24,85.33200000000001,86.31559999999999,58.13147126132817
2029,351.58,85.48,86.25,85.3392,86.3072,58.1307471553444
2030,351.6,85.48,86.26,85.34880000000001,86.29979999999999,58.13629218990886
2031,351.62,85.48,86.305,85.35780000000001,86.2948,58.147382279334906
2032,351.64,85.385,86.35,85.3624,86.2948,58.15883404354877
2033,351.66,85.29,86.4,85.3618,86.3,58.17583110038547
2034,351.68,85.24000000000001,86.45,85.35780000000001,86.3074,58.192828399176435
2035,351.7,85.19,86.4,85.352,86.31299999999999,58.1928283877579
2036,351.72,85.22999999999999,86.35,85.348,86.3168,58.180652592976074
2037,351.74,85.27,86.32499999999999,85.34640000000002,86.31980000000001,58.185836586137796
2038,351.76,85.32499999999999,86.3,85.3478,86.32119999999999,58.19728779310369
2039,351.78,85.38,86.34,85.35060000000001,86.3236,58.196926783394396
2040,351.8,85.35,86.38,85.3514,86.32620000000001,58.20211134610719
2041,351.82,85.32,86.33,85.3498,86.3254,58.21356211224913
2042,351.84,85.335,86.28,85.34759999999999,86.32019999999999,58.22465234917662
2043,351.86,85.35,86.285,85.34620000000001,86.31280000000001,58.22983709715169
2044,351.88,85.375,86.29,85.346,86.309,58.22983708583291
2045,351.9,85.4,86.34,85.3462,86.3106,58.22983707451412
2046,351.92,85.41,86.39,85.34620000000001,86.3134,58.23538222851226
2047,351.94,85.42,86.38499999999999,85.34820000000002,86.3152,58.246472556390344
2048,351.96,85.49000000000001,86.38,85.35459999999999,86.3194,58.240208042082244
2049,351.98,85.56,86.41499999999999,85.3642,86.3276,58.22804152994649
2050,352.0,85.55000000000001,86.45,85.37380000000002,86.33619999999999,58.2335868554073
2051,352.02,85.54,86.405,85.3828,86.34200000000001,58.244677525014254
2052,352.04,85.46000000000001,86.36,85.3884,86.34640000000002,58.25505330864937
2053,352.06,85.38,86.32,85.3876,86.3496,58.26059871559487
2054,352.08,85.32499999999999,86.28,85.3814,86.35079999999999,58.26650129459141
2055,352.1,85.27,86.28,85.37299999999999,86.3516,58.28313746090959
2056,352.12,85.27,86.28,85.3646,86.3506,58.29977365148911
2057,352.14,85.27,86.32,85.36,86.3494,58.299773640474776
2058,352.16,85.32499999999999,86.36,85.36139999999999,86.34779999999999,58.294228226058856
2059,352.18,85.38,86.405,85.36699999999999,86.346,58.30496209252435
2060,352.2,85.4,86.45,85.37539999999998,86.348,58.31015104915321
2061,352.22,85.42,86.405,85.383,86.3502,58.30460556081256
2062,352.24,85.475,86.36,85.39119999999998,86.3516,58.30424946294357
2063,352.26,85.53,86.33500000000001,85.3994,86.35300000000001,58.309084125097115
2064,352.28,85.485,86.31,85.40359999999998,86.3518,58.320175278170595
2065,352.3,85.44,86.305,85.40719999999999,86.3488,58.3208859695008
2066,352.32,85.43,86.3,85.41160000000002,86.3476,58.321241943393765
2067,352.34,85.42,86.32499999999999,85.415,86.3494,58.33752251133905
2068,352.36,85.405,86.35,85.4172,86.35199999999999,58.34271260000374
2069,352.38,85.39,86.335,85.41779999999999,86.35379999999999,58.33681198981779
2070,352.4,85.43,86.32,85.41900000000001,86.35300000000001,58.33645736285348
2071,352.42,85.47,86.35499999999999,85.42139999999999,86.3516,58.34790315890383
2072,352.44,85.47999999999999,86.39,85.42379999999999,86.3518,58.3652501166268
2073,352.46,85.49,86.455,85.42379999999999,86.3548,58.36525010561303
2074,352.48,85.5,86.52,85.42139999999999,86.359,58.364894802546516
2075,352.5,85.51,86.43,85.4198,86.3582,58.381531522080806
2076,352.52,85.515,86.34,85.41879999999999,86.3556,58.392977800681
2077,352.54,85.52,86.37,85.42119999999998,86.35599999999998,58.39333333440703
2078,352.56,85.53,86.4,85.4272,86.3592,58.388143805805754
2079,352.58,85.54,86.41,85.4358,86.3644,58.388143795188896
2080,352.6,85.53,86.42,85.44619999999999,86.37,58.39368926773695
2081,352.62,85.52,86.39,85.45620000000001,86.37440000000001,58.39404564465488
2082,352.64,85.515,86.36,85.46600000000001,86.37599999999999,58.39923473158664
2083,352.66,85.51,86.37,85.4734,86.37640000000002,58.415159953927734
2084,352.68,85.52000000000001,86.38,85.479,86.37539999999998,58.4310872924666
2085,352.7,85.53,86.32499999999999,85.4842,86.3704,58.43108728187043
2086,352.72,85.53,86.27,85.4886,86.365,58.42625105275558
2087,352.74,85.53,86.33,85.4908,86.3638,58.43734218472841
2088,352.76,85.55,86.39,85.4916,86.36599999999999,58.447724176714885
2089,352.78,85.57,86.41,85.495,86.37,58.44182454395543
2090,352.8,85.505,86.43,85.4976,86.375,58.43592526840055
2091,352.82,85.44,86.445,85.49799999999999,86.3808,58.44631090119201
2092,352.84,85.47,86.46,85.5,86.38619999999999,58.457050267350716
2093,352.86,85.5,86.35499999999999,85.5038,86.3864,58.4515044382603
2094,352.88,85.53999999999999,86.25,85.5098,86.383,58.451856650404984
2095,352.9,85.58,86.31,85.5158,86.3826,58.468846546752964
2096,352.92,85.55,86.37,85.51899999999999,86.3832,58.485131377345894
2097,352.94,85.52,86.44,85.5206,86.3852,58.48997360943697
2098,352.96,85.47,86.51,85.51980000000002,86.3874,58.48962245204312
2099,352.98,85.42,86.52000000000001,85.5166,86.3874,58.500363590994645
2100,353.0,85.475,86.53,85.51520000000001,86.39140000000002,58.51145546684785
2101,353.02,85.53,86.50999999999999,85.5158,86.3982,58.512157062019554
2102,353.04,85.5,86.49,85.515,86.403,58.51770293168021
2103,353.06,85.47,86.515,85.5126,86.4076,58.52809328319987
2104,353.08,85.465,86.54,85.50959999999999,86.41279999999999,58.53363922713919
2105,353.1,85.46,86.495,85.5068,86.4158,58.528794668314895
2106,353.12,85.505,86.45,85.50619999999999,86.4182,58.52395192830495
2107,353.14,85.55,86.38499999999999,85.5076,86.4192,58.52984991334313
2108,353.16,85.61,86.32,85.5116,86.4172,58.53504354719597
2109,353.18,85.67,86.37,85.5176,86.41680000000001,58.54023767245996
2110,353.2,85.655,86.42,85.5226,86.4206,58.54613517780943
2111,353.22,85.64,86.45,85.52699999999999,86.42779999999999,58.55203303882948
2112,353.24,85.62,86.48,85.53059999999999,86.43379999999999,58.557226817401336
2113,353.26,85.6,86.51,85.53259999999999,86.43860000000001,58.5565240493562
2114,353.28,85.66999999999999,86.54,85.53659999999999,86.4438,58.56171922586249
2115,353.3,85.74,86.53,85.546,86.4478,58.573161740839346
2116,353.32,85.775,86.52,85.55940000000001,86.4508,58.57386428679038
2117,353.34,85.81,86.475,85.57300000000001,86.4514,58.56937552610112
2118,353.36,85.735,86.43,85.58239999999999,86.4544,58.57043639098935
2119,353.38,85.66,86.46000000000001,85.58720000000001,86.4628,58.57598201956781
2120,353.4,85.61,86.49,85.58839999999998,86.47,58.586365826212
2121,353.42,85.56,86.515,85.5888,86.47579999999999,58.591911529958686
2122,353.44,85.565,86.54,85.5906,86.4798,58.59261892205892
2123,353.46,85.57,86.545,85.59459999999999,86.4812,58.604419165041946
2124,353.48,85.60499999999999,86.55,85.60199999999999,86.4824,58.61551033411744
2125,353.5,85.64,86.52,85.60859999999998,86.48199999999999,58.61551032376438
2126,353.52,85.745,86.49,85.61720000000001,86.4812,58.61622080967577
2127,353.54,85.85,86.50999999999999,85.6312,86.48199999999999,58.62212217031152
2128,353.56,85.875,86.53,85.6474,86.4826,58.62802388714203
2129,353.58,85.9,86.555,85.66480000000001,86.4832,58.62873759995987
2130,353.6,85.85,86.58,85.6804,86.4866,58.634998323583446
2131,353.62,85.8,86.47,85.6922,86.4874,58.64680586171363
2132,353.64,85.765,86.36,85.7008,86.48640000000002,58.646447199338
2133,353.66,85.73,86.44,85.70560000000002,86.4912,58.640185777153576
2134,353.68,85.68,86.52,85.706,86.4972,58.64608894570217
2135,353.7,85.63,86.55,85.705,86.5024,58.663441635538696
2136,353.72,85.695,86.58,85.7072,86.5076,58.67453218314295
2137,353.74,85.76,86.625,85.7128,86.5134,58.674532171921065
2138,353.76,85.74000000000001,86.67,85.7184,86.51979999999999,58.67453216042537
2139,353.78,85.72,86.69,85.72040000000001,86.5258,58.685981552477266
2140,353.8,85.675,86.71,85.71779999999998,86.53299999999999,58.70369602797862
2141,353.82,85.63,86.71,85.71199999999999,86.5406,58.715507445172605
2142,353.84,85.69999999999999,86.71,85.70759999999999,86.55,58.71586861475904
2143,353.86,85.77,86.62,85.70900000000002,86.55760000000001,58.710685174616735
2144,353.88,85.79499999999999,86.53,85.71439999999998,86.56040000000002,58.71140968986498
2145,353.9,85.82,86.525,85.7228,86.56179999999999,58.723589330929144
2146,353.92,85.815,86.52,85.73299999999999,86.56199999999998,58.74131711035164
2147,353.94,85.81,86.5,85.7428,86.56039999999999,58.742047991523215
2148,353.96,85.775,86.48,85.751,86.55779999999999,58.74204797978245
2149,353.98,85.74,86.51,85.7564,86.5562,58.75904804444412
2150,354.0,85.735,86.54,85.7602,86.557,58.76569303055261
2151,354.02,85.73,86.56,85.75959999999999,86.5598,58.76088416470604
2152,354.04,85.785,86.58,85.75699999999999,86.5626,58.76088415240722
2153,354.06,85.84,86.64,85.7556,86.56700000000001,58.77197314205747
2154,354.08,85.88,86.7,85.75479999999999,86.5728,58.77825481763789
2155,354.1,85.92,86.7,85.7576,86.57759999999999,58.7789936632056
2156,354.12,85.95,86.7,85.76360000000001,86.5868,58.78453802033411
2157,354.14,85.98,86.64,85.7722,86.598,58.784908030196924
2158,354.16,85.905,86.58,85.77919999999999,86.60359999999999,58.791193586701695
2159,354.18,85.83,86.57,85.7852,86.6056,58.80265329145766
2160,354.2,85.81,86.56,85.7924,86.60600000000001,58.808941053724425
2161,354.22,85.79,86.515,85.79620000000001,86.60340000000001,58.81005948146112
2162,354.24,85.75,86.47,85.7958,86.59720000000002,58.817100511531365
2163,354.26,85.71,86.47999999999999,85.7946,86.5896,58.83485910510262
2164,354.28,85.78,86.49,85.79699999999998,86.5816,58.83561238888611
2165,354.3,85.85,86.555,85.80400000000002,86.57539999999999,58.82527997387689
2166,354.32,85.965,86.62,85.81739999999999,86.5718,58.82011449902663
2167,354.34,86.08,86.65,85.83259999999999,86.5694,58.82565813173655
2168,354.36,86.13,86.68,85.847,86.5718,58.83712395135257
2169,354.38,86.18,86.68,85.8624,86.57779999999998,58.84342580363552
2170,354.4,86.14500000000001,86.68,85.87540000000001,86.58400000000002,58.84972918950894
2171,354.42,86.11,86.6,85.88719999999999,86.58720000000001,58.850872084225855
2172,354.44,86.03999999999999,86.52,85.8964,86.58800000000001,58.85125387752128
2173,354.46,85.97,86.5,85.9042,86.5888,58.86234054531976
2174,354.48,85.99000000000001,86.48,85.9142,86.58760000000001,58.874191804165086
2175,354.5,86.01,86.505,85.9252,86.5862,58.8805012487184
2176,354.52,86.03,86.53,85.93719999999999,86.585,58.88681222417128
2177,354.54,86.05,86.50999999999999,85.9478,86.58220000000001,58.88758166028112
2178,354.56,86.07499999999999,86.49,85.9572,86.57619999999999,58.89312471628376
2179,354.58,86.1,86.495,85.96599999999998,86.568,58.8982829137664
2180,354.6,86.13,86.5,85.97439999999999,86.56,58.88719668730575
2181,354.62,86.16,86.545,85.98280000000001,86.5538,58.88758160763935
2182,354.64,86.10499999999999,86.59,85.9878,86.5518,58.89943871092321
2183,354.66,86.05,86.58500000000001,85.9936,86.552,58.90614118890128
2184,354.68,86.045,86.58,86.00219999999999,86.55239999999999,58.912847211638365
2185,354.7,86.04,86.555,86.0114,86.5522,58.91362471328099
2186,354.72,86.06,86.53,86.0222,86.5528,58.91440388527333
2187,354.74,86.08,86.50999999999999,86.0354,86.55439999999999,58.92626987148268
2188,354.76,86.07499999999999,86.49,86.05,86.5548,58.937355015317436
2189,354.78,86.07,86.47999999999999,86.0616,86.5544,58.94211709600483
2190,354.8,86.1,86.47,86.0716,86.551,58.94211708266818
2191,354.82,86.13,86.445,86.0782,86.544,58.94328842829126
2192,354.84,86.19,86.42,86.0826,86.53479999999999,58.95000597060571
2193,354.86,86.25,86.39500000000001,86.0874,86.5234,58.945249015815016
2194,354.88,86.22999999999999,86.37,86.08940000000001,86.51100000000001,58.9404938814065
2195,354.9,86.21,86.37,86.09199999999998,86.49859999999998,58.95236721089439
2196,354.92,86.245,86.37,86.0974,86.4894,58.95869977576298
2197,354.94,86.28,86.445,86.10700000000001,86.48639999999999,58.959095566752914
2198,354.96,86.33,86.52,86.1214,86.48719999999999,58.95869974781203
2199,354.98,86.38,86.55,86.137,86.49,58.95315758697983
2200,355.0,86.405,86.58,86.15279999999998,86.493,58.95315757359305
2201,355.02,86.43,86.58500000000001,86.1688,86.49520000000001,58.964241855526524
2202,355.04,86.295,86.59,86.17859999999999,86.4984,58.976117954605364
2203,355.06,86.16,86.5,86.182,86.49880000000002,58.97691141300476
2204,355.08,86.125,86.41,86.18299999999999,86.4954,58.983248475761755
2205,355.1,86.09,86.39,86.1814,86.491,58.99473042827706
2206,355.12,86.15,86.37,86.18099999999998,86.484,59.00067078688923
2207,355.14,86.21,86.42500000000001,86.18520000000001,86.4774,59.0014689503222
2208,355.16,86.235,86.48,86.1926,86.47319999999999,59.001468935993984
2209,355.18,86.26,86.45,86.20119999999999,86.46799999999999,59.01255252414198
2210,355.2,86.235,86.42,86.209,86.46260000000001,59.01849391821703
2211,355.22,86.21,86.435,86.215,86.4588,59.01255249581758
2212,355.24,86.16499999999999,86.45,86.2184,86.45640000000002,59.01769510289204
2213,355.26,86.12,86.455,86.22019999999999,86.455,59.02917789659015
2214,355.28,86.12,86.46,86.22220000000002,86.4542,59.02443561339694
2215,355.3,86.12,86.46,86.223,86.45380000000002,59.01969515175762
2216,355.32,86.11500000000001,86.46,86.2224,86.4544,59.031179652897414
2217,355.34,86.11,86.405,86.2192,86.45379999999999,59.03712283950886
2218,355.36,86.11,86.35,86.2136,86.45199999999998,59.037927220064724
2219,355.38,86.11,86.38,86.20880000000001,86.4524,59.044274709864624
2220,355.4,86.175,86.41,86.20739999999999,86.45400000000001,59.04467831276771
2221,355.42,86.24,86.405,86.20720000000001,86.4554,59.04427468049405
2222,355.44,86.29499999999999,86.4,86.20779999999999,86.45360000000001,59.043871465324415
2223,355.46,86.35,86.475,86.2086,86.4518,59.04427465157862
2224,355.48,86.31,86.55,86.2058,86.4518,59.04467825365502
2225,355.5,86.27,86.525,86.2004,86.44959999999999,59.039540906067074
2226,355.52,86.24,86.5,86.19279999999999,86.44619999999999,59.045082258900266
2227,355.54,86.21,86.45,86.1894,86.44059999999999,59.055761031108446
2228,355.56,86.19,86.4,86.19059999999999,86.4366,59.06130243242522
2229,355.58,86.17,86.415,86.19239999999999,86.4368,59.067247719466614
2230,355.6,86.24000000000001,86.43,86.1984,86.4384,59.06765200313915
2231,355.62,86.31,86.44,86.20479999999999,86.44120000000001,59.061706308569455
2232,355.64,86.225,86.45,86.20540000000001,86.4422,59.06684379304481
2233,355.66,86.14,86.445,86.2016,86.4408,59.078330433769025
2234,355.68,86.18,86.44,86.1984,86.44040000000001,59.07873464243436
2235,355.7,86.22,86.41499999999999,86.1978,86.4402,59.079139265856476
2236,355.72,86.205,86.39,86.19760000000001,86.4384,59.084680567345714
2237,355.74,86.19,86.4,86.1986,86.43639999999999,59.089817308593226
2238,355.76,86.195,86.41,86.2016,86.43459999999999,59.095763179146445
2239,355.78,86.2,86.36,86.20479999999999,86.4306,59.101709394111275
2240,355.8,86.16499999999999,86.31,86.2066,86.4246,59.09616809148687
2241,355.82,86.13,86.34,86.20720000000001,86.4198,59.08549094389594
2242,355.84,86.205,86.37,86.211,86.4184,59.09103217205558
2243,355.86,86.28,86.39500000000001,86.21779999999998,86.42020000000001,59.10170933525932
2244,355.88,86.34,86.42,86.22699999999999,86.4218,59.09576309082075
2245,355.9,86.4,86.47,86.236,86.42420000000001,59.084680434325335
2246,355.92,86.375,86.52,86.2414,86.42880000000001,59.0850854370484
2247,355.94,86.35,86.47999999999999,86.2436,86.432,59.09616798776509
2248,355.96,86.35,86.44,86.24359999999999,86.4306,59.10765583409205
2249,355.98,86.35,86.435,86.24519999999998,86.42599999999999,59.10806151701947
2250,356.0,86.315,86.43,86.24699999999999,86.42220000000002,59.108061501954325
2251,356.02,86.28,86.48,86.24860000000001,86.4214,59.11360270635703
2252,356.04,86.34,86.53,86.25380000000001,86.4246,59.11319703269057
2253,356.06,86.4,86.485,86.26219999999999,86.428,59.10725047906536
2254,356.08,86.39500000000001,86.44,86.2712,86.429,59.10170917231863
2255,356.1,86.39,86.445,86.27720000000001,86.42960000000001,59.10170915784715
2256,356.12,86.38,86.45,86.28,86.43,59.10725043557601
2257,356.14,86.37,86.45,86.2858,86.43,59.11279171540665
2258,356.16,86.39,86.45,86.2958,86.4302,59.11279170058545
2259,356.18,86.41,86.475,86.305,86.4316,59.11319692861398
2260,356.2,86.425,86.5,86.3132,86.435,59.107655656287776
2261,356.22,86.44,86.445,86.32260000000001,86.43720000000002,59.09616778089162
2262,356.24,86.465,86.39,86.33359999999999,86.4368,59.09576282568091
2263,356.26,86.49,86.405,86.34540000000001,86.4366,59.100899650998834
2264,356.28,86.41,86.42,86.35379999999999,86.439,59.11157838113538
2265,356.3,86.33,86.455,86.36039999999998,86.4448,59.12779914890864
2266,356.32,86.27,86.49,86.36599999999999,86.4508,59.13888205835718
2267,356.34,86.21,86.53999999999999,86.36619999999999,86.4576,59.13888204333386
2268,356.36,86.25,86.59,86.365,86.4654,59.133340564935146
2269,356.38,86.29,86.515,86.363,86.4692,59.12779908940848
2270,356.4,86.33000000000001,86.44,86.3602,86.46799999999999,59.116716164292654
2271,356.42,86.37,86.4,86.36,86.4632,59.111174699098726
2272,356.44,86.4,86.36,86.36200000000001,86.4584,59.116313010727225
2273,356.46,86.43,86.345,86.3652,86.45460000000001,59.115910288174284
2274,356.48,86.42,86.33,86.36800000000001,86.4504,59.110771493892855
2275,356.5,86.41,86.34,86.37180000000001,86.4468,59.111578218978124
2276,356.52,86.44999999999999,86.35,86.3786,86.4416,59.1171196169214
2277,356.54,86.49,86.375,86.38459999999999,86.43540000000002,59.12779897253773
2278,356.56,86.435,86.4,86.38600000000001,86.432,59.13888188237165
2279,356.58,86.38,86.435,86.3854,86.43180000000001,59.13847889533865
2280,356.6,86.37,86.47,86.38459999999999,86.43279999999999,59.1321326053155
2281,356.62,86.36,86.41499999999999,86.38380000000001,86.4314,59.126591017224754
2282,356.64,86.305,86.36,86.38119999999999,86.4278,59.1265910026863
2283,356.66,86.25,86.33500000000001,86.37559999999999,86.4232,59.13213256199114
2284,356.68,86.3,86.31,86.3712,86.4166,59.13213254724053
2285,356.7,86.35,86.305,86.3682,86.40879999999999,59.13173077002648
2286,356.72,86.375,86.3,86.3656,86.40299999999999,59.13687106165421
2287,356.74,86.4,86.35499999999999,86.36300000000001,86.4016,59.1364701544014
2288,356.76,86.505,86.41,86.3636,86.40180000000001,59.12538676384244
2289,356.78,86.61,86.47999999999999,86.3716,86.4042,59.125386749311
2290,356.8,86.515,86.55,86.37900000000002,86.40799999999999,59.136470111055665
2291,356.82,86.42,86.475,86.385,86.4074,59.1368709891177
2292,356.84,86.41499999999999,86.4,86.3932,86.40180000000001,59.137272283084954
2293,356.86,86.41,86.405,86.3996,86.39439999999999,59.14241261594044
2294,356.88,86.475,86.41,86.40700000000001,86.39020000000001,59.13052784910572
2295,356.9,86.54,86.42,86.41539999999999,86.38940000000001,59.113902672150935
2296,356.92,86.49000000000001,86.43,86.42020000000001,86.39059999999999,59.12024596926684
2297,356.94,86.44,86.385,86.42179999999999,86.3916,59.13173059572585
2298,356.96,86.41,86.34,86.421,86.39139999999999,59.13687088783395
2299,356.98,86.38,86.325,86.41940000000001,86.39120000000001,59.13687087310784
2300,357.0,86.32,86.31,86.4158,86.39,59.13173055244587
2301,357.02,86.26,86.31,86.4082,86.3884,59.12578754305483
2302,357.04,86.28,86.31,86.3998,86.3858,59.12538656074938
2303,357.06,86.3,86.36,86.3944,86.3842,59.131329163546596
2304,357.08,86.39,86.41,86.39479999999999,86.3832,59.13253443505458
2305,357.1,86.48,86.39,86.39920000000001,86.38,59.1282020270608
2306,357.12,86.55000000000001,86.37,86.4068,86.37819999999999,59.11671563809069
2307,357.14,86.62,86.39,86.41940000000001,86.3794,59.11036826696188
2308,357.16,86.58000000000001,86.41,86.43260000000001,86.3824,59.11077099742406
2309,357.18,86.54,86.46000000000001,86.4422,86.3884,59.10603631119573
2310,357.2,86.545,86.51,86.45,86.39660000000002,59.10089895994379
2311,357.22,86.55,86.52000000000001,86.45700000000001,86.40540000000001,59.100494876421976
2312,357.24,86.47999999999999,86.53,86.4602,86.41239999999999,59.10522945437632
2313,357.26,86.41,86.455,86.45639999999999,86.4142,59.10563263829078
2314,357.28,86.46000000000001,86.38,86.4504,86.4102,59.10049483246027
2315,357.3,86.51,86.365,86.45019999999998,86.40280000000001,59.09495341595893
2316,357.32,86.515,86.35,86.45400000000001,86.3978,59.100494803539384
2317,357.34,86.52,86.33,86.45820000000002,86.395,59.11077086616545
2318,357.36,86.47,86.31,86.4606,86.39120000000001,59.10522936657398
2319,357.38,86.42,86.325,86.4584,86.38779999999998,59.09495335690667
2320,357.4,86.4,86.34,86.45280000000001,86.38459999999999,59.10009109254107
2321,357.42,86.38,86.375,86.4484,86.3824,59.11077080792947
2322,357.44,86.35,86.41,86.44480000000001,86.3834,59.105632506829174
2323,357.46,86.32,86.4,86.4412,86.3858,59.09454960859817
2324,357.48,86.36,86.39,86.4404,86.3884,59.094953283745056
2325,357.5,86.4,86.41499999999999,86.4436,86.3926,59.10130322426169
2326,357.52,86.4,86.44,86.4492,86.39779999999999,59.10684453962159
2327,357.54,86.4,86.33,86.45400000000001,86.3986,59.112385858442806
2328,357.56,86.38,86.22,86.4572,86.39299999999999,59.11279066786725
2329,357.58,86.36,86.285,86.456,86.38799999999999,59.10684449506262
2330,357.6,86.41,86.35,86.4532,86.38640000000001,59.10644003470948
2331,357.62,86.46,86.38,86.44959999999999,86.38679999999998,59.11752276573573
2332,357.64,86.425,86.41,86.4418,86.3876,59.12306412833059
2333,357.66,86.39,86.41499999999999,86.4342,86.38780000000001,59.11792710593351
2334,357.68,86.35,86.42,86.4266,86.3862,59.112385755041416
2335,357.7,86.31,86.41,86.4172,86.3822,59.11198133177827
2336,357.72,86.27000000000001,86.4,86.40599999999999,86.3774,59.11711873728132
2337,357.74,86.23,86.315,86.39599999999999,86.36880000000001,59.117522676816606
2338,357.76,86.20500000000001,86.23,86.38780000000001,86.35979999999999,59.11319576088466
2339,357.78,86.18,86.23,86.3766,86.35379999999999,59.113195746032765
2340,357.8,86.23500000000001,86.23,86.36560000000001,86.34839999999998,59.112385666490056
2341,357.82,86.29,86.225,86.3566,86.3434,59.10724918081678
2342,357.84,86.28,86.22,86.347,86.339,59.113195701715284
2343,357.86,86.27,86.305,86.339,86.33879999999999,59.11792695880978
2344,357.88,86.25,86.39,86.3322,86.34140000000001,59.11238560790391
2345,357.9,86.23,86.4,86.32539999999999,86.34380000000002,59.11873691839421
2346,357.92,86.25,86.41,86.32019999999999,86.3452,59.12981943556265
2347,357.94,86.27,86.375,86.317,86.34380000000002,59.12941429429078
2348,357.96,86.33,86.34,86.31740000000002,86.34140000000001,59.1183316715027
2349,357.98,86.39,86.34,86.3186,86.33939999999998,59.11319559819644
2350,358.0,86.36500000000001,86.34,86.3172,86.3364,59.11360123984823
2351,358.02,86.34,86.32,86.31479999999999,86.33160000000002,59.10846611560924
2352,358.04,86.28999999999999,86.3,86.31039999999999,86.3304,59.108466100617036
2353,358.06,86.24,86.265,86.30480000000001,86.3322,59.11400726720883
2354,358.08,86.22999999999999,86.23,86.29960000000001,86.33,59.11995488708566
2355,358.1,86.22,86.30000000000001,86.292,86.32799999999999,59.119548422652386
2356,358.12,86.25,86.37,86.2836,86.3276,59.11400722256306
2357,358.14,86.28,86.37,86.27780000000001,86.32599999999998,59.119954842326656
2358,358.16,86.28,86.37,86.2734,86.3242,59.13144392081085
2359,358.18,86.28,86.39,86.27060000000002,86.323,59.131851111225224
2360,358.2,86.25,86.41,86.26820000000002,86.323,59.125902775700276
2361,358.22,86.22,86.35499999999999,86.26620000000001,86.32119999999999,59.12631000449788
2362,358.24,86.28,86.3,86.26820000000002,86.3206,59.13185106674702
2363,358.26,86.34,86.275,86.27359999999999,86.3224,59.125902731232856
2364,358.28,86.31,86.25,86.27879999999999,86.32320000000001,59.114413591783304
2365,358.3,86.28,86.21000000000001,86.28059999999999,86.32240000000002,59.11400708938264
2366,358.32,86.21000000000001,86.17,86.2774,86.32019999999999,59.119954708952505
2367,358.34,86.14,86.24000000000001,86.2718,86.321,59.12036155958773
2368,358.36,86.11500000000001,86.31,86.2656,86.3212,59.12117652401857
2369,358.38,86.09,86.33,86.2592,86.3188,59.132666620599494
2370,358.4,86.11500000000001,86.35,86.25460000000001,86.31679999999999,59.14415699467701
2371,358.42,86.14,86.35499999999999,86.2502,86.31459999999998,59.13902484071544
2372,358.44,86.125,86.36,86.2444,86.314,59.13307502895337
2373,358.46,86.11,86.31,86.23559999999999,86.31279999999998,59.133483882766136
2374,358.48,86.12,86.26,86.2248,86.3096,59.13430285305092
2375,358.5,86.13,86.275,86.2154,86.307,59.14579458335216
2376,358.52,86.235,86.29,86.2112,86.3058,59.15133538743842
2377,358.54,86.34,86.295,86.2132,86.30560000000001,59.13984365878339
2378,358.56,86.33500000000001,86.3,86.21699999999998,86.307,59.12835220633828
2379,358.58,86.33,86.28999999999999,86.22099999999999,86.30940000000001,59.13348379222411
2380,358.6,86.295,86.28,86.22399999999999,86.30860000000001,59.14497484442772
2381,358.62,86.26,86.21000000000001,86.2244,86.30220000000001,59.14620494754682
2382,358.64,86.315,86.14,86.22579999999999,86.293,59.14107506330068
2383,358.66,86.37,86.19,86.2294,86.2858,59.13553431228623
2384,358.68,86.26,86.24,86.22859999999999,86.2798,59.13594566085163
2385,358.7,86.15,86.28999999999999,86.2246,86.275,59.1355342825753
2386,358.72,86.16,86.34,86.22220000000002,86.2744,59.1351233199457
2387,358.74,86.17,86.305,86.21779999999998,86.27459999999999,59.141074987968096
2388,358.76,86.18,86.27,86.21140000000001,86.27439999999999,59.14066406362212
2389,358.78,86.19,86.255,86.20660000000002,86.27459999999999,59.135123273815694
2390,358.8,86.21000000000001,86.24,86.20380000000002,86.2758,59.13635734921356
2391,358.82,86.23,86.215,86.20460000000001,86.2776,59.142722720517476
2392,358.84,86.195,86.19,86.2068,86.2756,59.143549096635965
2393,358.86,86.16,86.14,86.2086,86.26880000000001,59.138836709028226
2394,358.88,86.19999999999999,86.09,86.21300000000001,86.2592,59.13925138370566
2395,358.9,86.24,86.185,86.21799999999999,86.2526,59.138836679139466
2396,358.92,86.24,86.28,86.22200000000001,86.24960000000002,59.132468031354755
2397,358.94,86.24,86.31,86.2266,86.2476,59.126927518710545
2398,358.96,86.25999999999999,86.34,86.2326,86.24880000000002,59.12138701094555
2399,358.98,86.28,86.32,86.23899999999999,86.25119999999998,59.12138699526507
2400,359.0,86.275,86.3,86.2448,86.25219999999999,59.12775575985238
2401,359.02,86.27,86.245,86.24619999999999,86.25039999999998,59.12900129328829
2402,359.04,86.27,86.19,86.24340000000001,86.2462,59.129417292591974
2403,359.06,86.27,86.22,86.2408,86.243,59.13412600474813
2404,359.08,86.205,86.25,86.2358,86.2414,59.13966633409275
2405,359.1,86.14,86.22999999999999,86.2296,86.23939999999999,59.14049777633118
2406,359.12,86.17,86.21,86.226,86.23939999999999,59.13537388498513
2407,359.14,86.2,86.22999999999999,86.22139999999999,86.243,59.12471030958959
2408,359.16,86.13499999999999,86.25,86.21199999999999,86.24539999999999,59.11321297802612
2409,359.18,86.07,86.27000000000001,86.2044,86.2466,59.11875317528338
2410,359.2,86.1,86.29,86.2024,86.2466,59.130667705473016
2411,359.22,86.13,86.285,86.20119999999999,86.2444,59.130250428187736
2412,359.24,86.16499999999999,86.28,86.20100000000001,86.24340000000001,59.12983356696394
2413,359.26,86.2,86.32,86.2018,86.2454,59.13579058225767
2414,359.28,86.185,86.36,86.2016,86.24960000000002,59.13662542712866
2415,359.3,86.17,86.325,86.19999999999999,86.25299999999999,59.13234083089444
2416,359.32,86.1,86.29,86.1948,86.256,59.13276015545595
2417,359.34,86.03,86.245,86.1882,86.2582,59.13746190382672
2418,359.36,86.00999999999999,86.2,86.1822,86.2606,59.14258348977851
2419,359.38,85.99,86.185,86.17379999999999,86.26440000000001,59.14300190441132
2420,359.4,85.995,86.17,86.164,86.2638,59.14300188921011
2421,359.42,86.0,86.235,86.15439999999998,86.26199999999999,59.14812351815269
2422,359.44,86.075,86.3,86.1478,86.2616,59.153663581265995
2423,359.46,86.15,86.32499999999999,86.1434,86.26099999999998,59.15408191740043
2424,359.48,86.14500000000001,86.35,86.138,86.2622,59.149379890270204
2425,359.5,86.14,86.315,86.1326,86.26279999999998,59.13913981195128
2426,359.52,86.16499999999999,86.28,86.1284,86.2642,59.13402051202857
2427,359.54,86.19,86.295,86.1252,86.2684,59.145100163519615
2428,359.56,86.245,86.31,86.1242,86.272,59.14467963896436
2429,359.58,86.3,86.33,86.12800000000001,86.2752,59.1335998764603
2430,359.6,86.295,86.35,86.1342,86.28,59.13913973257393
2431,359.62,86.29,86.36,86.139,86.286,59.15021947078707
2432,359.64,86.18,86.37,86.1382,86.2916,59.162140419910706
2433,359.66,86.07,86.30000000000001,86.13560000000001,86.29360000000001,59.16852299418786
2434,359.68,85.995,86.23,86.1326,86.292,59.163827765151346
2435,359.7,85.92,86.26,86.12540000000001,86.2908,59.16425063222073
2436,359.72,85.985,86.29,86.1196,86.291,59.16425061578911
2437,359.74,86.05,86.28,86.115,86.291,59.15871098924135
2438,359.76,86.09,86.27,86.11060000000002,86.289,59.16382770079514
2439,359.78,86.13,86.285,86.1084,86.28599999999999,59.169790181545984
2440,359.8,86.16499999999999,86.3,86.10820000000001,86.285,59.159134279154706
2441,359.82,86.2,86.35,86.11219999999999,86.28739999999999,59.152748356951854
2442,359.84,86.185,86.4,86.11840000000001,86.29360000000001,59.163827636761546
2443,359.86,86.17,86.345,86.1248,86.29939999999999,59.17021337562695
2444,359.88,86.18,86.29,86.1324,86.3036,59.15913421478302
2445,359.9,86.19,86.26,86.14020000000001,86.3072,59.154018424821615
2446,359.92,86.18,86.23,86.14740000000002,86.307,59.16637109928713
2447,359.94,86.17,86.315,86.15119999999999,86.30760000000001,59.17191049847569
2448,359.96,86.17500000000001,86.4,86.1522,86.31060000000001,59.16552156339233
2449,359.98,86.18,86.39,86.15359999999998,86.31219999999999,59.171061042260895
2450,360.0,86.16,86.38,86.15440000000001,86.31479999999999,59.17744986898592
2451,360.02,86.14,86.33,86.1534,86.3168,59.16679639314306
2452,360.04,86.06,86.28,86.1482,86.31620000000001,59.16679637703238
2453,360.06,85.98,86.23,86.1376,86.31299999999999,59.17276148650742
2454,360.08,86.025,86.18,86.1266,86.307,59.16764833996596
2455,360.1,86.07,86.23,86.1176,86.30220000000001,59.168074945293874
2456,360.12,86.155,86.28,86.11219999999999,86.29899999999999,59.17404118156602
2457,360.14,86.24,86.215,86.11460000000001,86.2928,59.17446857653013
2458,360.16,86.185,86.15,86.1192,86.2868,59.16935725186604
2459,360.18,86.13,86.19,86.12459999999999,86.2852,59.16935723494164
2460,360.2,86.07,86.23,86.1306,86.28400000000002,59.18000770728964
2461,360.22,86.01,86.305,86.13159999999999,86.2846,59.18554687476789
2462,360.24,86.065,86.38,86.13220000000001,86.2886,59.185974604896046
2463,360.26,86.12,86.345,86.1334,86.2916,59.19194185816611
2464,360.28,86.095,86.31,86.13199999999999,86.29260000000001,59.197052870558075
2465,360.3,86.07,86.295,86.12819999999999,86.2924,59.19577109991092
2466,360.32,86.03999999999999,86.28,86.12180000000001,86.28960000000001,59.190231812053284
2467,360.34,86.01,86.25,86.1148,86.2836,59.18554677596485
2468,360.36,86.1,86.22,86.11200000000001,86.27859999999998,59.18640266766372
2469,360.38,86.19,86.22999999999999,86.11240000000002,86.27619999999999,59.193228615305834
2470,360.4,86.255,86.24,86.115,86.2754,59.18854967232748
2471,360.42,86.32,86.205,86.1206,86.2744,59.17150260105721
2472,360.44,86.25999999999999,86.17,86.1242,86.2686,59.170643113402036
2473,360.46,86.2,86.215,86.1252,86.26119999999999,59.18726015444757
2474,360.48,86.095,86.26,86.12180000000001,86.256,59.19322853232298
2475,360.5,85.99,86.255,86.115,86.251,59.18768952923953
2476,360.52,85.99,86.25,86.109,86.24780000000001,59.18768951262537
2477,360.54,85.99,86.255,86.1062,86.24679999999998,59.19365826449309
2478,360.56,85.985,86.26,86.1064,86.24799999999999,59.205166270454136
2479,360.58,85.98,86.265,86.10459999999999,86.25139999999999,59.21113566368306
2480,360.6,86.07,86.27,86.10459999999999,86.25299999999999,59.200057895189175
2481,360.62,86.16,86.25999999999999,86.1048,86.25220000000002,59.18811925179001
2482,360.64,86.22999999999999,86.25,86.10439999999998,86.2536,59.18726000553504
2483,360.66,86.3,86.185,86.109,86.255,59.19279901634961
2484,360.68,86.275,86.12,86.11480000000002,86.25219999999999,59.19279899946839
2485,360.7,86.25,86.195,86.12200000000001,86.2508,59.181291900889
2486,360.72,86.175,86.27,86.12859999999999,86.24940000000001,59.17575282522949
2487,360.74,86.1,86.28999999999999,86.12999999999998,86.2458,59.18725992303082
2488,360.76,86.13499999999999,86.31,86.1306,86.2444,59.204306286167146
2489,360.78,86.17,86.28999999999999,86.1336,86.2436,59.21027492962633
2490,360.8,86.24000000000001,86.27,86.14039999999999,86.2426,59.199627156621474
2491,360.82,86.31,86.225,86.15119999999999,86.2404,59.19365803254926
2492,360.84,86.315,86.18,86.1634,86.2376,59.19876722528373
2493,360.86,86.32,86.19,86.17219999999999,86.23639999999999,59.199196949926225
2494,360.88,86.3,86.2,86.17659999999998,86.2352,59.19408817958193
2495,360.9,86.28,86.245,86.1776,86.23539999999998,59.19451877419378
2496,360.92,86.195,86.29,86.1726,86.2388,59.200057628077744
2497,360.94,86.11,86.285,86.1666,86.24340000000001,59.19962703953746
2498,360.96,86.09,86.28,86.1622,86.24600000000001,59.205165937626845
2499,360.98,86.07,86.285,86.16120000000001,86.24699999999999,59.21070483891944
2500,361.0,86.04499999999999,86.29,86.16339999999998,86.2484,59.20516590449816
2501,361.02,86.02,86.30000000000001,86.1646,86.25039999999998,59.19962697362623
2502,361.04,86.005,86.31,86.16519999999998,86.2526,59.19876705942039
2503,361.06,85.99,86.285,86.1654,86.2536,59.20430603748555
2504,361.08,85.995,86.26,86.166,86.2534,59.216674129088474
2505,361.1,86.0,86.265,86.1632,86.25319999999999,59.22221299861348
2506,361.12,86.0,86.27,86.1568,86.25359999999999,59.21070472329933
2507,361.14,86.0,86.28999999999999,86.1476,86.2552,59.20005744500425
2508,361.16,86.03,86.31,86.13680000000001,86.2602,59.20048841460663
2509,361.18,86.06,86.35,86.12819999999999,86.2694,59.205596285873064
2510,361.2,86.1,86.39,86.12219999999999,86.2772,59.204735622262284
2511,361.22,86.14,86.345,86.1208,86.28020000000001,59.19919665116367
2512,361.24,86.12,86.3,86.1216,86.28059999999999,59.199626790168914
2513,361.26,86.1,86.36500000000001,86.12020000000001,86.28280000000001,59.1996267734935
2514,361.28,86.07499999999999,86.43,86.1164,86.2884,59.20516567182673
2515,361.3,86.05,86.41,86.10880000000002,86.294,59.216673945630475
2516,361.32,86.02,86.39,86.09720000000002,86.30060000000002,59.216673928844166
2517,361.34,85.99,86.35499999999999,86.0842,86.30760000000001,59.21624346228639
2518,361.36,86.03999999999999,86.32,86.073,86.31279999999998,59.22178237157772
2519,361.38,86.09,86.32499999999999,86.06460000000001,86.3178,59.221782354665656
2520,361.4,86.14500000000001,86.33,86.0592,86.3212,59.21624341219104
2521,361.42,86.2,86.32,86.05939999999998,86.3224,59.210704473592
2522,361.44,86.225,86.31,86.064,86.32339999999998,59.204735422996166
2523,361.46,86.25,86.36500000000001,86.07039999999999,86.3268,59.204305705592695
2524,361.48,86.245,86.42,86.0774,86.33220000000001,59.2047353891947
2525,361.5,86.24,86.39500000000001,86.0852,86.3364,59.20048813058985
2526,361.52,86.19999999999999,86.37,86.0924,86.3392,59.20135133071767
2527,361.54,86.16,86.39500000000001,86.0986,86.3426,59.20645829098025
2528,361.56,86.18,86.42,86.10619999999999,86.348,59.216673728675616
2529,361.58,86.2,86.405,86.1144,86.3538,59.221782188298015
2530,361.6,86.16,86.39,86.1208,86.35880000000002,59.216243246026764
2531,361.62,86.12,86.37,86.12559999999999,86.36280000000001,59.216243229272884
2532,361.64,86.105,86.35,86.12979999999999,86.36519999999999,59.22092256504284
2533,361.66,86.09,86.37,86.1322,86.3676,59.220922548085554
2534,361.68,86.02000000000001,86.39,86.1306,86.3692,59.22732103543804
2535,361.7,85.95,86.475,86.12459999999999,86.3726,59.2379690169709
2536,361.72,85.985,86.56,86.11840000000001,86.38119999999999,59.236681868433436
2537,361.74,86.02,86.52000000000001,86.1144,86.39,59.235825838875606
2538,361.76,86.06,86.48,86.1128,86.3946,59.23582582150849
2539,361.78,86.1,86.445,86.1138,86.3952,59.230286626398204
2540,361.8,86.11,86.41,86.11619999999999,86.3952,59.23582578867302
2541,361.82,86.12,86.39,86.12019999999998,86.39519999999999,59.24690414058271
2542,361.84,86.08000000000001,86.37,86.12380000000002,86.3958,59.24733184355847
2543,361.86,86.04,86.34,86.12380000000002,86.39659999999999,59.24818850977779
2544,361.88,86.08000000000001,86.31,86.1234,86.39599999999999,59.25372756302109
2545,361.9,86.12,86.325,86.1224,86.3958,59.253727546457526
2546,361.92,86.23,86.34,86.12360000000001,86.39660000000002,59.24350781610326
2547,361.94,86.34,86.44,86.12820000000002,86.40180000000001,59.23796881715683
2548,361.96,86.33,86.54,86.13140000000001,86.40880000000001,59.247331744443024
2549,361.98,86.32,86.55000000000001,86.13439999999999,86.414,59.25158908547877
2550,362.0,86.28999999999999,86.56,86.13640000000001,86.4206,59.240510533021286
2551,362.02,86.26,86.485,86.13879999999999,86.4252,59.2353982235764
2552,362.04,86.17500000000001,86.41,86.13940000000001,86.4258,59.24647665560228
2553,362.06,86.09,86.36,86.1358,86.4234,59.25201586884104
2554,362.08,86.15,86.31,86.1338,86.41959999999999,59.25287079545527
2555,362.1,86.21,86.39500000000001,86.1358,86.4198,59.25840993307554
2556,362.12,86.22,86.48,86.13980000000001,86.4242,59.252015820185264
2557,362.14,86.23,86.525,86.14480000000002,86.4312,59.24647657314673
2558,362.16,86.285,86.57,86.1526,86.4392,59.24690386082623
2559,362.18,86.34,86.54499999999999,86.1654,86.44539999999999,59.2469038441669
2560,362.2,86.33500000000001,86.52,86.1808,86.4472,59.25287069656361
2561,362.22,86.33,86.465,86.19460000000001,86.4434,59.247759663380094
2562,362.24,86.255,86.41,86.204,86.439,59.247331513917636
2563,362.26,86.18,86.42,86.20880000000001,86.4366,59.25883785482039
2564,362.28,86.165,86.43,86.21140000000001,86.436,59.26012448584793
2565,362.3,86.15,86.44,86.21300000000001,86.43720000000002,59.25458547610929
2566,362.32,86.22,86.45,86.21700000000001,86.43960000000001,59.24818812907484
2567,362.34,86.29,86.475,86.2254,86.4438,59.24775956410107
2568,362.36,86.34,86.5,86.2374,86.45020000000001,59.24775954783832
2569,362.38,86.39,86.49000000000001,86.2498,86.45740000000002,59.24264901302493
2570,362.4,86.36500000000001,86.48,86.2596,86.4636,59.24264899691967
2571,362.42,86.34,86.515,86.264,86.47059999999999,59.24818804632954
2572,362.44,86.32,86.55,86.2632,86.475,59.24818802922068
2573,362.46,86.3,86.5,86.262,86.4734,59.24818801303469
2574,362.48,86.235,86.45,86.2586,86.46940000000001,59.25372706643346
2575,362.5,86.17,86.46000000000001,86.2538,86.4654,59.25287044966876
2576,362.52,86.125,86.47,86.2484,86.4648,59.25798194868558
2577,362.54,86.08,86.465,86.24459999999999,86.46700000000001,59.26948788980564
2578,362.56,86.07499999999999,86.46,86.24400000000001,86.471,59.26948787358135
2579,362.58,86.07,86.495,86.2408,86.47840000000001,59.269060298911796
2580,362.6,86.12,86.53,86.23720000000002,86.48380000000002,59.274172384402085
2581,362.62,86.17,86.515,86.23519999999999,86.4852,59.274172367863976
2582,362.64,86.19,86.5,86.23359999999998,86.4842,59.2741723515431
2583,362.66,86.21,86.53999999999999,86.2306,86.48299999999999,59.27885870079209
2584,362.68,86.255,86.58,86.2272,86.48440000000001,59.27843286471
2585,362.7,86.3,86.57,86.22580000000002,86.48640000000002,59.27885866825486
2586,362.72,86.24000000000001,86.56,86.22219999999999,86.4902,59.28439798486177
2587,362.74,86.18,86.515,86.2192,86.4944,59.29505094489334
2588,362.76,86.20500000000001,86.47,86.2202,86.49640000000001,59.30101597308947
2589,362.78,86.23,86.485,86.2228,86.49859999999998,59.296329255970086
2590,362.8,86.15,86.5,86.22279999999999,86.50099999999999,59.29632923965529
2591,362.82,86.07,86.47999999999999,86.2168,86.50219999999999,59.29632922344908
2592,362.84,86.1,86.46,86.2092,86.5016,59.302295375285794
2593,362.86,86.13,86.44,86.2008,86.4992,59.312946996060006
2594,362.88,86.19,86.42,86.1928,86.4964,59.30655522296004
2595,362.9,86.25,86.43,86.1882,86.49439999999998,59.295476514328705
2596,362.92,86.25999999999999,86.44,86.185,86.4914,59.295476497969084
2597,362.94,86.27,86.47999999999999,86.18299999999999,86.4886,59.30059016534509
2598,362.96,86.19999999999999,86.52,86.179,86.4894,59.31124376253191
2599,362.98,86.13,86.52,86.17479999999999,86.4922,59.32786206296141
2600,363.0,86.125,86.52,86.17299999999999,86.49459999999999,59.32828709367985
2601,363.02,86.12,86.525,86.17280000000001,86.49680000000001,59.317208274940356
2602,363.04,86.105,86.53,86.17380000000001,86.49940000000001,59.32232257114972
2603,363.06,86.09,86.53,86.17439999999999,86.50219999999999,59.33297685140523
2604,363.08,86.105,86.53,86.1758,86.5036,59.33340142804357
2605,363.1,86.12,86.485,86.1758,86.50179999999999,59.340217007605084
2606,363.12,86.185,86.44,86.17640000000002,86.49879999999999,59.351721795304115
2607,363.14,86.25,86.44,86.17880000000001,86.4964,59.34533055339006
2608,363.16,86.36500000000001,86.44,86.185,86.4924,59.32274756024008
2609,363.18,86.48,86.44999999999999,86.194,86.48719999999999,59.31209432912506
2610,363.2,86.46000000000001,86.46,86.2004,86.48279999999998,59.32317302790968
2611,363.22,86.44,86.49,86.2084,86.48,59.33382632050549
2612,363.24,86.39,86.52,86.2168,86.48020000000001,59.33425172530997
2613,363.26,86.34,86.49,86.22219999999999,86.48099999999998,59.3402168755982
2614,363.28,86.285,86.46,86.22439999999999,86.48,59.350869816933596
2615,363.3,86.23,86.46,86.2276,86.47840000000001,59.3512955168005
2616,363.32,86.25,86.46,86.23479999999999,86.4776,59.34660891577684
2617,363.34,86.27,86.47,86.2416,86.478,59.34618231530735
2618,363.36,86.32,86.48,86.2492,86.47959999999999,59.350869751611555
2619,363.38,86.37,86.47,86.2564,86.4816,59.35086973537543
2620,363.4,86.34,86.46,86.26,86.48280000000001,59.3453303402493
2621,363.42,86.31,86.475,86.262,86.4842,59.34490498268024
2622,363.44,86.315,86.49,86.2638,86.48459999999999,59.34533030785704
2623,363.46,86.32,86.485,86.26859999999999,86.4832,59.340216711401766
2624,363.48,86.28999999999999,86.48,86.275,86.4816,59.34490493352163
2625,363.5,86.26,86.545,86.28040000000001,86.4826,59.36067398134037
2626,363.52,86.18,86.61,86.2828,86.486,59.376868641506576
2627,363.54,86.1,86.57,86.2826,86.48759999999999,59.382408185528895
2628,363.56,86.085,86.53,86.28240000000001,86.4876,59.376868609547174
2629,363.58,86.07,86.53,86.281,86.48759999999999,59.376445145776756
2630,363.6,86.19,86.53,86.28379999999999,86.4894,59.37132902121062
2631,363.62,86.31,86.535,86.2888,86.4932,59.37175290519648
2632,363.64,86.295,86.54,86.2906,86.49719999999999,59.382831925736625
2633,363.66,86.28,86.545,86.28720000000001,86.50139999999999,59.383680794528054
2634,363.68,86.28999999999999,86.55,86.27960000000002,86.50540000000001,59.37899195709889
2635,363.7,86.3,86.5,86.2732,86.507,59.37856642375805
2636,363.72,86.37,86.45,86.2704,86.5054,59.378141304405524
2637,363.74,86.44,86.43,86.2724,86.5018,59.37814128837267
2638,363.76,86.485,86.41,86.2782,86.49860000000001,59.377716582236516
2639,363.78,86.53,86.445,86.28800000000001,86.498,59.37729229137931
2640,363.8,86.525,86.48,86.29979999999999,86.49880000000002,59.376868414781136
2641,363.82,86.52,86.485,86.3106,86.4998,59.37644495079683
2642,363.84,86.495,86.49,86.31960000000001,86.50060000000002,59.382407941644985
2643,363.86,86.47,86.495,86.3256,86.50120000000001,59.383255981797184
2644,363.88,86.43,86.5,86.32799999999999,86.5024,59.37771648484557
2645,363.9,86.39,86.47999999999999,86.33,86.50319999999999,59.38325594933817
2646,363.92,86.34,86.46,86.3312,86.5026,59.394759475950224
2647,363.94,86.29,86.41,86.3302,86.49940000000001,59.39518444329274
2648,363.96,86.305,86.36,86.32960000000001,86.4944,59.39518442636394
2649,363.98,86.32,86.33,86.3308,86.4884,59.400298879069005
2650,364.0,86.31,86.3,86.3328,86.4786,59.406263223686906
2651,364.02,86.3,86.35499999999999,86.33760000000001,86.4684,59.4062632071135
2652,364.04,86.3,86.41,86.34559999999999,86.462,59.39945018417023
2653,364.06,86.3,86.405,86.3542,86.457,59.40456604000384
2654,364.08,86.295,86.4,86.36319999999999,86.4518,59.41564518498694
2655,364.1,86.29,86.45,86.3672,86.4486,59.41479924257808
2656,364.12,86.255,86.5,86.365,86.44720000000001,59.40883718240695
2657,364.14,86.22,86.5,86.36200000000001,86.44560000000001,59.40925954866679
2658,364.16,86.21000000000001,86.5,86.3592,86.44380000000001,59.41522195015628
2659,364.18,86.2,86.47,86.3556,86.44059999999999,59.41522193363628
2660,364.2,86.28,86.44,86.3548,86.4382,59.41564508806352
2661,364.22,86.36,86.41,86.3544,86.4366,59.422032160284544
2662,364.24,86.325,86.38,86.34980000000002,86.43459999999999,59.42203214405142
2663,364.26,86.29,86.395,86.34200000000001,86.434,59.42118462533334
2664,364.28,86.35,86.41,86.3348,86.43259999999998,59.420338761929045
2665,364.3,86.41,86.405,86.3302,86.42960000000001,59.41479908128256
2666,364.32,86.405,86.4,86.32560000000001,86.42620000000001,59.40968219912758
2667,364.34,86.4,86.38,86.3218,86.42179999999999,59.409682183016436
2668,364.36,86.355,86.36,86.31720000000001,86.4164,59.41564495774837
2669,364.38,86.31,86.32,86.3124,86.4092,59.42757154073169
2670,364.4,86.305,86.28,86.309,86.40119999999999,59.43311103954081
2671,364.42,86.3,86.33500000000001,86.30740000000002,86.3962,59.43311102285041
2672,364.44,86.33,86.39,86.309,86.39540000000001,59.43949944413421
2673,364.46,86.36,86.46000000000001,86.31120000000001,86.39939999999999,59.445038870953255
2674,364.48,86.35,86.53,86.3124,86.4074,59.44972954106714
2675,364.5,86.34,86.50999999999999,86.3136,86.4158,59.4497295252738
2676,364.52,86.355,86.49,86.3158,86.42119999999998,59.444614195946855
2677,364.54,86.37,86.43,86.3186,86.42199999999998,59.44418996644068
2678,364.56,86.42500000000001,86.37,86.3236,86.42060000000001,59.4378031634146
2679,364.58,86.48,86.39500000000001,86.331,86.42040000000001,59.426300865042464
2680,364.6,86.44,86.42,86.337,86.4192,59.431417844960606
2681,364.62,86.4,86.41,86.34280000000001,86.4156,59.4480368692154
2682,364.64,86.345,86.4,86.34779999999999,86.41159999999999,59.45953867309786
2683,364.66,86.29,86.39500000000001,86.35099999999998,86.4074,59.459961510593736
2684,364.68,86.28,86.39,86.3542,86.4042,59.454421882041174
2685,364.7,86.27,86.36500000000001,86.35379999999999,86.4012,59.45357649228383
2686,364.72,86.36,86.34,86.3538,86.3984,59.45273275713364
2687,364.74,86.45,86.375,86.35879999999999,86.3982,59.44677169632326
2688,364.76,86.41,86.41,86.36359999999999,86.39880000000001,59.44677168004561
2689,364.78,86.37,86.41,86.3644,86.39880000000001,59.45785127843579
2690,364.8,86.325,86.41,86.361,86.399,59.46851018457015
2691,364.82,86.28,86.425,86.35600000000001,86.4,59.47362977193512
2692,364.84,86.31,86.44,86.3524,86.40240000000001,59.46808985740242
2693,364.86,86.34,86.41499999999999,86.3518,86.40460000000002,59.45743042760615
2694,364.88,86.35,86.39,86.35340000000001,86.4074,59.45785119819086
2695,364.9,86.36,86.375,86.3556,86.41120000000001,59.46297024837391
2696,364.92,86.315,86.36,86.35619999999999,86.41220000000001,59.46171047066075
2697,364.94,86.27,86.32,86.35379999999999,86.40939999999999,59.461291361731504
2698,364.96,86.31,86.28,86.35179999999998,86.4022,59.46683135793086
2699,364.98,86.35,86.31,86.3518,86.3934,59.471952755910394
2700,365.0,86.38,86.34,86.35340000000001,86.3866,59.471534551845416
