,Time,Speed Follower,Speed Leader,Smooth Speed Follower,Smooth Speed Leader,Spacing
0,820.0,70.64500000000001,70.48,70.5098,70.4068,28.827408795617732
1,820.02,70.67,70.42500000000001,70.5194,70.4086,28.827394628985214
2,820.04,70.62,70.37,70.5282,70.41,28.83294104919941
3,820.06,70.57,70.385,70.534,70.41380000000001,28.83294104885491
4,820.08,70.50999999999999,70.4,70.5364,70.41900000000001,28.827394629359066
5,820.1,70.45,70.375,70.53299999999999,70.42399999999999,28.82742381979789
6,820.12,70.475,70.35,70.52720000000001,70.4234,28.82742382016015
7,820.14,70.5,70.375,70.5218,70.4192,28.82183490401205
8,820.16,70.545,70.4,70.5176,70.4162,28.810715453665843
9,820.18,70.59,70.37,70.5164,70.4122,28.805155728683555
10,820.2,70.6,70.34,70.51679999999999,70.4096,28.810689681497326
11,820.22,70.61,70.44,70.51820000000001,70.4136,28.81623781637864
12,820.24,70.61,70.54,70.52019999999999,70.4218,28.816237817090446
13,820.26,70.61,70.52000000000001,70.52120000000001,70.4294,28.810667346253734
14,820.28,70.555,70.5,70.51899999999999,70.4354,28.80509773050586
15,820.3,70.5,70.47999999999999,70.51979999999999,70.4398,28.805107611986923
16,820.32,70.465,70.46,70.5244,70.4432,28.810678083837256
17,820.34,70.43,70.425,70.5286,70.445,28.81066734627417
18,820.36,70.435,70.39,70.534,70.4444,28.805088708620186
19,820.38,70.44,70.38499999999999,70.53699999999999,70.4426,28.80507324285144
20,820.4,70.455,70.38,70.538,70.43939999999999,28.810632983408027
21,820.42,70.47,70.41499999999999,70.538,70.4364,28.810640285801075
22,820.44,70.535,70.45,70.539,70.4324,28.799520806459263
23,820.46,70.6,70.46000000000001,70.5404,70.4264,28.793969232444898
24,820.48,70.61,70.47,70.54,70.4234,28.79398814278147
25,820.5,70.62,70.49000000000001,70.539,70.4238,28.793988143141583
26,820.52,70.61,70.51,70.53659999999999,70.4272,28.799547877054298
27,820.54,70.6,70.52000000000001,70.5358,70.4332,28.805107611678945
28,820.56,70.53,70.53,70.5342,70.43900000000001,28.810648446922553
29,820.58,70.46,70.515,70.53219999999999,70.4436,28.81064028582019
30,820.6,70.47999999999999,70.5,70.5334,70.4486,28.799528971086556
31,820.62,70.5,70.53999999999999,70.53439999999999,70.45620000000001,28.793988142810772
32,820.64,70.56,70.58,70.5368,70.46440000000001,28.7939881428146
33,820.66,70.62,70.5,70.5398,70.4684,28.793969232827244
34,820.68,70.625,70.42,70.5412,70.4704,28.788394019109496
35,820.7,70.63,70.355,70.5424,70.471,28.777262496471117
36,820.72,70.64,70.29,70.5436,70.465,28.777257766492077
37,820.74,70.65,70.315,70.54520000000001,70.456,28.777262496825358
38,820.76,70.595,70.34,70.54459999999999,70.4488,28.777268086866364
39,820.78,70.54,70.39500000000001,70.54400000000001,70.4446,28.7828222404033
40,820.8,70.515,70.45,70.5446,70.4434,28.7883772551192
41,820.82,70.49,70.465,70.5456,70.4436,28.793936998905004
42,820.84,70.47999999999999,70.48,70.5476,70.4458,28.793941726855707
43,820.86,70.47,70.435,70.54899999999999,70.44760000000001,28.78838198363065
44,820.88,70.47,70.39,70.5502,70.4478,28.777253895867325
45,820.9,70.47,70.435,70.5508,70.45,28.77169415133823
46,820.92,70.52,70.48,70.55279999999999,70.4526,28.777262496833927
47,820.94,70.57,70.49000000000001,70.5542,70.4542,28.77726249683487
48,820.96,70.60499999999999,70.5,70.5544,70.4558,28.766138277875452
49,820.98,70.64,70.495,70.5556,70.4568,28.760578533389854
50,821.0,70.625,70.49,70.55579999999999,70.4568,28.76057466086908
51,821.02,70.61,70.47,70.5558,70.4552,28.760574661223167
52,821.04,70.61500000000001,70.45,70.5564,70.4524,28.76614301004469
53,821.06,70.62,70.46000000000001,70.56,70.4496,28.766143010045635
54,821.08,70.595,70.47,70.5654,70.4478,28.766134405752045
55,821.1,70.57,70.425,70.569,70.4448,28.7716941509888
56,821.12,70.525,70.38,70.57,70.4384,28.766143010049813
57,821.14,70.48,70.39,70.5668,70.4308,28.755023523615414
58,821.16,70.505,70.4,70.5622,70.4268,28.75501491634449
59,821.18,70.53,70.415,70.5584,70.4266,28.76057466087289
60,821.2,70.48,70.43,70.5524,70.4296,28.766138277530825
61,821.22,70.43,70.465,70.544,70.4366,28.77169114019204
62,821.24,70.41,70.5,70.53439999999999,70.444,28.77169114019294
63,821.26,70.39,70.46000000000001,70.5262,70.4488,28.766143010410136
64,821.28,70.41,70.42,70.521,70.44980000000001,28.760588860128266
65,821.3,70.43,70.405,70.5176,70.44800000000001,28.755035573093835
66,821.32,70.42,70.39,70.51480000000001,70.445,28.749483150509754
67,821.34,70.41,70.42,70.512,70.4426,28.74949132828934
68,821.36,70.465,70.45,70.51180000000001,70.4432,28.749491328645664
69,821.38,70.52,70.48,70.5138,70.4468,28.743931590761406
70,821.4,70.57,70.51,70.5178,70.44980000000001,28.738390799498248
71,821.42,70.62,70.505,70.5218,70.4508,28.732853461837944
72,821.44,70.635,70.5,70.5244,70.45120000000001,28.727293731967954
73,821.46,70.65,70.53,70.5262,70.45240000000001,28.732831065298097
74,821.48,70.61,70.56,70.525,70.455,28.743950534086117
75,821.5,70.57,70.545,70.5228,70.4572,28.749532651872784
76,821.52,70.505,70.53,70.51859999999999,70.4596,28.749545134459137
77,821.54,70.44,70.495,70.5116,70.4614,28.738439028497645
78,821.56,70.395,70.46,70.5026,70.4614,28.732908590558154
79,821.58,70.35,70.5,70.4928,70.46260000000001,28.738501036270257
80,821.6,70.255,70.54,70.4802,70.4672,28.74407840118057
81,821.62,70.16,70.51,70.46560000000001,70.4724,28.75521632573479
82,821.64,70.22999999999999,70.48,70.45559999999999,70.476,28.76079539455219
83,821.66,70.3,70.42500000000001,70.4474,70.477,28.755216326114205
84,821.68,70.345,70.37,70.44,70.4752,28.749638110728053
85,821.7,70.39,70.355,70.43639999999999,70.4722,28.744096913589775
86,821.72,70.36500000000001,70.34,70.4338,70.4672,28.744116287351446
87,821.74,70.34,70.37,70.431,70.462,28.744136522500437
88,821.76,70.36,70.4,70.4298,70.4596,28.738597923832714
89,821.78,70.38,70.46000000000001,70.4286,70.4612,28.738619885317142
90,821.8,70.39,70.52,70.42699999999999,70.4658,28.738619884981485
91,821.82,70.4,70.54499999999999,70.4262,70.47200000000001,28.73303822939238
92,821.84,70.39,70.57,70.4254,70.47800000000001,28.733017125412385
93,821.86,70.38,70.59,70.422,70.48360000000001,28.744136522591994
94,821.88,70.33,70.61,70.4144,70.4888,28.755298955558096
95,821.9,70.28,70.6,70.4028,70.4924,28.755321764309574
96,821.92,70.355,70.59,70.3922,70.4958,28.755321764328702
97,821.94,70.43,70.58,70.384,70.499,28.755345434486756
98,821.96,70.53,70.57,70.3792,70.50059999999999,28.73871634199069
99,821.98,70.63,70.53999999999999,70.38,70.4998,28.727623276531475
100,822.0,70.66499999999999,70.51,70.38380000000001,70.4984,28.733182942666726
101,822.02,70.7,70.44,70.3916,70.4948,28.733210075910453
102,822.04,70.695,70.37,70.40180000000001,70.4898,28.722090754253422
103,822.06,70.69,70.38,70.4136,70.4866,28.722090754634742
104,822.08,70.60499999999999,70.39,70.42379999999999,70.4822,28.733238071273007
105,822.1,70.52,70.4,70.4344,70.4766,28.72767841620701
106,822.12,70.465,70.41,70.4466,70.4726,28.722090754715417
107,822.14,70.41,70.435,70.45379999999999,70.4708,28.727650415568096
108,822.16,70.475,70.46,70.4608,70.4722,28.727737000863094
109,822.18,70.54,70.46,70.4686,70.47579999999999,28.727799031870237
110,822.2,70.595,70.46,70.4768,70.48,28.722239400194166
111,822.22,70.65,70.47999999999999,70.48819999999999,70.4856,28.71115246259544
112,822.24,70.58000000000001,70.5,70.4978,70.4908,28.71115246298703
113,822.26,70.51,70.495,70.5038,70.4946,28.71664830968447
114,822.28,70.53,70.49,70.5098,70.4958,28.71658797839524
115,822.3,70.55,70.52,70.5162,70.4958,28.716587977718728
116,822.32,70.62,70.55,70.525,70.496,28.71658797810318
117,822.34,70.69,70.57,70.53699999999999,70.49600000000001,28.711028328035887
118,822.36,70.75,70.59,70.5518,70.496,28.705498424441473
119,822.38,70.81,70.535,70.571,70.493,28.71105806912835
120,822.4,70.75999999999999,70.48,70.59020000000001,70.48819999999999,28.722177357188485
121,822.42,70.71,70.53,70.6044,70.4858,28.72220794807121
122,822.44,70.74,70.58,70.6168,70.4858,28.711088671940907
123,822.46,70.77,70.555,70.62639999999999,70.4852,28.699938781420112
124,822.48,70.79499999999999,70.53,70.633,70.4848,28.69437913687784
125,822.5,70.82,70.575,70.63919999999999,70.48740000000001,28.694409757757693
126,822.52,70.83,70.62,70.6444,70.4946,28.6888816083031
127,822.54,70.84,70.67,70.6502,70.50659999999999,28.688881608685655
128,822.56,70.78999999999999,70.72,70.6542,70.5202,28.70000087269723
129,822.58,70.74,70.71000000000001,70.6596,70.533,28.700000873094982
130,822.6,70.74,70.7,70.6684,70.545,28.694409757568913
131,822.62,70.74,70.65,70.6794,70.5546,28.694409757957125
132,822.64,70.725,70.6,70.692,70.5612,28.70000087214299
133,822.66,70.71,70.615,70.70139999999999,70.56739999999999,28.700000872524505
134,822.68,70.745,70.63,70.7096,70.5742,28.688881608947785
135,822.7,70.78,70.565,70.717,70.5784,28.68335433496234
136,822.72,70.72,70.5,70.7198,70.5792,28.683387555926675
137,822.74,70.66,70.53,70.723,70.5804,28.683387556312336
138,822.76,70.615,70.56,70.7272,70.583,28.688913960193123
139,822.78,70.57,70.58500000000001,70.72879999999999,70.5868,28.688881608414384
140,822.8,70.49,70.61,70.7264,70.5904,28.688850120019126
141,822.82,70.41,70.61500000000001,70.71799999999999,70.593,28.694379137069912
142,822.84,70.46000000000001,70.62,70.7088,70.595,28.68885012008825
143,822.86,70.51,70.62,70.6992,70.5962,28.683321977872975
144,822.88,70.535,70.62,70.6882,70.5996,28.688881608958187
145,822.9,70.56,70.64,70.6802,70.60600000000001,28.694441241132452
146,822.92,70.555,70.66,70.674,70.6112,28.694441241177074
147,822.94,70.55,70.63499999999999,70.66640000000001,70.6134,28.688850120252667
148,822.96,70.6,70.61,70.6596,70.6156,28.683259849674943
149,822.98,70.65,70.625,70.6538,70.6194,28.68885012032179
150,823.0,70.66,70.64,70.6474,70.622,28.69440975860382
151,823.02,70.67,70.72999999999999,70.64099999999999,70.6264,28.688819494268376
152,823.04,70.61,70.82,70.6318,70.6324,28.688819494308273
153,823.06,70.55,70.735,70.6222,70.633,28.69437913782227
154,823.08,70.5,70.65,70.6126,70.6306,28.699909029457583
155,823.1,70.45,70.64,70.601,70.6282,28.699909029487962
156,823.12,70.42500000000001,70.63,70.58840000000001,70.6274,28.688850120578067
157,823.14,70.4,70.60499999999999,70.5754,70.6276,28.67779471072093
158,823.16,70.53,70.58,70.56819999999999,70.6262,28.672268318884235
159,823.18,70.66,70.53999999999999,70.56479999999999,70.6226,28.66114908082855
160,823.2,70.6,70.5,70.55760000000001,70.62,28.655589462075678
161,823.22,70.54,70.535,70.5504,70.6214,28.65562357899871
162,823.24,70.45,70.57,70.542,70.62299999999999,28.655623579394483
163,823.26,70.36,70.55,70.5318,70.6226,28.655623578729287
164,823.28,70.305,70.53,70.52120000000001,70.6204,28.655623578771408
165,823.3,70.25,70.515,70.5116,70.6166,28.655623579167177
166,823.32,70.36500000000001,70.5,70.5098,70.612,28.6445393488118
167,823.34,70.48,70.425,70.51060000000001,70.60419999999999,28.62789641240529
168,823.36,70.535,70.35,70.5116,70.5934,28.616813973457752
169,823.38,70.59,70.32,70.5138,70.58139999999999,28.616777215647353
170,823.4,70.59,70.29,70.515,70.56739999999999,28.622265906364333
171,823.42,70.59,70.39500000000001,70.51639999999999,70.5568,28.62782551862249
172,823.44,70.63,70.5,70.5196,70.5514,28.622336814185477
173,823.46,70.67,70.61500000000001,70.5224,70.5516,28.622336814242537
174,823.48,70.66,70.73,70.5228,70.5558,28.627860532952308
175,823.5,70.65,70.775,70.5224,70.5612,28.627896412065883
176,823.52,70.665,70.82,70.5222,70.56479999999999,28.62797076449633
177,823.54,70.68,70.845,70.525,70.5658,28.627970764538386
178,823.56,70.635,70.87,70.5284,70.5712,28.627896413277504
179,823.58,70.59,70.775,70.532,70.5762,28.627860533893248
180,823.6,70.52000000000001,70.68,70.53479999999999,70.5778,28.63342013905339
181,823.62,70.45,70.63,70.5358,70.5778,28.633385130973316
182,823.64,70.49000000000001,70.58,70.5394,70.5768,28.6277913693913
183,823.66,70.53,70.57,70.5394,70.5764,28.627791369431947
184,823.68,70.58,70.56,70.53620000000001,70.57719999999999,28.627758084294435
185,823.7,70.63,70.555,70.5374,70.57939999999999,28.627725662959236
186,823.72,70.655,70.55,70.542,70.58,28.627694106145334
187,823.74,70.68,70.56,70.5512,70.5796,28.62210377050601
188,823.76,70.625,70.57,70.5618,70.5804,28.616574831834445
189,823.78,70.57,70.60499999999999,70.5724,70.5834,28.616606400271554
190,823.8,70.565,70.64,70.585,70.58840000000001,28.62213446888743
191,823.82,70.56,70.67,70.5928,70.5952,28.622134469275235
192,823.84,70.6,70.7,70.5976,70.6062,28.611079209145558
193,823.86,70.64,70.74000000000001,70.6018,70.62180000000001,28.60558707208307
194,823.88,70.66,70.78,70.6046,70.64020000000001,28.60558707247951
195,823.9,70.68,70.77000000000001,70.6082,70.6594,28.59999327758526
196,823.92,70.665,70.76,70.61120000000001,70.674,28.599993277280305
197,823.94,70.65,70.70500000000001,70.612,70.68220000000001,28.59440033501296
198,823.96,70.76,70.65,70.6156,70.68360000000001,28.577721460461742
199,823.98,70.87,70.625,70.62400000000001,70.6794,28.566669790798183
200,824.0,70.725,70.6,70.627,70.6724,28.566669790486777
201,824.02,70.58,70.69999999999999,70.62360000000001,70.66760000000001,28.57219518603025
202,824.04,70.50999999999999,70.8,70.6168,70.6658,28.572161836079996
203,824.06,70.44,70.63499999999999,70.609,70.65639999999999,28.56656972116679
204,824.08,70.53,70.47,70.6066,70.6442,28.561042586528885
205,824.1,70.62,70.44,70.6106,70.6346,28.555516332004398
206,824.12,70.565,70.41,70.6152,70.6258,28.55548296185842
207,824.14,70.51,70.58,70.616,70.6258,28.560978459589347
208,824.16,70.475,70.75,70.6138,70.633,28.555418822745693
209,824.18,70.44,70.77000000000001,70.6082,70.6414,28.549923337620495
210,824.2,70.465,70.79,70.6016,70.6508,28.5554829627121
211,824.22,70.49,70.795,70.595,70.6606,28.56097846044346
212,824.24,70.53,70.8,70.589,70.67020000000001,28.561010090392887
213,824.26,70.57,70.87,70.5868,70.6822,28.56104258687592
214,824.28,70.61,70.94,70.58840000000001,70.6956,28.56104258726826
215,824.3,70.65,70.875,70.5918,70.705,28.561075950308645
216,824.32,70.575,70.81,70.5924,70.7106,28.56660221213132
217,824.34,70.5,70.73,70.5884,70.7118,28.57209773488968
218,824.36,70.465,70.65,70.5814,70.70819999999999,28.57209773455486
219,824.38,70.43,70.7,70.57220000000001,70.705,28.572129352199934
220,824.4,70.405,70.75,70.5612,70.7042,28.577657371630167
221,824.42,70.38,70.775,70.54979999999999,70.70479999999999,28.58315639464423
222,824.44,70.41499999999999,70.8,70.5404,70.7086,28.583127387007547
223,824.46,70.45,70.74000000000001,70.528,70.7122,28.577539584569166
224,824.48,70.605,70.68,70.5174,70.7144,28.560833307051848
225,824.5,70.76,70.745,70.5188,70.7202,28.544154311754202
226,824.52,70.755,70.81,70.5258,70.7246,28.54415431178644
227,824.54,70.75,70.815,70.5354,70.7252,28.55527364200314
228,824.56,70.84,70.82,70.5514,70.7326,28.555247205930357
229,824.58,70.93,70.75999999999999,70.5674,70.7442,28.544077573532473
230,824.6,70.94,70.7,70.5802,70.7546,28.53849404372995
231,824.62,70.95,70.68,70.59559999999999,70.7654,28.53849404338988
232,824.64,70.975,70.66,70.6142,70.76859999999999,28.53291137209125
233,824.66,71.0,70.695,70.6352,70.7664,28.527308302373868
234,824.68,70.93,70.73,70.6548,70.76480000000001,28.532828098097173
235,824.7,70.86,70.83000000000001,70.67060000000001,70.7664,28.5383878037804
236,824.72,70.81,70.93,70.6834,70.7718,28.538407317017597
237,824.74,70.76,70.94,70.6926,70.7774,28.538407316678118
238,824.76,70.725,70.95,70.6988,70.7806,28.543967018931333
239,824.78,70.69,70.80000000000001,70.702,70.775,28.543947508820672
240,824.8,70.62,70.65,70.7008,70.766,28.543947509187127
241,824.82,70.55,70.655,70.69980000000001,70.7598,28.54394750954387
242,824.84,70.55,70.66,70.7018,70.757,28.5328280978466
243,824.86,70.55,70.74,70.70519999999999,70.76060000000001,28.527308302532767
244,824.88,70.59,70.82,70.7116,70.7654,28.53288925265907
245,824.9,70.63,70.91,70.72059999999999,70.7718,28.54400863949665
246,824.92,70.63499999999999,71.0,70.7308,70.7808,28.549547093496805
247,824.94,70.64,71.045,70.7398,70.7906,28.54952672096129
248,824.96,70.625,71.09,70.74680000000001,70.8046,28.543987395244738
249,824.98,70.61,71.045,70.747,70.8192,28.538448945792425
250,825.0,70.695,71.0,70.7444,70.82939999999999,28.538448946516496
251,825.02,70.78,70.905,70.7454,70.8332,28.532889252776616
252,825.04,70.81,70.81,70.7478,70.833,28.521769866054946
253,825.06,70.84,70.805,70.7478,70.8324,28.521728212419017
254,825.08,70.765,70.8,70.74119999999999,70.834,28.532809447679636
255,825.1,70.69,70.775,70.7312,70.837,28.53282809836915
256,825.12,70.72999999999999,70.75,70.7224,70.8398,28.521728212451226
257,825.14,70.77,70.735,70.7142,70.84280000000001,28.51616851100854
258,825.16,70.71000000000001,70.72,70.70259999999999,70.8438,28.521748605613123
259,825.18,70.65,70.75999999999999,70.6914,70.845,28.521769866161016
260,825.2,70.61,70.8,70.6814,70.8438,28.516210172494
261,825.22,70.57,70.81,70.6718,70.839,28.521769865498275
262,825.24,70.53999999999999,70.82,70.663,70.8342,28.532889252960718
263,825.26,70.51,70.865,70.6544,70.8308,28.538427698262325
264,825.28,70.53999999999999,70.91,70.6484,70.8352,28.543967018940446
265,825.3,70.57,70.9,70.6464,70.8452,28.55510679138965
266,825.32,70.63999999999999,70.89,70.65,70.8546,28.549568333298023
267,825.34,70.71,70.86500000000001,70.6564,70.8628,28.53288925269109
268,825.36,70.68,70.84,70.66159999999999,70.8668,28.53286800080189
269,825.38,70.65,70.77000000000001,70.664,70.8648,28.538407317489863
270,825.4,70.685,70.7,70.6662,70.8564,28.532828098573347
271,825.42,70.72,70.735,70.6696,70.8458,28.527231953632118
272,825.44,70.755,70.77,70.6742,70.8348,28.532758702866044
273,825.46,70.79,70.785,70.6808,70.82260000000001,28.538303244402446
274,825.48,70.795,70.8,70.6882,70.81280000000001,28.538318422418605
275,825.5,70.8,70.875,70.69239999999999,70.8078,28.53833446700731
276,825.52,70.935,70.95,70.6986,70.8096,28.527215035256297
277,825.54,71.07,70.88499999999999,70.709,70.8126,28.51611252893415
278,825.56,71.025,70.82,70.71640000000001,70.8132,28.510570612667557
279,825.58,70.98,70.8,70.725,70.8132,28.499451194236947
280,825.6,70.965,70.78,70.73599999999999,70.8134,28.499451194239338
281,825.62,70.95,70.7,70.7448,70.8114,28.505010903467355
282,825.64,70.85,70.62,70.74799999999999,70.8068,28.510570612714563
283,825.66,70.75,70.65,70.7496,70.804,28.51058927727662
284,825.68,70.75,70.68,70.75359999999999,70.8008,28.505049108165906
285,825.7,70.75,70.73,70.7592,70.798,28.499509815492157
286,825.72,70.705,70.78,70.7646,70.7968,28.493971399766465
287,825.74,70.66,70.82,70.76939999999999,70.7968,28.493950117759343
288,825.76,70.68,70.86,70.7762,70.79660000000001,28.49395011742115
289,825.78,70.7,70.75,70.7826,70.7902,28.488433860121926
290,825.8,70.68,70.64,70.787,70.7798,28.488456882819666
291,825.82,70.66,70.61,70.7878,70.7686,28.499553237656723
292,825.84,70.57,70.58,70.78219999999999,70.7572,28.499553238388184
293,825.86,70.48,70.60499999999999,70.77420000000001,70.74780000000001,28.488480775385813
294,825.88,70.43,70.63,70.7654,70.7422,28.48850553598565
295,825.9,70.38,70.66,70.7532,70.7406,28.488531165004463
296,825.92,70.36,70.69,70.7388,70.7388,28.488531165028295
297,825.94,70.34,70.72999999999999,70.72219999999999,70.73719999999999,28.494065210628825
298,825.96,70.375,70.77,70.70559999999999,70.7366,28.494040454543818
299,825.98,70.41,70.715,70.6902,70.7332,28.49960013505934
300,826.0,70.375,70.66,70.6732,70.7246,28.510769845373726
301,826.02,70.34,70.63,70.6494,70.7118,28.51079632286972
302,826.04,70.38,70.6,70.62180000000001,70.70039999999999,28.499704349436055
303,826.06,70.42,70.52,70.5976,70.6884,28.494144689657023
304,826.08,70.4,70.44,70.5744,70.67399999999999,28.499650505115955
305,826.1,70.38,70.495,70.551,70.6626,28.49965050549343
306,826.12,70.4,70.55,70.529,70.6566,28.499676992960794
307,826.14,70.42,70.495,70.51180000000001,70.6516,28.505236658516157
308,826.16,70.46000000000001,70.44,70.5002,70.6432,28.505264009065673
309,826.18,70.5,70.49000000000001,70.4902,70.6356,28.499761667693807
310,826.2,70.495,70.54,70.48,70.62799999999999,28.488703185658405
311,826.22,70.49,70.54,70.47139999999999,70.61840000000001,28.483175266267757
312,826.24,70.52,70.54,70.4658,70.6072,28.488703185735968
313,826.26,70.55,70.57,70.4606,70.59559999999999,28.48314354909401
314,826.28,70.6,70.6,70.4566,70.58959999999999,28.472024276612323
315,826.3,70.65,70.535,70.45540000000001,70.58539999999999,28.47755305923307
316,826.32,70.67,70.47,70.4558,70.57979999999999,28.477523074008985
317,826.34,70.69,70.43,70.4606,70.5738,28.466374650310843
318,826.36,70.60499999999999,70.39,70.46560000000001,70.56519999999999,28.46640377752263
319,826.38,70.52,70.465,70.4692,70.55860000000001,28.472024276424822
320,826.4,70.455,70.54,70.47219999999999,70.5538,28.477681689962
321,826.42,70.39,70.48500000000001,70.4734,70.5456,28.47778728797063
322,826.44,70.43,70.43,70.477,70.53359999999999,28.4777872876637
323,826.46,70.47,70.45500000000001,70.4808,70.521,28.47778728841773
324,826.48,70.46000000000001,70.48,70.4828,70.5116,28.472227691940372
325,826.5,70.45,70.45,70.4858,70.50319999999999,28.46666809516784
326,826.52,70.44,70.42,70.4898,70.4948,28.45562370513399
327,826.54,70.43,70.4,70.4918,70.4868,28.455623704833126
328,826.56,70.6,70.38,70.499,70.4812,28.455548901847823
329,826.58,70.77,70.395,70.5138,70.4794,28.44442970972694
330,826.6,70.8,70.41,70.53059999999999,70.476,28.43887011360102
331,826.62,70.83,70.375,70.54780000000001,70.46900000000001,28.438833995398852
332,826.64,70.72999999999999,70.34,70.5602,70.4628,28.444466690800525
333,826.66,70.63,70.325,70.567,70.4582,28.444582854177014
334,826.68,70.56,70.31,70.5694,70.45100000000001,28.444582853879474
335,826.7,70.49,70.295,70.5692,70.44120000000001,28.450142420594506
336,826.72,70.57,70.28,70.5724,70.4308,28.444664646628414
337,826.74,70.65,70.28999999999999,70.5776,70.4208,28.433587763856536
338,826.76,70.63,70.3,70.5808,70.41,28.433545546338436
339,826.78,70.61,70.25,70.5812,70.396,28.433545546399557
340,826.8,70.535,70.2,70.5766,70.3826,28.43354554575338
341,826.82,70.46,70.21000000000001,70.56819999999999,70.3722,28.4335455458145
342,826.84,70.5,70.22,70.5606,70.3638,28.428071319485873
343,826.86,70.54,70.195,70.558,70.35600000000001,28.42255576217468
344,826.88,70.58000000000001,70.17,70.5604,70.3442,28.411392719529516
345,826.9,70.62,70.17500000000001,70.567,70.3296,28.40027365282266
346,826.92,70.65,70.18,70.5774,70.3174,28.400273652535404
347,826.94,70.68,70.14,70.5874,70.3058,28.400188246787145
348,826.96,70.68,70.1,70.59580000000001,70.2916,28.394587292999937
349,826.98,70.68,70.06,70.6046,70.2748,28.389069147373036
350,827.0,70.72,70.02,70.6154,70.2576,28.3780355220254
351,827.02,70.76,70.025,70.62819999999999,70.2418,28.37256496852011
352,827.04,70.78,70.03,70.64219999999999,70.227,28.372564968593025
353,827.06,70.8,70.025,70.6502,70.2128,28.367005453260575
354,827.08,70.775,70.02,70.6504,70.1978,28.355886423503083
355,827.1,70.75,70.03,70.6484,70.18260000000001,28.344767394108583
356,827.12,70.785,70.04,70.64659999999999,70.1692,28.34476739418054
357,827.14,70.82,69.97,70.6502,70.15440000000001,28.339162900947382
358,827.16,70.84,69.9,70.65859999999999,70.1374,28.32799973101452
359,827.18,70.86,69.88,70.67060000000001,70.12020000000001,28.322396941692773
360,827.2,70.91499999999999,69.86,70.6876,70.1028,28.311321135582673
361,827.22,70.97,69.84,70.70360000000001,70.0852,28.30029127888503
362,827.24,70.965,69.82,70.7162,70.0664,28.28917225131199
363,827.26,70.96,69.775,70.7294,70.0454,28.278008148120342
364,827.28,70.82,69.73,70.7378,70.0246,28.27796394738353
365,827.3,70.68,69.715,70.7436,70.0052,28.277963946742915
366,827.32,70.65,69.7,70.75120000000001,69.98479999999999,28.278008147974827
367,827.34,70.62,69.62,70.756,69.9608,28.272493710193753
368,827.36,70.61500000000001,69.54,70.759,69.9346,28.26693419720754
369,827.38,70.61,69.555,70.7602,69.91,28.266889103182802
370,827.4,70.58500000000001,69.57,70.75880000000001,69.8858,28.261374683667274
371,827.42,70.56,69.525,70.7552,69.8596,28.250301653441888
372,827.44,70.58,69.48,70.7512,69.8332,28.233670041293028
373,827.46,70.6,69.41,70.74799999999999,69.8056,28.217039363224856
374,827.48,70.675,69.34,70.74780000000001,69.77680000000001,28.20587257011482
375,827.5,70.75,69.295,70.74900000000001,69.7478,28.200313076222074
376,827.52,70.78999999999999,69.25,70.7502,69.71679999999999,28.189194088657125
377,827.54,70.83,69.205,70.7522,69.6838,28.172515606955837
378,827.56,70.75,69.16,70.75019999999999,69.64920000000001,28.166956113306213
379,827.58,70.67,69.035,70.74600000000001,69.6098,28.15583712728942
380,827.6,70.59,68.91,70.7396,69.56500000000001,28.144814876121078
381,827.62,70.51,68.86,70.7286,69.5178,28.139305098632324
382,827.64,70.47,68.81,70.7146,69.47139999999999,28.133695927798733
383,827.66,70.43,68.85,70.6982,69.4294,28.122576980896852
384,827.68,70.45,68.89,70.68180000000001,69.3898,28.105948316504257
385,827.7,70.47,68.81,70.664,69.3478,28.10589856138528
386,827.72,70.50999999999999,68.73,70.6456,69.3034,28.100339088477252
387,827.74,70.55,68.58000000000001,70.629,69.2538,28.072591538412265
388,827.76,70.515,68.43,70.6112,69.2,28.055863307074485
389,827.78,70.48,68.39,70.5976,69.1464,28.05030383477351
390,827.8,70.45,68.35,70.58840000000001,69.0918,28.044844972785672
391,827.82,70.42,68.28999999999999,70.5792,69.03540000000001,28.033726068933696
392,827.84,70.39500000000001,68.23,70.5702,68.97980000000001,28.011437456592468
393,827.86,70.37,68.15,70.5604,68.9242,27.989250458972354
394,827.88,70.35,68.07,70.55,68.8648,27.978183309162173
395,827.9,70.33,67.985,70.5398,68.8014,27.967064428320974
396,827.92,70.305,67.9,70.5296,68.73639999999999,27.95038610897461
397,827.94,70.28,67.9,70.5176,68.6732,27.933760510487136
398,827.96,70.36,67.9,70.508,68.61280000000001,27.91708222449741
399,827.98,70.44,67.78,70.4986,68.5504,27.9003511568761
400,828.0,70.5,67.66,70.48859999999999,68.485,27.883620914424387
401,828.02,70.56,67.61,70.4794,68.41940000000001,27.861383120716393
402,828.04,70.55000000000001,67.56,70.46820000000001,68.3536,27.839250238466754
403,828.06,70.54,67.47,70.4598,68.286,27.822625779273324
404,828.08,70.57,67.38,70.4558,68.2198,27.806002275452794
405,828.1,70.6,67.215,70.4562,68.152,27.783876904753438
406,828.12,70.555,67.05,70.458,68.0796,27.767198761803193
407,828.14,70.51,66.99000000000001,70.4596,68.0068,27.750463984302154
408,828.16,70.465,66.93,70.461,67.93,27.72817062971038
409,828.18,70.42,66.875,70.4598,67.8494,27.700318668451906
410,828.2,70.34,66.82,70.45460000000001,67.7698,27.67808101874285
411,828.22,70.26,66.745,70.4446,67.69040000000001,27.6614578120951
412,828.24,70.26,66.67,70.433,67.61399999999999,27.644779611191716
413,828.26,70.26,66.65,70.42280000000001,67.5428,27.628046315366912
414,828.28,70.215,66.63,70.4122,67.4724,27.605808673367743
415,828.3,70.17,66.555,70.40100000000001,67.4006,27.583626217134505
416,828.32,70.18,66.48,70.3914,67.3282,27.5670041364787
417,828.34,70.19,66.315,70.3832,67.2516,27.5392072037938
418,828.36,70.145,66.15,70.3742,67.1716,27.5114674030825
419,828.38,70.1,65.965,70.3642,67.0874,27.48928798276134
420,828.4,70.175,65.78,70.358,66.9992,27.46143304330053
421,828.42,70.25,65.715,70.3558,66.9118,27.428076810450246
422,828.44,70.305,65.65,70.3568,66.8218,27.394720582360293
423,828.46,70.36,65.63,70.3568,66.73100000000001,27.366923730653962
424,828.48,70.28,65.61,70.3504,66.6442,27.350303991340812
425,828.5,70.2,65.52000000000001,70.33840000000001,66.55860000000001,27.328125884347504
426,828.52,70.13499999999999,65.43,70.3214,66.4714,27.2948913280948
427,828.54,70.07,65.285,70.3022,66.3804,27.26159760686152
428,828.56,70.055,65.14,70.2828,66.2872,27.233801081391707
429,828.58,70.04,64.97,70.2616,66.1908,27.20050849732959
430,828.6,69.99000000000001,64.8,70.2372,66.0942,27.167216986344574
431,828.62,69.94,64.77,70.21260000000001,66.003,27.13942060727388
432,828.64,69.985,64.74,70.1916,65.913,27.106000584173284
433,828.66,70.03,64.60499999999999,70.1742,65.82,27.067085576518647
434,828.68,69.95,64.47,70.1554,65.7238,27.03935368202963
435,828.7,69.87,64.36,70.1366,65.6254,27.01162284054543
436,828.72,69.78999999999999,64.25,70.1178,65.5256,26.983960472950766
437,828.74,69.71,64.185,70.0958,65.42620000000001,26.956302059404976
438,828.76,69.66499999999999,64.12,70.072,65.325,26.922946867653785
439,828.78,69.62,63.955,70.0482,65.218,26.883894388260234
440,828.8,69.49000000000001,63.79,70.021,65.1074,26.850471290686116
441,828.82,69.36,63.7,69.98819999999999,64.9962,26.822742926867726
442,828.84,69.3,63.61,69.9526,64.888,26.79494681651527
443,828.86,69.24,63.465,69.91640000000001,64.7806,26.761591491745378
444,828.88,69.225,63.32,69.8814,64.67479999999999,26.722745958003163
445,828.9,69.21,63.165,69.8428,64.5702,26.678342376106173
446,828.92,69.195,63.01,69.80059999999999,64.462,26.63393997172306
447,828.94,69.18,62.93,69.7556,64.3532,26.59509790503106
448,828.96,69.21000000000001,62.85,69.7096,64.242,26.56737526812331
449,828.98,69.24,62.79,69.668,64.1292,26.539653723348877
450,829.0,69.15,62.73,69.626,64.0176,26.506374170004502
451,829.02,69.06,62.575,69.583,63.903400000000005,26.467536664378795
452,829.04,68.985,62.42,69.53960000000001,63.7888,26.428778531486515
453,829.06,68.91,62.24,69.49380000000001,63.672799999999995,26.38446560564836
454,829.08,68.91,62.06,69.4486,63.5564,26.34555250651277
455,829.1,68.91,61.97,69.4054,63.4432,26.312198433533833
456,829.12,68.82499999999999,61.88,69.3608,63.327600000000004,26.273285362614992
457,829.14,68.74,61.7,69.31099999999999,63.206,26.234372306631116
458,829.16,68.69,61.52,69.2574,63.0826,26.20109998330672
459,829.18,68.64,61.495000000000005,69.205,62.9636,26.156710889436987
460,829.2,68.60499999999999,61.47,69.1544,62.848,26.106680195242795
461,829.22,68.57,61.385,69.1056,62.7334,26.06220849028292
462,829.24,68.46,61.3,69.0556,62.618,26.023379938439653
463,829.26,68.35,61.15,69.003,62.4992,25.984552607408727
464,829.28,68.185,61.0,68.9456,62.381,25.951285402285638
465,829.3,68.02,60.945,68.88680000000001,62.2672,25.918019387121962
466,829.32,67.895,60.89,68.8282,62.1548,25.884754566481735
467,829.34,67.77,60.795,68.767,62.042199999999994,25.851401424678045
468,829.36,67.72999999999999,60.7,68.7066,61.931599999999996,25.818137931948897
469,829.38,67.69,60.535,68.6452,61.82020000000001,25.773942400561673
470,829.4,67.69999999999999,60.37,68.5848,61.70839999999999,25.72410205691155
471,829.42,67.71,60.265,68.52539999999999,61.5986,25.679728155290118
472,829.44,67.72,60.16,68.467,61.48780000000001,25.629796901995373
473,829.46,67.73,60.055,68.4078,61.376,25.574308379471244
474,829.48,67.6,59.95,68.34219999999999,61.2624,25.535397829689646
475,829.5,67.47,59.96,68.27499999999999,61.1516,25.49648730262616
476,829.52,67.33,59.97,68.2058,61.047399999999996,25.4521178338523
477,829.54,67.19,59.855000000000004,68.134,60.94480000000001,25.418766126460092
478,829.56,67.155,59.74,68.06379999999999,60.844800000000006,25.385314498834063
479,829.58,67.12,59.725,67.9922,60.751400000000004,25.346404063141907
480,829.6,67.06,59.71,67.9182,60.661,25.307493651756584
481,829.62,67.0,59.615,67.84519999999999,60.5704,25.26302463970438
482,829.64,66.93,59.52,67.7728,60.4832,25.22421485671227
483,829.66,66.86,59.415000000000006,67.69959999999999,60.398999999999994,25.185406390444825
484,829.68,66.805,59.31,67.6262,60.3116,25.141144565021587
485,829.7,66.75,59.225,67.55199999999999,60.2218,25.096887448027534
486,829.72,66.58500000000001,59.14,67.4726,60.132,25.06353662635132
487,829.74,66.42,59.065,67.391,60.0426,25.030185825080338
488,829.76,66.37,58.99,67.31179999999999,59.956199999999995,24.985825601654355
489,829.78,66.32,58.86,67.23719999999999,59.8706,24.935908382553254
490,829.8,66.32,58.73,67.1692,59.78200000000001,24.897109398002712
491,829.82,66.32,58.69,67.1062,59.693999999999996,24.86375913805323
492,829.84,66.175,58.65,67.0424,59.6082,24.824850529068037
493,829.86,66.03,58.620000000000005,66.9744,59.525,24.780607316342415
494,829.88,65.94,58.59,66.9044,59.4472,24.73625438130912
495,829.9,65.85,58.6,66.8304,59.376400000000004,24.697346404455512
496,829.92,65.715,58.61,66.7506,59.3102,24.664111639147578
497,829.94,65.58,58.51,66.665,59.2442,24.62531999247831
498,829.96,65.41,58.41,66.57220000000001,59.1784,24.586529753668106
499,829.98,65.24,58.295,66.4778,59.1122,24.547622455270623
500,830.0,65.10499999999999,58.18,66.3832,59.041000000000004,24.519713950570548
501,830.02,64.97,58.06,66.2888,58.9646,24.486364727094333
502,830.04,64.88,57.94,66.1964,58.888000000000005,24.447575276154303
503,830.06,64.79,57.82,66.1018,58.8112,24.414345387903182
504,830.08,64.67,57.7,66.0038,58.7302,24.380996568520956
505,830.1,64.55,57.655,65.9034,58.648,24.34208964608039
506,830.12,64.5,57.61,65.8034,58.5678,24.297745346178047
507,830.14,64.45,57.61,65.7042,58.491400000000006,24.258960618363613
508,830.16,64.31,57.61,65.6022,58.419200000000004,24.231293399703212
509,830.18,64.17,57.535,65.49680000000001,58.348200000000006,24.198069508671136
510,830.2,64.035,57.46,65.3882,58.2776,24.159163548374856
511,830.22,63.9,57.435,65.2808,58.2094,24.125815614814726
512,830.24,63.849999999999994,57.41,65.178,58.14320000000001,24.092593557645436
513,830.26,63.8,57.349999999999994,65.0752,58.077600000000004,24.048129962773555
514,830.28,63.65,57.29,64.9684,58.014799999999994,24.01465604642197
515,830.3,63.5,57.16,64.8556,57.952,23.986866205883352
516,830.32,63.405,57.03,64.73899999999999,57.885600000000004,23.953645001315696
517,830.34,63.31,56.935,64.6244,57.817,23.91473949960284
518,830.36,63.2,56.84,64.5112,57.7458,23.881519955918215
519,830.38,63.09,56.81,64.3972,57.6746,23.853989912852388
520,830.4,63.0,56.78,64.28320000000001,57.601800000000004,23.820642971666558
521,830.42,62.91,56.79,64.17099999999999,57.528999999999996,23.781738247890985
522,830.44,62.81999999999999,56.8,64.0606,57.46059999999999,23.742833568366347
523,830.46,62.73,56.769999999999996,63.953399999999995,57.395,23.715044539057438
524,830.48,62.465,56.74,63.8424,57.3328,23.70406102043868
525,830.5,62.2,56.67,63.7262,57.2724,23.681829945037265
526,830.52,62.120000000000005,56.6,63.6122,57.214,23.65390875485905
527,830.54,62.04,56.510000000000005,63.498599999999996,57.1568,23.631677587738377
528,830.56,61.89,56.42,63.382600000000004,57.1008,23.604021296555867
529,830.58,61.74,56.365,63.2654,57.047399999999996,23.565250956570832
530,830.6,61.67,56.31,63.1502,56.993599999999994,23.53190467805031
531,830.62,61.6,56.225,63.0342,56.93820000000001,23.503981875524243
532,830.64,61.485,56.14,62.9156,56.8794,23.476059833508668
533,830.66,61.37,56.1,62.798,56.819,23.448138553303934
534,830.68,61.175,56.06,62.6782,56.76,23.42577585591775
535,830.7,60.98,56.03,62.556000000000004,56.702799999999996,23.40354459116449
536,830.72,60.91,56.0,62.43639999999999,56.6454,23.375887354363567
537,830.74,60.84,55.95,62.316,56.586999999999996,23.348231513727754
538,830.76,60.72,55.9,62.192800000000005,56.528999999999996,23.326000552794127
539,830.78,60.6,55.849999999999994,62.0708,56.4714,23.30363631359512
540,830.8,60.525000000000006,55.8,61.951800000000006,56.417,23.281272897542227
541,830.82,60.45,55.845,61.833600000000004,56.3696,23.258910307009963
542,830.84,60.305,55.89,61.7134,56.327799999999996,23.24223684606874
543,830.86,60.16,55.845,61.591800000000006,56.288000000000004,23.22569500456242
544,830.88,60.095,55.8,61.472,56.24759999999999,23.203463873134098
545,830.9,60.03,55.65,61.353199999999994,56.2024,23.175543085357575
546,830.92,59.865,55.5,61.2314,56.1508,23.153311861236183
547,830.94,59.7,55.489999999999995,61.10660000000001,56.0984,23.131212800682803
548,830.96,59.64,55.48,60.983000000000004,56.046800000000005,23.103423969621158
549,830.98,59.58,55.42,60.8676,55.99400000000001,23.080929124202882
550,831.0,59.474999999999994,55.36,60.758599999999994,55.9416,23.069683124715457
551,831.02,59.37,55.43,60.648599999999995,55.894800000000004,23.053140018487213
552,831.04,59.25,55.5,60.537,55.854400000000005,23.031040398107283
553,831.06,59.13,55.46,60.4266,55.816,23.008942122683862
554,831.08,59.005,55.42,60.31719999999999,55.7782,22.992402906445935
555,831.1,58.88,55.34,60.205600000000004,55.7394,22.98128748434079
556,831.12,58.760000000000005,55.26,60.092,55.7008,22.970037914200038
557,831.14,58.64,55.209999999999994,59.97820000000001,55.6636,22.953231523749306
558,831.16,58.535,55.16,59.864799999999995,55.626,22.936426027084817
559,831.18,58.43,55.209999999999994,59.755,55.592,22.919752633674292
560,831.2,58.265,55.26,59.6464,55.5612,22.89752145569478
561,831.22,58.1,55.22,59.534,55.53,22.875290292892725
562,831.24,58.07,55.18,59.423199999999994,55.4992,22.864441016000246
563,831.26,58.04,55.135000000000005,59.315999999999995,55.46860000000001,22.858883295113305
564,831.28,57.925,55.09,59.209,55.438199999999995,22.853325574082522
565,831.3,57.81,55.07,59.1004,55.409,22.842345038846183
566,831.32,57.8,55.05,58.9944,55.377199999999995,22.825536985141447
567,831.34,57.79,55.025,58.8938,55.342600000000004,22.808729827807728
568,831.36,57.705,55.0,58.79559999999999,55.3088,22.79748134376713
569,831.38,57.62,54.975,58.6966,55.2758,22.786233819347835
570,831.4,57.525,54.95,58.5964,55.2478,22.774987255871366
571,831.42,57.43,54.895,58.498999999999995,55.2236,22.76387158626117
572,831.44,57.375,54.84,58.40599999999999,55.1976,22.752755920387173
573,831.46,57.32,54.8,58.31320000000001,55.1704,22.741510199826724
574,831.48,57.295,54.76,58.221799999999995,55.144,22.724707552419495
575,831.5,57.27,54.805,58.133599999999994,55.1218,22.70790581297824
576,831.52,57.175,54.85,58.04580000000001,55.0986,22.691232058974055
577,831.54,57.08,54.735,57.959,55.068000000000005,22.674558313037977
578,831.56,56.94,54.62,57.8714,55.0344,22.67443114454917
579,831.58,56.8,54.629999999999995,57.78320000000001,55.00280000000001,22.663189116239927
580,831.6,56.715,54.64,57.6966,54.974799999999995,22.64639005672
581,831.62,56.63,54.66,57.6114,54.9508,22.64070797605017
582,831.64,56.595,54.68,57.5296,54.92959999999999,22.629591914048053
583,831.66,56.56,54.69,57.4506,54.9108,22.618600055744604
584,831.68,56.44,54.7,57.371,54.8904,22.618600056085118
585,831.7,56.32,54.695,57.2932,54.867799999999995,22.624158054979755
586,831.72,56.3,54.69,57.221199999999996,54.846599999999995,22.618600056424974
587,831.74,56.28,54.59,57.1496,54.82299999999999,22.601678576441678
588,831.76,56.254999999999995,54.49,57.07820000000001,54.7972,22.590440301700184
589,831.78,56.23,54.5,57.0104,54.773599999999995,22.585004410904123
590,831.8,56.19499999999999,54.51,56.9458,54.7512,22.57956967663353
591,831.82,56.16,54.5,56.880199999999995,54.7292,22.57401165503407
592,831.84,56.075,54.49,56.8116,54.7078,22.568330253616523
593,831.86,55.99,54.510000000000005,56.743,54.688199999999995,22.5515337288068
594,831.88,55.915000000000006,54.53,56.6748,54.67040000000001,22.540417571920866
595,831.9,55.84,54.515,56.6074,54.653,22.54041757259837
596,831.92,55.825,54.5,56.543200000000006,54.6372,22.53485949628049
597,831.94,55.81,54.55,56.4806,54.62559999999999,22.523865870072527
598,831.96,55.755,54.6,56.41799999999999,54.6176,22.512873466570003
599,831.98,55.7,54.59,56.3542,54.6108,22.507440269033044
600,832.0,55.730000000000004,54.58,56.2926,54.6018,22.50188228865302
601,832.02,55.76,54.675,56.236,54.594800000000006,22.496075657370433
602,832.04,55.705,54.77,56.181,54.596199999999996,22.496075657669536
603,832.06,55.65,54.685,56.1294,54.598800000000004,22.49076633190906
604,832.08,55.56,54.6,56.0798,54.5976,22.4852083541434
605,832.1,55.47,54.555,56.03,54.5942,22.48520835448593
606,832.12,55.379999999999995,54.51,55.98,54.5882,22.485083417227504
607,832.14,55.29,54.51,55.9278,54.5814,22.479401541623893
608,832.16,55.14,54.51,55.870999999999995,54.5742,22.47396740322082
609,832.18,54.99,54.575,55.812999999999995,54.5692,22.47384350438815
610,832.2,54.965,54.64,55.7588,54.56700000000001,22.473720706223855
611,832.22,54.94,54.629999999999995,55.70440000000001,54.5646,22.47384350504972
612,832.24,54.905,54.62,55.64940000000001,54.565799999999996,22.47409240364686
613,832.26,54.87,54.675,55.593999999999994,54.57320000000001,22.468660560426528
614,832.28,54.945,54.73,55.54259999999999,54.58240000000001,22.462976454921083
615,832.3,55.02,54.72,55.495599999999996,54.5908,22.462851393924854
616,832.32,54.975,54.71,55.44820000000001,54.5992,22.46272743415468
617,832.34,54.93,54.775000000000006,55.40240000000001,54.610600000000005,22.462727434132077
618,832.36,54.89,54.84,55.3584,54.6238,22.462851394260085
619,832.38,54.85,54.78,55.31580000000001,54.633799999999994,22.46285139495052
620,832.4,54.835,54.72,55.2756,54.641999999999996,22.462851395319085
621,832.42,54.82,54.745000000000005,55.2354,54.6518,22.46297645664604
622,832.44,54.7,54.77,55.191,54.6606,22.46853443158687
623,832.46,54.58,54.7,55.144000000000005,54.6646,22.46828547231015
624,832.48,54.565,54.63,55.098600000000005,54.666199999999996,22.46260457779756
625,832.5,54.55,54.735,55.0514,54.67240000000001,22.46828547297189
626,832.52,54.485,54.84,55.0004,54.678999999999995,22.47940154753568
627,832.54,54.42,54.905,54.949000000000005,54.6844,22.4905176261857
628,832.56,54.405,54.97,54.8992,54.6958,22.49607566659099
629,832.58,54.39,54.935,54.85240000000001,54.7092,22.496075666567897
630,832.6,54.36,54.9,54.808,54.723,22.501757454022258
631,832.62,54.33,54.9,54.76599999999999,54.7386,22.501633708519186
632,832.64,54.325,54.9,54.727399999999996,54.7542,22.495952990988666
633,832.66,54.32,54.875,54.6946,54.7688,22.495952991313253
634,832.68,54.31,54.85,54.66740000000001,54.779799999999994,22.501511063204802
635,832.7,54.3,54.89,54.6408,54.78980000000001,22.50706913557004
636,832.72,54.28,54.93,54.614399999999996,54.8018,22.507069135894465
637,832.74,54.26,54.985,54.5886,54.8164,22.512749794818557
638,832.76,54.230000000000004,55.04,54.563,54.830999999999996,22.523865883221067
639,832.78,54.2,55.07,54.53320000000001,54.8446,22.52930143365646
640,832.8,54.095,55.1,54.49620000000001,54.85980000000001,22.53473814235358
641,832.82,53.99,55.08,54.4568,54.8746,22.540296249944472
642,832.84,53.905,55.06,54.4158,54.886,22.55153374462522
643,832.86,53.82,55.08,54.373000000000005,54.8956,22.568330270684367
644,832.88,53.97,55.1,54.337799999999994,54.9084,22.56845365128616
645,832.9,54.12,55.075,54.309200000000004,54.9226,22.563020137326586
646,832.92,54.084999999999994,55.05,54.279799999999994,54.934799999999996,22.56857812794329
647,832.94,54.05,55.105,54.2538,54.9482,22.574136119071248
648,832.96,54.015,55.16,54.2312,54.9666,22.585377583204725
649,832.98,53.98,55.2,54.2078,54.9894,22.59636809189018
650,833.0,53.875,55.24,54.1808,55.0096,22.601926087300985
651,833.02,53.77,55.265,54.1522,55.0266,22.618851761689974
652,833.04,53.745000000000005,55.29,54.12519999999999,55.042,22.635525575567303
653,833.06,53.72,55.265,54.0978,55.0538,22.635399280432093
654,833.08,53.82,55.24,54.075,55.066,22.62971607814858
655,833.1,53.92,55.22,54.0574,55.0788,22.629591938454336
656,833.12,53.92,55.2,54.041000000000004,55.09080000000001,22.62971607886099
657,833.14,53.92,55.21,54.024800000000006,55.103199999999994,22.635399281495555
658,833.16,53.900000000000006,55.22,54.008,55.117,22.65194808608288
659,833.18,53.88,55.195,53.9908,55.13080000000001,22.66306409499917
660,833.2,53.760000000000005,55.17,53.9692,55.141999999999996,22.668747118947348
661,833.22,53.64,55.22,53.943599999999996,55.1536,22.674431173013925
662,833.24,53.68,55.27,53.9204,55.165,22.68554706609985
663,833.26,53.72,55.315,53.9,55.176,22.70222091146368
664,833.28,53.675,55.36,53.879,55.187599999999996,22.70790584480019
665,833.3,53.63,55.35,53.8604,55.1976,22.708033917006283
666,833.32,53.605000000000004,55.34,53.845,55.208,22.71914969517034
667,833.34,53.58,55.345,53.832,55.21939999999999,22.730010672256473
668,833.36,53.58,55.35,53.822399999999995,55.230199999999996,22.740876252744545
669,833.38,53.58,55.355000000000004,53.8068,55.2404,22.75755030818614
670,833.4,53.61,55.36,53.7864,55.2518,22.768790817256455
671,833.42,53.64,55.345,53.768600000000006,55.263600000000004,22.77422437049719
672,833.44,53.665,55.33,53.75320000000001,55.272600000000004,22.779536834333978
673,833.46,53.69,55.349999999999994,53.7402,55.280199999999994,22.79065300200252
674,833.48,53.66,55.37,53.727399999999996,55.287,22.796456466685417
675,833.5,53.63,55.435,53.717600000000004,55.294799999999995,22.802264151420506
676,833.52,53.56,55.5,53.7092,55.3042,22.819064415959442
677,833.54,53.49,55.504999999999995,53.699000000000005,55.31280000000001,22.830053989994905
678,833.56,53.55,55.51,53.6922,55.3226,22.829928771198553
679,833.58,53.61,55.45,53.68379999999999,55.330999999999996,22.835611960736422
680,833.6,53.565,55.39,53.6696,55.337799999999994,22.85228587673968
681,833.62,53.52,55.42,53.6536,55.346599999999995,22.863401825285727
682,833.64,53.47,55.45,53.6356,55.35620000000001,22.869085888953386
683,833.66,53.42,55.435,53.616400000000006,55.3648,22.880201781420084
684,833.68,53.400000000000006,55.42,53.5972,55.37379999999999,22.891317677062577
685,833.7,53.38,55.455,53.582,55.385200000000005,22.90256056074757
686,833.72,53.56,55.49,53.5788,55.396,22.91367640174026
687,833.74,53.74,55.43,53.581199999999995,55.4024,22.919234324095324
688,833.76,53.7,55.37,53.5804,55.4046,22.924792246627973
689,833.78,53.66,55.480000000000004,53.579800000000006,55.409400000000005,22.935655573935808
690,833.8,53.629999999999995,55.59,53.5798,55.419,22.94664696626549
691,833.82,53.6,55.52,53.5796,55.4262,22.952329536933416
692,833.84,53.535,55.45,53.577799999999996,55.4304,22.96357108531763
693,833.86,53.47,55.475,53.5734,55.43540000000001,22.98580293212648
694,833.88,53.555,55.5,53.572399999999995,55.44120000000001,23.002476826501624
695,833.9,53.64,55.515,53.5736,55.447399999999995,23.013719131153806
696,833.92,53.7,55.53,53.57599999999999,55.4548,23.019404484278763
697,833.94,53.76,55.510000000000005,53.5798,55.461999999999996,23.019404484610778
698,833.96,53.78,55.49,53.58339999999999,55.467600000000004,23.024835008756032
699,833.98,53.8,55.465,53.589000000000006,55.4714,23.035824639453168
700,834.0,53.785,55.44,53.5952,55.471599999999995,23.04681546901982
701,834.02,53.77,55.5,53.6036,55.471599999999995,23.057931477145324
702,834.04,53.75,55.56,53.614,55.473800000000004,23.06904748827602
703,834.06,53.73,55.505,53.6212,55.4736,23.07460549562258
704,834.08,53.644999999999996,55.45,53.622600000000006,55.473600000000005,23.08572151212949
705,834.1,53.56,55.49,53.6224,55.4776,23.102149127189985
706,834.12,53.46,55.53,53.62,55.482,23.11882334310575
707,834.14,53.36,55.61,53.6156,55.4884,23.135743627048942
708,834.16,53.42,55.69,53.61559999999999,55.498599999999996,23.146984235699247
709,834.18,53.48,55.695,53.61879999999999,55.509600000000006,23.15797569909212
710,834.2,53.489999999999995,55.7,53.6232,55.5194,23.16896835358766
711,834.22,53.5,55.620000000000005,53.6208,55.5246,23.17464976289183
712,834.24,53.515,55.54,53.6118,55.529,23.18020778605422
713,834.26,53.53,55.595,53.605,55.538000000000004,23.19132383381285
714,834.28,53.56,55.65,53.60099999999999,55.544799999999995,23.20243988522616
715,834.3,53.59,55.585,53.5994,55.5446,23.213310704186625
716,834.32,53.605000000000004,55.52,53.5996,55.5446,23.224426879232354
717,834.34,53.62,55.53,53.603,55.54780000000001,23.230106965504564
718,834.36,53.665,55.54,53.6108,55.550399999999996,23.235543057747247
719,834.38,53.71,55.555,53.617,55.55259999999999,23.246659239460193
720,834.4,53.765,55.57,53.62200000000001,55.55480000000001,23.252462156937884
721,834.42,53.82,55.58,53.6268,55.5568,23.258020191653866
722,834.44,53.765,55.59,53.626999999999995,55.56,23.274571471976124
723,834.46,53.71,55.625,53.6242,55.5654,23.291368414049874
724,834.48,53.775000000000006,55.66,53.6232,55.5732,23.296926454095765
725,834.5,53.84,55.614999999999995,53.6254,55.580200000000005,23.29668209653731
726,834.52,53.855000000000004,55.57,53.6288,55.583,23.302000141589833
727,834.54,53.87,55.565,53.63360000000001,55.5832,23.313116456325744
728,834.56,53.815,55.56,53.637,55.5854,23.324232774798165
729,834.58,53.76,55.615,53.6416,55.592,23.32979093497192
730,834.6,53.754999999999995,55.67,53.64940000000001,55.5992,23.33534909625489
731,834.62,53.75,55.685,53.661,55.6054,23.351905402114127
732,834.64,53.760000000000005,55.7,53.677,55.608999999999995,23.368462942678427
733,834.66,53.77,55.725,53.691,55.6104,23.37934859735079
734,834.68,53.75,55.75,53.701800000000006,55.61259999999999,23.390465154557553
735,834.7,53.73,55.75,53.711400000000005,55.6146,23.40158171455334
736,834.72,53.685,55.75,53.7188,55.6198,23.41803037921245
737,834.74,53.64,55.69,53.723800000000004,55.6258,23.42914705311162
738,834.76,53.685,55.63,53.73,55.6272,23.43493141228517
739,834.78,53.73,55.595,53.7368,55.62500000000001,23.446278117617055
740,834.8,53.724999999999994,55.56,53.7422,55.624,23.45739458280157
741,834.82,53.72,55.595,53.74679999999999,55.62700000000001,23.468167757520373
742,834.84,53.67,55.63,53.7488,55.63099999999999,23.478950743210397
743,834.86,53.62,55.695,53.747,55.63719999999999,23.49006753723523
744,834.88,53.605000000000004,55.76,53.742799999999995,55.64540000000001,23.501184334167146
745,834.9,53.59,55.825,53.7358,55.65559999999999,23.512084277645354
746,834.92,53.620000000000005,55.89,53.727799999999995,55.668,23.52320118179284
747,834.94,53.65,55.93,53.723200000000006,55.68160000000001,23.534534738805565
748,834.96,53.715,55.97,53.7234,55.6954,23.545651545561764
749,834.98,53.78,55.915,53.7236,55.705600000000004,23.55655190889665
750,835.0,53.765,55.86,53.720600000000005,55.7154,23.567562224753704
751,835.02,53.75,55.79,53.7164,55.7242,23.578679191703134
752,835.04,53.715,55.72,53.71019999999999,55.7304,23.589690712197196
753,835.06,53.68,55.815,53.704800000000006,55.7406,23.600600081109015
754,835.08,53.655,55.91,53.7006,55.752399999999994,23.611513839138645
755,835.1,53.63,55.925,53.695600000000006,55.7626,23.62263105781959
756,835.12,53.725,55.94,53.6946,55.7728,23.628392887626116
757,835.14,53.82,55.945,53.696999999999996,55.7826,23.63395145104032
758,835.16,53.79,55.95,53.6978,55.791599999999995,23.644865502185255
759,835.18,53.76,55.965,53.6982,55.800200000000004,23.65022527082153
760,835.2,53.76,55.98,53.699400000000004,55.809400000000004,23.655783930839597
761,835.22,53.76,55.98,53.702400000000004,55.8186,23.67255871812693
762,835.24,53.825,55.98,53.709799999999994,55.830200000000005,23.689135898896296
763,835.26,53.89,56.019999999999996,53.718,55.8458,23.705617687213255
764,835.28,53.955,56.06,53.727,55.864399999999996,23.716545168453532
765,835.3,54.02,56.105000000000004,53.7388,55.8862,23.722103924174604
766,835.32,54.065,56.15,53.7526,55.90839999999999,23.727662680713397
767,835.34,54.11,56.17,53.7702,55.93,23.72747700176295
768,835.36,54.04,56.19,53.787000000000006,55.9498,23.738503370353474
769,835.38,53.97,56.265,53.80160000000001,55.97,23.766297486448526
770,835.4,53.92,56.34,53.8148,55.9906,23.788442786279294
771,835.42,53.87,56.33,53.8248,56.008199999999995,23.799383682782164
772,835.44,53.91,56.32,53.83519999999999,56.023799999999994,23.804769972871814
773,835.46,53.95,56.325,53.8446,56.038000000000004,23.81588783394907
774,835.48,54.005,56.33,53.85360000000001,56.0546,23.827178134420144
775,835.5,54.06,56.325,53.8654,56.0732,23.83273702580838
776,835.52,54.0,56.32,53.8754,56.09440000000001,23.849241424912478
777,835.54,53.94,56.355000000000004,53.88440000000001,56.119800000000005,23.87130918834784
778,835.56,53.9,56.39,53.8932,56.142799999999994,23.88782240047962
779,835.58,53.86,56.46,53.9014,56.16480000000001,23.904419195318436
780,835.6,53.845,56.53,53.91,56.18899999999999,23.921176483426912
781,835.62,53.83,56.629999999999995,53.9142,56.21660000000001,23.938016897315972
782,835.64,53.894999999999996,56.73,53.9172,56.24799999999999,23.949134853929547
783,835.66,53.96,56.735,53.92400000000001,56.2794,23.96008959517164
784,835.68,53.980000000000004,56.74,53.93280000000001,56.3104,23.97660767337102
785,835.7,54.0,56.72,53.9424,56.34,23.993130100572234
786,835.72,53.989999999999995,56.7,53.9516,56.3688,24.009807377775527
787,835.74,53.98,56.620000000000005,53.957800000000006,56.3944,24.02100232858268
788,835.76,53.905,56.54,53.958400000000005,56.4152,24.03212048053611
789,835.78,53.83,56.64,53.9534,56.4384,24.048721034711267
790,835.8,53.87,56.74,53.947399999999995,56.4638,24.065248158996187
791,835.82,53.91,56.85,53.9412,56.491800000000005,24.087484683245524
792,835.84,54.03,56.96,53.937999999999995,56.5234,24.098602946787224
793,835.86,54.15,57.035,53.9424,56.5572,24.104016267001413
794,835.88,54.185,57.11,53.95099999999999,56.591,24.120693766027912
795,835.9,54.22,57.129999999999995,53.963,56.622600000000006,24.142930435766736
796,835.92,54.16,57.15,53.9746,56.6554,24.165025762152798
797,835.94,54.1,57.165,53.982200000000006,56.6892,24.181634278267165
798,835.96,54.150000000000006,57.18,53.9902,56.7234,24.192684679958777
799,835.98,54.2,57.185,53.99799999999999,56.7576,24.203670208048862
800,836.0,54.365,57.19,54.0102,56.7922,24.209229473355197
801,836.02,54.53,57.28,54.031400000000005,56.8306,24.220413918649754
802,836.04,54.510000000000005,57.37,54.0542,56.8712,24.237091671707223
803,836.06,54.49,57.375,54.0778,56.9106,24.253769427144615
804,836.08,54.5,57.38,54.1034,56.947399999999995,24.270381406791135
805,836.1,54.51,57.455,54.13,56.98440000000001,24.286994498095503
806,836.12,54.394999999999996,57.53,54.1526,57.0204,24.314855557432224
807,836.14,54.28,57.55,54.168,57.053200000000004,24.342651908105218
808,836.16,54.33,57.57,54.1828,57.0866,24.359201694049293
809,836.18,54.38,57.625,54.1988,57.122,24.37032029546537
810,836.2,54.385000000000005,57.68,54.2142,57.1604,24.381438897694128
811,836.22,54.39,57.7,54.230199999999996,57.2004,24.39793267513402
812,836.24,54.335,57.72,54.2444,57.244400000000006,24.420052480050746
813,836.26,54.28,57.795,54.2594,57.2946,24.442289967514775
814,836.28,54.28,57.87,54.2774,57.3438,24.458968084416494
815,836.3,54.28,57.849999999999994,54.293800000000005,57.3882,24.47564620283235
816,836.32,54.405,57.83,54.31360000000001,57.4274,24.492267226095112
817,836.34,54.53,57.925,54.333600000000004,57.466,24.508945386410687
818,836.36,54.545,58.02,54.349399999999996,57.5054,24.520121193459968
819,836.38,54.56,58.085,54.3644,57.544399999999996,24.542301712473673
820,836.4,54.59,58.15,54.3792,57.58519999999999,24.575602147323483
821,836.42,54.62,58.19,54.397600000000004,57.6268,24.59789560111053
822,836.44,54.599999999999994,58.23,54.4176,57.6694,24.614573771371827
823,836.46,54.58,58.26,54.434799999999996,57.7126,24.631087645479273
824,836.48,54.69,58.29,54.45440000000001,57.756800000000005,24.64766149249068
825,836.5,54.8,58.349999999999994,54.4718,57.8032,24.669848633805334
826,836.52,54.8,58.41,54.48259999999999,57.8484,24.691988254045775
827,836.54,54.8,58.47,54.4942,57.892399999999995,24.714226201233267
828,836.56,54.805,58.53,54.50679999999999,57.938599999999994,24.731002742685906
829,836.58,54.81,58.59,54.51919999999999,57.986999999999995,24.74778315249168
830,836.6,54.785,58.65,54.530199999999994,58.0348,24.770073384287194
831,836.62,54.76,58.695,54.544799999999995,58.081399999999995,24.797766737984908
832,836.64,54.765,58.74,54.5642,58.129,24.819904836823888
833,836.66,54.77,58.815,54.5818,58.1788,24.830975448889543
834,836.68,54.84,58.89,54.600199999999994,58.2294,24.853119792662365
835,836.7,54.91,58.870000000000005,54.6212,58.277,24.880917346877126
836,836.72,54.905,58.85,54.6418,58.32299999999999,24.903201608609354
837,836.74,54.9,58.92,54.66440000000001,58.371,24.930952951149955
838,836.76,54.945,58.99,54.691,58.418800000000005,24.947542196422667
839,836.78,54.99,59.06,54.71940000000001,58.46639999999999,24.964220793793018
840,836.8,55.019999999999996,59.13,54.749,58.5176,24.986548077604624
841,836.82,55.05,59.175,54.7748,58.571400000000004,25.003226617505028
842,836.84,55.04,59.22,54.795199999999994,58.6232,25.030935191773427
843,836.86,55.03,59.335,54.8146,58.6758,25.06424943903478
844,836.88,55.035,59.45,54.8336,58.73040000000001,25.09200523615444
845,836.9,55.04,59.535,54.8516,58.7858,25.11976211354432
846,836.92,55.11,59.62,54.87120000000001,58.843,25.136523516209593
847,836.94,55.18,59.644999999999996,54.8944,58.8996,25.158848271760224
848,836.96,55.15,59.67,54.9172,58.955999999999996,25.19220543078678
849,836.98,55.12,59.69,54.9344,59.012,25.21439985596067
850,837.0,55.18,59.71,54.949600000000004,59.0664,25.236553657601252
851,837.02,55.24,59.715,54.967200000000005,59.118599999999994,25.26431078064516
852,837.04,55.31,59.72,54.9876,59.1686,25.280989476406564
853,837.06,55.38,59.815,55.010600000000004,59.22,25.297668172520417
854,837.08,55.345,59.91,55.03200000000001,59.272800000000004,25.319866844926047
855,837.1,55.31,60.04,55.053000000000004,59.3284,25.34762614835033
856,837.12,55.345,60.17,55.07640000000001,59.3874,25.38102217038451
857,837.14,55.38,60.22,55.10099999999999,59.4466,25.41445948520466
858,837.16,55.38,60.27,55.1254,59.504799999999996,25.44225727845807
859,837.18,55.38,60.28,55.147,59.56040000000001,25.47005507340643
860,837.2,55.39,60.29,55.166199999999996,59.617200000000004,25.49789412603481
861,837.22,55.4,60.385,55.18600000000001,59.6786,25.525650669765536
862,837.24,55.43,60.48,55.20719999999999,59.74100000000001,25.558967842962055
863,837.26,55.46,60.58,55.227799999999995,59.8046,25.586805835390187
864,837.28,55.42,60.68,55.245,59.869400000000006,25.614644709195
865,837.3,55.38,60.69,55.2594,59.931799999999996,25.64796101075277
866,837.32,55.46,60.7,55.2758,59.992799999999995,25.67019925858402
867,837.34,55.54,60.81,55.2958,60.0564,25.6980380047867
868,837.36,55.595,60.92,55.318400000000004,60.1198,25.72579488357768
869,837.38,55.65,60.905,55.343,60.178000000000004,25.74799324265504
870,837.4,55.675,60.89,55.3684,60.232200000000006,25.775752212358373
871,837.42,55.7,60.985,55.391999999999996,60.28679999999999,25.80351222725598
872,837.44,55.730000000000004,61.08,55.41400000000001,60.3442,25.831273283615808
873,837.46,55.76,61.165,55.4384,60.404,25.87019046744515
874,837.48,55.785,61.25,55.465,60.4664,25.909182168794658
875,837.5,55.81,61.335,55.4902,60.531400000000005,25.937058332957847
876,837.52,55.845,61.42,55.514399999999995,60.5996,25.959378594484363
877,837.54,55.88,61.485,55.537200000000006,60.6702,25.992694465849876
878,837.56,55.900000000000006,61.55,55.558,60.7396,26.03149299708023
879,837.58,55.92,61.614999999999995,55.580999999999996,60.8078,26.059290917092635
880,837.6,55.93,61.68,55.6058,60.873400000000004,26.087127265426265
881,837.62,55.94,61.739999999999995,55.6296,60.9362,26.131603879222162
882,837.64,55.925,61.8,55.6514,60.99940000000001,26.176042201254127
883,837.66,55.91,61.81,55.6726,61.06100000000001,26.203840130198728
884,837.68,55.955,61.82,55.695600000000006,61.12259999999999,26.226155863911195
885,837.7,56.0,61.9,55.72,61.187,26.25955334356612
886,837.72,56.045,61.98,55.7458,61.2508,26.298470278238284
887,837.74,56.09,62.09,55.772200000000005,61.3152,26.33186854298125
888,837.76,56.145,62.2,55.7996,61.38,26.35970809969489
889,837.78,56.2,62.275000000000006,55.830799999999996,61.44379999999999,26.39310804620381
890,837.8,56.16,62.35,55.86200000000001,61.510200000000005,26.43762788152491
891,837.82,56.12,62.405,55.888400000000004,61.5784,26.487620193202016
892,837.84,56.175,62.46,55.9138,61.644400000000005,26.520893433158484
893,837.86,56.23,62.515,55.9392,61.7082,26.54313166147898
894,837.88,56.235,62.57,55.9626,61.774800000000006,26.571013285603975
895,837.9,56.24,62.635000000000005,55.98519999999999,61.8446,26.60445798058971
896,837.92,56.175,62.7,56.0042,61.9132,26.648934162215834
897,837.94,56.11,62.775000000000006,56.0194,61.980999999999995,26.69888273077309
898,837.96,56.085,62.85,56.032399999999996,62.0484,26.73771621324462
899,837.98,56.06,62.905,56.0434,62.1146,26.771073575027987
900,838.0,56.075,62.96,56.053999999999995,62.1796,26.810073589613964
901,838.02,56.09,63.010000000000005,56.0638,62.24320000000001,26.854592800501976
902,838.04,56.13,63.06,56.0738,62.3062,26.89350955225357
903,838.06,56.17,63.18,56.0846,62.3714,26.932469960866364
904,838.08,56.25,63.3,56.09780000000001,62.4388,26.971476590560535
905,838.1,56.33,63.315,56.1138,62.5042,27.010439439052647
906,838.12,56.32,63.33,56.129,62.567800000000005,27.054869249974352
907,838.14,56.31,63.42,56.1444,62.632600000000004,27.099300132605855
908,838.16,56.400000000000006,63.51,56.163999999999994,62.7006,27.13270241782527
909,838.18,56.49,63.525,56.1854,62.7688,27.160592935392984
910,838.2,56.59,63.54,56.208999999999996,62.834399999999995,27.18843820127996
911,838.22,56.69,63.58,56.23479999999999,62.8984,27.221843757568035
912,838.24,56.75,63.62,56.2612,62.9596,27.26076008920704
913,838.26,56.81,63.730000000000004,56.2878,63.0208,27.29967642624194
914,838.28,56.825,63.84,56.312799999999996,63.08339999999999,27.338642110975893
915,838.3,56.84,63.93,56.34,63.1466,27.383068595337168
916,838.32,56.75,64.02,56.3652,63.2112,27.433055638018768
917,838.34,56.66,64.025,56.3846,63.2738,27.477579749610218
918,838.36,56.595,64.03,56.3992,63.3344,27.516496116289847
919,838.38,56.53,64.065,56.410999999999994,63.3942,27.566531453071125
920,838.4,56.59,64.1,56.42500000000001,63.452799999999996,27.6221751178527
921,838.42,56.65,64.14,56.443999999999996,63.5104,27.666700561686813
922,838.44,56.71,64.18,56.468,63.5666,27.705667290489547
923,838.46,56.77,64.23500000000001,56.4954,63.622,27.744634775248898
924,838.48,56.765,64.29,56.52360000000001,63.6774,27.777991450920968
925,838.5,56.76,64.355,56.551,63.7332,27.816806141941598
926,838.52,56.84,64.42,56.581,63.7896,27.855722417211563
927,838.54,56.92,64.46000000000001,56.6126,63.845600000000005,27.89473985126582
928,838.56,57.035,64.5,56.64719999999999,63.8984,27.9392154464645
929,838.58,57.15,64.46000000000001,56.6832,63.944799999999994,27.97808072902654
930,838.6,57.19,64.42,56.717600000000004,63.989,28.01148830389925
931,838.62,57.23,64.5,56.754000000000005,64.0358,28.061627451330015
932,838.64,57.269999999999996,64.58,56.79240000000001,64.0822,28.111715610569632
933,838.66,57.31,64.60499999999999,56.8288,64.12599999999999,28.145126231836787
934,838.68,57.355000000000004,64.63,56.8634,64.17020000000001,28.178482708888392
935,838.7,57.4,64.655,56.8958,64.21480000000001,28.217398604629125
936,838.72,57.379999999999995,64.68,56.9234,64.25880000000001,28.261984270887105
937,838.74,57.36,64.745,56.9478,64.3038,28.306573096278214
938,838.76,57.4,64.81,56.9714,64.34700000000001,28.34548870603478
939,838.78,57.44,64.9,56.996,64.38940000000001,28.389963696872826
940,838.8,57.519999999999996,64.99,57.023199999999996,64.43180000000001,28.42887932195954
941,838.82,57.6,65.0,57.057199999999995,64.471,28.4622355771499
942,838.84,57.675,65.01,57.0978,64.5104,28.501267585607305
943,838.86,57.75,65.105,57.144,64.5534,28.545742427930897
944,838.88,57.805,65.2,57.195,64.5988,28.58454189168479
945,838.9,57.86,65.23,57.2458,64.644,28.62345755201799
946,838.92,57.894999999999996,65.26,57.29560000000001,64.6888,28.66804829360598
947,838.94,57.93,65.25,57.34439999999999,64.73160000000001,28.71264213389372
948,838.96,57.93,65.24,57.3908,64.7718,28.75717751816032
949,838.98,57.93,65.275,57.4374,64.8112,28.796154267532497
950,839.0,57.9,65.31,57.48299999999999,64.8494,28.835069484382053
951,839.02,57.87,65.31,57.5242,64.885,28.879422325679247
952,839.04,57.92,65.31,57.5642,64.919,28.912660243094205
953,839.06,57.97,65.37,57.6016,64.9538,28.94601644050222
954,839.08,58.035,65.43,57.637,64.9926,28.9906091992788
955,839.1,58.1,65.495,57.673399999999994,65.0356,29.035205015419432
956,839.12,58.165,65.56,57.7108,65.078,29.074120281903703
957,839.14,58.23,65.59,57.7492,65.11840000000001,29.113035556649038
958,839.16,58.209999999999994,65.62,57.785199999999996,65.159,29.157697344571638
959,839.18,58.19,65.63,57.818599999999996,65.19900000000001,29.202366200021377
960,839.2,58.2,65.64,57.85060000000001,65.2384,29.246840250005242
961,839.22,58.21,65.685,57.8838,65.2786,29.29687356992116
962,839.24,58.275000000000006,65.73,57.9204,65.318,29.341480928410512
963,839.26,58.34,65.78999999999999,57.958,65.35719999999999,29.374972842614405
964,839.28,58.400000000000006,65.85,57.996399999999994,65.3952,29.397209684479805
965,839.3,58.46,65.88,58.034,65.4308,29.430428710091466
966,839.32,58.43,65.91,58.0672,65.4672,29.480461859450518
967,839.34,58.4,65.92,58.09620000000001,65.5036,29.525071590272088
968,839.36,58.495000000000005,65.93,58.126000000000005,65.53659999999999,29.56398610459637
969,839.38,58.59,65.975,58.157399999999996,65.5676,29.602832485137277
970,839.4,58.655,66.02,58.1892,65.5992,29.636120643560183
971,839.42,58.72,66.03999999999999,58.222199999999994,65.6304,29.67503536307388
972,839.44,58.739999999999995,66.06,58.2546,65.6628,29.725068587368895
973,839.46,58.76,66.1,58.2878,65.69720000000001,29.769542577017912
974,839.48,58.81,66.14,58.323,65.7318,29.803032618237104
975,839.5,58.86,66.18,58.3614,65.7666,29.842084884223425
976,839.52,58.955,66.22,58.404799999999994,65.803,29.87551010211527
977,839.54,59.05,66.275,58.45,65.8416,29.91435451640735
978,839.56,59.04,66.33,58.49280000000001,65.88,29.969809468766456
979,839.58,59.03,66.41499999999999,58.5326,65.91940000000001,30.019842557566864
980,839.6,59.095,66.5,58.57240000000001,65.9596,30.05889388325165
981,839.62,59.16,66.535,58.612199999999994,65.9986,30.097948153270995
982,839.64,59.22,66.57,58.651799999999994,66.0378,30.131303264437502
983,839.66,59.28,66.57499999999999,58.6946,66.076,30.164658383050213
984,839.68,59.34,66.58,58.7406,66.11399999999999,30.20927445091533
985,839.7,59.4,66.56,58.788599999999995,66.1508,30.248188593268956
986,839.72,59.394999999999996,66.54,58.83599999999999,66.185,30.28140135672072
987,839.74,59.39,66.53,58.8806,66.217,30.31475650818149
988,839.76,59.345,66.52,58.9208,66.2462,30.353741396221036
989,839.78,59.3,66.53,58.9568,66.2734,30.398214851542104
990,839.8,59.379999999999995,66.54,58.99360000000001,66.2998,30.43705879364723
991,839.82,59.46,66.61000000000001,59.0348,66.3278,30.481532376642672
992,839.84,59.504999999999995,66.68,59.07899999999999,66.3582,30.52614705632996
993,839.86,59.55,66.75,59.1212,66.391,30.565205426476464
994,839.88,59.605,66.82,59.1618,66.42479999999999,30.598560328971125
995,839.9,59.66,66.81,59.202,66.45639999999999,30.631915239252848
996,839.92,59.69499999999999,66.8,59.24100000000001,66.4868,30.66527015729625
997,839.94,59.73,66.845,59.28060000000001,66.5182,30.698481566009864
998,839.96,59.815,66.89,59.3228,66.54979999999999,30.73183665561331
999,839.98,59.9,66.88,59.36639999999999,66.5794,30.765334957762388
1000,840.0,59.93,66.87,59.4092,66.607,30.80424906568739
1001,840.02,59.96,66.935,59.449400000000004,66.6356,30.848579525593923
1002,840.04,59.94,67.0,59.48499999999999,66.66460000000001,30.898472827077686
1003,840.06,59.92,67.025,59.520199999999996,66.69239999999999,30.942946539709126
1004,840.08,60.005,67.05,59.559200000000004,66.7178,30.976301832515418
1005,840.1,60.09,67.09,59.599,66.7414,31.020639922691785
1006,840.12,60.155,67.13,59.6388,66.76520000000001,31.065181188987825
1007,840.14,60.22,67.145,59.6788,66.7882,31.098673475398027
1008,840.16,60.265,67.16,59.7182,66.81160000000001,31.132098292333517
1009,840.18,60.31,67.13,59.757,66.83359999999999,31.165453475615468
1010,840.2,60.290000000000006,67.1,59.7926,66.85520000000001,31.204229846202047
1011,840.22,60.27,67.16,59.827600000000004,66.88,31.24856898768191
1012,840.24,60.27,67.22,59.8628,66.9076,31.287352413362488
1013,840.26,60.27,67.185,59.8998,66.9342,31.320580036148524
1014,840.28,60.24,67.15,59.9374,66.959,31.359370414996633
1015,840.3,60.21,67.16,59.9706,66.9838,31.398224569217295
1016,840.32,60.235,67.17,60.001599999999996,67.00619999999999,31.431520325276644
1017,840.34,60.26,67.205,60.031800000000004,67.02720000000001,31.470317761693867
1018,840.36,60.39,67.24,60.0654,67.0468,31.503559251627774
1019,840.38,60.52,67.255,60.102,67.0642,31.525796800331054
1020,840.4,60.68000000000001,67.27,60.142799999999994,67.0826,31.542589530334613
1021,840.42,60.84,67.31,60.188599999999994,67.103,31.57594573822334
1022,840.44,60.93000000000001,67.35,60.236599999999996,67.12320000000001,31.61474701560093
1023,840.46,61.02,67.41999999999999,60.284800000000004,67.14439999999999,31.64804743581742
1024,840.48,60.99,67.49,60.3284,67.16879999999999,31.686908169452078
1025,840.5,60.96,67.525,60.3696,67.195,31.720210403157832
1026,840.52,60.885000000000005,67.56,60.4066,67.22,31.759180516419573
1027,840.54,60.81,67.595,60.4414,67.24380000000001,31.809161150432807
1028,840.56,60.82,67.63,60.47740000000001,67.26799999999999,31.84797141471934
1029,840.58,60.83,67.595,60.5104,67.2898,31.875821039022785
1030,840.6,60.935,67.56,60.544200000000004,67.3086,31.903618206573093
1031,840.62,61.04,67.525,60.5796,67.3244,31.936870958904734
1032,840.64,61.06,67.49,60.613200000000006,67.3382,31.981245970173724
1033,840.66,61.08,67.455,60.6458,67.35,32.02016226827522
1034,840.68,61.144999999999996,67.42,60.6792,67.3616,32.04244997822733
1035,840.7,61.21,67.545,60.716,67.37939999999999,32.07580675953628
1036,840.72,61.235,67.67,60.7546,67.3998,32.1146732969921
1037,840.74,61.26,67.715,60.794200000000004,67.4196,32.147933126509514
1038,840.76,61.28,67.76,60.8346,67.4426,32.18129007025788
1039,840.78,61.3,67.825,60.87700000000001,67.4696,32.21464701756074
1040,840.8,61.31,67.89,60.92100000000001,67.49879999999999,32.253516264784466
1041,840.82,61.32,67.88499999999999,60.9644,67.5274,32.29247990691907
1042,840.84,61.385000000000005,67.88,61.0094,67.5544,32.32583686506911
1043,840.86,61.45,67.81,61.0518,67.57719999999999,32.353587282574004
1044,840.88,61.455,67.74,61.0892,67.5966,32.38694429456378
1045,840.9,61.46,67.75,61.1204,67.6158,32.431420314626756
1046,840.92,61.445,67.76,61.1446,67.63380000000001,32.46477733399735
1047,840.94,61.43,67.745,61.1646,67.6496,32.49257485227578
1048,840.96,61.525,67.73,61.1848,67.662,32.52588583781987
1049,840.98,61.62,67.78,61.21,67.67360000000001,32.5647127365161
1050,841.0,61.72,67.83,61.2404,67.6858,32.59806990627098
1051,841.02,61.82,67.87,61.2778,67.6982,32.62595707034777
1052,841.04,61.905,67.91,61.3216,67.7108,32.65380049831205
1053,841.06,61.99,67.91499999999999,61.368399999999994,67.72219999999999,32.68155221056203
1054,841.08,62.120000000000005,67.92,61.42,67.7352,32.714820021153066
1055,841.1,62.25,67.965,61.4726,67.75139999999999,32.753693281616684
1056,841.12,62.19,68.01,61.518600000000006,67.7708,32.78700785801475
1057,841.14,62.13,68.07,61.56139999999999,67.79400000000001,32.814722615699196
1058,841.16,62.085,68.13,61.6016,67.821,32.848039663703524
1059,841.18,62.04,68.10499999999999,61.6374,67.8484,32.881357548124456
1060,841.2,62.095,68.08,61.672799999999995,67.8698,32.909078704073536
1061,841.22,62.15,68.055,61.7094,67.8852,32.942436230073795
1062,841.24,62.07,68.03,61.741800000000005,67.8978,32.98135334640103
1063,841.26,61.99,68.05,61.7702,67.90939999999999,33.01467376570185
1064,841.28,62.08,68.07,61.801399999999994,67.9192,33.04254664865592
1065,841.3,62.17,68.09,61.8358,67.9272,33.06486283112082
1066,841.32,62.205,68.11,61.8712,67.9362,33.098180988442046
1067,841.34,62.24,68.11500000000001,61.9054,67.9456,33.14810405445817
1068,841.36,62.335,68.12,61.940799999999996,67.958,33.18139002103781
1069,841.38,62.43,68.12,61.979800000000004,67.97319999999999,33.203663863255365
1070,841.4,62.510000000000005,68.12,62.021800000000006,67.988,33.22593840336458
1071,841.42,62.59,68.135,62.0676,68.003,33.24814068494065
1072,841.44,62.620000000000005,68.15,62.1152,68.0192,33.275903368070885
1073,841.46,62.65,68.17,62.160199999999996,68.0368,33.30926102366266
1074,841.48,62.735,68.19,62.204800000000006,68.0532,33.33705907073203
1075,841.5,62.82,68.245,62.2488,68.0698,33.35926300799631
1076,841.52,62.815,68.3,62.2886,68.087,33.387027354245156
1077,841.54,62.81,68.315,62.3248,68.1032,33.42041878131477
1078,841.56,62.785,68.33,62.35660000000001,68.1198,33.4593704925896
1079,841.58,62.76,68.39,62.382200000000005,68.1386,33.49269379229829
1080,841.6,62.724999999999994,68.45,62.401199999999996,68.158,33.52045827904945
1081,841.62,62.69,68.45,62.4212,68.1756,33.55381601343338
1082,841.64,62.825,68.45,62.449000000000005,68.1908,33.58161412697646
1083,841.66,62.96,68.455,62.483999999999995,68.2038,33.60385261833674
1084,841.68,63.05,68.46,62.52440000000001,68.218,33.626058354604965
1085,841.7,63.14,68.445,62.5662,68.2326,33.65382450461027
1086,841.72,63.185,68.43,62.60759999999999,68.2476,33.68162267521923
1087,841.74,63.23,68.415,62.653999999999996,68.263,33.703830000778474
1088,841.76,63.26,68.4,62.7048,68.277,33.72600837888417
1089,841.78,63.29,68.49000000000001,62.75320000000001,68.2938,33.75374943013303
1090,841.8,63.29,68.58,62.798,68.3134,33.787053174037034
1091,841.82,63.29,68.58500000000001,62.8414,68.3324,33.820411184172116
1092,841.84,63.364999999999995,68.59,62.8864,68.3514,33.84820952613057
1093,841.86,63.44,68.555,62.930600000000005,68.36880000000001,33.870372565415195
1094,841.88,63.435,68.52,62.9708,68.3848,33.89261128989779
1095,841.9,63.43,68.49,63.007600000000004,68.3996,33.92048521906259
1096,841.92,63.485,68.46,63.0434,68.4126,33.94831017540145
1097,841.94,63.54,68.485,63.0802,68.42599999999999,33.976081908914416
1098,841.96,63.53,68.51,63.1154,68.4396,34.00385441409977
1099,841.98,63.52,68.6,63.14679999999999,68.456,34.03167860093383
1100,842.0,63.540000000000006,68.69,63.175599999999996,68.4738,34.059476947710834
1101,842.02,63.56,68.645,63.2054,68.4876,34.076105110810076
1102,842.04,63.5,68.6,63.233000000000004,68.499,34.09834382257141
1103,842.06,63.44,68.615,63.2592,68.5104,34.13728658310496
1104,842.08,63.565,68.63,63.291399999999996,68.52,34.16511067230841
1105,842.1,63.69,68.63,63.33,68.52720000000001,34.18734935215462
1106,842.12,63.785,68.63,63.3738,68.53439999999999,34.21512202198615
1107,842.14,63.88,68.68,63.416,68.5436,34.237386383510156
1108,842.16,63.89,68.73,63.45320000000001,68.5546,34.25962506464343
1109,842.18,63.9,68.745,63.487199999999994,68.566,34.28737288507665
1110,842.2,63.94,68.76,63.5192,68.57860000000001,34.309587431897896
1111,842.22,63.98,68.78999999999999,63.551,68.593,34.33180273202664
1112,842.24,63.98,68.82,63.581,68.6092,34.359578473831746
1113,842.26,63.98,68.81,63.60980000000001,68.62559999999999,34.38737692544963
1114,842.28,64.01,68.8,63.6386,68.63799999999999,34.41517537751952
1115,842.3,64.04,68.85,63.6686,68.6488,34.43743677998558
1116,842.32,64.065,68.9,63.699600000000004,68.6614,34.45413918832886
1117,842.34,64.09,68.85,63.7286,68.6718,34.47635458916791
1118,842.36,64.16,68.8,63.7574,68.6816,34.50415302481208
1119,842.38,64.23,68.82,63.7892,68.6936,34.53753443988192
1120,842.4,64.23,68.84,63.821200000000005,68.7076,34.570869272010015
1121,842.42,64.23,68.83500000000001,63.851000000000006,68.7226,34.593085482683456
1122,842.44,64.275,68.83,63.8804,68.7364,34.604227396301226
1123,842.46,64.32,68.88499999999999,63.912000000000006,68.7514,34.62092969424551
1124,842.48,64.375,68.94,63.946200000000005,68.765,34.64316842956837
1125,842.5,64.43,69.03,63.9818,68.7786,34.6709436476104
1126,842.52,64.405,69.12,64.01559999999999,68.79759999999999,34.70427930829059
1127,842.54,64.38,69.17,64.0508,68.8204,34.7321002137843
1128,842.56,64.405,69.22,64.0894,68.8446,34.75436211204187
1129,842.58,64.43,69.155,64.12400000000001,68.8656,34.77657771792604
1130,842.6,64.46000000000001,69.09,64.15480000000001,68.884,34.79877237126579
1131,842.62,64.49,69.11,64.183,68.90320000000001,34.82101115206646
1132,842.64,64.58,69.13,64.211,68.9212,34.84880962869461
1133,842.66,64.67,69.13,64.2422,68.9372,34.87658716906663
1134,842.68,64.63499999999999,69.13,64.2716,68.95259999999999,34.89328719172308
1135,842.7,64.6,69.14,64.298,68.9678,34.915525973988586
1136,842.72,64.685,69.15,64.3262,68.98219999999999,34.943324451995906
1137,842.74,64.77,69.1,64.3578,68.99340000000001,34.971122930053006
1138,842.76,64.815,69.05,64.3912,69.003,35.00444009301148
1139,842.78,64.86,69.11,64.42519999999999,69.0154,35.02667890224299
1140,842.8,64.88,69.17,64.4588,69.0282,35.03225874055952
1141,842.82,64.9,69.21000000000001,64.4922,69.0406,35.048917711002325
1142,842.84,64.945,69.25,64.52640000000001,69.0566,35.08227592612008
1143,842.86,64.99,69.32,64.5596,69.0774,35.11011532778368
1144,842.88,64.945,69.39,64.5882,69.1002,35.12683810375228
1145,842.9,64.9,69.33500000000001,64.615,69.12,35.149099747302856
1146,842.92,64.875,69.28,64.6408,69.1378,35.182457861758934
1147,842.94,64.85,69.25,64.6638,69.1546,35.210233444262194
1148,842.96,64.975,69.22,64.69,69.168,35.22135282308046
1149,842.98,65.1,69.2,64.71900000000001,69.1784,35.23251856863692
1150,843.0,65.065,69.18,64.7444,69.1844,35.260366118226116
1151,843.02,65.03,69.155,64.7694,69.1858,35.28816449168602
1152,843.04,65.06,69.13,64.7966,69.1842,35.299283840961444
1153,843.06,65.09,69.235,64.824,69.1848,35.31601472935856
1154,843.08,65.1,69.34,64.85079999999999,69.1922,35.349372729844184
1155,843.1,65.11,69.41499999999999,64.87679999999999,69.2052,35.38270449802359
1156,843.12,65.11,69.49,64.9016,69.2204,35.404943183188784
1157,843.14,65.11,69.49,64.9228,69.2348,35.42164840090256
1158,843.16,65.15,69.49,64.942,69.2492,35.43838188150966
1159,843.18,65.19,69.41999999999999,64.96419999999999,69.2608,35.44952947715706
1160,843.2,65.255,69.35,64.9904,69.2692,35.46618017503076
1161,843.22,65.32,69.405,65.0158,69.27940000000001,35.488418810392986
1162,843.24,65.41999999999999,69.46,65.04180000000001,69.29379999999999,35.499595302501696
1163,843.26,65.52,69.4,65.07,69.3078,35.51633418679556
1164,843.28,65.54499999999999,69.34,65.0974,69.31700000000001,35.53860374337389
1165,843.3,65.57,69.30000000000001,65.125,69.32220000000001,35.54419506430435
1166,843.32,65.62,69.26,65.15379999999999,69.3242,35.555346696843976
1167,843.34,65.67,69.38,65.1828,69.32939999999999,35.588704454155426
1168,843.36,65.62,69.5,65.208,69.3366,35.61650258639698
1169,843.38,65.57,69.485,65.233,69.3404,35.63314916566983
1170,843.4,65.655,69.47,65.2632,69.3458,35.644268429211614
1171,843.42,65.74,69.46000000000001,65.2978,69.353,35.66101256860412
1172,843.44,65.75999999999999,69.45,65.3342,69.36099999999999,35.68887864482395
1173,843.46,65.78,69.49000000000001,65.3664,69.3718,35.71111709089443
1174,843.48,65.75999999999999,69.53,65.3928,69.385,35.72776163214162
1175,843.5,65.74,69.555,65.41980000000001,69.4,35.75003437200489
1176,843.52,65.735,69.58,65.448,69.417,35.76671320710328
1177,843.54,65.73,69.56,65.4748,69.4342,35.78335780323548
1178,843.56,65.78999999999999,69.54,65.5028,69.4464,35.80563049151376
1179,843.58,65.85,69.59,65.5328,69.45639999999999,35.82786894076263
1180,843.6,65.935,69.64,65.5658,69.4654,35.84454777796574
1181,843.62,66.02,69.67,65.6022,69.4726,35.861297016485324
1182,843.64,66.095,69.7,65.6416,69.481,35.877975822065316
1183,843.66,66.17,69.715,65.68239999999999,69.49,35.88909502520223
1184,843.68,66.2,69.73,65.72279999999999,69.50240000000001,35.91140649308621
1185,843.7,66.23,69.765,65.7618,69.51899999999999,35.944764039200344
1186,843.72,66.225,69.8,65.798,69.53479999999999,35.96703990947962
1187,843.74,66.22,69.86,65.82999999999998,69.5508,35.98383525818508
1188,843.76,66.205,69.92,65.8574,69.5716,36.006154645874965
1189,843.78,66.19,69.9,65.8832,69.59400000000001,36.028434431288005
1190,843.8,66.18,69.88,65.90759999999999,69.6172,36.04511307889233
1191,843.82,66.17,69.82,65.9296,69.6396,36.06179172738669
1192,843.84,66.23,69.76,65.952,69.65480000000001,36.07851256803516
1193,843.86,66.29,69.795,65.9788,69.6666,36.095234056260374
1194,843.88,66.325,69.83,66.009,69.6804,36.111869828440256
1195,843.9,66.36,69.85,66.0372,69.6956,36.12290531952085
1196,843.92,66.425,69.87,66.06459999999998,69.712,36.13402443282005
1197,843.94,66.49,69.91499999999999,66.09379999999999,69.73060000000001,36.15078663426666
1198,843.96,66.57499999999999,69.96,66.12559999999999,69.74940000000001,36.16746526644947
1199,843.98,66.66,69.99,66.16159999999999,69.76780000000001,36.18414389954534
1200,844.0,66.69999999999999,70.02,66.2,69.7864,36.20086526629254
1201,844.02,66.74,69.965,66.2402,69.8018,36.217501166351276
1202,844.04,66.72,69.91,66.2798,69.8158,36.234137789702196
1203,844.06,66.7,69.965,66.3162,69.83279999999999,36.25085843608213
1204,844.08,66.765,70.02,66.3528,69.85,36.267579726103975
1205,844.1,66.83,70.035,66.3886,69.8658,36.28986119212195
1206,844.12,66.9,70.05,66.4238,69.881,36.30662841653994
1207,844.14,66.97,70.07499999999999,66.4588,69.896,36.31779277645961
1208,844.16,67.025,70.1,66.493,69.9114,36.32895779055349
1209,844.18,67.08,70.1,66.5282,69.9262,36.34017079529056
1210,844.2,67.17,70.1,66.5658,69.9396,36.3568492684565
1211,844.22,67.26,70.08,66.60719999999999,69.9508,36.37343383498707
1212,844.24,67.25,70.06,66.6484,69.9588,36.39006644115545
1213,844.26,67.24,70.11500000000001,66.68979999999999,69.9666,36.417909884739295
1214,844.28,67.265,70.17,66.7328,69.9774,36.43468215488685
1215,844.3,67.29,70.195,66.77720000000001,69.99,36.44584901896897
1216,844.32,67.305,70.22,66.82260000000001,70.006,36.46803910986094
1217,844.34,67.32,70.185,66.86619999999999,70.023,36.48467043878696
1218,844.36,67.31,70.15,66.907,70.0372,36.49583657520576
1219,844.38,67.3,70.14,66.946,70.0496,36.507051838225685
1220,844.4,67.37,70.13,66.9864,70.0608,36.523730274763494
1221,844.42,67.44,70.155,67.027,70.0722,36.54040871168022
1222,844.44,67.47,70.18,67.06620000000001,70.08279999999999,36.55718600222699
1223,844.46,67.5,70.2,67.1032,70.0924,36.573914815385116
1224,844.48,67.575,70.22,67.1398,70.1016,36.579474272053595
1225,844.5,67.65,70.305,67.17779999999999,70.113,36.59064425878696
1226,844.52,67.665,70.39,67.2148,70.13,36.601867300411094
1227,844.54,67.68,70.375,67.2532,70.1486,36.60753356462466
1228,844.56,67.7,70.36,67.29320000000001,70.1644,36.61865240015454
1229,844.58,67.72,70.32,67.3314,70.1764,36.62971751551538
1230,844.6,67.77,70.28,67.369,70.1862,36.64089007347128
1231,844.62,67.82,70.285,67.4058,70.1956,36.65762268363467
1232,844.64,67.775,70.29,67.43799999999999,70.2042,36.674300914972754
1233,844.66,67.73,70.32,67.4662,70.21300000000001,36.68547472518721
1234,844.68,67.71000000000001,70.35,67.4914,70.223,36.702208570828624
1235,844.7,67.69,70.33,67.5122,70.2322,36.72444615013647
1236,844.72,67.77,70.31,67.5326,70.2414,36.74112433534284
1237,844.74,67.85,70.305,67.5566,70.2512,36.75229936123528
1238,844.76,67.925,70.3,67.584,70.2586,36.75785874855173
1239,844.78,68.0,70.295,67.6134,70.26360000000001,36.763361916847714
1240,844.8,68.05,70.29,67.6438,70.26740000000001,36.774536909932806
1241,844.82,68.1,70.36500000000001,67.67559999999999,70.2732,36.79132944244159
1242,844.84,68.1,70.44,67.7068,70.2834,36.796946998762984
1243,844.86,68.1,70.49000000000001,67.7384,70.29700000000001,36.80256520904586
1244,844.88,68.095,70.54,67.7702,70.313,36.824922264856276
1245,844.9,68.09,70.48500000000001,67.79899999999999,70.3272,36.84160027117604
1246,844.92,68.08500000000001,70.43,67.8248,70.3382,36.84704003671076
1247,844.94,68.08,70.43,67.8492,70.3482,36.8581587445883
1248,844.96,68.065,70.43,67.87180000000001,70.3574,36.880515624786575
1249,844.98,68.05,70.415,67.8908,70.3652,36.897315726640834
1250,845.0,68.045,70.4,67.9066,70.369,36.89737777863016
1251,845.02,68.04,70.465,67.9216,70.37200000000001,36.902937087588825
1252,845.04,68.11500000000001,70.53,67.939,70.3782,36.92517432633924
1253,845.06,68.19,70.495,67.95859999999999,70.3836,36.94191490369211
1254,845.08,68.295,70.46,67.9816,70.3892,36.941978220477125
1255,845.1,68.4,70.435,68.0068,70.3954,36.94197822099882
1256,845.12,68.45500000000001,70.41,68.0322,70.4004,36.941914904570915
1257,845.14,68.51,70.425,68.06160000000001,70.4058,36.947474204804955
1258,845.16,68.495,70.44,68.0922,70.4106,36.96971141042175
1259,845.18,68.48,70.43,68.123,70.41380000000001,36.991886055480244
1260,845.2,68.525,70.42,68.1564,70.4174,36.997507919954515
1261,845.22,68.57,70.455,68.1884,70.42320000000001,36.99763503309699
1262,845.24,68.63999999999999,70.49,68.22000000000001,70.4306,36.997699592938375
1263,845.26,68.71,70.5,68.25139999999999,70.43860000000001,37.00332408448017
1264,845.28,68.735,70.51,68.2808,70.44720000000001,37.01450848058121
1265,845.3,68.76,70.52000000000001,68.3092,70.4564,37.02562698938795
1266,845.32,68.7,70.53,68.3332,70.46300000000001,37.04230475338556
1267,845.34,68.64,70.53999999999999,68.3548,70.46700000000001,37.053489730486326
1268,845.36,68.7,70.55,68.3788,70.4694,37.059116099759834
1269,845.38,68.76,70.53999999999999,68.4054,70.4694,37.070234570852925
1270,845.4,68.77000000000001,70.53,68.43260000000001,70.4712,37.07572671208904
1271,845.42,68.78,70.56,68.46039999999999,70.4764,37.081285958355174
1272,845.44,68.86,70.59,68.4916,70.4828,37.086912278426404
1273,845.46,68.94,70.555,68.5266,70.48780000000001,37.08691227898749
1274,845.48,68.985,70.52,68.56400000000001,70.492,37.09803075125458
1275,845.5,69.03,70.47,68.60340000000001,70.4948,37.1147761519584
1276,845.52,69.03999999999999,70.42,68.6434,70.493,37.12040372586395
1277,845.54,69.05,70.465,68.6808,70.4904,37.120403726096974
1278,845.56,68.965,70.51,68.7118,70.491,37.12589460592797
1279,845.58,68.88,70.57,68.73519999999999,70.4954,37.137013060079475
1280,845.6,68.91499999999999,70.63,68.7558,70.5032,37.148131515206146
1281,845.62,68.95,70.625,68.7756,70.51180000000001,37.15918236135931
1282,845.64,69.08500000000001,70.62,68.7986,70.5196,37.1591823612157
1283,845.66,69.22,70.625,68.8276,70.527,37.1591823614257
1284,845.68,69.235,70.63,68.8578,70.535,37.17030083840092
1285,845.7,69.25,70.57,68.8868,70.541,37.175927656111085
1286,845.72,69.3,70.51,68.916,70.5432,37.175927656675796
1287,845.74,69.35,70.52000000000001,68.9444,70.5444,37.18141931565627
1288,845.76,69.29499999999999,70.53,68.96780000000001,70.5456,37.19809703193472
1289,845.78,69.24,70.525,68.988,70.5462,37.21470790630675
1290,845.8,69.275,70.52,69.0086,70.5462,37.2202671563028
1291,845.82,69.31,70.58,69.03299999999999,70.5482,37.220401488693
1292,845.84,69.355,70.64,69.0616,70.5522,37.220469652686205
1293,845.86,69.4,70.715,69.0896,70.5588,37.22609769028583
1294,845.88,69.39,70.79,69.1148,70.5688,37.231656900441955
1295,845.9,69.38,70.75,69.1392,70.5776,37.237216109697464
1296,845.92,69.36,70.71,69.16239999999999,70.58359999999999,37.24833452917414
1297,845.94,69.34,70.68,69.1816,70.5872,37.25938419319836
1298,845.96,69.445,70.65,69.20179999999999,70.59100000000001,37.264875331773915
1299,845.98,69.55,70.66,69.2244,70.5966,37.26480791432279
1300,846.0,69.57,70.67,69.24600000000001,70.6046,37.264875332177816
1301,846.02,69.59,70.67,69.268,70.61460000000001,37.270571371432645
1302,846.04,69.56,70.67,69.2884,70.6228,37.27613058180808
1303,846.06,69.53,70.64500000000001,69.31099999999999,70.62819999999999,37.281621077588795
1304,846.08,69.55,70.62,69.3378,70.6302,37.287180299214114
1305,846.1,69.57,70.595,69.364,70.6288,37.287180299446106
1306,846.12,69.645,70.57,69.3918,70.6266,37.27599379513686
1307,846.14,69.72,70.63499999999999,69.41720000000001,70.6272,37.2703671567845
1308,846.16,69.71000000000001,70.7,69.4368,70.6302,37.28697816620695
1309,846.18,69.7,70.71000000000001,69.4554,70.6334,37.30358990037397
1310,846.2,69.705,70.72,69.4736,70.63940000000001,37.30914916221486
1311,846.22,69.71,70.75,69.49,70.649,37.31477442545068
1312,846.24,69.75999999999999,70.78,69.5064,70.6594,37.309281848104725
1313,846.26,69.81,70.73,69.527,70.6674,37.298163364358565
1314,846.28,69.725,70.68,69.54639999999999,70.6736,37.309215174093445
1315,846.3,69.64,70.665,69.561,70.6794,37.32582694933623
1316,846.32,69.625,70.65,69.5736,70.68220000000001,37.33138621246127
1317,846.34,69.61,70.72,69.5838,70.6854,37.33694547502311
1318,846.36,69.61500000000001,70.79,69.5924,70.6884,37.34250473809928
1319,846.38,69.62,70.79,69.6016,70.6884,37.34806400093239
1320,846.4,69.66,70.79,69.6128,70.69000000000001,37.35355799356913
1321,846.42,69.7,70.795,69.6264,70.6934,37.35892546047102
1322,846.44,69.7,70.8,69.6408,70.6982,37.36429894598389
1323,846.46,69.7,70.735,69.65100000000001,70.7016,37.36429894580111
1324,846.48,69.705,70.67,69.6572,70.70200000000001,37.36429894597197
1325,846.5,69.71,70.69,69.6628,70.7028,37.36429894614282
1326,846.52,69.69999999999999,70.71,69.66720000000001,70.7044,37.36429894631366
1327,846.54,69.69,70.655,69.6724,70.7038,37.37535700862772
1328,846.56,69.715,70.6,69.6798,70.70200000000001,37.38647568600156
1329,846.58,69.74,70.62,69.68740000000001,70.702,37.38653626436308
1330,846.6,69.735,70.64,69.694,70.7038,37.380976934704705
1331,846.62,69.73,70.67,69.6974,70.70779999999999,37.37535700930092
1332,846.64,69.745,70.7,69.6984,70.71039999999999,37.37535700911439
1333,846.66,69.76,70.74000000000001,69.7004,70.712,37.3809769355576
1334,846.68,69.85,70.78,69.7064,70.7148,37.38097693537718
1335,846.7,69.94,70.785,69.7158,70.71740000000001,37.375357010327754
1336,846.72,69.87,70.79,69.72219999999999,70.719,37.380916348842845
1337,846.74,69.8,70.73,69.7238,70.717,37.38647568714089
1338,846.76,69.78,70.67,69.7226,70.7146,37.38635651712171
1339,846.78,69.76,70.67500000000001,69.724,70.71440000000001,37.38629792461771
1340,846.8,69.805,70.68,69.7306,70.715,37.380738559852084
1341,846.82,69.85,70.70500000000001,69.7396,70.7172,37.37512124760385
1342,846.84,69.82499999999999,70.73,69.7482,70.7176,37.38062334391951
1343,846.86,69.8,70.73,69.7556,70.71520000000001,37.386182726123295
1344,846.88,69.795,70.73,69.76259999999999,70.7128,37.3861827262725
1345,846.9,69.79,70.73,69.76780000000001,70.71039999999999,37.397244901955645
1346,846.92,69.78,70.73,69.771,70.7078,37.408420257265384
1347,846.94,69.77,70.775,69.7738,70.7068,37.408477491442206
1348,846.96,69.735,70.82,69.7752,70.7102,37.408477491594816
1349,846.98,69.7,70.79499999999999,69.775,70.7152,37.41403686584045
1350,847.0,69.62,70.77,69.7714,70.7184,37.41953902284019
1351,847.02,69.54,70.74,69.765,70.7196,37.419539022989255
1352,847.04,69.55000000000001,70.71,69.7594,70.7218,37.4195390227847
1353,847.06,69.56,70.655,69.75319999999999,70.72399999999999,37.419482467292504
1354,847.08,69.57,70.6,69.7464,70.7232,37.43054537265679
1355,847.1,69.58,70.64,69.7402,70.72319999999999,37.45272778898657
1356,847.12,69.61500000000001,70.68,69.7356,70.7236,37.452673265198214
1357,847.14,69.65,70.695,69.73179999999999,70.7234,37.44144733662665
1358,847.16,69.57,70.71,69.7242,70.7222,37.446954220634915
1359,847.18,69.49,70.74,69.7098,70.7206,37.46368506699713
1360,847.2,69.57499999999999,70.77,69.6952,70.72,37.47480393220582
1361,847.22,69.66,70.735,69.6868,70.7178,37.47480393268827
1362,847.24,69.675,70.7,69.68180000000001,70.7166,37.47480393246342
1363,847.26,69.69,70.71000000000001,69.6782,70.7182,37.480259022255815
1364,847.28,69.69999999999999,70.72,69.6758,70.72,37.485818470258806
1365,847.3,69.71,70.725,69.672,70.72179999999999,37.4858703049333
1366,847.32,69.655,70.73,69.6642,70.72279999999999,37.485818471224015
1367,847.34,69.6,70.77000000000001,69.65520000000001,70.7244,37.49688620966279
1368,847.36,69.515,70.81,69.6438,70.7276,37.5135645786801
1369,847.38,69.43,70.735,69.6292,70.7278,37.51912403481082
1370,847.4,69.41,70.66,69.614,70.725,37.51912403528365
1371,847.42,69.39,70.675,69.5984,70.72279999999999,37.51912403574355
1372,847.44,69.36500000000001,70.69,69.5822,70.71940000000001,37.524633031290804
1373,847.46,69.34,70.69999999999999,69.5664,70.71459999999999,37.53014270133726
1374,847.48,69.42500000000001,70.71,69.5554,70.7112,37.53009356719176
1375,847.5,69.51,70.69,69.551,70.708,37.53565304568469
1376,847.52,69.6,70.67,69.5534,70.7052,37.5357021731371
1377,847.54,69.69,70.64500000000001,69.559,70.7026,37.541212525102075
1378,847.56,69.675,70.62,69.5636,70.7012,37.557747621186344
1379,847.58,69.66,70.63,69.5672,70.7024,37.56326066651346
1380,847.6,69.625,70.64,69.569,70.7024,37.56326066661184
1381,847.62,69.59,70.735,69.568,70.7046,37.563169732403374
1382,847.64,69.68,70.83,69.5692,70.71,37.557521899654574
1383,847.66,69.77,70.82499999999999,69.57719999999999,70.7146,37.557478732327475
1384,847.68,69.745,70.82,69.5874,70.7178,37.56855531728258
1385,847.7,69.72,70.75,69.59320000000001,70.717,37.57411486391701
1386,847.72,69.715,70.68,69.5954,70.71480000000001,37.574114864352886
1387,847.74,69.71,70.62,69.5968,70.7116,37.585192139238615
1388,847.76,69.69,70.56,69.5968,70.7056,37.596311245206024
1389,847.78,69.67,70.55000000000001,69.59559999999999,70.6988,37.59631124563929
1390,847.8,69.62,70.54,69.59200000000001,70.6914,37.596311246072574
1391,847.82,69.57,70.6,69.5886,70.6862,37.59635305227501
1392,847.84,69.495,70.66,69.5844,70.68180000000001,37.60191259885078
1393,847.86,69.42,70.69,69.5806,70.67699999999999,37.61294877564212
1394,847.88,69.405,70.72,69.5796,70.6764,37.623987633371215
1395,847.9,69.39,70.725,69.5788,70.679,37.640666347340904
1396,847.92,69.5,70.73,69.5832,70.6812,37.65182526369999
1397,847.94,69.61,70.715,69.593,70.6822,37.646225919261724
1398,847.96,69.685,70.7,69.6068,70.68220000000001,37.635067644226226
1399,847.98,69.76,70.65,69.62020000000001,70.6798,37.63510677699769
1400,848.0,69.735,70.6,69.6292,70.6762,37.640666347713676
1401,848.02,69.71,70.525,69.6336,70.6704,37.64614833576104
1402,848.04,69.66999999999999,70.45,69.6328,70.6626,37.65163297584866
1403,848.06,69.63,70.515,69.631,70.6584,37.65719256958065
1404,848.08,69.58500000000001,70.58,69.628,70.65639999999999,37.66831175817661
1405,848.1,69.54,70.61,69.6246,70.65520000000001,37.67379908089906
1406,848.12,69.61500000000001,70.64,69.6256,70.6514,37.66823947648767
1407,848.14,69.69,70.715,69.626,70.6468,37.66271568976376
1408,848.16,69.595,70.79,69.619,70.6454,37.668275289319524
1409,848.18,69.5,70.755,69.6092,70.64280000000001,37.684990541431695
1410,848.2,69.50999999999999,70.72,69.60079999999999,70.6416,37.69610973012336
1411,848.22,69.52,70.68,69.593,70.6416,37.69607328762965
1412,848.24,69.54499999999999,70.64,69.5864,70.64240000000001,37.69607328770856
1413,848.26,69.57,70.625,69.5816,70.645,37.70166932471193
1414,848.28,69.555,70.61,69.577,70.6474,37.71278851473225
1415,848.3,69.54,70.60499999999999,69.57379999999999,70.65,37.71827592298976
1416,848.32,69.68,70.6,69.5782,70.65,37.71268120367649
1417,848.34,69.82,70.62,69.59120000000001,70.6484,37.707121593794035
1418,848.36,69.78999999999999,70.64,69.60600000000001,70.6464,37.707121593142915
1419,848.38,69.76,70.62,69.62020000000001,70.6424,37.71824081417896
1420,848.4,69.765,70.6,69.6352,70.6374,37.734919645827596
1421,848.42,69.77,70.60499999999999,69.646,70.6324,37.746038867625515
1422,848.44,69.785,70.61,69.653,70.6282,37.751564056213105
1423,848.46,69.8,70.655,69.65759999999999,70.6264,37.75156405662078
1424,848.48,69.82499999999999,70.7,69.66019999999999,70.6284,37.74051434490597
1425,848.5,69.85,70.655,69.6648,70.6306,37.72943088837522
1426,848.52,69.815,70.61,69.669,70.634,37.73495474005344
1427,848.54,69.78,70.61500000000001,69.6734,70.64059999999999,37.74047925742189
1428,848.56,69.66499999999999,70.62,69.67479999999999,70.6448,37.74600444053256
1429,848.58,69.55,70.625,69.67339999999999,70.64659999999999,37.7626832883378
1430,848.6,69.63499999999999,70.63,69.6772,70.6474,37.76827731100823
1431,848.62,69.72,70.625,69.6814,70.6468,37.762683288102366
1432,848.64,69.655,70.62,69.67999999999999,70.643,37.7682091530895
1433,848.66,69.59,70.66,69.6798,70.6378,37.78488801555311
1434,848.68,69.6,70.7,69.68379999999999,70.6356,37.79597418554632
1435,848.7,69.61,70.73,69.6878,70.63600000000001,37.80153381140901
1436,848.72,69.68,70.76,69.6942,70.6392,37.80712650013766
1437,848.74,69.75,70.68,69.7024,70.6408,37.807126499482244
1438,848.76,69.74000000000001,70.6,69.7092,70.6398,37.80709343775217
1439,848.78,69.73,70.64,69.7162,70.641,37.807093438155704
1440,848.8,69.66,70.68,69.72099999999999,70.644,37.807160217125066
1441,848.82,69.59,70.69,69.7174,70.6476,37.80719458829724
1442,848.84,69.67,70.7,69.7114,70.6508,37.8071602165343
1443,848.86,69.75,70.63499999999999,69.7098,70.6506,37.81827944911024
1444,848.88,69.7,70.57,69.70739999999999,70.6486,37.82946803865366
1445,848.9,69.65,70.555,69.7028,70.6468,37.829468039074435
1446,848.92,69.545,70.54,69.6938,70.6442,37.834958298526495
1447,848.94,69.44,70.6,69.68,70.6438,37.84607753183745
1448,848.96,69.41499999999999,70.66,69.66460000000001,70.64399999999999,37.85723109028
1449,848.98,69.39,70.69999999999999,69.6472,70.64399999999999,37.86282567676918
1450,849.0,69.53,70.74,69.6344,70.6474,37.85730170460471
1451,849.02,69.67,70.68,69.62859999999999,70.6502,37.85174210300125
1452,849.04,69.73,70.62,69.6266,70.6504,37.85174210341517
1453,849.06,69.79,70.58000000000001,69.63159999999999,70.6488,37.85177839625202
1454,849.08,69.815,70.54,69.6422,70.6454,37.846218800378544
1455,849.1,69.84,70.58500000000001,69.6504,70.6436,37.851778396025125
1456,849.12,69.765,70.63,69.65220000000001,70.6438,37.86845718345529
1457,849.14,69.69,70.615,69.65360000000001,70.64359999999999,37.873980507801356
1458,849.16,69.69,70.6,69.6576,70.64120000000001,37.8739448898812
1459,849.18,69.69,70.675,69.6612,70.64020000000001,37.873944890292925
1460,849.2,69.755,70.75,69.667,70.641,37.86845718370513
1461,849.22,69.82,70.77000000000001,69.6726,70.6414,37.8740537048711
1462,849.24,69.805,70.79,69.6748,70.6458,37.8851728857509
1463,849.26,69.79,70.745,69.6768,70.6516,37.885210453282674
1464,849.28,69.58500000000001,70.7,69.671,70.654,37.89636783325047
1465,849.3,69.38,70.64,69.65979999999999,70.6524,37.9130854174116
1466,849.32,69.445,70.58,69.65400000000001,70.648,37.918684484364796
1467,849.34,69.51,70.56,69.6476,70.6424,37.918724629792585
1468,849.36,69.49000000000001,70.54,69.6372,70.63860000000001,37.91876542794125
1469,849.38,69.47,70.59,69.628,70.63940000000001,37.918806879193866
1470,849.4,69.515,70.64,69.6226,70.64280000000001,37.91884898245606
1471,849.42,69.56,70.66,69.6232,70.6476,37.929968071045025
1472,849.44,69.575,70.68,69.62859999999999,70.6508,37.9410450810202
1473,849.46,69.59,70.725,69.63560000000001,70.6534,37.94656321145371
1474,849.48,69.595,70.77,69.6438,70.6562,37.952122767403466
1475,849.5,69.6,70.69999999999999,69.64659999999999,70.6546,37.95216418258187
1476,849.52,69.59,70.63,69.6434,70.6526,37.957723732876325
1477,849.54,69.58,70.56,69.63740000000001,70.6502,37.96328328393536
1478,849.56,69.62,70.49,69.6306,70.64659999999999,37.95776579379096
1479,849.58,69.66,70.53999999999999,69.62440000000001,70.64659999999999,37.952248968168
1480,849.6,69.67,70.59,69.6176,70.6468,37.9522923387355
1481,849.62,69.68,70.61,69.6142,70.646,37.96345541293264
1482,849.64,69.65,70.63,69.6126,70.64659999999999,37.98013399036075
1483,849.66,69.62,70.68,69.60979999999999,70.6498,37.991253041861
1484,849.68,69.69,70.73,69.6098,70.652,37.99129767097632
1485,849.7,69.76,70.65,69.61,70.648,37.98022392684486
1486,849.72,69.745,70.57,69.60700000000001,70.64,37.97466441379364
1487,849.74,69.73,70.56,69.604,70.6308,37.98013399011389
1488,849.76,69.635,70.55,69.5978,70.623,37.991165737625174
1489,849.78,69.54,70.555,69.596,70.6172,37.99672527628598
1490,849.8,69.58000000000001,70.56,69.604,70.61399999999999,37.99672527637244
1491,849.82,69.62,70.565,69.611,70.6134,38.007844354499504
1492,849.84,69.745,70.57,69.6204,70.6138,38.013447194095015
1493,849.86,69.87,70.63,69.63560000000001,70.6174,38.007931620037255
1494,849.88,69.89,70.69,69.6524,70.6214,38.0079762303018
1495,849.9,69.91,70.655,69.66820000000001,70.622,38.00797623074992
1496,849.92,69.83,70.62,69.679,70.6204,38.01353574996005
1497,849.94,69.75,70.63,69.686,70.61840000000001,38.03025954411602
1498,849.96,69.67,70.64,69.6892,70.615,38.041424442114504
1499,849.98,69.59,70.64,69.689,70.6098,38.04698394946732
1500,850.0,69.695,70.64,69.6928,70.6074,38.052497598007825
1501,850.02,69.8,70.65,69.70120000000001,70.6082,38.05249759810494
1502,850.04,69.645,70.66,69.7038,70.6122,38.0525434563944
1503,850.06,69.49,70.685,69.6986,70.62,38.05814946573139
1504,850.08,69.50999999999999,70.71,69.6926,70.6268,38.06370896580939
1505,850.1,69.53,70.705,69.68700000000001,70.6314,38.06922197736122
1506,850.12,69.535,70.7,69.6812,70.635,38.07482796618102
1507,850.14,69.54,70.67500000000001,69.6768,70.63680000000001,38.074922880378416
1508,850.16,69.58000000000001,70.65,69.6752,70.63560000000001,38.07492288048689
1509,850.18,69.62,70.67500000000001,69.6724,70.6334,38.0804823672831
1510,850.2,69.625,70.7,69.667,70.6354,38.08604185309424
1511,850.22,69.63,70.63,69.66239999999999,70.6378,38.09150646783601
1512,850.24,69.565,70.56,69.6558,70.6378,38.10809273726142
1513,850.26,69.5,70.555,69.6504,70.638,38.119166636892935
1514,850.28,69.60499999999999,70.55,69.653,70.6378,38.108003102169015
1515,850.3,69.71,70.505,69.6582,70.63560000000001,38.09688404780205
1516,850.32,69.755,70.46,69.6636,70.6314,38.096928553966926
1517,850.34,69.8,70.495,69.6658,70.6284,38.10248807422405
1518,850.36,69.83500000000001,70.53,69.6644,70.6244,38.10809273749241
1519,850.38,69.87,70.595,69.6636,70.62060000000001,38.10818497044421
1520,850.4,69.795,70.66,69.65899999999999,70.6208,38.10818497090046
1521,850.42,69.72,70.655,69.6546,70.6222,38.119257544706386
1522,850.44,69.66,70.65,69.65100000000001,70.623,38.13589030964853
1523,850.46,69.6,70.7,69.6482,70.6254,38.14696424246139
1524,850.48,69.595,70.75,69.6484,70.62979999999999,38.15812836858113
1525,850.5,69.59,70.695,69.6442,70.632,38.16377998189949
1526,850.52,69.58500000000001,70.64,69.6356,70.63159999999999,38.163779982001934
1527,850.54,69.58,70.64500000000001,69.633,70.631,38.16373360892544
1528,850.56,69.6,70.65,69.6374,70.6296,38.158128368626436
1529,850.58,69.62,70.625,69.64179999999999,70.6262,38.16368788340771
1530,850.6,69.6,70.6,69.6446,70.622,38.1748526251238
1531,850.62,69.58,70.565,69.6464,70.6166,38.17489898526039
1532,850.64,69.55,70.53,69.6468,70.6108,38.17494599409094
1533,850.66,69.52,70.545,69.64439999999999,70.6066,38.18045848695567
1534,850.68,69.57499999999999,70.56,69.64259999999999,70.602,38.18592594400525
1535,850.7,69.63,70.58,69.64280000000001,70.59719999999999,38.185880893851945
1536,850.72,69.72,70.6,69.6464,70.596,38.185880894288246
1537,850.74,69.81,70.585,69.6562,70.59700000000001,38.185925944649235
1538,850.76,69.785,70.57,69.6676,70.5976,38.185925944392366
1539,850.78,69.76,70.59,69.67379999999999,70.5992,38.19699993780267
1540,850.8,69.785,70.61,69.6768,70.60340000000001,38.208074605453994
1541,850.82,69.81,70.64,69.679,70.61059999999999,38.2080308766999
1542,850.84,69.755,70.67,69.6772,70.6176,38.20803087643487
1543,850.86,69.7,70.64500000000001,69.6718,70.6222,38.213634133669366
1544,850.88,69.745,70.62,69.66680000000001,70.62320000000001,38.219238026205765
1545,850.9,69.79,70.62,69.6666,70.6216,38.21919366258653
1546,850.92,69.73500000000001,70.62,69.66720000000001,70.62020000000001,38.21919366232412
1547,850.94,69.68,70.61500000000001,69.66799999999999,70.61880000000001,38.224842552874755
1548,850.96,69.70500000000001,70.61,69.6722,70.6152,38.23596158366392
1549,850.98,69.73,70.60499999999999,69.6776,70.60940000000001,38.24708061542859
1550,851.0,69.78999999999999,70.6,69.68560000000001,70.6056,38.247080616233895
1551,851.02,69.85,70.555,69.6962,70.6022,38.2414317778863
1552,851.04,69.78,70.51,69.70419999999999,70.5968,38.24690458571951
1553,851.06,69.71,70.51,69.70859999999999,70.5912,38.25242174388816
1554,851.08,69.66499999999999,70.51,69.71039999999999,70.5866,38.25242174326416
1555,851.1,69.62,70.58000000000001,69.7112,70.5858,38.263540839223076
1556,851.12,69.62,70.65,69.7128,70.5892,38.2746599350698
1557,851.14,69.62,70.65,69.71560000000001,70.59400000000001,38.28021948294444
1558,851.16,69.67500000000001,70.65,69.7218,70.59819999999999,38.28573733063763
1559,851.18,69.73,70.595,69.72800000000001,70.5996,38.28573733107197
1560,851.2,69.785,70.54,69.7342,70.59800000000001,38.28021948320605
1561,851.22,69.84,70.565,69.739,70.5966,38.274618223127476
1562,851.24,69.905,70.59,69.7428,70.5968,38.274618223572375
1563,851.26,69.97,70.58500000000001,69.7502,70.5974,38.27470229504234
1564,851.28,69.905,70.58,69.756,70.59700000000001,38.27470229477453
1565,851.3,69.84,70.50999999999999,69.7582,70.593,38.28573733156893
1566,851.32,69.82,70.44,69.7586,70.58500000000001,38.29677500251891
1567,851.34,69.8,70.445,69.7604,70.57600000000001,38.29677500188731
1568,851.36,69.82499999999999,70.45,69.7654,70.5682,38.29677500231667
1569,851.38,69.85,70.475,69.7696,70.5624,38.30225572740581
1570,851.4,69.81,70.5,69.7704,70.55760000000001,38.30777686002054
1571,851.42,69.77,70.555,69.7718,70.555,38.307815305298575
1572,851.44,69.78,70.61,69.7758,70.5548,38.307815305369445
1573,851.46,69.79,70.61500000000001,69.7792,70.555,38.307815305440336
1574,851.48,69.825,70.62,69.783,70.5556,38.29673525345836
1575,851.5,69.86,70.605,69.7858,70.5558,38.29673525353373
1576,851.52,69.875,70.59,69.7868,70.55720000000001,38.31337488309241
1577,851.54,69.89,70.545,69.7912,70.55860000000001,38.31889602622625
1578,851.56,69.91499999999999,70.5,69.7994,70.5582,38.31889602665811
1579,851.58,69.94,70.47999999999999,69.8104,70.557,38.31889602670723
1580,851.6,69.955,70.46,69.8238,70.5522,38.31333644371424
1581,851.62,69.97,70.44,69.8378,70.5438,38.31329864943523
1582,851.64,69.995,70.42,69.8528,70.5346,38.31878459878523
1583,851.66,70.02,70.525,69.8666,70.5296,38.32434419882845
1584,851.68,69.91,70.63,69.8738,70.531,38.33546339721185
1585,851.7,69.8,70.565,69.8744,70.53200000000001,38.346546771356806
1586,851.72,69.805,70.5,69.873,70.52940000000001,38.346546772124455
1587,851.74,69.81,70.505,69.8692,70.526,38.34098716720091
1588,851.76,69.83500000000001,70.51,69.8638,70.523,38.341022997578
1589,851.78,69.86,70.56,69.862,70.5222,38.346656182996135
1590,851.8,69.88,70.61,69.86359999999999,70.5262,38.35221577152861
1591,851.82,69.9,70.535,69.8668,70.53,38.35773825588507
1592,851.84,69.89,70.46,69.8704,70.53059999999999,38.35217866170642
1593,851.86,69.88,70.445,69.8726,70.5304,38.341059472708366
1594,851.88,69.96000000000001,70.43,69.877,70.5286,38.34105947277229
1595,851.9,70.04,70.38,69.8862,70.5238,38.3410229976505
1596,851.92,70.01,70.33,69.89580000000001,70.5148,38.3409519833021
1597,851.94,69.98,70.405,69.9038,70.50659999999999,38.34647705922225
1598,851.96,69.945,70.48,69.91,70.5012,38.352036674072195
1599,851.98,69.91,70.485,69.9134,70.4958,38.35203667448979
1600,852.0,69.97,70.49,69.9178,70.49119999999999,38.35200279104502
1601,852.02,70.03,70.525,69.92399999999999,70.48859999999999,38.36312203060522
1602,852.04,70.08,70.56,69.9316,70.4892,38.368750033097655
1603,852.06,70.13,70.58,69.94019999999999,70.4924,38.363261396541475
1604,852.08,70.08,70.6,69.9458,70.49719999999999,38.35770179738566
1605,852.1,70.03,70.615,69.9488,70.5034,38.35207120369536
1606,852.12,69.99000000000001,70.63,69.9496,70.51100000000001,38.352002791358565
1607,852.14,69.95,70.54499999999999,69.9478,70.51599999999999,38.352002791058084
1608,852.16,69.995,70.46,69.9468,70.5134,38.35203667462775
1609,852.18,70.04,70.5,69.952,70.5082,38.35756241126174
1610,852.2,70.06,70.54,69.9624,70.5072,38.363056218879365
1611,852.22,70.08,70.525,69.9734,70.5082,38.37417547835874
1612,852.24,70.03,70.51,69.9822,70.5084,38.385294737266186
1613,852.26,69.98,70.46000000000001,69.988,70.5064,38.38526281767077
1614,852.28,70.03,70.41,69.9948,70.50039999999998,38.379735107927274
1615,852.3,70.08,70.465,70.0028,70.4946,38.379800891587784
1616,852.32,70.1,70.52,70.0108,70.494,38.374275134950665
1617,852.34,70.12,70.56,70.02,70.498,38.37424127145329
1618,852.36,70.09,70.6,70.0284,70.5042,38.38532730204206
1619,852.38,70.06,70.56,70.03240000000001,70.5094,38.38536051137642
1620,852.4,70.11,70.52,70.03519999999999,70.515,38.385360511783205
1621,852.42,70.16,70.525,70.0412,70.5228,38.385294738074336
1622,852.44,70.07499999999999,70.53,70.045,70.52780000000001,38.385294737769804
1623,852.46,69.99,70.55,70.0468,70.5306,38.390920131535125
1624,852.48,70.035,70.57,70.0518,70.53399999999999,38.39647975193319
1625,852.5,70.08,70.62,70.0562,70.5392,38.40759899207848
1626,852.52,70.055,70.67,70.05720000000001,70.545,38.41871823272347
1627,852.54,70.03,70.64,70.0552,70.54820000000001,38.41871823313021
1628,852.56,70.045,70.61,70.0518,70.54939999999999,38.4131586130467
1629,852.58,70.06,70.61,70.05099999999999,70.5498,38.407533256927806
1630,852.6,70.05000000000001,70.61,70.0518,70.5496,38.40750135614283
1631,852.62,70.04,70.61500000000001,70.0538,70.54899999999999,38.41862062468645
1632,852.64,70.03,70.62,70.057,70.552,38.42973989335961
1633,852.66,70.02,70.58500000000001,70.058,70.557,38.4297717765016
1634,852.68,70.02,70.55,70.05720000000001,70.55900000000001,38.4242446776544
1635,852.7,70.02,70.535,70.0556,70.5588,38.42427785338655
1636,852.72,70.02,70.52,70.0532,70.5586,38.429871288589396
1637,852.74,70.02,70.53,70.05279999999999,70.5594,38.429905747658296
1638,852.76,70.03999999999999,70.54,70.0552,70.5626,38.42434613738466
1639,852.78,70.06,70.505,70.0564,70.5664,38.42983747450936
1640,852.8,70.08500000000001,70.47,70.0566,70.5666,38.440923554141456
1641,852.82,70.11,70.49000000000001,70.057,70.5654,38.44095671514525
1642,852.84,70.065,70.51,70.0548,70.5634,38.44099052037766
1643,852.86,70.02,70.575,70.052,70.56240000000001,38.446584579941344
1644,852.88,70.065,70.64,70.0522,70.56559999999999,38.44099052048946
1645,852.9,70.11,70.66499999999999,70.0522,70.5714,38.440956715360485
1646,852.92,70.045,70.69,70.0476,70.578,38.4521097511475
1647,852.94,69.98,70.685,70.04379999999999,70.5842,38.45214419066219
1648,852.96,70.0,70.68,70.0442,70.5894,38.45217927387098
1649,852.98,70.02,70.62,70.04360000000001,70.59140000000001,38.45214419113022
1650,853.0,70.03999999999999,70.56,70.042,70.589,38.45210975173022
1651,853.02,70.06,70.50999999999999,70.04220000000001,70.5826,38.45210975177663
1652,853.04,70.08500000000001,70.46,70.04440000000001,70.5754,38.45207595676076
1653,853.06,70.11,70.445,70.047,70.5688,38.4520759568138
1654,853.08,70.11,70.43,70.049,70.5616,38.44655013682757
1655,853.1,70.11,70.48500000000001,70.0514,70.5566,38.44658458063268
1656,853.12,70.095,70.54,70.0536,70.5536,38.452179273993686
1657,853.14,70.08,70.59,70.0556,70.55239999999999,38.463334201546715
1658,853.16,70.15,70.64,70.0608,70.55460000000001,38.463407564824216
1659,853.18,70.22,70.715,70.0688,70.5612,38.45228838512752
1660,853.2,70.285,70.79,70.07939999999999,70.5714,38.45221500110964
1661,853.22,70.35,70.725,70.0926,70.5796,38.46333420214984
1662,853.24,70.31,70.66,70.1042,70.5848,38.46889380294164
1663,853.26,70.27,70.595,70.1134,70.587,38.468893803004
1664,853.28,70.255,70.53,70.1212,70.58800000000001,38.46893015679862
1665,853.3,70.24,70.515,70.1274,70.58980000000001,38.457847974856286
1666,853.32,70.24,70.5,70.1326,70.59020000000001,38.4522883852395
1667,853.34,70.24,70.49000000000001,70.13959999999999,70.58940000000001,38.45777460147227
1668,853.36,70.16999999999999,70.48,70.1456,70.5856,38.46329848601902
1669,853.38,70.1,70.505,70.14699999999999,70.5802,38.46333420192882
1670,853.4,70.085,70.53,70.146,70.5748,38.46333420199031
1671,853.42,70.07,70.61,70.14699999999999,70.5716,38.47445340355264
1672,853.44,70.16999999999999,70.69,70.1546,70.5718,38.48004934838082
1673,853.46,70.27,70.71000000000001,70.1654,70.57300000000001,38.474526745412724
1674,853.48,70.31,70.73,70.17699999999999,70.5774,38.46340756588902
1675,853.5,70.35,70.715,70.18939999999999,70.5836,38.4578479758753
1676,853.52,70.32,70.7,70.1998,70.5912,38.46340756531553
1677,853.54,70.29,70.73,70.208,70.602,38.474526745680265
1678,853.56,70.26,70.76,70.214,70.6146,38.48568355083193
1679,853.58,70.23,70.745,70.21879999999999,70.6272,38.4857218186423
1680,853.6,70.23,70.73,70.22359999999999,70.637,38.48020115662239
1681,853.62,70.23,70.72,70.229,70.6442,38.48016224020517
1682,853.64,70.185,70.71,70.2332,70.649,38.48568355076275
1683,853.66,70.14,70.69999999999999,70.2328,70.65140000000001,38.48572181928997
1684,853.68,70.185,70.69,70.2314,70.6504,38.47464158364536
1685,853.7,70.23,70.72999999999999,70.2292,70.648,38.47464158336673
1686,853.72,70.185,70.77,70.2226,70.6498,38.48576073037703
1687,853.74,70.14,70.74,70.2158,70.653,38.48580028517158
1688,853.76,70.185,70.71,70.2124,70.6576,38.48580028524691
1689,853.78,70.23,70.715,70.2114,70.665,38.48580028532224
1690,853.8,70.2,70.72,70.2098,70.6732,38.48588132383591
1691,853.82,70.17,70.735,70.20700000000001,70.6826,38.49708402228885
1692,853.84,70.255,70.75,70.2076,70.693,38.49708402202298
1693,853.86,70.34,70.69,70.2144,70.70139999999999,38.49152447817486
1694,853.88,70.285,70.63,70.2218,70.7064,38.49708402254975
1695,853.9,70.23,70.69,70.2276,70.7128,38.49700043585065
1696,853.92,70.255,70.75,70.235,70.71839999999999,38.49691942086892
1697,853.94,70.28,70.74000000000001,70.2394,70.7204,38.502478989059554
1698,853.96,70.28999999999999,70.73,70.2402,70.7212,38.502559992520254
1699,853.98,70.3,70.755,70.2398,70.7222,38.50264356696231
1700,854.0,70.295,70.78,70.2376,70.7248,38.497084023055855
1701,854.02,70.29,70.815,70.2364,70.7294,38.49708402278998
1702,854.04,70.355,70.85,70.239,70.7342,38.50820311092212
1703,854.06,70.42,70.83,70.2454,70.737,38.50811954869196
1704,854.08,70.485,70.81,70.2556,70.7396,38.502519170053574
1705,854.1,70.55,70.80000000000001,70.2684,70.7424,38.50255999307944
1706,854.12,70.515,70.79,70.27980000000001,70.7452,38.49700043709846
1707,854.14,70.48,70.73500000000001,70.2916,70.7462,38.49140004607404
1708,854.16,70.43,70.68,70.3032,70.7454,38.49700043655393
1709,854.18,70.38,70.715,70.311,70.74640000000001,38.50264356748492
1710,854.2,70.38,70.75,70.317,70.7472,38.508203111976385
1711,854.22,70.38,70.75999999999999,70.32480000000001,70.74680000000001,38.51376265617254
1712,854.24,70.41,70.77,70.3356,70.748,38.513762656259054
1713,854.26,70.44,70.78999999999999,70.3458,70.7512,38.51367910637339
1714,854.28,70.475,70.81,70.35560000000001,70.755,38.508119549232205
1715,854.3,70.51,70.77000000000001,70.368,70.757,38.50264356800418
1716,854.32,70.51,70.73,70.38159999999999,70.7568,38.50820311249557
1717,854.34,70.51,70.695,70.3918,70.7546,38.5192801104438
1718,854.36,70.39,70.66,70.3938,70.7534,38.52479821894785
1719,854.38,70.27,70.695,70.3932,70.756,38.51919785778341
1720,854.4,70.235,70.73,70.3934,70.7576,38.519157694406275
1721,854.42,70.2,70.785,70.3912,70.759,38.52471726315624
1722,854.44,70.25,70.84,70.39,70.763,38.524798219614084
1723,854.46,70.3,70.855,70.3904,70.768,38.53039921195791
1724,854.48,70.28999999999999,70.87,70.39,70.7726,38.54147688896319
1725,854.5,70.28,70.795,70.3894,70.7732,38.54143610763042
1726,854.52,70.355,70.72,70.392,70.76939999999999,38.53027683121207
1727,854.54,70.43,70.74000000000001,70.395,70.765,38.52467774912586
1728,854.56,70.48500000000001,70.76,70.3976,70.7622,38.52463887717147
1729,854.58,70.54,70.75,70.3998,70.7598,38.5246388768893
1730,854.6,70.44,70.74,70.3954,70.7574,38.53019845628896
1731,854.62,70.34,70.685,70.3884,70.75319999999999,38.53568224132183
1732,854.64,70.405,70.63,70.3854,70.749,38.5411686170533
1733,854.66,70.47,70.63499999999999,70.387,70.7472,38.54116861676102
1734,854.68,70.52,70.64,70.3926,70.7442,38.524526116317745
1735,854.7,70.57,70.66,70.4002,70.7406,38.513443879879325
1736,854.72,70.60499999999999,70.68,70.4092,70.7374,38.519079298097914
1737,854.74,70.64,70.775,70.4184,70.7376,38.53019845713211
1738,854.76,70.65,70.87,70.4268,70.7408,38.5301984572046
1739,854.78,70.66,70.85,70.4342,70.7424,38.52467775000252
1740,854.8,70.66,70.83,70.44019999999999,70.7448,38.52463887801946
1741,854.82,70.66,70.785,70.4462,70.747,38.519041063708016
1742,854.84,70.61,70.74,70.4502,70.7488,38.519003470887945
1743,854.86,70.56,70.71000000000001,70.45700000000001,70.7508,38.51889454878077
1744,854.88,70.515,70.68,70.4668,70.7502,38.51879141020001
1745,854.9,70.47,70.66,70.4762,70.74740000000001,38.52991065194304
1746,854.92,70.58500000000001,70.64,70.4916,70.7416,38.52435103113511
1747,854.94,70.7,70.65,70.5096,70.73400000000001,38.5131662329768
1748,854.96,70.73,70.66,70.52680000000001,70.7262,38.518694054294755
1749,854.98,70.76,70.63,70.54560000000001,70.7166,38.52425368957219
1750,855.0,70.655,70.6,70.56060000000001,70.7088,38.52978216676863
1751,855.02,70.55,70.63,70.5684,70.7052,38.5353418066036
1752,855.04,70.57499999999999,70.66,70.5742,70.702,38.52984512515064
1753,855.06,70.6,70.725,70.5788,70.70060000000001,38.524285494165866
1754,855.08,70.60499999999999,70.79,70.5814,70.7022,38.5297821669516
1755,855.1,70.61,70.80000000000001,70.5882,70.7046,38.53528142718132
1756,855.12,70.505,70.81,70.59479999999999,70.7096,38.54078327337171
1757,855.14,70.4,70.82,70.59459999999999,70.7172,38.54634292995171
1758,855.16,70.405,70.83,70.592,70.725,38.54081185335082
1759,855.18,70.41,70.75,70.5876,70.7294,38.52969254862551
1760,855.2,70.495,70.67,70.5846,70.72980000000001,38.524132895980685
1761,855.22,70.58,70.63499999999999,70.58359999999999,70.72800000000001,38.52966396019698
1762,855.24,70.57499999999999,70.6,70.581,70.72099999999999,38.54072804045899
1763,855.26,70.57,70.595,70.5778,70.71,38.5462350483611
1764,855.28,70.65,70.59,70.5774,70.6996,38.53511570420623
1765,855.3,70.73,70.605,70.5802,70.69059999999999,38.51848938241368
1766,855.32,70.685,70.62,70.5812,70.68400000000001,38.51848938209455
1767,855.34,70.64,70.685,70.58239999999999,70.68180000000001,38.52399635983942
1768,855.36,70.595,70.75,70.5838,70.6834,38.52950592212834
1769,855.38,70.55,70.695,70.5852,70.684,38.540601196085824
1770,855.4,70.56,70.64,70.5888,70.6832,38.540601196820695
1771,855.42,70.57,70.63,70.5882,70.6828,38.52948183128985
1772,855.44,70.60499999999999,70.62,70.5844,70.6816,38.52392214821467
1773,855.46,70.64,70.67,70.5808,70.682,38.51836246515177
1774,855.48,70.64,70.72,70.576,70.6856,38.51833900990604
1775,855.5,70.64,70.75999999999999,70.5754,70.692,38.53497310436436
1776,855.52,70.7,70.8,70.58139999999999,70.6988,38.53495158625793
1777,855.54,70.76,70.795,70.58879999999999,70.7042,38.51825161354148
1778,855.56,70.77000000000001,70.79,70.5956,70.70679999999999,38.51821177063595
1779,855.58,70.78,70.74000000000001,70.6026,70.70479999999999,38.51821177065357
1780,855.6,70.805,70.69,70.6104,70.7004,38.507092361751305
1781,855.62,70.83,70.625,70.6234,70.693,38.50705507888843
1782,855.64,70.85,70.56,70.64139999999999,70.6826,38.51261478909856
1783,855.66,70.87,70.55000000000001,70.66,70.6714,38.518192813713334
1784,855.68,70.86500000000001,70.54,70.6782,70.663,38.5181744989676
1785,855.7,70.86,70.605,70.69279999999999,70.6604,38.50702036725335
1786,855.72,70.84,70.67,70.7032,70.6618,38.50698822642633
1787,855.74,70.82,70.71000000000001,70.71300000000001,70.6662,38.51254794627841
1788,855.76,70.77,70.75,70.721,70.6724,38.51812341043554
1789,855.78,70.72,70.77000000000001,70.7238,70.67960000000001,38.52366738529838
1790,855.8,70.78999999999999,70.79,70.7262,70.68700000000001,38.51253284209808
1791,855.82,70.86,70.78,70.7332,70.6934,38.501413398780265
1792,855.84,70.86500000000001,70.77,70.7422,70.6968,38.506958657209
1793,855.86,70.87,70.71000000000001,70.7532,70.6952,38.506931658806444
1794,855.88,70.83500000000001,70.65,70.76460000000002,70.6934,38.49581220387448
1795,855.9,70.8,70.64,70.77420000000001,70.6934,38.49027948565592
1796,855.92,70.785,70.63,70.7828,70.6934,38.49032482344824
1797,855.94,70.77,70.61,70.7894,70.693,38.49034122257332
1798,855.96,70.78,70.59,70.79500000000002,70.6898,38.4958687872589
1799,855.98,70.79,70.625,70.801,70.686,38.50141339886406
1800,856.0,70.83000000000001,70.66,70.8086,70.682,38.49027948606488
1801,856.02,70.87,70.725,70.81540000000001,70.679,38.47914620748885
1802,856.04,70.78999999999999,70.79,70.81660000000001,70.6788,38.484692748675904
1803,856.06,70.71,70.725,70.8142,70.67620000000001,38.490239936051765
1804,856.08,70.66499999999999,70.66,70.8096,70.673,38.49578776969695
1805,856.1,70.62,70.65,70.8022,70.6714,38.495765907769695
1806,856.12,70.67500000000001,70.64,70.79599999999999,70.67200000000001,38.484646439129605
1807,856.14,70.73,70.695,70.7912,70.6774,38.47909731853166
1808,856.16,70.725,70.75,70.7854,70.6854,38.4790973185374
1809,856.18,70.72,70.74000000000001,70.7796,70.6934,38.479097319253256
1810,856.2,70.66499999999999,70.73,70.7718,70.6984,38.484668307406956
1811,856.22,70.61,70.70500000000001,70.7626,70.6998,38.49023993610586
1812,856.24,70.63499999999999,70.68,70.7552,70.6986,38.48466830741688
1813,856.26,70.66,70.65,70.7508,70.69460000000001,38.47908670449155
1814,856.28,70.75999999999999,70.62,70.7524,70.68860000000001,38.47908670520658
1815,856.3,70.86,70.595,70.7552,70.6808,38.473548845125066
1816,856.32,70.89,70.57,70.7564,70.6724,38.46242938283778
1817,856.34,70.92,70.58,70.7586,70.6648,38.462407501582916
1818,856.36,70.92,70.59,70.7606,70.66,38.47350766908846
1819,856.38,70.92,70.61,70.764,70.6584,38.47350766944596
1820,856.4,70.985,70.63,70.7714,70.658,38.45683779072424
1821,856.42,71.05,70.62,70.78200000000001,70.6576,38.44570898363053
1822,856.44,70.955,70.61,70.7894,70.6576,38.45126003019337
1823,856.46,70.86,70.64500000000001,70.7926,70.6598,38.45682845781777
1824,856.48,70.77000000000001,70.68,70.7918,70.662,38.456847766961204
1825,856.5,70.68,70.63,70.7858,70.6608,38.45129865477585
1826,856.52,70.67,70.58,70.7778,70.655,38.44575018914358
1827,856.54,70.66,70.57,70.7726,70.64620000000001,38.445750189147084
1828,856.56,70.695,70.56,70.77199999999999,70.6396,38.445728298030865
1829,856.58,70.73,70.53,70.7746,70.6344,38.440158583194076
1830,856.6,70.695,70.5,70.7776,70.6284,38.44015858284484
1831,856.62,70.66,70.555,70.777,70.625,38.44572829839966
1832,856.64,70.695,70.61,70.7756,70.6216,38.44017918894471
1833,856.66,70.73,70.62,70.7758,70.6164,38.42904909554028
1834,856.68,70.745,70.63,70.7768,70.612,38.4234793753172
1835,856.7,70.76,70.64,70.78059999999999,70.6084,38.42904909519682
1836,856.72,70.66499999999999,70.65,70.7828,70.6062,38.44017918825761
1837,856.74,70.57,70.635,70.78020000000001,70.6044,38.44572829843284
1838,856.76,70.58,70.62,70.777,70.6032,38.45126872078386
1839,856.78,70.59,70.62,70.77019999999999,70.6032,38.451268720787695
1840,856.8,70.66,70.62,70.7622,70.6042,38.43459884715587
1841,856.82,70.73,70.58000000000001,70.7558,70.6046,38.41792962631118
1842,856.84,70.85,70.54,70.75299999999999,70.60300000000001,38.41238052491996
1843,856.86,70.97,70.55000000000001,70.755,70.6014,38.41792962667241
1844,856.88,70.895,70.56,70.75399999999999,70.5994,38.42903911144321
1845,856.9,70.82,70.52000000000001,70.7474,70.595,38.42903911180128
1846,856.92,70.8,70.48,70.7374,70.58940000000001,38.42347937537328
1847,856.94,70.78,70.5,70.7304,70.585,38.423489361328485
1848,856.96,70.755,70.52,70.7262,70.58,38.42348936133358
1849,856.98,70.73,70.535,70.7246,70.5742,38.41792962670547
1850,857.0,70.64,70.55,70.723,70.571,38.41241628891651
1851,857.02,70.55,70.625,70.7182,70.5728,38.4180030771582
1852,857.04,70.555,70.7,70.714,70.578,38.423535743704385
1853,857.06,70.56,70.67500000000001,70.70859999999999,70.5826,38.41797601614521
1854,857.08,70.565,70.65,70.702,70.5874,38.417989223989196
1855,857.1,70.57,70.58500000000001,70.697,70.5908,38.41800307719287
1856,857.12,70.63,70.52,70.69579999999999,70.58940000000001,38.401338409015075
1857,857.14,70.69,70.465,70.6956,70.5836,38.39021896527872
1858,857.16,70.69,70.41,70.694,70.57520000000001,38.395764181977505
1859,857.18,70.69,70.465,70.6918,70.5686,38.40131004745814
1860,857.2,70.71000000000001,70.52,70.6898,70.5638,38.39575032148125
1861,857.22,70.73,70.535,70.69239999999999,70.5592,38.39020445803402
1862,857.24,70.72,70.55,70.69839999999999,70.5558,38.390218966042525
1863,857.26,70.71,70.58500000000001,70.7036,70.5544,38.384659243830896
1864,857.28,70.72999999999999,70.62,70.7092,70.5544,38.38465924419494
1865,857.3,70.75,70.61,70.7128,70.554,38.39023411776945
1866,857.32,70.805,70.6,70.7158,70.5548,38.38469019721489
1867,857.34,70.86,70.57499999999999,70.7162,70.5562,38.37914692619544
1868,857.36,70.795,70.55,70.7092,70.5562,38.37916401820588
1869,857.38,70.73,70.47999999999999,70.7026,70.553,38.373587211597986
1870,857.4,70.67500000000001,70.41,70.6968,70.54860000000001,38.3735872119564
1871,857.42,70.62,70.41499999999999,70.6896,70.546,38.37362204455183
1872,857.44,70.51,70.42,70.6788,70.5428,38.368062334641685
1873,857.46,70.4,70.475,70.66460000000001,70.541,38.36806233501097
1874,857.48,70.45,70.53,70.6534,70.5408,38.368062335380266
1875,857.5,70.5,70.57,70.6478,70.5416,38.368062334688574
1876,857.52,70.53999999999999,70.61,70.6474,70.541,38.368099752521864
1877,857.54,70.58,70.58500000000001,70.6484,70.5364,38.368139751585446
1878,857.56,70.66,70.56,70.6524,70.5318,38.36258005326431
1879,857.58,70.74,70.46000000000001,70.65939999999999,70.52420000000001,38.35144032518423
1880,857.6,70.79499999999999,70.36,70.6684,70.5152,38.351440325561875
1881,857.62,70.85,70.41499999999999,70.6772,70.511,38.35144032592934
1882,857.64,70.85499999999999,70.47,70.6838,70.5112,38.340320923107285
1883,857.66,70.86,70.445,70.69059999999999,70.51259999999999,38.3347815615069
1884,857.68,70.795,70.42,70.6948,70.5108,38.33480254611904
1885,857.7,70.73,70.43,70.6956,70.5072,38.32924285057258
1886,857.72,70.76,70.44,70.6968,70.5034,38.32926448507657
1887,857.74,70.79,70.425,70.6996,70.4984,38.34042906246029
1888,857.76,70.765,70.41,70.7018,70.4914,38.34042906248652
1889,857.78,70.74,70.44,70.7022,70.4842,38.329309691099866
1890,857.8,70.77,70.47,70.703,70.4786,38.32375000526886
1891,857.82,70.8,70.465,70.7028,70.47319999999999,38.31819032016282
1892,857.84,70.77,70.46,70.6992,70.4686,38.31823812242397
1893,857.86,70.74,70.465,70.697,70.4652,38.32384818015792
1894,857.88,70.64,70.47,70.6934,70.4648,38.318288508949095
1895,857.9,70.54,70.445,70.688,70.46620000000001,38.30716916621071
1896,857.92,70.5,70.42,70.6832,70.4664,38.30719533636798
1897,857.94,70.46,70.495,70.6812,70.46940000000001,38.31831467121742
1898,857.96,70.485,70.57,70.6846,70.47319999999999,38.32387433940412
1899,857.98,70.51,70.535,70.687,70.4734,38.31834147942168
1900,858.0,70.53999999999999,70.5,70.6886,70.4706,38.31834147981006
1901,858.02,70.57,70.47,70.68979999999999,70.465,38.318341479844776
1902,858.04,70.535,70.44,70.68799999999999,70.4592,38.30724961456316
1903,858.06,70.5,70.44999999999999,70.6816,70.45479999999999,38.296158411315666
1904,858.08,70.47,70.46,70.6708,70.45479999999999,38.29615841170745
1905,858.1,70.44,70.46,70.6566,70.4588,38.30168995482832
1906,858.12,70.485,70.46,70.642,70.4606,38.29615841179203
1907,858.14,70.53,70.46,70.62899999999999,70.4602,38.285097289813386
1908,858.16,70.605,70.46,70.61880000000001,70.4608,38.27956771077156
1909,858.18,70.68,70.4,70.6142,70.46,38.279598426257984
1910,858.2,70.62,70.34,70.60979999999999,70.45639999999999,38.28518942149057
1911,858.22,70.56,70.37,70.6018,70.45360000000001,38.28522142555842
1912,858.24,70.58500000000001,70.4,70.59360000000001,70.45259999999999,38.27413482728973
1913,858.26,70.61,70.435,70.5874,70.4536,38.268608514534954
1914,858.28,70.58500000000001,70.47,70.5812,70.45479999999999,38.27416813376917
1915,858.3,70.56,70.445,70.5728,70.45379999999999,38.274168133468805
1916,858.32,70.535,70.42,70.5622,70.452,38.26867707712918
1917,858.34,70.51,70.405,70.5518,70.4498,38.26318862828951
1918,858.36,70.49000000000001,70.39,70.54180000000001,70.4468,38.26318862835132
1919,858.38,70.47,70.41499999999999,70.535,70.4446,38.27430782614366
1920,858.4,70.435,70.44,70.5308,70.4444,38.28550072941916
1921,858.42,70.4,70.395,70.52680000000001,70.4434,38.285500729829536
1922,858.44,70.355,70.35,70.5226,70.43759999999999,38.27990396049667
1923,858.46,70.31,70.28999999999999,70.5156,70.4264,38.27438155312086
1924,858.48,70.265,70.23,70.5058,70.4142,38.27441938676385
1925,858.5,70.22,70.28999999999999,70.493,70.40579999999999,38.27445786673135
1926,858.52,70.37,70.35,70.48500000000001,70.40100000000001,38.263377849940014
1927,858.54,70.52,70.41499999999999,70.48440000000001,70.4,38.25785806932595
1928,858.56,70.555,70.48,70.48660000000001,70.4012,38.25789850662515
1929,858.58,70.59,70.485,70.4914,70.4022,38.252380037619226
1930,858.6,70.545,70.49,70.49560000000001,70.40339999999999,38.24686222776194
1931,858.62,70.5,70.485,70.4962,70.40440000000001,38.2524641603183
1932,858.64,70.495,70.48,70.4948,70.40520000000001,38.25806672720612
1933,858.66,70.49,70.45500000000001,70.4902,70.405,38.25255087049027
1934,858.68,70.53999999999999,70.43,70.4846,70.4062,38.2469913422032
1935,858.7,70.59,70.39,70.4834,70.4082,38.235872284311796
1936,858.72,70.455,70.35,70.4792,70.40740000000001,38.23587228475534
1937,858.74,70.32,70.37,70.4686,70.4062,38.24690461878065
1938,858.76,70.35499999999999,70.39,70.4584,70.40440000000001,38.246820484433
1939,858.78,70.39,70.38,70.45060000000001,70.4008,38.2412609310058
1940,858.8,70.47,70.37,70.447,70.3978,38.23578553619272
1941,858.82,70.55,70.39,70.44760000000001,70.39659999999999,38.23587228451918
1942,858.84,70.6,70.41,70.4512,70.3968,38.2303571079753
1943,858.86,70.65,70.455,70.4576,70.3994,38.219283075786265
1944,858.88,70.70500000000001,70.5,70.467,70.4028,38.21376922684248
1945,858.9,70.76,70.505,70.48,70.4054,38.21376922695509
1946,858.92,70.655,70.51,70.4902,70.41,38.21928307609064
1947,858.94,70.55,70.465,70.49799999999999,70.41460000000001,38.21928307618733
1948,858.96,70.53,70.42,70.5068,70.41980000000001,38.21932873594935
1949,858.98,70.51,70.325,70.51660000000001,70.42360000000001,38.22484259177503
1950,859.0,70.41499999999999,70.23,70.5244,70.42120000000001,38.23040210770986
1951,859.02,70.32,70.22,70.5224,70.416,38.2360535502236
1952,859.04,70.35,70.21,70.51559999999999,70.4078,38.230494047791595
1953,859.06,70.38,70.275,70.5086,70.3996,38.21937504338914
1954,859.08,70.405,70.34,70.5012,70.3938,38.21381554222974
1955,859.1,70.43,70.36,70.4966,70.38860000000001,38.21381554162622
1956,859.12,70.405,70.38,70.4928,70.3844,38.219469601805585
1957,859.14,70.38,70.38499999999999,70.48819999999999,70.3806,38.21946960156
1958,859.16,70.38,70.39,70.4838,70.378,38.21381554228826
1959,859.18,70.38,70.35,70.4774,70.3748,38.20825604084641
1960,859.2,70.36,70.31,70.4682,70.3716,38.20830300916708
1961,859.22,70.34,70.305,70.4636,70.3698,38.20825604068554
1962,859.24,70.43,70.3,70.468,70.367,38.202604531424846
1963,859.26,70.52,70.33500000000001,70.4746,70.3648,38.20816404709224
1964,859.28,70.55,70.37,70.481,70.3644,38.21376922884929
1965,859.3,70.58,70.355,70.4854,70.3638,38.208256041112556
1966,859.32,70.475,70.34,70.4824,70.3618,38.208256041214874
1967,859.34,70.37,70.345,70.47319999999999,70.3592,38.20820972015744
1968,859.36,70.4,70.35,70.4632,70.355,38.20265021170114
1969,859.38,70.43,70.365,70.4522,70.3496,38.197045017337324
1970,859.4,70.47,70.38,70.4406,70.3446,38.19148550198925
1971,859.42,70.51,70.4,70.43480000000001,70.3402,38.19157753575453
1972,859.44,70.51,70.42,70.4332,70.33840000000001,38.19713703789621
1973,859.46,70.51,70.37,70.4324,70.3364,38.1970450169967
1974,859.48,70.5,70.32,70.432,70.3362,38.18583653223781
1975,859.5,70.49,70.26499999999999,70.435,70.3376,38.17471747645136
1976,859.52,70.44,70.21,70.43979999999999,70.3372,38.174761892424364
1977,859.54,70.39,70.16499999999999,70.4414,70.33539999999999,38.18023324303925
1978,859.56,70.315,70.12,70.4388,70.3292,38.185707212094094
1979,859.58,70.24,70.17500000000001,70.43220000000001,70.32260000000001,38.191309211288655
1980,859.6,70.365,70.23,70.4296,70.31739999999999,38.19135231240826
1981,859.62,70.49,70.20500000000001,70.433,70.3104,38.18579277773966
1982,859.64,70.47,70.18,70.4366,70.3022,38.18579277819301
1983,859.66,70.45,70.22,70.43939999999999,70.2954,38.185749671308905
1984,859.68,70.485,70.26,70.4436,70.29180000000001,38.174588118698736
1985,859.7,70.52,70.33500000000001,70.45,70.2928,38.17458811877386
1986,859.72,70.47999999999999,70.41,70.4556,70.297,38.18566540178133
1987,859.74,70.44,70.36,70.45599999999999,70.2994,38.1856242394186
1988,859.76,70.425,70.31,70.4522,70.2984,38.17998428822766
1989,859.78,70.41,70.28,70.4466,70.2948,38.179906489385225
1990,859.8,70.465,70.25,70.44200000000001,70.2906,38.179906490162274
1991,859.82,70.52,70.225,70.4438,70.286,38.174346908010165
1992,859.84,70.50999999999999,70.2,70.44940000000001,70.2802,38.16882591315433
1993,859.86,70.5,70.16499999999999,70.4534,70.2728,38.15774600674606
1994,859.88,70.44,70.13,70.45379999999999,70.2634,38.15218643648661
1995,859.9,70.38,70.22,70.4502,70.257,38.157746006529436
1996,859.92,70.345,70.31,70.4436,70.2534,38.163305576633554
1997,859.94,70.31,70.33,70.4356,70.2498,38.17442471835661
1998,859.96,70.345,70.35,70.429,70.24900000000001,38.18554386026418
1999,859.98,70.38,70.29499999999999,70.42419999999998,70.24799999999999,38.18554386033768
2000,860.0,70.52,70.24,70.4254,70.247,38.16882591303004
2001,860.02,70.66,70.245,70.4342,70.2484,38.15210858064165
2002,860.04,70.64,70.25,70.4442,70.2518,38.15214718450727
2003,860.06,70.62,70.24000000000001,70.45639999999999,70.25659999999999,38.15218643715491
2004,860.08,70.555,70.23,70.469,70.25880000000001,38.152147185023054
2005,860.1,70.49,70.25,70.47399999999999,70.2596,38.15210858127054
2006,860.12,70.44999999999999,70.27,70.4724,70.2622,38.140989418132406
2007,860.14,70.41,70.235,70.47,70.2644,38.140989418203205
2008,860.16,70.42,70.2,70.4688,70.2636,38.15210858112725
2009,860.18,70.43,70.205,70.4666,70.2614,38.152108581913105
2010,860.2,70.44,70.21,70.4634,70.2564,38.14651103939355
2011,860.22,70.45,70.22999999999999,70.4622,70.2492,38.14651104016831
2012,860.24,70.52000000000001,70.25,70.4654,70.2448,38.15210858174838
2013,860.26,70.59,70.22999999999999,70.472,70.2416,38.15210858181719
2014,860.28,70.595,70.21,70.4794,70.2388,38.141028033424455
2015,860.3,70.6,70.19,70.48479999999999,70.2364,38.12990888139772
2016,860.32,70.57499999999999,70.17,70.487,70.23419999999999,38.124272691268686
2017,860.34,70.55,70.21000000000001,70.48859999999999,70.2346,38.11867576614897
2018,860.36,70.555,70.25,70.4908,70.238,38.11307947889691
2019,860.38,70.56,70.25999999999999,70.49560000000001,70.2432,38.11863907699341
2020,860.4,70.56,70.27,70.5028,70.2452,38.12419867477954
2021,860.42,70.56,70.3,70.5114,70.2448,38.11860303680869
2022,860.44,70.455,70.33,70.5172,70.2448,38.118639077181314
2023,860.46,70.35,70.28999999999999,70.5174,70.2424,38.11867576653833
2024,860.48,70.335,70.25,70.5156,70.2406,38.118675766248955
2025,860.5,70.32,70.225,70.5076,70.24,38.11867576630382
2026,860.52,70.455,70.2,70.4994,70.23819999999999,38.10751988139839
2027,860.54,70.59,70.21000000000001,70.4974,70.2366,38.096400686673014
2028,860.56,70.58500000000001,70.22,70.49600000000001,70.2358,38.090877804966624
2029,860.58,70.58,70.245,70.497,70.23639999999999,38.085318212575004
2030,860.6,70.56,70.27,70.4998,70.23719999999999,38.08531821263934
2031,860.62,70.54,70.34,70.5034,70.24,38.090915171054554
2032,860.64,70.5,70.41,70.507,70.247,38.090953186459096
2033,860.66,70.46,70.42,70.5086,70.2558,38.08539360578342
2034,860.68,70.445,70.43,70.5092,70.26480000000001,38.08539360586212
2035,860.7,70.43,70.39,70.50880000000001,70.27199999999999,38.096512768187395
2036,860.72,70.415,70.35,70.5074,70.27680000000001,38.10207234979674
2037,860.74,70.4,70.33,70.5026,70.28,38.09655142854285
2038,860.76,70.525,70.31,70.5,70.2832,38.09103116773028
2039,860.78,70.65,70.305,70.50219999999999,70.28699999999999,38.08547159808918
2040,860.8,70.67500000000001,70.3,70.5052,70.2914,38.074352458877875
2041,860.82,70.7,70.275,70.5102,70.29560000000001,38.06327331419267
2042,860.84,70.68,70.25,70.5154,70.2972,38.05775440082134
2043,860.86,70.66,70.27000000000001,70.5196,70.298,38.05219484292458
2044,860.88,70.64,70.29,70.5228,70.2992,38.052194843003235
2045,860.9,70.62,70.33500000000001,70.5252,70.3018,38.052236150361665
2046,860.92,70.56,70.38,70.5252,70.305,38.05223615008919
2047,860.94,70.5,70.425,70.527,70.3088,38.06331395889366
2048,860.96,70.55,70.47,70.535,70.316,38.0633552538311
2049,860.98,70.6,70.455,70.54560000000001,70.3242,38.052278107741465
2050,861.0,70.57,70.44,70.5556,70.3328,38.046718562071995
2051,861.02,70.54,70.38,70.55900000000001,70.34,38.041201637476
2052,861.04,70.5,70.32,70.5554,70.3444,38.04120163720871
2053,861.06,70.46,70.28999999999999,70.5504,70.3472,38.04115901698239
2054,861.08,70.495,70.26,70.547,70.3478,38.041159017409036
2055,861.1,70.53,70.20500000000001,70.5458,70.3452,38.04115901750357
2056,861.12,70.53,70.15,70.54540000000001,70.33760000000001,38.02999794442839
2057,861.14,70.53,70.2,70.54660000000001,70.3292,38.0188788416075
2058,861.16,70.5,70.25,70.54820000000001,70.3224,38.018920836271924
2059,861.18,70.47,70.305,70.54920000000001,70.31739999999999,38.02448038145187
2060,861.2,70.495,70.36,70.5518,70.31620000000001,38.03008255983607
2061,861.22,70.52,70.43,70.556,70.3194,38.04128883092798
2062,861.24,70.495,70.5,70.55980000000001,70.3262,38.04693813943974
2063,861.26,70.47,70.465,70.55760000000001,70.3324,38.04142449947721
2064,861.28,70.5,70.43,70.55160000000001,70.3374,38.030259599744056
2065,861.3,70.53,70.38,70.5458,70.34060000000001,38.0190953244606
2066,861.32,70.505,70.33,70.538,70.3428,38.01909532453219
2067,861.34,70.48,70.27,70.53,70.3436,38.01909532427298
2068,861.36,70.45,70.21,70.52159999999999,70.3412,38.0190953240252
2069,861.38,70.42,70.245,70.51280000000001,70.33940000000001,38.01914057419398
2070,861.4,70.46000000000001,70.28,70.5064,70.3372,38.00806746199887
2071,861.42,70.5,70.315,70.50399999999999,70.3346,37.99694844970275
2072,861.44,70.56,70.35,70.5064,70.3316,37.99134300957002
2073,861.46,70.62,70.32,70.5092,70.3256,37.98569357081382
2074,861.48,70.57,70.29,70.508,70.319,37.98560624990863
2075,861.5,70.52,70.305,70.506,70.3136,37.99672532742414
2076,861.52,70.535,70.32,70.5058,70.3112,37.996812622614584
2077,861.54,70.55,70.34,70.5078,70.31200000000001,37.98573820835714
2078,861.56,70.515,70.36,70.51,70.31479999999999,37.98573820879387
2079,861.58,70.48,70.36500000000001,70.5094,70.319,37.991297728085364
2080,861.6,70.47,70.37,70.507,70.32560000000001,37.99125309681586
2081,861.62,70.46,70.31,70.5042,70.332,37.985649584882516
2082,861.64,70.49,70.25,70.5026,70.334,37.98564958498275
2083,861.66,70.52,70.32,70.5034,70.3368,37.9912530971151
2084,861.68,70.44999999999999,70.39,70.50259999999999,70.34020000000001,37.991297728231196
2085,861.7,70.38,70.425,70.498,70.3428,37.98573820947239
2086,861.72,70.35,70.46,70.49119999999999,70.34400000000001,37.98578349836327
2087,861.74,70.32,70.43,70.48419999999999,70.34120000000001,37.99138894540093
2088,861.76,70.275,70.4,70.4764,70.3386,37.996995030465264
2089,861.78,70.23,70.39500000000001,70.4656,70.3372,37.997042260668714
2090,861.8,70.24000000000001,70.39,70.454,70.33760000000001,37.991435531571675
2091,861.82,70.25,70.42,70.4438,70.34120000000001,37.99143553096875
2092,861.84,70.245,70.45,70.43440000000001,70.3484,37.997090142110146
2093,861.86,70.24,70.44,70.42599999999999,70.3576,37.99713867440099
2094,861.88,70.345,70.43,70.42299999999999,70.365,37.98597117134673
2095,861.9,70.45,70.39,70.42259999999999,70.3694,37.974757034530064
2096,861.92,70.465,70.35,70.42120000000001,70.3708,37.97466447405746
2097,861.94,70.48,70.36,70.41799999999999,70.3712,37.98022398694087
2098,861.96,70.41499999999999,70.37,70.4098,70.37320000000001,37.980223986685914
2099,861.98,70.35,70.405,70.40100000000001,70.37780000000001,37.97461917190529
2100,862.0,70.32499999999999,70.44,70.3932,70.3832,37.97461917165764
2101,862.02,70.3,70.49000000000001,70.38380000000001,70.39000000000001,37.980178691523186
2102,862.04,70.42,70.54,70.3786,70.398,37.97466447500055
2103,862.06,70.54,70.48,70.3796,70.40280000000001,37.969150923348586
2104,862.08,70.505,70.42,70.3806,70.405,37.97475703546546
2105,862.1,70.47,70.35,70.3806,70.4042,37.974804293349294
2106,862.12,70.465,70.28,70.3808,70.403,37.969197536496196
2107,862.14,70.46,70.27000000000001,70.3796,70.4038,37.96359141783362
2108,862.16,70.41,70.26,70.37519999999999,70.40140000000001,37.96354545057719
2109,862.18,70.36,70.36500000000001,70.3716,70.4004,37.96910496261621
2110,862.2,70.33500000000001,70.47,70.3698,70.40220000000001,37.974757035720536
2111,862.22,70.31,70.49000000000001,70.3682,70.4034,37.9803165347069
2112,862.24,70.265,70.51,70.366,70.40660000000001,37.98026993559461
2113,862.26,70.22,70.44,70.3638,70.40820000000001,37.97471042963699
2114,862.28,70.275,70.37,70.3656,70.4072,37.974664476176635
2115,862.3,70.33,70.385,70.3692,70.407,37.98013404832978
2116,862.32,70.375,70.4,70.3742,70.40620000000001,37.98013404877656
2117,862.34,70.42,70.45,70.3812,70.40620000000001,37.97461917363218
2118,862.36,70.435,70.5,70.38900000000001,70.4086,37.97457452299717
2119,862.38,70.45,70.53999999999999,70.39320000000001,70.413,37.980046715386614
2120,862.4,70.50999999999999,70.58,70.3956,70.42060000000001,37.97448717744415
2121,862.42,70.57,70.57499999999999,70.3998,70.4296,37.968927638866234
2122,862.44,70.565,70.57,70.40320000000001,70.438,37.96884288758577
2123,862.46,70.56,70.52,70.40899999999999,70.444,37.96880149017223
2124,862.48,70.56,70.47,70.4174,70.4466,37.97432030668346
2125,862.5,70.56,70.39,70.4268,70.4446,37.974280218912114
2126,862.52,70.525,70.31,70.4358,70.4374,37.97428021863236
2127,862.54,70.49,70.315,70.4386,70.4284,37.97432030691249
2128,862.56,70.52,70.32,70.4378,70.422,37.963283337402785
2129,862.58,70.55,70.31,70.4396,70.41760000000001,37.95224902493707
2130,862.6,70.505,70.3,70.441,70.4156,37.946689486237204
2131,862.62,70.46,70.33500000000001,70.4408,70.4178,37.94100370625442
2132,862.64,70.47,70.37,70.4412,70.4218,37.94088333629762
2133,862.66,70.48,70.33500000000001,70.444,70.4248,37.940844518003956
2134,862.68,70.49000000000001,70.3,70.4492,70.4222,37.94088333678443
2135,862.7,70.5,70.375,70.4558,70.4184,37.94088333652225
2136,862.72,70.45,70.45,70.4614,70.41680000000001,37.94088333624016
2137,862.74,70.4,70.44,70.4668,70.414,37.94092280811226
2138,862.76,70.45,70.43,70.476,70.4136,37.92976418857965
2139,862.78,70.5,70.465,70.485,70.4174,37.918645040352196
2140,862.8,70.515,70.5,70.4924,70.42200000000001,37.913124966223926
2141,862.82,70.53,70.5,70.4986,70.426,37.91308546658955
2142,862.84,70.56,70.5,70.5042,70.428,37.91856800960836
2143,862.86,70.59,70.515,70.5104,70.4286,37.91853047404135
2144,862.88,70.6,70.53,70.51639999999999,70.4282,37.90744883975778
2145,862.9,70.61,70.475,70.5204,70.424,37.901889254737156
2146,862.92,70.63499999999999,70.42,70.523,70.4178,37.90181480246805
2147,862.94,70.66,70.33500000000001,70.5268,70.4084,37.90177855648334
2148,862.96,70.645,70.25,70.5302,70.3976,37.90181480294829
2149,862.98,70.63,70.255,70.533,70.38900000000001,37.89629211156524
2150,863.0,70.66999999999999,70.26,70.53739999999999,70.38380000000001,37.89069561152411
2151,863.02,70.71,70.305,70.5448,70.3836,37.8906237500138
2152,863.04,70.60499999999999,70.35,70.54939999999999,70.385,37.896148411453
2153,863.06,70.5,70.32499999999999,70.5486,70.3852,37.90170802280353
2154,863.08,70.465,70.3,70.54520000000001,70.3848,37.90730256972844
2155,863.1,70.43,70.34,70.5422,70.38640000000001,37.90730256977748
2156,863.12,70.355,70.38,70.538,70.38820000000001,37.90723335311744
2157,863.14,70.28,70.47,70.5304,70.39219999999999,37.91275934522612
2158,863.16,70.265,70.56,70.5218,70.4012,37.9182860007111
2159,863.18,70.25,70.53,70.5122,70.4104,37.923813318575455
2160,863.2,70.285,70.5,70.5036,70.4154,37.91828600082027
2161,863.22,70.32,70.46000000000001,70.4984,70.4158,37.91275934579816
2162,863.24,70.38,70.42,70.49759999999999,70.415,37.912726374374024
2163,863.26,70.44,70.375,70.49719999999999,70.4128,37.90710275418213
2164,863.28,70.525,70.33,70.4982,70.40740000000001,37.90710275387429
2165,863.3,70.61,70.43,70.502,70.40459999999999,37.907134424291456
2166,863.32,70.545,70.53,70.5026,70.4058,37.8959834822706
2167,863.34,70.48,70.59,70.49940000000001,70.40939999999999,37.89595245545164
2168,863.36,70.48,70.65,70.495,70.4148,37.90707173664689
2169,863.38,70.48,70.61500000000001,70.4902,70.41820000000001,37.912601017139636
2170,863.4,70.445,70.58,70.4836,70.4224,37.912601017543615
2171,863.42,70.41,70.495,70.4746,70.4254,37.90704137234222
2172,863.44,70.6,70.41,70.4722,70.4284,37.89586329545969
2173,863.46,70.79,70.425,70.47800000000001,70.4354,37.890275223688576
2174,863.48,70.815,70.44,70.4854,70.44279999999999,37.8903036413891
2175,863.5,70.84,70.495,70.4922,70.45219999999999,37.89033271272731
2176,863.52,70.78999999999999,70.55,70.4954,70.462,37.89030364182825
2177,863.54,70.74,70.535,70.5008,70.4694,37.88468779742354
2178,863.56,70.62,70.52,70.5056,70.4772,37.88463421987793
2179,863.58,70.5,70.485,70.507,70.4846,37.8901429327879
2180,863.6,70.525,70.45,70.5108,70.489,37.890094589623445
2181,863.62,70.55,70.42,70.5186,70.4906,37.88448916806231
2182,863.64,70.57,70.39,70.53020000000001,70.48740000000001,37.884467279572505
2183,863.66,70.59,70.4,70.5432,70.48100000000001,37.89002697360334
2184,863.68,70.59,70.41,70.55680000000001,70.4762,37.88448916813765
2185,863.7,70.59,70.455,70.569,70.4744,37.87892947702087
2186,863.72,70.53,70.5,70.5774,70.476,37.88448916817868
2187,863.74,70.47,70.565,70.581,70.4818,37.890071397945945
2188,863.76,70.515,70.63,70.584,70.492,37.89004885972975
2189,863.78,70.56,70.715,70.58539999999999,70.5074,37.89002697373526
2190,863.8,70.63,70.8,70.5862,70.5222,37.89556543921894
2191,863.82,70.7,70.72,70.5924,70.5298,37.901084643704706
2192,863.84,70.61500000000001,70.64,70.59779999999999,70.5318,37.90664434683472
2193,863.86,70.53,70.58500000000001,70.5998,70.5292,37.90664434719632
2194,863.88,70.65,70.53,70.6066,70.5258,37.88992734648948
2195,863.9,70.77,70.5,70.6196,70.5226,37.87321292716693
2196,863.92,70.735,70.47,70.6326,70.5216,37.87319626080122
2197,863.94,70.7,70.47,70.6366,70.524,37.884315692937236
2198,863.96,70.655,70.47,70.63119999999999,70.5258,37.895451782062686
2199,863.98,70.61,70.58,70.623,70.5314,37.90101149660949
2200,864.0,70.63499999999999,70.69,70.6148,70.5392,37.889859403822854
2201,864.02,70.66,70.72999999999999,70.6096,70.54639999999999,37.873164888830836
2202,864.04,70.64,70.77,70.60560000000001,70.5558,37.87315018318876
2203,864.06,70.62,70.755,70.6056,70.5652,37.88425558089287
2204,864.08,70.53,70.74,70.6068,70.5754,37.89538907488087
2205,864.1,70.44,70.655,70.60340000000001,70.58359999999999,37.89540377191565
2206,864.12,70.50999999999999,70.57,70.6018,70.5896,37.88431569340846
2207,864.14,70.58,70.54499999999999,70.6022,70.5958,37.878772640760374
2208,864.16,70.545,70.52,70.6004,70.6006,37.88429968566867
2209,864.18,70.51,70.59,70.59719999999999,70.6078,37.884269629254554
2210,864.2,70.515,70.66,70.5942,70.616,37.884242186384206
2211,864.22,70.52,70.63499999999999,70.5938,70.62140000000001,37.89534890374025
2212,864.24,70.54499999999999,70.61,70.5968,70.6232,37.89533681950476
2213,864.26,70.57,70.655,70.599,70.62419999999999,37.884205923747864
2214,864.28,70.6,70.7,70.6006,70.6236,37.87865762677085
2215,864.3,70.63,70.685,70.6006,70.619,37.878669717051075
2216,864.32,70.6,70.67,70.5966,70.617,37.88422944525309
2217,864.34,70.57,70.735,70.59479999999999,70.6208,37.89536164123223
2218,864.36,70.57,70.8,70.5964,70.62939999999999,37.906494482416406
2219,864.38,70.57,70.77,70.5932,70.639,37.906468361991834
2220,864.4,70.56,70.74,70.5848,70.6486,37.89532538850999
2221,864.42,70.55,70.72,70.5774,70.65859999999999,37.889765656506775
2222,864.44,70.595,70.7,70.5732,70.6678,37.88975487672323
2223,864.46,70.64,70.685,70.57260000000001,70.6764,37.88974475023739
2224,864.48,70.66499999999999,70.67,70.5748,70.67999999999999,37.895304486025424
2225,864.5,70.69,70.69,70.577,70.68,37.900874344277064
2226,864.52,70.795,70.71,70.58239999999999,70.6792,37.8897770885601
2227,864.54,70.9,70.705,70.5928,70.6766,37.873097896181136
2228,864.56,70.85,70.7,70.602,70.67439999999999,37.87308645806909
2229,864.58,70.8,70.755,70.6128,70.675,37.88420592313375
2230,864.6,70.75999999999999,70.81,70.62559999999999,70.6812,37.895325388568324
2231,864.62,70.72,70.805,70.634,70.6906,37.90088512058726
2232,864.64,70.705,70.8,70.639,70.7008,37.8953146107191
2233,864.66,70.69,70.815,70.64479999999999,70.71260000000001,37.8841755406194
2234,864.68,70.675,70.83,70.65140000000001,70.7222,37.878606981670764
2235,864.7,70.66,70.8,70.65719999999999,70.7278,37.88416671942937
2236,864.72,70.63,70.77,70.66159999999999,70.7332,37.89527803131072
2237,864.74,70.6,70.75999999999999,70.6638,70.7392,37.90083777027365
2238,864.76,70.565,70.75,70.6636,70.743,37.90084593448553
2239,864.78,70.53,70.75999999999999,70.6608,70.7454,37.895278031317396
2240,864.8,70.535,70.77,70.657,70.7488,37.88970391939702
2241,864.82,70.54,70.74,70.6546,70.7516,37.8841379707122
2242,864.84,70.555,70.71,70.654,70.75059999999999,37.88414417798375
2243,864.86,70.57,70.68,70.654,70.7458,37.89527051947627
2244,864.88,70.535,70.65,70.65259999999999,70.741,37.90083025989436
2245,864.9,70.5,70.695,70.6502,70.7392,37.90083026060414
2246,864.92,70.52000000000001,70.74,70.649,70.74,37.90083026025109
2247,864.94,70.54,70.765,70.6468,70.7426,37.900837770656295
2248,864.96,70.545,70.79,70.64299999999999,70.7468,37.900845934521705
2249,864.98,70.55,70.805,70.6384,70.7522,37.90083777030645
2250,865.0,70.41499999999999,70.82,70.6274,70.7574,37.90639000032634
