,Time,Speed Follower,Speed Leader,Smooth Speed Follower,Smooth Speed Leader,Spacing
0,448.0,69.79499999999999,70.3,69.9214,70.4128,22.540754823911204
1,448.02,69.71,70.33500000000001,69.9132,70.4062,22.551815902068213
2,448.04,69.71,70.37,69.90360000000001,70.40520000000001,22.562934662671903
3,448.06,69.71,70.435,69.89339999999999,70.411,22.563051010863465
4,448.08,69.72999999999999,70.5,69.8834,70.415,22.563051011119704
5,448.1,69.75,70.50999999999999,69.8746,70.415,22.568494043032963
6,448.12,69.82,70.52,69.869,70.4162,22.57399692315538
7,448.14,69.89,70.46000000000001,69.86880000000001,70.4158,22.574053424003612
8,448.16,69.925,70.4,69.87259999999999,70.4168,22.574111021083837
9,448.18,69.96,70.405,69.87599999999999,70.4218,22.585172185943545
10,448.2,69.925,70.41,69.8762,70.4276,22.596290949060705
11,448.22,69.89,70.435,69.8746,70.435,22.59634848980123
12,448.24,69.89,70.46,69.87259999999999,70.4384,22.596290948880352
13,448.26,69.89,70.41999999999999,69.8708,70.43520000000001,22.596290948804675
14,448.28,69.95,70.38,69.8716,70.4292,22.590789121823462
15,448.3,70.01,70.44,69.875,70.42439999999999,22.59073156710499
16,448.32,70.015,70.5,69.8788,70.4238,22.596290948177923
17,448.34,70.02,70.505,69.8808,70.4252,22.60740971236674
18,448.36,69.965,70.51,69.87859999999999,70.4274,22.61841679351703
19,448.38,69.91,70.44,69.87619999999998,70.42739999999999,22.618416793066167
20,448.4,69.93,70.37,69.8766,70.42439999999999,22.618472087652812
21,448.42,69.95,70.325,69.8788,70.41940000000001,22.61841679328108
22,448.44,69.91499999999999,70.28,69.8806,70.4148,22.61830948905741
23,448.46,69.88,70.31,69.8808,70.4136,22.618257478773987
24,448.48,69.91,70.34,69.882,70.4144,22.618309488183225
25,448.5,69.94,70.35,69.8878,70.41640000000001,22.629535612472914
26,448.52,69.88499999999999,70.36,69.89479999999999,70.4174,22.640766007613674
27,448.54,69.83,70.37,69.89959999999999,70.4174,22.640766007523673
28,448.56,69.805,70.38,69.9034,70.4152,22.635206624130085
29,448.58,69.78,70.4,69.9054,70.4112,22.629763246001247
30,448.6,69.795,70.42,69.9072,70.4076,22.629822890344343
31,448.62,69.81,70.45,69.9068,70.4048,22.63532260045421
32,448.64,69.795,70.48,69.903,70.40559999999999,22.64076600637829
33,448.66,69.78,70.47,69.8972,70.4084,22.651773254604194
34,448.68,69.75999999999999,70.46,69.8892,70.41059999999999,22.662784983253264
35,448.7,69.74,70.395,69.8818,70.41,22.662784982469365
36,448.72,69.845,70.33,69.88,70.4058,22.662837982793906
37,448.74,69.95,70.375,69.8824,70.4024,22.66283798305409
38,448.76,69.99000000000001,70.42,69.88640000000001,70.4024,22.66283798332789
39,448.78,70.03,70.42500000000001,69.8896,70.4042,22.662784982856852
40,448.8,70.055,70.43,69.89139999999999,70.4038,22.65722554513657
41,448.82,70.08,70.44,69.894,70.40140000000001,22.657332664769356
42,448.84,69.985,70.45,69.8926,70.39920000000001,22.668451487242113
43,448.86,69.89,70.46000000000001,69.8896,70.3972,22.685022733574225
44,448.88,69.85,70.47,69.8872,70.3984,22.696141610447064
45,448.9,69.81,70.465,69.8824,70.40220000000001,22.69624854604261
46,448.92,69.785,70.46,69.8758,70.4076,22.6961945324278
47,448.94,69.76,70.435,69.8696,70.4138,22.696039038126266
48,448.96,69.805,70.41,69.8666,70.4178,22.696039038056007
49,448.98,69.85,70.42,69.8642,70.42099999999999,22.70726048655666
50,449.0,69.86,70.43,69.861,70.4242,22.718379364295508
51,449.02,69.87,70.435,69.8604,70.4272,22.71832758356126
52,449.04,69.91499999999999,70.44,69.8638,70.43,22.7127174285762
53,449.06,69.96,70.38499999999999,69.87,70.4302,22.707059805469942
54,449.08,69.97999999999999,70.33,69.878,70.42739999999999,22.707059805052047
55,449.1,70.0,70.36,69.8862,70.425,22.70715796428026
56,449.12,69.97999999999999,70.39,69.893,70.4226,22.707260486372874
57,449.14,69.96,70.36,69.8996,70.4178,22.712819924591813
58,449.16,69.91,70.33,69.9048,70.4122,22.718276892048458
59,449.18,69.86,70.37,69.9088,70.4086,22.71827689197827
60,449.2,69.89,70.41,69.9148,70.4092,22.718327582533014
61,449.22,69.92,70.41499999999999,69.9178,70.4126,22.72939582001582
62,449.24,69.84,70.42,69.9134,70.4144,22.734857245714334
63,449.26,69.76,70.455,69.90419999999999,70.4158,22.7292503600109
64,449.28,69.795,70.49,69.89479999999999,70.4184,22.734857245232345
65,449.3,69.83,70.44,69.8858,70.4188,22.7405147488187
66,449.32,69.88,70.39,69.8778,70.41680000000001,22.734955284680105
67,449.34,69.93,70.39500000000001,69.8756,70.41460000000001,22.734857245404754
68,449.36,69.945,70.4,69.8778,70.4122,22.740369359215833
69,449.38,69.96,70.435,69.8822,70.4108,22.751535711555796
70,449.4,69.94999999999999,70.47,69.8878,70.411,22.762752608992862
71,449.42,69.94,70.42,69.89399999999999,70.40939999999999,22.76275260856917
72,449.44,69.935,70.37,69.901,70.4068,22.762654688695445
73,449.46,69.93,70.39,69.90599999999999,70.406,22.762654689009356
74,449.48,69.96000000000001,70.41,69.9104,70.4056,22.75719314303272
75,449.5,69.99,70.455,69.9156,70.4066,22.762803199835123
76,449.52,69.935,70.5,69.9182,70.4092,22.77387153859766
77,449.54,69.88,70.47999999999999,69.91680000000001,70.4108,22.779333156905036
78,449.56,69.88499999999999,70.46,69.9138,70.4138,22.784892645895233
79,449.58,69.89,70.46,69.91019999999999,70.41900000000001,22.77943100377107
80,449.6,69.89500000000001,70.46,69.90599999999999,70.42299999999999,22.773871537951212
81,449.62,69.9,70.43,69.9028,70.4246,22.779333155953733
82,449.64,69.94,70.4,69.902,70.4262,22.784845363992794
83,449.66,69.98,70.41,69.90480000000001,70.4294,22.79591819390192
84,449.68,69.95,70.42,69.9084,70.4314,22.80703721908567
85,449.7,69.92,70.505,69.9096,70.43520000000001,22.807130604708995
86,449.72,69.965,70.59,69.9114,70.4422,22.801571114369672
87,449.74,70.01,70.515,69.91820000000001,70.446,22.8015238672337
88,449.76,69.965,70.44,69.9264,70.4454,22.8071306041373
89,449.78,69.92,70.41,69.9314,70.4422,22.812787799028868
90,449.8,69.88499999999999,70.38,69.93360000000001,70.43979999999999,22.818347265312532
91,449.82,69.85,70.38,69.9324,70.4394,22.818249584503313
92,449.84,69.78999999999999,70.38,69.9268,70.43879999999999,22.812642870263655
93,449.86,69.73,70.43,69.9182,70.44,22.8126900945809
94,449.88,69.78,70.48,69.911,70.4418,22.81829788239944
95,449.9,69.83,70.5,69.90620000000001,70.443,22.818249584940876
96,449.92,69.88,70.52,69.9038,70.447,22.81820237237824
97,449.94,69.93,70.47999999999999,69.90360000000001,70.45139999999999,22.829368565162785
98,449.96,69.945,70.44,69.9042,70.4534,22.835025665361886
99,449.98,69.96,70.475,69.9042,70.45599999999999,22.82946619782134
100,450.0,69.94999999999999,70.51,69.9026,70.45819999999999,22.829466198458782
101,450.02,69.94,70.565,69.9028,70.4608,22.835076096130535
102,450.04,70.00999999999999,70.62,69.90799999999999,70.4664,22.84058513160106
103,450.06,70.08,70.58000000000001,69.9158,70.4712,22.840585131543936
104,450.08,70.035,70.54,69.9216,70.4744,22.84068705408978
105,450.1,69.99,70.46000000000001,69.9254,70.4744,22.840687054367404
106,450.12,70.055,70.38,69.9316,70.4724,22.840687053937746
107,450.14,70.12,70.4,69.9388,70.4724,22.85191214600236
108,450.16,70.14,70.42,69.9452,70.4728,22.851858500155068
109,450.18,70.16,70.485,69.9536,70.4754,22.84058513112106
110,450.2,70.065,70.55,69.9594,70.4772,22.851704065611937
111,450.22,69.97,70.53999999999999,69.9596,70.4752,22.86843282596384
112,450.24,69.995,70.53,69.959,70.47579999999999,22.862823000561438
113,450.26,70.02,70.545,69.9612,70.48,22.862773713981955
114,450.28,69.94,70.56,69.962,70.486,22.873941936417587
115,450.3,69.86,70.53,69.961,70.492,22.873992281129123
116,450.32,69.83,70.5,69.9602,70.49680000000001,22.885060871783658
117,450.34,69.8,70.50999999999999,69.9606,70.50200000000001,22.896179808770373
118,450.36,69.81,70.52,69.9638,70.5056,22.885162596081184
119,450.38,69.82,70.54499999999999,69.9654,70.5082,22.874043709265155
120,450.4,69.83,70.57,69.96539999999999,70.51100000000001,22.873941935292024
121,450.42,69.84,70.52,69.9638,70.51100000000001,22.885060871420606
122,450.44,69.82,70.47,69.9594,70.5106,22.896230104646627
123,450.46,69.8,70.535,69.9536,70.5144,22.901739276409
124,450.48,69.88,70.6,69.9504,70.5194,22.907298745216693
125,450.5,69.96,70.56,69.9508,70.5214,22.907349017294262
126,450.52,69.97,70.52,69.952,70.5196,22.90729874541846
127,450.54,69.98,70.5,69.9508,70.51480000000001,22.90729874498255
128,450.56,70.035,70.48,69.949,70.5108,22.907400369854706
129,450.58,70.09,70.535,69.9512,70.5106,22.918519258280583
130,450.6,70.1,70.59,69.9556,70.5158,22.9185192585563
131,450.62,70.11,70.57,69.95779999999999,70.5234,22.91306573790108
132,450.64,70.13,70.55,69.95819999999999,70.5294,22.918735376323447
133,450.66,70.15,70.53999999999999,69.95859999999999,70.5342,22.9187353758809
134,450.68,70.08500000000001,70.53,69.95559999999999,70.536,22.918625155740177
135,450.7,70.02,70.56,69.95379999999999,70.5364,22.918571666505922
136,450.72,69.97999999999999,70.59,69.9542,70.5384,22.918571667134255
137,450.74,69.94,70.58500000000001,69.952,70.5406,22.92969053037604
138,450.76,69.875,70.58,69.9462,70.542,22.940862831520217
139,450.78,69.81,70.515,69.94099999999999,70.5402,22.940917348154237
140,450.8,69.85,70.45,69.94059999999999,70.53699999999999,22.940862831369703
141,450.82,69.89,70.53,69.943,70.5382,22.946422250534603
142,450.84,69.97999999999999,70.61,69.9502,70.5422,22.946532336549026
143,450.86,70.07,70.63,69.9606,70.5466,22.9409729435361
144,450.88,70.02,70.65,69.9686,70.5508,22.940862831011394
145,450.9,69.97,70.605,69.9742,70.5522,22.95198166959562
146,450.92,70.015,70.56,69.9812,70.5538,22.968769908904463
147,450.94,70.06,70.515,69.9908,70.5556,22.974329301888037
148,450.96,70.075,70.47,70.0018,70.553,22.96310050935625
149,450.98,70.09,70.53,70.0102,70.55019999999999,22.9519282586029
150,451.0,70.08500000000001,70.59,70.0152,70.5514,22.951981669876414
151,451.02,70.08,70.625,70.0196,70.5556,22.963210515188877
152,451.04,70.03,70.66,70.02159999999999,70.562,22.97438589459803
153,451.06,69.98,70.625,70.01939999999999,70.56779999999999,22.974329301350796
154,451.08,70.005,70.59,70.016,70.57,22.96876990748238
155,451.1,70.03,70.61500000000001,70.0132,70.571,22.968884199549453
156,451.12,70.07,70.64,70.0116,70.5738,22.974562140984332
157,451.14,70.11,70.66,70.0108,70.57820000000001,22.974562140881467
158,451.16,70.11,70.68,70.0092,70.5838,22.97444356538441
159,451.18,70.11,70.58500000000001,70.0102,70.586,22.985504654290022
160,451.2,70.025,70.49,70.0104,70.58319999999999,22.99668103009136
161,451.22,69.94,70.505,70.00880000000001,70.5798,23.002240397036935
162,451.24,69.92,70.52,70.008,70.5772,23.007799764519604
163,451.26,69.9,70.61,70.009,70.5784,23.00785842766663
164,451.28,69.92,70.7,70.0134,70.5858,23.007799763621307
165,451.3,69.94,70.71000000000001,70.01700000000001,70.5962,23.018860938649034
166,451.32,69.925,70.72,70.0184,70.6038,23.029979701738476
167,451.34,69.91,70.71000000000001,70.01559999999999,70.60780000000001,23.035596601143858
168,451.36,69.87,70.7,70.0076,70.61059999999999,23.04127420137545
169,451.38,69.83,70.65,70.0,70.6106,23.03571486219152
170,451.4,69.995,70.6,70.001,70.6104,23.019036843898945
171,451.42,70.16,70.62,70.0068,70.6128,23.01360018382987
172,451.44,70.125,70.64,70.0094,70.6178,23.01928644456103
173,451.46,70.09,70.57,70.01,70.62180000000001,23.01928644479681
174,451.48,70.14500000000001,70.5,70.0122,70.62060000000001,23.01915949250414
175,451.5,70.2,70.555,70.0168,70.6192,23.03021627893014
176,451.52,70.31,70.61,70.02600000000001,70.6186,23.03027811129307
177,451.54,70.42,70.64,70.0416,70.6178,23.019286444285804
178,451.56,70.405,70.67,70.05860000000001,70.6196,23.019286444200798
179,451.58,70.39,70.63,70.074,70.6212,23.02471880153271
180,451.6,70.305,70.59,70.085,70.62020000000001,23.03027811086549
181,451.62,70.22,70.545,70.09100000000001,70.6164,23.04139673062718
182,451.64,70.13499999999999,70.5,70.092,70.61,23.052515351584688
183,451.66,70.05,70.595,70.0896,70.60660000000001,23.052642119180014
184,451.68,70.07499999999999,70.69,70.0882,70.6108,23.047018902851836
185,451.7,70.1,70.66,70.0912,70.6176,23.04127419963247
186,451.72,70.02,70.63,70.0944,70.6226,23.04127419988354
187,451.74,69.94,70.64,70.09519999999999,70.6274,23.05239287924048
188,451.76,69.995,70.65,70.099,70.629,23.063511559027756
189,451.78,70.05,70.635,70.1042,70.6264,23.069193282575277
190,451.8,70.055,70.62,70.1088,70.6228,23.074879239782746
191,451.82,70.06,70.59,70.1142,70.6176,23.080503437397642
192,451.84,70.00999999999999,70.56,70.1182,70.6116,23.085997801432335
193,451.86,69.96,70.525,70.12180000000001,70.6046,23.085933972607023
194,451.88,69.97,70.49,70.1274,70.59819999999999,23.080311904806962
195,451.9,69.98,70.495,70.12679999999999,70.59400000000001,23.080250206321466
196,451.92,70.065,70.5,70.123,70.5892,23.08587121649987
197,451.94,70.15,70.5,70.12400000000001,70.5836,23.091493269485774
198,451.96,70.155,70.5,70.1266,70.5808,23.091557082675312
199,451.98,70.16,70.515,70.1272,70.58139999999999,23.080503436402093
200,452.0,70.10499999999999,70.53,70.12339999999999,70.58040000000001,23.07501017702708
201,452.02,70.05,70.49000000000001,70.113,70.57560000000001,23.086195721713363
202,452.04,70.09,70.45,70.0998,70.568,23.097382275178585
203,452.06,70.13,70.475,70.08879999999999,70.56020000000001,23.10294149349162
204,452.08,70.13499999999999,70.5,70.07860000000001,70.555,23.10850071170538
205,452.1,70.14,70.515,70.072,70.55199999999999,23.108500711571804
206,452.12,70.09,70.53,70.0668,70.5514,23.108432657788573
207,452.14,70.04,70.53999999999999,70.063,70.553,23.108500710614845
208,452.16,70.055,70.55,70.0632,70.5512,23.108569835640488
209,452.18,70.07,70.52,70.063,70.54440000000001,23.119619147451218
210,452.2,70.04499999999999,70.49,70.0608,70.5376,23.130669597545904
211,452.22,70.02,70.455,70.0608,70.53059999999999,23.130669597770222
212,452.24,70.05,70.42,70.0652,70.5218,23.119688238928717
213,452.26,70.08,70.38,70.0686,70.511,23.11427046694508
214,452.28,70.065,70.34,70.0692,70.4992,23.119829634658032
215,452.3,70.05,70.405,70.069,70.4906,23.119758401391415
216,452.32,70.1,70.47,70.0706,70.4858,23.11419921623745
217,452.34,70.15,70.49000000000001,70.0762,70.483,23.114199215386144
218,452.36,70.125,70.51,70.08279999999999,70.48240000000001,23.119688238112264
219,452.38,70.1,70.46000000000001,70.088,70.4812,23.119758399776526
220,452.4,70.03999999999999,70.41,70.0904,70.4778,23.11975839961655
221,452.42,69.98,70.425,70.087,70.4748,23.130737583956858
222,452.44,70.015,70.44,70.0816,70.4724,23.141788068134204
223,452.46,70.05,70.425,70.0774,70.4694,23.141721182462316
224,452.48,70.12,70.41,70.07579999999999,70.4652,23.14172118233714
225,452.5,70.19,70.36,70.0792,70.4584,23.14741524230784
226,452.52,70.19,70.31,70.0848,70.4512,23.15311351551102
227,452.54,70.19,70.38,70.0888,70.4484,23.15874381600801
228,452.56,70.15,70.45,70.0896,70.4474,23.158743816567096
229,452.58,70.11,70.41,70.0886,70.4438,23.153184646263156
230,452.6,70.095,70.37,70.0868,70.438,23.153256846317102
231,452.62,70.08,70.28,70.0864,70.428,23.153256846520225
232,452.64,70.15,70.19,70.0908,70.414,23.15311351502787
233,452.66,70.22,70.175,70.0974,70.399,23.15304345318012
234,452.68,70.21000000000001,70.16,70.103,70.3846,23.14755432848722
235,452.7,70.2,70.22,70.1092,70.3738,23.14199514163193
236,452.72,70.19,70.28,70.116,70.3668,23.141856021434798
237,452.74,70.18,70.255,70.1212,70.36019999999999,23.147280433210213
238,452.76,70.135,70.23,70.1234,70.3542,23.15277390123726
239,452.78,70.09,70.215,70.1244,70.3492,23.15270918704024
240,452.8,70.13,70.2,70.1276,70.341,23.147149903542076
241,452.82,70.17,70.2,70.1304,70.33019999999999,23.141655365426352
242,452.84,70.17500000000001,70.2,70.1314,70.3186,23.141721180443714
243,452.86,70.18,70.155,70.1336,70.3044,23.147415240603333
244,452.88,70.245,70.11,70.13940000000001,70.2904,23.147554326707333
245,452.9,70.31,70.07,70.1502,70.27680000000001,23.14206630474816
246,452.92,70.295,70.03,70.1628,70.26100000000001,23.136435953247084
247,452.94,70.28,69.98,70.1734,70.2426,23.13073758045071
248,452.96,70.215,69.93,70.18,70.2228,23.130737580317263
249,452.98,70.15,69.875,70.1812,70.2014,23.130806638716024
250,453.0,70.13,69.82,70.1788,70.1798,23.130737580085235
251,453.02,70.11,69.695,70.1756,70.1552,23.130669591860983
252,453.04,70.13,69.57,70.1732,70.1228,23.12517836077098
253,453.06,70.15,69.525,70.17320000000001,70.0858,23.114059923021575
254,453.08,70.2,69.48,70.1768,70.0486,23.097382268544717
255,453.1,70.25,69.53999999999999,70.183,70.0154,23.086333024540323
256,453.12,70.2,69.6,70.18780000000001,69.98819999999999,23.086263833554924
257,453.14,70.15,69.535,70.1878,69.962,23.086128668305363
258,453.16,70.14500000000001,69.47,70.18480000000001,69.9338,23.091621960630466
259,453.18,70.14,69.46000000000001,70.182,69.9058,23.086062694871956
260,453.2,70.09,69.45,70.1776,69.875,23.07501016947573
261,453.22,70.04,69.35,70.1716,69.8378,23.080636480535485
262,453.24,70.105,69.25,70.1686,69.7976,23.080704615423596
263,453.26,70.17,69.17,70.17,69.7552,23.06965542327241
264,453.28,70.13499999999999,69.09,70.1718,69.7102,23.06416655468813
265,453.3,70.1,68.985,70.1706,69.6616,23.053119629247444
266,453.32,70.125,68.88,70.1688,69.6088,23.036370644902995
267,453.34,70.15,68.83,70.1678,69.554,23.02511245796924
268,453.36,70.195,68.78,70.1684,69.499,23.019553243672956
269,453.38,70.24,68.755,70.1682,69.4448,23.01406343770384
270,453.4,70.25,68.73,70.1658,69.3912,23.00301556207511
271,453.42,70.26,68.63,70.1644,69.3352,22.98640967154347
272,453.44,70.24000000000001,68.53,70.1628,69.27720000000001,22.975364108079706
273,453.46,70.22,68.455,70.163,69.2182,22.969804964958364
274,453.48,70.18,68.38,70.1642,69.15839999999999,22.95868667938789
275,453.5,70.14,68.25,70.16460000000001,69.09559999999999,22.94215822082466
276,453.52,70.155,68.12,70.16640000000001,69.0326,22.931040010737608
277,453.54,70.17,68.025,70.168,68.9708,22.919846705848887
278,453.56,70.11,67.93,70.16640000000001,68.907,22.908803593629095
279,453.58,70.05,67.885,70.1604,68.8432,22.89768538729927
280,453.6,70.03,67.84,70.1516,68.7752,22.88649197674203
281,453.62,70.01,67.855,70.144,68.70540000000001,22.869814616023852
282,453.64,70.08000000000001,67.87,70.1412,68.6388,22.842094373020373
283,453.66,70.15,67.76,70.1414,68.5704,22.819857976122055
284,453.68,70.155,67.65,70.142,68.498,22.80873977984076
285,453.7,70.16,67.54,70.1448,68.4216,22.797775840774033
286,453.72,70.13,67.43,70.1484,68.3448,22.786816399753775
287,453.74,70.1,67.385,70.1482,68.2702,22.770139340468056
288,453.76,70.035,67.34,70.1428,68.197,22.758941322959007
289,453.78,69.97,67.24000000000001,70.1362,68.123,22.74782324737106
290,453.8,70.05,67.14,70.1342,68.0492,22.725667197464023
291,453.82,70.13,67.05,70.1344,67.976,22.703594757660163
292,453.84,70.15,66.96,70.1344,67.9012,22.681442390072277
293,453.86,70.17,66.82,70.1334,67.8228,22.653563999188993
294,453.88,70.13,66.68,70.129,67.7398,22.6313281161473
295,453.9,70.09,66.555,70.1226,67.65280000000001,22.614734983120417
296,453.92,70.035,66.43,70.1136,67.5648,22.59805813987817
297,453.94,69.98,66.38,70.1032,67.4788,22.57026341034248
298,453.96,69.95,66.33,70.0924,67.3938,22.5368256824762
299,453.98,69.92,66.245,70.082,67.3084,22.514506783911127
300,454.0,69.91,66.16,70.0728,67.2248,22.49791294777077
301,454.02,69.9,66.08,70.06259999999999,67.1432,22.475677108184954
302,454.04,69.89,66.0,70.0514,67.06219999999999,22.453441274829835
303,454.06,69.88,65.92,70.0422,66.9818,22.425816557973604
304,454.08,69.8,65.84,70.0322,66.9,22.398108792747685
305,454.1,69.72,65.7,70.01979999999999,66.81439999999999,22.37587323679618
306,454.12,69.72999999999999,65.56,70.0086,66.7226,22.35372576423251
307,454.14,69.74,65.41499999999999,69.995,66.62440000000001,22.32593144723356
308,454.16,69.81,65.27,69.98140000000001,66.5248,22.298048844050893
309,454.18,69.88,65.08500000000001,69.9704,66.4222,22.26469555929358
310,454.2,69.785,64.9,69.9554,66.3166,22.231430851551927
311,454.22,69.69,64.795,69.9378,66.2112,22.20372636983784
312,454.24,69.53999999999999,64.69,69.9154,66.10340000000001,22.186960026392672
313,454.26,69.39,64.65,69.8896,65.9958,22.164635797207552
314,454.28,69.3,64.61,69.8628,65.8906,22.142489231053496
315,454.3,69.21,64.475,69.8292,65.78399999999999,22.125902793157362
316,454.32,69.245,64.34,69.7938,65.6756,22.098200017676785
317,454.34,69.28,64.2,69.759,65.56519999999999,22.05928844114281
318,454.36,69.25999999999999,64.06,69.7226,65.4548,22.025753531074525
319,454.38,69.24,64.03,69.687,65.3488,21.997869844942468
320,454.4,69.19999999999999,64.0,69.6514,65.2466,21.959047506854752
321,454.42,69.16,63.815,69.6164,65.14200000000001,21.92022663858902
322,454.44,69.14,63.63,69.58279999999999,65.032,21.89252480834715
323,454.46,69.12,63.510000000000005,69.5496,64.9192,21.85926560251971
324,454.48,69.03999999999999,63.39,69.5144,64.805,21.825913089286658
325,454.5,68.96,63.230000000000004,69.4764,64.68780000000001,21.787001847084568
326,454.52,68.79499999999999,63.07,69.43220000000001,64.5674,21.75364937349866
327,454.54,68.63,62.905,69.3818,64.4436,21.72585565976717
328,454.56,68.61,62.74,69.331,64.3164,21.692503219698903
329,454.58,68.59,62.605000000000004,69.28259999999999,64.187,21.64793894935097
330,454.6,68.57,62.47,69.2366,64.0578,21.609027652157256
331,454.62,68.55,62.349999999999994,69.18939999999999,63.929399999999994,21.575865671341642
332,454.64,68.455,62.23,69.138,63.802,21.542610605424724
333,454.66,68.36,62.215,69.07999999999998,63.67979999999999,21.50925856856225
334,454.68,68.25,62.2,69.0148,63.5644,21.475906551657925
335,454.7,68.14,62.09,68.949,63.452000000000005,21.44255455490479
336,454.72,68.03999999999999,61.98,68.883,63.339400000000005,21.40930148097013
337,454.74,67.94,61.81999999999999,68.819,63.2246,21.370491288244253
338,454.76,67.93,61.66,68.7606,63.105,21.33713966765074
339,454.78,67.92,61.42,68.7054,62.977399999999996,21.303788067821976
340,454.8,67.82,61.18,68.6498,62.845600000000005,21.26487789588981
341,454.82,67.72,61.055,68.58879999999999,62.7142,21.22040916421272
342,454.84,67.75999999999999,60.93,68.52799999999999,62.583400000000005,21.170484244835578
343,454.86,67.8,60.769999999999996,68.46959999999999,62.45179999999999,21.120561031881483
344,454.88,67.645,60.61,68.40579999999999,62.315,21.081651381437077
345,454.9,67.49,60.545,68.3374,62.17679999999999,21.048300277577265
346,454.92,67.32,60.48,68.2638,62.0434,21.020613153081218
347,454.94,67.15,60.41,68.18419999999999,61.9146,20.987262259782167
348,454.96,67.105,60.34,68.1036,61.7878,20.948142480916633
349,454.98,67.06,60.245000000000005,68.0244,61.662,20.909129141081923
350,455.0,66.995,60.15,67.9458,61.538799999999995,20.870323105952178
351,455.02,66.93,60.019999999999996,67.8712,61.4168,20.82596018912879
352,455.04,66.755,59.89,67.7962,61.2962,20.787157411071927
353,455.06,66.58,59.67,67.715,61.1734,20.748356259734216
354,455.08,66.53,59.45,67.6326,61.047200000000004,20.715005740968753
355,455.1,66.48,59.285,67.549,60.919799999999995,20.681546877973116
356,455.12,66.45,59.12,67.465,60.790600000000005,20.631413491241435
357,455.14,66.42,58.995,67.3836,60.6612,20.575722355733355
358,455.16,66.315,58.87,67.3018,60.52740000000001,20.53114893690607
359,455.18,66.21,58.739999999999995,67.2202,60.389,20.492345128507033
360,455.2,66.025,58.61,67.1356,60.24979999999999,20.45910140826281
361,455.22,65.84,58.55,67.0476,60.11259999999999,20.42019232214658
362,455.24,65.78999999999999,58.49,66.9616,59.9794,20.37583361788174
363,455.26,65.74,58.465,66.87400000000001,59.8516,20.331476652097134
364,455.28,65.725,58.44,66.7862,59.7324,20.287009740229486
365,455.3,65.71,58.29,66.7018,59.61679999999999,20.242542876895946
366,455.32,65.72999999999999,58.14,66.6222,59.50019999999999,20.20374657019644
367,455.34,65.75,57.93,66.54180000000001,59.3802,20.159393679872814
368,455.36,65.58500000000001,57.72,66.45320000000001,59.25820000000001,20.114927457393556
369,455.38,65.42,57.480000000000004,66.3642,59.132999999999996,20.070347149566214
370,455.4,65.205,57.24,66.2728,59.0008,20.03121406068693
371,455.42,64.99,57.185,66.1796,58.86900000000001,19.986636335602547
372,455.44,64.87,57.13,66.08840000000001,58.7378,19.936722113552754
373,455.46,64.75,57.06,65.9942,58.6066,19.89792636740561
374,455.48,64.6,56.99,65.8958,58.47639999999999,19.864576544544324
375,455.5,64.45,56.870000000000005,65.794,58.345200000000006,19.820110159244663
376,455.52,64.38499999999999,56.75,65.6922,58.214400000000005,19.775758411048464
377,455.54,64.32,56.605000000000004,65.59479999999999,58.083,19.73140848723933
378,455.56,64.25,56.46,65.5016,57.9546,19.686942780957878
379,455.58,64.18,56.29,65.40759999999999,57.828199999999995,19.636918927592593
380,455.6,64.025,56.12,65.3094,57.7016,19.59257152480065
381,455.62,63.87,56.065,65.2062,57.57939999999999,19.559342224820465
382,455.64,63.745,56.01,65.0992,57.46,19.520556551556318
383,455.66,63.62,55.84,64.9914,57.3388,19.47065660120635
384,455.68,63.43,55.67,64.8802,57.215999999999994,19.431627376054266
385,455.7,63.24,55.5,64.7688,57.0916,19.387040888397816
386,455.72,63.18,55.33,64.66239999999999,56.96280000000001,19.337140397403946
387,455.74,63.12,55.295,64.5556,56.835,19.298357912772126
388,455.76,62.97,55.26,64.4448,56.706799999999994,19.26500989022294
389,455.78,62.82,55.18,64.3286,56.57640000000001,19.220421577780755
390,455.8,62.7,55.1,64.20819999999999,56.4488,19.175834043940988
391,455.82,62.58,54.96,64.0822,56.3216,19.136927673124525
392,455.84,62.415,54.82,63.9488,56.197199999999995,19.103579393932655
393,455.86,62.25,54.72,63.8154,56.07719999999999,19.064673112645085
394,455.88,62.144999999999996,54.62,63.684400000000004,55.962799999999994,19.01477520467089
395,455.9,62.04,54.474999999999994,63.5578,55.8522,18.964879339254697
396,455.92,61.9,54.33,63.43419999999999,55.738,18.925973749294464
397,455.94,61.76,54.14,63.309799999999996,55.6184,18.886941677658662
398,455.96,61.584999999999994,53.95,63.1832,55.49400000000001,18.84791045023467
399,455.98,61.41,53.905,63.055600000000005,55.3706,18.80344650605233
400,456.0,61.26,53.86,62.928000000000004,55.25019999999999,18.76454060992824
401,456.02,61.11,53.785,62.797,55.1316,18.7310677972802
402,456.04,60.93,53.71,62.6614,55.0158,18.69228693851034
403,456.06,60.75,53.5,62.52139999999999,54.8974,18.64264985164077
404,456.08,60.665,53.29,62.3808,54.7774,18.59831830016492
405,456.1,60.58,53.2,62.243,54.6606,18.559413761588132
406,456.12,60.515,53.11,62.1088,54.5424,18.520377567412183
407,456.14,60.45,52.995000000000005,61.977,54.421800000000005,18.4757843678337
408,456.16,60.305,52.88,61.84440000000001,54.30339999999999,18.431321616810898
409,456.18,60.16,52.790000000000006,61.7136,54.18820000000001,18.386858939342382
410,456.2,59.94499999999999,52.7,61.5818,54.0762,18.34795415723063
411,456.22,59.73,52.57,61.44379999999999,53.9658,18.309049432643178
412,456.24,59.635,52.44,61.304399999999994,53.8516,18.270276926281706
413,456.26,59.54,52.334999999999994,61.1672,53.7346,18.225814843009964
414,456.28,59.425,52.23,61.031400000000005,53.6166,18.181352837101837
415,456.3,59.31,52.084999999999994,60.8958,53.496,18.14258310232505
416,456.32,59.120000000000005,51.94,60.757400000000004,53.37520000000001,18.109102244955324
417,456.34,58.93,51.795,60.617999999999995,53.25419999999999,18.070064542034313
418,456.36,58.7,51.65,60.47599999999999,53.131400000000006,18.031294148034092
419,456.38,58.47,51.61,60.32899999999999,53.010999999999996,17.992525769097746
420,456.4,58.370000000000005,51.57,60.182199999999995,52.894800000000004,17.959179822337077
421,456.42,58.27,51.595,60.037000000000006,52.7854,17.93125552890494
422,456.44,58.095,51.62,59.8904,52.6846,17.89777450362125
423,456.46,57.92,51.455,59.7438,52.584799999999994,17.85873664895783
424,456.48,57.82,51.29,59.600199999999994,52.4802,17.81969966114317
425,456.5,57.72,51.035,59.4586,52.367200000000004,17.77523738516116
426,456.52,57.575,50.78,59.3172,52.247,17.736466304207084
427,456.54,57.43,50.675,59.1772,52.12559999999999,17.697697267841203
428,456.56,57.295,50.57,59.038999999999994,52.0084,17.669908894891304
429,456.58,57.16,50.510000000000005,58.8988,51.897200000000005,17.64212055426017
430,456.6,56.98,50.45,58.754799999999996,51.787200000000006,17.603081170570995
431,456.62,56.8,50.345,58.6062,51.6766,17.558351641706327
432,456.64,56.69,50.24,58.455799999999996,51.566399999999994,17.513757286640526
433,456.66,56.58,50.150000000000006,58.306799999999996,51.4572,17.480279430778513
434,456.68,56.415,50.06,58.157,51.34799999999999,17.45804808422346
435,456.7,56.25,49.875,58.0092,51.235,17.424965454304836
436,456.72,56.025,49.69,57.861000000000004,51.1198,17.39188957460264
437,456.74,55.8,49.525,57.7076,51.00320000000001,17.358543708259944
438,456.76,55.605,49.36,57.5502,50.8842,17.32506137903406
439,456.78,55.41,49.275,57.3896,50.766000000000005,17.291715347193694
440,456.8,55.345,49.19,57.231,50.6502,17.258233758044497
441,456.82,55.28,49.135,57.0774,50.53799999999999,17.224753129652573
442,456.84,55.06,49.08,56.9226,50.42940000000001,17.19709909788246
443,456.86,54.84,48.96,56.7682,50.3218,17.16388933837174
444,456.88,54.67,48.84,56.6162,50.211000000000006,17.136239187248727
445,456.9,54.5,48.685,56.461400000000005,50.0956,17.11400885676465
446,456.92,54.364999999999995,48.53,56.30519999999999,49.97299999999999,17.080663403430954
447,456.94,54.23,48.475,56.150600000000004,49.8472,17.047458189570058
448,456.96,54.06999999999999,48.42,55.9966,49.7258,17.025087761890408
449,456.98,53.91,48.255,55.8402,49.604400000000005,16.997023161717806
450,457.0,53.724999999999994,48.09,55.6804,49.486599999999996,16.969234976902992
451,457.02,53.54,47.95,55.519,49.373400000000004,16.93602738627896
452,457.04,53.39,47.81,55.3574,49.2588,16.90268193348545
453,457.06,53.24,47.81,55.19520000000001,49.1484,16.86919779958315
454,457.08,53.105000000000004,47.81,55.033,49.0404,16.841272284255144
455,457.1,52.97,47.7,54.872600000000006,48.9304,16.824599350776534
456,457.12,52.83,47.59,54.7138,48.82020000000001,16.80792642949067
457,457.14,52.69,47.45,54.5538,48.708600000000004,16.780001737668766
458,457.16,52.474999999999994,47.31,54.3896,48.595,16.75221337132509
459,457.18,52.26,47.16,54.2234,48.479000000000006,16.719004395064033
460,457.2,52.144999999999996,47.01,54.059200000000004,48.3644,16.685658726430553
461,457.22,52.03,46.92,53.89939999999999,48.253600000000006,16.65787070723681
462,457.24,51.96,46.83,53.7458,48.1458,16.635779509765506
463,457.26,51.89,46.765,53.5972,48.042,16.613549329228512
464,457.28,51.6,46.7,53.444799999999994,47.93899999999999,16.59673719252656
465,457.3,51.31,46.61,53.28339999999999,47.835800000000006,16.57436865532434
466,457.32,51.195,46.52,53.12,47.73120000000001,16.546443600948514
467,457.34,51.08,46.325,52.9608,47.621,16.518655300136665
468,457.36,50.9,46.13,52.803200000000004,47.507799999999996,16.496424684707648
469,457.38,50.72,46.019999999999996,52.645199999999996,47.395,16.474194091483234
470,457.4,50.614999999999995,45.91,52.489799999999995,47.284000000000006,16.451963521296793
471,457.42,50.51,45.785,52.33559999999999,47.1742,16.424038879820394
472,457.44,50.41,45.66,52.1828,47.0616,16.396250503787492
473,457.46,50.31,45.56999999999999,52.032399999999996,46.9476,16.374019827795156
474,457.48,50.095,45.48,51.879799999999996,46.8366,16.36290449849857
475,457.5,49.88,45.47,51.726000000000006,46.7318,16.34623151494606
476,457.52,49.755,45.46,51.574600000000004,46.632200000000005,16.31274971271395
477,457.54,49.63,45.285,51.4242,46.531200000000005,16.279539709339726
478,457.56,49.49,45.11,51.2742,46.423199999999994,16.257447013413685
479,457.58,49.35,45.075,51.123999999999995,46.3138,16.229659086784636
480,457.6,49.115,45.04,50.96979999999999,46.2074,16.207568584620713
481,457.62,48.88,44.94,50.811800000000005,46.101400000000005,16.190896007865504
482,457.64,48.78,44.84,50.6554,45.997,16.174223445555825
483,457.66,48.68,44.755,50.5036,45.894800000000004,16.15769267360945
484,457.68,48.58,44.67,50.3564,45.795199999999994,16.14116374073013
485,457.7,48.48,44.585,50.2098,45.6982,16.118934108626572
486,457.72,48.37,44.5,50.0634,45.60139999999999,16.096277558070067
487,457.74,48.26,44.370000000000005,49.9154,45.503,16.073770062032647
488,457.76,48.16,44.24,49.7662,45.40200000000001,16.05167761639569
489,457.78,48.06,44.155,49.6246,45.300200000000004,16.02944730167386
490,457.8,47.93,44.07,49.4894,45.1986,16.012636161424428
491,457.82,47.8,44.015,49.3536,45.0984,16.001520925698998
492,457.84,47.7,43.96,49.2184,45.00379999999999,15.984848083510487
493,457.86,47.6,43.89,49.0864,44.9142,15.956922691811736
494,457.88,47.46,43.82,48.956,44.8262,15.934556104970378
495,457.9,47.32,43.71,48.8242,44.7382,15.917883029988534
496,457.92,47.245000000000005,43.6,48.6936,44.6508,15.906903880982904
497,457.94,47.17,43.495000000000005,48.56399999999999,44.5642,15.89023097050997
498,457.96,46.97,43.39,48.4304,44.477000000000004,15.873421559838993
499,457.98,46.77,43.335,48.297399999999996,44.3912,15.856748532467417
500,458.0,46.67,43.28,48.169,44.3036,15.83451784949557
501,458.02,46.57,43.185,48.041599999999995,44.2126,15.812287190227027
502,458.04,46.44,43.09,47.913999999999994,44.12479999999999,15.79575139732032
503,458.06,46.31,43.07,47.78679999999999,44.0432,15.779078576644839
504,458.08,46.290000000000006,43.05,47.66440000000001,43.9622,15.762405768488703
505,458.1,46.27,42.91,47.5506,43.876999999999995,15.74031462239175
506,458.12,46.155,42.77,47.4416,43.7902,15.718084455107102
507,458.14,46.04,42.72,47.332,43.7054,15.701272258421513
508,458.16,45.835,42.67,47.2182,43.622,15.690018985914564
509,458.18,45.63,42.59,47.100199999999994,43.5388,15.67320942717584
510,458.2,45.525000000000006,42.51,46.982,43.455799999999996,15.656536413626844
511,458.22,45.42,42.435,46.864000000000004,43.373200000000004,15.645557998645538
512,458.24,45.29,42.36,46.745200000000004,43.2928,15.640000382421617
513,458.26,45.16,42.33,46.62519999999999,43.21639999999999,15.628885153403882
514,458.28,45.09,42.3,46.506400000000006,43.142199999999995,15.612212322434159
515,458.3,45.02,42.239999999999995,46.39,43.068999999999996,15.595402145408755
516,458.32,45.0,42.18,46.278,42.995599999999996,15.584150974067773
517,458.34,44.98,42.16,46.169200000000004,42.92360000000001,15.572901203777548
518,458.36,44.834999999999994,42.14,46.058600000000006,42.8536,15.556227981143056
519,458.38,44.69,42.015,45.9478,42.781400000000005,15.539554772128513
520,458.4,44.66,41.89,45.8414,42.7086,15.522748359609356
521,458.42,44.63,41.81,45.7368,42.637,15.506208391624657
522,458.44,44.57,41.73,45.6328,42.5664,15.489670320701144
523,458.46,44.51,41.76,45.534400000000005,42.5012,15.467304346740322
524,458.48,44.28,41.79,45.4348,42.4394,15.456188918332478
525,458.5,44.05,41.724999999999994,45.33,42.3772,15.445208985220543
526,458.52,43.915,41.66,45.223800000000004,42.3162,15.434093666065259
527,458.54,43.78,41.51,45.117399999999996,42.253,15.428400372975773
528,458.56,43.7,41.36,45.013000000000005,42.1846,15.422842668373683
529,458.58,43.62,41.34,44.9062,42.1162,15.417284965243795
530,458.6,43.55,41.32,44.797399999999996,42.05259999999999,15.411593086763204
531,458.62,43.48,41.230000000000004,44.6904,41.99099999999999,15.400477590933498
532,458.64,43.334999999999994,41.14,44.5822,41.9278,15.389496471519612
533,458.66,43.19,41.120000000000005,44.47639999999999,41.8658,15.378381084336084
534,458.68,43.07,41.1,44.374,41.8062,15.367131138395374
535,458.7,42.95,41.07,44.270999999999994,41.748599999999996,15.356015666025915
536,458.72,42.845,41.04,44.16799999999999,41.6928,15.350592642435485
537,458.74,42.74,41.025,44.065999999999995,41.639399999999995,15.345034958595482
538,458.76,42.725,41.01,43.96860000000001,41.5866,15.333784737584315
539,458.78,42.71,41.019999999999996,43.873400000000004,41.5354,15.322535942687896
540,458.8,42.605000000000004,41.03,43.7768,41.486999999999995,15.316978169351797
541,458.82,42.5,40.975,43.6768,41.4388,15.311553833570763
542,458.84,42.405,40.92,43.5738,41.3892,15.306131213005274
543,458.86,42.31,40.965,43.4728,41.342200000000005,15.30057354116885
544,458.88,42.19,41.01,43.372800000000005,41.302,15.29461512391248
545,458.9,42.07,40.974999999999994,43.2692,41.2654,15.294228939550893
546,458.92,41.965,40.94,43.16259999999999,41.2306,15.299786895349774
547,458.94,41.86,40.81,43.0542,41.1938,15.294356049113283
548,458.96,41.754999999999995,40.68,42.943999999999996,41.150600000000004,15.283369054676138
549,458.98,41.65,40.66,42.8388,41.1054,15.277811195561618
550,459.0,41.43,40.64,42.73400000000001,41.062,15.283369054306455
551,459.02,41.21,40.665,42.6258,41.022200000000005,15.288926914777344
552,459.04,41.215,40.69,42.523199999999996,40.989399999999996,15.288798139748135
553,459.06,41.22,40.644999999999996,42.424,40.9608,15.288670983087398
554,459.08,41.2,40.6,42.327200000000005,40.9312,15.283113029537555
555,459.1,41.18,40.565,42.2324,40.900999999999996,15.277682325895176
556,459.12,41.09,40.53,42.1368,40.873,15.283113029539672
557,459.14,41.0,40.475,42.0434,40.846399999999996,15.282863482537138
558,459.16,40.85,40.42,41.949799999999996,40.8184,15.27730543987216
559,459.18,40.7,40.39,41.855,40.79,15.277305439351725
560,459.2,40.620000000000005,40.36,41.7618,40.7616,15.282863482394287
561,459.22,40.54,40.36,41.6696,40.734399999999994,15.28298744577809
562,459.24,40.405,40.36,41.5762,40.7078,15.283113028534666
563,459.26,40.27,40.35,41.478,40.6814,15.283113028363235
564,459.28,40.2,40.34,41.3776,40.6542,15.283113027838255
565,459.3,40.13,40.32,41.2786,40.6258,15.28867098103741
566,459.32,40.019999999999996,40.3,41.17940000000001,40.598800000000004,15.305095665239298
567,459.34,39.91,40.25,41.0796,40.572,15.315969225396602
568,459.36,39.84,40.2,40.9808,40.541399999999996,15.310411086926822
569,459.38,39.77,40.2,40.884,40.509,15.310411087122505
570,459.4,39.685,40.2,40.7886,40.478,15.3269667462955
571,459.42,39.6,40.205,40.694,40.4486,15.337966057638441
572,459.44,39.55,40.21,40.601600000000005,40.4246,15.33796605749289
573,459.46,39.5,40.165,40.5114,40.404,15.332524930683634
574,459.48,39.295,40.12,40.4172,40.3824,15.332524930537703
575,459.5,39.09,40.114999999999995,40.3236,40.361399999999996,15.343524285883511
576,459.52,39.06,40.11,40.2376,40.3392,15.354640748444165
577,459.54,39.03,40.055,40.150200000000005,40.31379999999999,15.360198981475413
578,459.56,39.09,40.0,40.065000000000005,40.288,15.36019898097651
579,459.58,39.15,40.0,39.983000000000004,40.263999999999996,15.360315871053198
580,459.6,39.075,40.0,39.8988,40.2414,15.371432256007509
581,459.62,39.0,39.955,39.8152,40.2184,15.382431924186246
582,459.64,38.92,39.91,39.732,40.1958,15.39354840170339
583,459.66,38.84,39.91,39.6516,40.175399999999996,15.40466488357242
584,459.68,38.69,39.91,39.5712,40.1562,15.41010822183925
585,459.7,38.54,39.89,39.488,40.1374,15.410108221348331
586,459.72,38.455,39.87,39.4046,40.1178,15.421339614658834
587,459.74,38.37,39.834999999999994,39.3232,40.0968,15.443572604887954
588,459.76,38.29,39.8,39.244,40.0748,15.454689106220815
589,459.78,38.21,39.81,39.1644,40.053599999999996,15.4602473584301
590,459.8,38.165,39.82,39.0858,40.0336,15.476694903045857
591,459.82,38.12,39.86,39.0098,40.016,15.4931493365773
592,459.84,38.045,39.9,38.9352,40.001999999999995,15.498707757156062
593,459.86,37.97,39.84,38.8604,39.9876,15.50426617833212
594,459.88,37.97,39.78,38.7884,39.9708,15.520941448165468
595,459.9,37.97,39.75,38.7198,39.952799999999996,15.537616726872962
596,459.92,37.965,39.72,38.654399999999995,39.9334,15.543067605922351
597,459.94,37.96,39.705,38.5908,39.913199999999996,15.548520155182725
598,459.96,37.915,39.69,38.5274,39.8942,15.565091462541773
599,459.98,37.87,39.675,38.4704,39.8764,15.58166458891743
600,460.0,37.769999999999996,39.66,38.4176,39.8582,15.59278175977273
601,460.02,37.67,39.69,38.361999999999995,39.8414,15.603898934643608
602,460.04,37.59,39.72,38.3044,39.828,15.62047402868998
603,460.06,37.51,39.735,38.2412,39.8174,15.637050927606543
604,460.08,37.47,39.75,38.174,39.8074,15.648168257416714
605,460.1,37.43,39.75,38.108200000000004,39.797399999999996,15.659285589945297
606,460.12,37.394999999999996,39.75,38.044000000000004,39.7892,15.681520263944314
607,460.14,37.36,39.739999999999995,37.9816,39.782399999999996,15.703754950152842
608,460.16,37.245000000000005,39.73,37.9178,39.7752,15.714872298297193
609,460.18,37.13,39.66,37.8554,39.76519999999999,15.720430972749964
610,460.2,37.17,39.59,37.8006,39.7532,15.73145150999242
611,460.22,37.21,39.6,37.7508,39.742399999999996,15.748127646186871
612,460.24,37.185,39.61,37.7034,39.7334,15.764803789677089
613,460.26,37.16,39.625,37.6582,39.7264,15.78138500016999
614,460.28,37.17,39.64,37.6166,39.7196,15.79806125659224
615,460.3,37.18,39.67,37.577200000000005,39.7136,15.809178764103809
616,460.32,37.16,39.7,37.5388,39.7072,15.81473751885842
617,460.34,37.14,39.730000000000004,37.5026,39.7004,15.825855031257555
618,460.36,37.019999999999996,39.76,37.4646,39.697199999999995,15.853555877912772
619,460.38,36.9,39.745,37.4218,39.6958,15.875699798796921
620,460.4,36.9,39.73,37.379,39.695,15.88681745417983
621,460.42,36.9,39.709999999999994,37.336400000000005,39.694599999999994,15.903585039191999
622,460.44,36.89,39.69,37.2936,39.694,15.914702637651153
623,460.46,36.88,39.65,37.252199999999995,39.6924,15.92017043781551
624,460.48,36.825,39.61,37.2104,39.6898,15.931198720559863
625,460.5,36.77,39.605000000000004,37.1704,39.6876,15.94778758111474
626,460.52,36.80500000000001,39.6,37.135799999999996,39.684,15.964464275545525
627,460.54,36.84,39.6,37.1058,39.679199999999994,15.981140975640201
628,460.56,36.83,39.6,37.0786,39.6738,15.997817680674949
629,460.58,36.82,39.644999999999996,37.052600000000005,39.6696,16.008935487291804
630,460.6,36.78,39.69,37.0266,39.6672,16.025526435370043
631,460.62,36.74,39.7,37.0004,39.6652,16.047678076305154
632,460.64,36.735,39.71,36.9754,39.664,16.064354978932634
633,460.66,36.73,39.68,36.9548,39.662000000000006,16.081031886052727
634,460.68,36.739999999999995,39.65,36.9392,39.6616,16.103267770104978
635,460.7,36.75,39.655,36.9224,39.6642,16.119944689183576
636,460.72,36.825,39.66,36.907,39.666599999999995,16.125503663697202
637,460.74,36.9,39.665,36.8956,39.668800000000005,16.136621612980594
638,460.76,36.84,39.67,36.882799999999996,39.6706,16.158857518349606
639,460.78,36.78,39.615,36.867200000000004,39.6696,16.18126178536413
640,460.8,36.72,39.56,36.8488,39.6652,16.192466041696843
641,460.82,36.66,39.67,36.8288,39.664,16.209056401014152
642,460.84,36.765,39.78,36.8138,39.666,16.231292103168464
643,460.86,36.87,39.805,36.8078,39.6678,16.242325336280267
644,460.88,36.864999999999995,39.83,36.806400000000004,39.6712,16.25327869308347
645,460.9,36.86,39.835,36.80479999999999,39.675399999999996,16.269955737648708
646,460.92,36.879999999999995,39.84,36.803999999999995,39.680600000000005,16.292273127339033
647,460.94,36.9,39.785,36.8044,39.684400000000004,16.314509091946277
648,460.96,36.894999999999996,39.73,36.805,39.6876,16.3312687151041
649,460.98,36.89,39.81,36.8076,39.6956,16.34247075027039
650,461.0,36.915,39.89,36.813399999999994,39.707,16.353504581278674
651,461.02,36.94,39.96,36.8188,39.721399999999996,16.37009903802727
652,461.04,36.92,40.03,36.821999999999996,39.7386,16.381217033067443
653,461.06,36.9,39.915,36.824799999999996,39.7512,16.397894029825135
654,461.08,36.935,39.8,36.8294,39.757400000000004,16.420049342842354
655,461.1,36.97,39.864999999999995,36.837,39.7644,16.436647330638657
656,461.12,36.955,39.93,36.8456,39.7736,16.453324504771363
657,461.14,36.94,39.925,36.8538,39.7822,16.470001683086704
658,461.16,36.989999999999995,39.92,36.864200000000004,39.791799999999995,16.48660150590762
659,461.18,37.04,39.86,36.8762,39.8002,16.49764387545574
660,461.2,37.01,39.8,36.8866,39.806,16.503202989431124
661,461.22,36.98,39.8,36.892799999999994,39.8116,16.514321219074464
662,461.24,36.92,39.8,36.8936,39.817,16.530924410525774
663,461.26,36.86,39.834999999999994,36.8944,39.8236,16.54752925186791
664,461.28,36.9,39.87,36.89919999999999,39.8338,16.564206754661246
665,461.3,36.94,39.87,36.908,39.846199999999996,16.575325091897327
666,461.32,36.92,39.87,36.9184,39.8542,16.592002600507676
667,461.34,36.9,39.980000000000004,36.9238,39.8622,16.614239283605418
668,461.36,36.965,40.09,36.9276,39.8736,16.63091680101425
669,461.38,37.03,40.02,36.9342,39.8812,16.65315349486291
670,461.4,37.035,39.95,36.9412,39.885799999999996,16.664201254374554
671,461.42,37.04,39.88,36.9476,39.8874,16.669691371543756
672,461.44,37.06,39.81,36.95399999999999,39.8884,16.686301510669963
673,461.46,37.08,39.825,36.9614,39.892199999999995,16.69735400156921
674,461.48,37.16,39.84,36.9722,39.8934,16.714031807737097
675,461.5,37.24,39.975,36.9852,39.896800000000006,16.74196128761069
676,461.52,37.265,40.11,36.9982,39.9028,16.75321869442611
677,461.54,37.29,40.230000000000004,37.013000000000005,39.9108,16.758777875962988
678,461.56,37.26,40.35,37.0274,39.928200000000004,16.775385299725826
679,461.58,37.23,40.29,37.039199999999994,39.9478,16.786435110910308
680,461.6,37.224999999999994,40.23,37.0494,39.962399999999995,16.79755357105206
681,461.62,37.22,40.209999999999994,37.06,39.973600000000005,16.82534972515823
682,461.64,37.269999999999996,40.19,37.0732,39.984199999999994,16.853145888120014
683,461.66,37.32,40.099999999999994,37.0864,39.9914,16.864264355362984
684,461.68,37.34,40.01,37.0984,39.9974,16.86975679524874
685,461.7,37.36,39.989999999999995,37.1124,40.005,16.880810025427348
686,461.72,37.425,39.97,37.1302,40.0118,16.89192858330563
687,461.74,37.49,40.035,37.153,40.0212,16.903047142060256
688,461.76,37.620000000000005,40.1,37.1834,40.0318,16.914165702396065
689,461.78,37.75,40.04,37.217400000000005,40.0386,16.925284264310648
690,461.8,37.68,39.98,37.247,40.043,16.936402826387045
691,461.82,37.61,40.04,37.2746,40.0498,16.953080672696426
692,461.84,37.61,40.1,37.303000000000004,40.0546,16.969695039621918
693,461.86,37.61,40.260000000000005,37.3288,40.0614,16.986310991621394
694,461.88,37.629999999999995,40.42,37.3528,40.077400000000004,17.008487870465657
695,461.9,37.65,40.39,37.3774,40.095,17.019547632013108
696,461.92,37.695,40.36,37.4036,40.114200000000004,17.019547631973637
697,461.94,37.74,40.239999999999995,37.4308,40.1314,17.02510699834662
698,461.96,37.8,40.12,37.4596,40.1432,17.03622573152382
699,461.98,37.86,40.135,37.4876,40.154999999999994,17.058463200887363
700,462.0,38.01,40.15,37.5184,40.162,17.075141304960702
701,462.02,38.16,40.195,37.5542,40.1654,17.080700674512226
702,462.04,38.125,40.24,37.587599999999995,40.1658,17.086260042895006
703,462.06,38.09,40.325,37.6208,40.1648,17.097378780789953
704,462.08,38.02,40.41,37.6524,40.1696,17.11961626132831
705,462.1,37.95,40.3,37.6814,40.172399999999996,17.13629437349114
706,462.12,37.965,40.19,37.7112,40.1716,17.141796679088063
707,462.14,37.98,40.224999999999994,37.7396,40.173,17.15291545921197
708,462.16,38.0,40.26,37.766799999999996,40.1794,17.175209977709788
709,462.18,38.02,40.230000000000004,37.794000000000004,40.1882,17.186328724810494
710,462.2,38.095,40.2,37.8234,40.1966,17.186328724064126
711,462.22,38.17,40.230000000000004,37.853199999999994,40.207,17.19188809813282
712,462.24,38.21,40.26,37.882,40.216,17.197447471735313
713,462.26,38.25,40.32,37.907199999999996,40.2248,17.214125594064914
714,462.28,38.32,40.38,37.93,40.2384,17.236363094586242
715,462.3,38.39,40.42,37.958400000000005,40.256,17.247539997993336
716,462.32,38.44,40.46,37.9916,40.272800000000004,17.253041222264297
717,462.34,38.49,40.46,38.0268,40.287200000000006,17.264048086066207
718,462.36,38.435,40.46,38.0598,40.2952,17.275113153759737
719,462.38,38.38,40.43,38.0898,40.2956,17.286179723565663
720,462.4,38.385000000000005,40.4,38.1192,40.296,17.297298619155963
721,462.42,38.39,40.385,38.147000000000006,40.297,17.308469740377333
722,462.44,38.415,40.37,38.174,40.3022,17.330761054717165
723,462.46,38.44,40.36,38.199600000000004,40.311800000000005,17.34743930167856
724,462.48,38.53,40.35,38.2264,40.3204,17.34749426313703
725,462.5,38.62,40.315,38.2508,40.327,17.34755065266966
726,462.52,38.655,40.28,38.2706,40.3304,17.353110032928118
727,462.54,38.69,40.36,38.2932,40.3352,17.358669413420987
728,462.56,38.69,40.44,38.3172,40.3398,17.364172459805754
729,462.58,38.69,40.575,38.344,40.346399999999996,17.386466320555996
730,462.6,38.72,40.71,38.3748,40.3628,17.41437984536851
731,462.62,38.75,40.715,38.4062,40.3838,17.431057884085504
732,462.64,38.760000000000005,40.72,38.437400000000004,40.4036,17.442117654271243
733,462.66,38.77,40.675,38.4682,40.4202,17.44761953586668
734,462.68,38.765,40.63,38.498000000000005,40.4362,17.453178920310222
735,462.7,38.76,40.625,38.5246,40.4532,17.45873830463054
736,462.72,38.769999999999996,40.62,38.5486,40.4688,17.45868227484245
737,462.74,38.78,40.535,38.5714,40.4798,17.45862766302917
738,462.76,38.74,40.45,38.591,40.485,17.464187083511458
739,462.78,38.7,40.45,38.6062,40.4878,17.48086534521127
740,462.8,38.85,40.45,38.6246,40.489000000000004,17.4919841877207
741,462.82,39.0,40.475,38.647000000000006,40.4896,17.497598099398246
742,462.84,39.004999999999995,40.5,38.6676,40.4912,17.508716908187875
743,462.86,39.01,40.585,38.690599999999996,40.4962,17.51978129741262
744,462.88,39.01,40.67,38.7158,40.5058,17.53640660867076
745,462.9,39.01,40.69,38.7408,40.517399999999995,17.547525488841714
746,462.92,39.015,40.71,38.7658,40.5304,17.553137836060294
747,462.94,39.02,40.760000000000005,38.79,40.546,17.56425668320556
748,462.96,39.010000000000005,40.81,38.812799999999996,40.564,17.56981610759662
749,462.98,39.0,40.775000000000006,38.8316,40.580999999999996,17.575375532191508
750,463.0,39.045,40.74,38.848600000000005,40.598,17.580989188125137
751,463.02,39.09,40.705,38.866,40.615,17.586661249304754
752,463.04,39.08,40.67,38.8816,40.6274,17.603339366465452
753,463.06,39.07,40.695,38.896800000000006,40.6376,17.61996056335805
754,463.08,39.125,40.72,38.9142,40.6434,17.619960563671604
755,463.1,39.18,40.754999999999995,38.9326,40.6452,17.61996056363152
756,463.12,39.19,40.79,38.9502,40.648199999999996,17.636638739187923
757,463.14,39.2,40.754999999999995,38.9678,40.6496,17.65337373153664
758,463.16,39.135000000000005,40.72,38.9824,40.651399999999995,17.664550663177923
759,463.18,39.07,40.635,38.9946,40.6516,17.6701100206272
760,463.2,39.07,40.55,39.007,40.6486,17.67011002023057
761,463.22,39.07,40.64,39.019,40.6494,17.67572892335249
762,463.24,39.06,40.73,39.03020000000001,40.6572,17.686847601020112
763,463.26,39.05,40.849999999999994,39.0426,40.673199999999994,17.703466168783432
764,463.28,39.185,40.97,39.062,40.694,17.71464430127417
765,463.3,39.32,40.945,39.080799999999996,40.7138,17.72032662656349
766,463.32,39.42,40.92,39.0976,40.7316,17.720390214460576
767,463.34,39.52,40.905,39.118199999999995,40.7478,17.714830932620337
768,463.36,39.47,40.89,39.1366,40.76,17.725949496791294
769,463.38,39.42,40.835,39.153,40.7666,17.748251513196486
770,463.4,39.394999999999996,40.78,39.1684,40.7702,17.753810777061776
771,463.42,39.37,40.760000000000005,39.1826,40.7722,17.74818662962554
772,463.44,39.295,40.74,39.1936,40.7714,17.75930519798734
773,463.46,39.22,40.78,39.202000000000005,40.7702,17.781607099618984
774,463.48,39.275,40.82,39.213,40.772,17.787232498488088
775,463.5,39.33,40.894999999999996,39.2244,40.7782,17.781740801127267
776,463.52,39.34,40.97,39.2344,40.7888,17.792859248575482
777,463.54,39.35,40.965,39.2452,40.8006,17.815028727578618
778,463.56,39.42,40.96,39.2592,40.8112,17.820587974097094
779,463.58,39.49,40.93,39.2738,40.8196,17.81509614769225
780,463.6,39.495000000000005,40.9,39.2864,40.8254,17.815096147616877
781,463.62,39.5,40.894999999999996,39.2988,40.8296,17.831706468368186
782,463.64,39.36,40.89,39.3052,40.835,17.8538130749264
783,463.66,39.22,40.91,39.3086,40.842600000000004,17.864868580404863
784,463.68,39.215,40.93,39.3144,40.8544,17.881484879860146
785,463.7,39.21,40.89,39.32000000000001,40.867999999999995,17.898102680431457
786,463.72,39.285,40.85,39.3286,40.8764,17.89816286975631
787,463.74,39.36,40.92,39.3406,40.88399999999999,17.89816286970856
788,463.76,39.485,40.99,39.358000000000004,40.8896,17.8982244417502
789,463.78,39.61,41.03,39.375,40.892,17.903911008842154
790,463.8,39.72,41.07,39.391,40.897,17.91530049114245
791,463.82,39.83,41.0,39.4074,40.9002,17.921152640705124
792,463.84,39.69,40.93,39.414199999999994,40.9012,17.932425510618458
793,463.86,39.55,40.92,39.4174,40.9024,17.938063944969166
794,463.88,39.595,40.91,39.4244,40.9054,17.938144707974594
795,463.9,39.64,41.019999999999996,39.434200000000004,40.915,17.949428276829604
796,463.92,39.585,41.13,39.4428,40.9298,17.96618990508989
797,463.94,39.53,41.225,39.452200000000005,40.9492,17.982952757637598
798,463.96,39.525000000000006,41.32,39.4644,40.9708,17.994246723681478
799,463.98,39.52,41.285,39.4742,40.9894,17.99442838950581
800,464.0,39.525000000000006,41.25,39.482,41.003600000000006,18.000080049389492
801,464.02,39.53,41.175,39.4896,41.0118,18.02231510936582
802,464.04,39.475,41.1,39.4946,41.0172,18.038991410139374
803,464.06,39.42,41.045,39.4946,41.020599999999995,18.044644189562657
804,464.08,39.46,40.99,39.493399999999994,41.023,18.055856993910933
805,464.1,39.5,40.975,39.493599999999994,41.026,18.06697441822696
806,464.12,39.45,40.96,39.4916,41.028600000000004,18.07243789522065
807,464.14,39.4,40.980000000000004,39.4932,41.0322,18.077996638043075
808,464.16,39.36,41.0,39.4988,41.0358,18.089020345702775
809,464.18,39.32,41.085,39.503,41.042,18.100045539476827
810,464.2,39.33,41.17,39.507799999999996,41.0532,18.105604342489634
811,464.22,39.34,41.150000000000006,39.51,41.065200000000004,18.116631047709113
812,464.24,39.445,41.13,39.513400000000004,41.073600000000006,18.122100371300135
813,464.26,39.55,41.18,39.516,41.081199999999995,18.1276592319215
814,464.28,39.595,41.23,39.51540000000001,41.0892,18.138776955296844
815,464.3,39.64,41.205,39.5122,41.0946,18.144335817570784
816,464.32,39.59,41.18,39.5026,41.101800000000004,18.15545354457514
817,464.34,39.54,41.16,39.4966,41.111,18.172130138441737
818,464.36,39.504999999999995,41.14,39.4948,41.1198,18.183160023972768
819,464.38,39.47,41.08,39.4898,41.126599999999996,18.183073538579716
820,464.4,39.515,41.02,39.4848,41.126599999999996,18.18307353848572
821,464.42,39.56,40.985,39.4838,41.1208,18.194106307818053
822,464.44,39.63,40.95,39.4878,41.10980000000001,18.20522420249991
823,464.46,39.7,41.02,39.4948,41.0978,18.21642706593144
824,464.48,39.675,41.09,39.501,41.09,18.227544912328838
825,464.5,39.65,41.155,39.506,41.0862,18.233018946802318
826,464.52,39.64,41.22,39.510400000000004,41.088,18.244053367250903
827,464.54,39.63,41.265,39.516600000000004,41.0946,18.260730299614302
828,464.56,39.685,41.31,39.5272,41.105199999999996,18.266372657474108
829,464.58,39.74,41.25,39.5384,41.11559999999999,18.26645739179589
830,464.6,39.78,41.19,39.5496,41.1242,18.27193161019239
831,464.62,39.82,41.205,39.5644,41.13399999999999,18.277407235543688
832,464.64,39.975,41.22,39.5874,41.1436,18.277490563768147
833,464.66,40.13,41.205,39.6182,41.1518,18.28313417540373
834,464.68,40.155,41.19,39.6516,41.15599999999999,18.299984183742573
835,464.7,40.18,41.095,39.6856,41.153,18.305631673512238
836,464.72,40.29,41.0,39.723600000000005,41.147,18.294695363064644
837,464.74,40.4,41.105000000000004,39.7618,41.146,18.30044090600155
838,464.76,40.465,41.21,39.7984,41.147200000000005,18.305999645420496
839,464.78,40.53,41.295,39.8358,41.1498,18.306095019152707
840,464.8,40.655,41.38,39.8764,41.156800000000004,18.311653729499064
841,464.82,40.78,41.34,39.924,41.163199999999996,18.306191744715424
842,464.84,40.765,41.3,39.973,41.168800000000005,18.300731171991444
843,464.86,40.75,41.265,40.022800000000004,41.1738,18.311947875859133
844,464.88,40.69,41.23,40.0716,41.17979999999999,18.32872440478112
845,464.9,40.63,41.285,40.1162,41.1904,18.33418236856324
846,464.92,40.61,41.34,40.1582,41.2046,18.33408308810406
847,464.94,40.59,41.405,40.196600000000004,41.2228,18.333985158201976
848,464.96,40.6,41.47,40.232600000000005,41.2408,18.33408308855464
849,464.98,40.61,41.44,40.27,41.2548,18.339943542444264
850,465.0,40.655,41.41,40.3102,41.265,18.345709991583746
851,465.02,40.7,41.489999999999995,40.352599999999995,41.2758,18.34570999108378
852,465.04,40.730000000000004,41.57,40.3966,41.288000000000004,18.351268493286693
853,465.06,40.76,41.56,40.4396,41.298,18.362385499741972
854,465.08,40.79,41.55,40.4816,41.31,18.36783951295831
855,465.1,40.82,41.58,40.5232,41.3256,18.37329493775893
856,465.12,40.97,41.61,40.5692,41.341800000000006,18.367534127620203
857,465.14,41.12,41.6,40.615,41.357,18.361975498775024
858,465.16,41.035,41.59,40.651199999999996,41.3724,18.373294937358544
859,465.18,40.95,41.620000000000005,40.683,41.3896,18.37885350610811
860,465.2,40.870000000000005,41.65,40.71060000000001,41.41179999999999,18.37895658641044
861,465.22,40.79,41.54,40.7306,41.4334,18.379166787748364
862,465.24,40.935,41.43,40.751999999999995,41.446400000000004,18.37350250802275
863,465.26,41.08,41.345,40.7766,41.451800000000006,18.37350250787302
864,465.28,41.144999999999996,41.26,40.8012,41.4504,18.373715467224482
865,465.3,41.21,41.155,40.8234,41.441399999999994,18.37371546706698
866,465.32,41.195,41.05,40.84,41.42980000000001,18.379273907907393
867,465.34,41.18,41.095,40.8566,41.4216,18.379273908107265
868,465.36,41.2,41.14,40.8746,41.416599999999995,18.379273907953557
869,465.38,41.22,41.175,40.8958,41.41439999999999,18.38483234993685
870,465.4,41.155,41.21,40.9168,41.4114,18.39017802668166
871,465.42,41.09,41.285,40.936,41.4092,18.38461951930857
872,465.44,41.095,41.36,40.956199999999995,41.407399999999996,18.373715466014385
873,465.46,41.1,41.4,40.9762,41.4046,18.379273907204944
874,465.48,41.09,41.44,40.9954,41.4046,18.39039079211409
875,465.5,41.08,41.445,41.0124,41.406000000000006,18.39594923602741
876,465.52,41.175,41.45,41.031400000000005,41.4044,18.395949235516515
877,465.54,41.27,41.385000000000005,41.053000000000004,41.397,18.395736533321212
878,465.56,41.295,41.32,41.074400000000004,41.3874,18.39542757240056
879,465.58,41.32,41.230000000000004,41.0956,41.3746,18.3842100136049
880,465.6,41.295,41.14,41.1146,41.357,18.3786513838239
881,465.62,41.27,41.14,41.126599999999996,41.3382,18.384210013695526
882,465.64,41.24,41.14,41.131400000000006,41.319799999999994,18.389768644595463
883,465.66,41.21,41.16,41.138400000000004,41.302600000000005,18.384210013786156
884,465.68,41.25,41.18,41.1504,41.285,18.373092753259414
885,465.7,41.29,41.195,41.1672,41.2668,18.378651383159877
886,465.72,41.345,41.21,41.189400000000006,41.2536,18.384111003691007
887,465.74,41.4,41.215,41.208,41.245,18.372895960694777
888,465.76,41.43,41.22,41.222,41.24,18.367337272007838
889,465.78,41.46,41.235,41.2346,41.239000000000004,18.372895960445685
890,465.8,41.355000000000004,41.25,41.2404,41.242799999999995,18.378358304564117
891,465.82,41.25,41.195,41.2426,41.248599999999996,18.38401333959416
892,465.84,41.34,41.14,41.248999999999995,41.2504,18.384210012233197
893,465.86,41.43,41.004999999999995,41.258199999999995,41.245,18.378651381387698
894,465.88,41.435,40.87,41.2668,41.2328,18.37299368202394
895,465.9,41.44,40.665,41.2782,41.211000000000006,18.367337270794696
896,465.92,41.44,40.46,41.2922,41.178000000000004,18.361778583098406
897,465.94,41.44,40.465,41.306000000000004,41.1422,18.35066120834257
898,465.96,41.435,40.47,41.319399999999995,41.105,18.34500600142004
899,465.98,41.43,40.379999999999995,41.333,41.0626,18.345006001274356
900,466.0,41.489999999999995,40.29,41.3494,41.016400000000004,18.339543836234597
901,466.02,41.55,40.315,41.364399999999996,40.971000000000004,18.328426467681147
902,466.04,41.57,40.34,41.376400000000004,40.9292,18.317309100998433
903,466.06,41.59,40.425,41.3882,40.8934,18.31194786754018
904,466.08,41.6,40.51,41.39939999999999,40.864599999999996,18.30659216357713
905,466.1,41.61,40.515,41.412,40.8396,18.301033603865587
906,466.12,41.585,40.52,41.4246,40.8148,18.29527200423714
907,466.14,41.56,40.47,41.4374,40.788000000000004,18.289515695810817
908,466.16,41.505,40.42,41.4492,40.7584,18.28395701608014
909,466.18,41.45,40.35,41.4572,40.7252,18.267379270288007
910,466.2,41.42,40.28,41.462399999999995,40.6886,18.25636168063814
911,466.22,41.39,40.335,41.4642,40.653600000000004,18.256361680505737
912,466.24,41.49,40.39,41.4678,40.620599999999996,18.25070333239719
913,466.26,41.59,40.47,41.4742,40.5906,18.24504628068113
914,466.28,41.505,40.55,41.476000000000006,40.5632,18.24494923048636
915,466.3,41.42,40.81,41.47860000000001,40.5456,18.250412270509987
916,466.32,41.394999999999996,41.07,41.48440000000001,40.5406,18.25041227038858
917,466.34,41.37,40.97,41.485600000000005,40.5338,18.24494923082172
918,466.36,41.44,40.87,41.486000000000004,40.528400000000005,18.239487606359624
919,466.38,41.51,40.849999999999994,41.489,40.5276,18.228468757363547
920,466.4,41.525,40.83,41.492399999999996,40.5342,18.223010000942462
921,466.42,41.54,40.825,41.4964,40.5488,18.22846875710546
922,466.44,41.480000000000004,40.82,41.498000000000005,40.562999999999995,18.228273121616464
923,466.46,41.42,40.625,41.4974,40.5692,18.217059879871524
924,466.48,41.435,40.43,41.497600000000006,40.571200000000005,18.205847883371614
925,466.5,41.45,40.489999999999995,41.496,40.5792,18.200104073228697
926,466.52,41.49,40.55,41.493599999999994,40.5886,18.200013586909986
927,466.54,41.53,40.599999999999994,41.492,40.599000000000004,18.200104073010948
928,466.56,41.59,40.65,41.492,40.608000000000004,18.189078349879317
929,466.58,41.65,40.525,41.494,40.6086,18.172495349383013
930,466.6,41.54,40.4,41.4912,40.604,18.161377842866568
931,466.62,41.43,40.394999999999996,41.485,40.599,18.155725655746018
932,466.64,41.370000000000005,40.39,41.477399999999996,40.5958,18.161284436344573
933,466.66,41.31,40.295,41.4696,40.5908,18.167031336060845
934,466.68,41.370000000000005,40.2,41.4664,40.584799999999994,18.161568744336194
935,466.7,41.43,40.05,41.466800000000006,40.5756,18.139431588140386
936,466.72,41.515,39.9,41.4718,40.5582,18.117296048291063
937,466.74,41.6,39.894999999999996,41.4762,40.538399999999996,18.11163828804997
938,466.76,41.55,39.89,41.4746,40.5152,18.106079629743313
939,466.78,41.5,39.95,41.474399999999996,40.4912,18.100423147567426
940,466.8,41.364999999999995,40.01,41.4722,40.4592,18.10588540735285
941,466.82,41.23,40.015,41.4656,40.417,18.10598183451569
942,466.84,41.275,40.02,41.461800000000004,40.379,18.094962315596472
943,466.86,41.32,40.02,41.457,40.345,18.083845004858272
944,466.88,41.33,40.02,41.449799999999996,40.311800000000005,18.07262972078131
945,466.9,41.34,40.065,41.4424,40.2812,18.06697440175594
946,466.92,41.27,40.11,41.431599999999996,40.2526,18.066879136551954
947,466.94,41.2,40.105000000000004,41.4204,40.224000000000004,18.061415688825576
948,466.96,41.230000000000004,40.1,41.412800000000004,40.203,18.05595367174179
949,466.98,41.26,40.105000000000004,41.4058,40.19,18.05029826577289
950,467.0,41.37,40.11,41.4026,40.1748,18.033622135858742
951,467.02,41.48,40.120000000000005,41.40219999999999,40.157599999999995,18.01694601134694
952,467.04,41.515,40.13,41.4016,40.1388,18.00008003245195
953,467.06,41.55,40.03,41.4,40.114000000000004,17.977660394384568
954,467.08,41.48,39.93,41.3932,40.0902,17.966542758865533
955,467.1,41.41,39.945,41.388000000000005,40.072,17.96654275875851
956,467.12,41.379999999999995,39.96,41.386,40.0546,17.966542758297884
957,467.14,41.35,39.99,41.385200000000005,40.0386,17.961075631618133
958,467.16,41.370000000000005,40.02,41.3876,40.0276,17.955609941052042
959,467.18,41.39,40.015,41.388400000000004,40.0202,17.950145688241758
960,467.2,41.405,40.01,41.3874,40.0186,17.93912417450981
961,467.22,41.42,39.985,41.383599999999994,40.022000000000006,17.928104163840533
962,467.24,41.355000000000004,39.96,41.3738,40.0246,17.91688938758355
963,467.26,41.29,40.065,41.3634,40.031600000000005,17.91113988893789
964,467.28,41.224999999999994,40.17,41.352399999999996,40.0404,17.91104656027215
965,467.3,41.16,40.155,41.3442,40.0462,17.905581135541272
966,467.32,41.084999999999994,40.14,41.3384,40.0512,17.90011715128307
967,467.34,41.01,40.19,41.327799999999996,40.058,17.90002238198211
968,467.36,41.055,40.24,41.3172,40.0668,17.905581134800617
969,467.38,41.1,40.25,41.308,40.076,17.911139887882182
970,467.4,41.115,40.26,41.29900000000001,40.083800000000004,17.900022381286426
971,467.42,41.13,40.379999999999995,41.2934,40.0946,17.889095917439594
972,467.44,41.22,40.5,41.294200000000004,40.1104,17.894752175789044
973,467.46,41.31,40.425,41.297399999999996,40.1234,17.894654609957122
974,467.48,41.144999999999996,40.35,41.2928,40.133199999999995,17.883440983653067
975,467.5,40.98,40.394999999999996,41.2772,40.1446,17.87778737486245
976,467.52,40.965,40.44,41.2566,40.1574,17.877693872099286
977,467.54,40.95,40.459999999999994,41.233999999999995,40.17060000000001,17.877693871988452
978,467.56,40.905,40.48,41.208200000000005,40.188599999999994,17.8777873748256
979,467.58,40.86,40.44499999999999,41.1834,40.2092,17.86666987530075
980,467.6,40.864999999999995,40.41,41.1616,40.227799999999995,17.861111126237773
981,467.62,40.87,40.5,41.1412,40.2494,17.877787374488662
982,467.64,40.915,40.59,41.1238,40.2734,17.88871937078205
983,467.66,40.96,40.675,41.1074,40.2996,17.888628693998523
984,467.68,40.915,40.76,41.0884,40.32939999999999,17.888719370590323
985,467.7,40.87,40.87,41.067,40.3638,17.888719370482832
986,467.72,40.855000000000004,40.98,41.044399999999996,40.4036,17.883069856757928
987,467.74,40.84,40.955,41.0238,40.443400000000004,17.877511019937682
988,467.76,40.825,40.93,41.0052,40.477999999999994,17.877601752929436
989,467.78,40.81,40.915,40.9886,40.507799999999996,17.8777873735937
990,467.8,40.790000000000006,40.9,40.973800000000004,40.537600000000005,17.8777873731499
991,467.82,40.77,40.974999999999994,40.9612,40.571,17.883160560763024
992,467.84,40.77,41.05,40.9516,40.6054,17.894278179072867
993,467.86,40.77,41.175,40.940200000000004,40.642799999999994,17.905395799710657
994,467.88,40.75,41.3,40.9262,40.684799999999996,17.90530520703651
995,467.9,40.73,41.224999999999994,40.9108,40.7234,17.905215997384296
996,467.92,40.635,41.15,40.891000000000005,40.7542,17.916333731924624
997,467.94,40.54,41.2,40.8638,40.782199999999996,17.921892599786872
998,467.96,40.655,41.25,40.8376,40.8152,17.92736375093436
999,467.98,40.77,41.355000000000004,40.822599999999994,40.8554,17.938481544156396
1000,468.0,40.705,41.46,40.811600000000006,40.898,17.944040441352545
1001,468.02,40.64,41.485,40.7986,40.9398,17.94951310868341
1002,468.04,40.64,41.51,40.7862,40.98179999999999,17.954987209474822
1003,468.06,40.64,41.584999999999994,40.7756,41.026,17.96054616118758
1004,468.08,40.629999999999995,41.66,40.7664,41.074600000000004,17.971748812303996
1005,468.1,40.62,41.739999999999995,40.7566,41.1278,17.977393836343868
1006,468.12,40.555,41.82,40.744,41.1806,17.971834935470717
1007,468.14,40.49,41.86,40.727000000000004,41.231399999999994,17.982866666713807
1008,468.16,40.480000000000004,41.9,40.7078,41.2804,18.005102382701082
1009,468.18,40.47,41.965,40.69,41.328599999999994,18.010661313067285
1010,468.2,40.519999999999996,42.03,40.676,41.375,18.010661312619465
1011,468.22,40.57,42.08,40.6646,41.419,18.021952316769244
1012,468.24,40.59,42.13,40.6546,41.465999999999994,18.038628952949352
1013,468.26,40.61,42.144999999999996,40.646,41.5146,18.055132772310525
1014,468.28,40.585,42.16,40.637,41.5644,18.060691706835154
1015,468.3,40.56,42.18,40.6278,41.61559999999999,18.06069170673891
1016,468.32,40.485,42.2,40.616400000000006,41.6646,18.071642394693637
1017,468.34,40.41,42.325,40.602000000000004,41.715599999999995,18.093878347520068
1018,468.36,40.495,42.45,40.591,41.7666,18.11628108148432
1019,468.38,40.58,42.505,40.584199999999996,41.814800000000005,18.132957903499804
1020,468.4,40.665,42.56,40.5816,41.868199999999995,18.144075787397178
1021,468.42,40.75,42.655,40.5862,41.9284,18.15519367291157
1022,468.44,40.705,42.75,40.5928,41.9904,18.166311560392987
1023,468.46,40.66,42.8,40.593,42.0524,18.177429450191426
1024,468.48,40.525,42.85,40.583200000000005,42.1122,18.188463606394684
1025,468.5,40.39,42.945,40.5706,42.1716,18.20514052427779
1026,468.52,40.42,43.04,40.5618,42.2338,18.221901028708352
1027,468.54,40.45,43.105000000000004,40.5542,42.2976,18.233018927916326
1028,468.56,40.47,43.17,40.5474,42.361000000000004,18.255254732605643
1029,468.58,40.49,43.215,40.5418,42.42320000000001,18.283134156837157
1030,468.6,40.525000000000006,43.26,40.538000000000004,42.48400000000001,18.294167410141437
1031,468.62,40.56,43.325,40.538199999999996,42.544200000000004,18.305202120380923
1032,468.64,40.58,43.39,40.541799999999995,42.6054,18.32752115166436
1033,468.66,40.6,43.435,40.546600000000005,42.6668,18.349756989048927
1034,468.68,40.64,43.48,40.5534,42.72740000000001,18.36087491072774
1035,468.7,40.68,43.459999999999994,40.5598,42.7846,18.366433872409974
1036,468.72,40.745000000000005,43.44,40.5668,42.839,18.382946408002812
1037,468.74,40.81,43.53,40.5756,42.895,18.405023690719634
1038,468.76,40.775000000000006,43.62,40.5822,42.95400000000001,18.41614181648287
1039,468.78,40.74,43.709999999999994,40.5884,43.016000000000005,18.432977541771624
1040,468.8,40.775000000000006,43.8,40.597,43.080799999999996,18.460936290255553
1041,468.82,40.81,43.905,40.61,43.14900000000001,18.483172173303434
1042,468.84,40.795,44.01,40.6254,43.2164,18.494126753800003
1043,468.86,40.78,44.155,40.6368,43.2846,18.51064595417639
1044,468.88,40.82,44.3,40.6464,43.356399999999994,18.53836449967308
1045,468.9,40.86,44.245,40.6542,43.4238,18.560600884116393
1046,468.92,40.955,44.19,40.6624,43.48519999999999,18.566236678146282
1047,468.94,41.05,44.14,40.6762,43.5408,18.57179575259642
1048,468.96,41.095,44.09,40.6936,43.5924,18.582913903141876
1049,468.98,41.14,44.285,40.7182,43.6498,18.60515020912744
1050,469.0,41.085,44.48,40.746,43.7112,18.638504679432007
1051,469.02,41.03,44.555,40.7704,43.771800000000006,18.666377694925245
1052,469.04,41.05,44.63,40.7944,43.8328,18.682977329297486
1053,469.06,41.07,44.835,40.818400000000004,43.89939999999999,18.69394447605068
1054,469.08,41.045,45.04,40.8406,43.9724,18.716180993230633
1055,469.1,41.02,45.05,40.8604,44.044,18.75516951516003
1056,469.12,41.135000000000005,45.06,40.8834,44.1134,18.7774817934836
1057,469.14,41.25,45.1,40.9102,44.1818,18.78311801280323
1058,469.16,41.245000000000005,45.14,40.936,44.25,18.805277246031054
1059,469.18,41.24,45.205,40.96,44.318999999999996,18.844041078506002
1060,469.2,41.335,45.27,40.9862,44.391400000000004,18.871836774290333
1061,469.22,41.43,45.345,41.013600000000004,44.467600000000004,18.888588273126498
1062,469.24,41.47,45.42,41.04,44.543200000000006,18.90534095377077
1063,469.26,41.51,45.54,41.0694,44.62,18.93313645026163
1064,469.28,41.5,45.66,41.0998,44.69799999999999,18.955372853702478
1065,469.3,41.49,45.73,41.1284,44.7752,18.9720501605875
1066,469.32,41.445,45.8,41.153800000000004,44.85099999999999,19.005329860671548
1067,469.34,41.4,45.8,41.178000000000004,44.9226,19.03875942252658
1068,469.36,41.415,45.8,41.2034,44.9884,19.06099585524344
1069,469.38,41.43,45.93,41.227799999999995,45.0536,19.088643506624276
1070,469.4,41.465,46.06,41.251999999999995,45.1262,19.11643928000952
1071,469.42,41.5,46.085,41.2738,45.202000000000005,19.13867590503173
1072,469.44,41.535,46.11,41.2932,45.2808,19.166471693502192
1073,469.46,41.57,46.235,41.312200000000004,45.3666,19.199899527400223
1074,469.48,41.644999999999996,46.36,41.3324,45.449600000000004,19.227769286678726
1075,469.5,41.72,46.489999999999995,41.357800000000005,45.53,19.25556489033941
1076,469.52,41.775,46.62,41.3876,45.61259999999999,19.2776549336444
1077,469.54,41.83,46.724999999999994,41.418800000000005,45.696400000000004,19.299820382502357
1078,469.56,41.855000000000004,46.83,41.450199999999995,45.776199999999996,19.32768743500399
1079,469.58,41.88,46.845,41.483599999999996,45.8484,19.349996421134307
1080,469.6,41.894999999999996,46.86,41.5186,45.9208,19.372306525009247
1081,469.62,41.91,46.91,41.5496,45.9948,19.40566130652143
1082,469.64,41.885,46.96,41.575,46.0692,19.4334569672244
1083,469.66,41.86,47.14,41.5996,46.14919999999999,19.46125263705302
1084,469.68,41.885,47.32,41.6254,46.2338,19.494462634132013
1085,469.7,41.91,47.315,41.6484,46.315599999999996,19.52774732567188
1086,469.72,41.94,47.31,41.668800000000005,46.3942,19.561102532371347
1087,469.74,41.97,47.42,41.6888,46.47419999999999,19.5888985462527
1088,469.76,41.995000000000005,47.53,41.7082,46.553799999999995,19.622323818206645
1089,469.78,42.02,47.575,41.729,46.6304,19.66123812499365
1090,469.8,42.05,47.62,41.751400000000004,46.706,19.689034067719007
1091,469.82,42.08,47.72,41.776799999999994,46.78280000000001,19.71683001901477
1092,469.84,42.099999999999994,47.82,41.80479999999999,46.8636,19.75018517035291
1093,469.86,42.12,47.89,41.833,46.947199999999995,19.78368303455254
1094,469.88,42.185,47.96,41.8632,47.02839999999999,19.811478812097295
1095,469.9,42.25,48.010000000000005,41.8946,47.106399999999994,19.839132295822406
1096,469.92,42.31,48.06,41.927,47.1854,19.87248748766392
1097,469.94,42.37,48.18,41.9604,47.2682,19.911401892012925
1098,469.96,42.345,48.3,41.991400000000006,47.3508,19.944757108349908
1099,469.98,42.32,48.4,42.0184,47.4324,19.97262318600779
1100,470.0,42.41,48.5,42.04600000000001,47.5128,19.99493114698225
1101,470.02,42.5,48.555,42.075,47.5902,20.022726986250927
1102,470.04,42.535,48.61,42.103199999999994,47.6656,20.055941240059873
1103,470.06,42.57,48.655,42.13179999999999,47.7386,20.094787316860184
1104,470.08,42.54,48.7,42.158199999999994,47.812799999999996,20.144888631072693
1105,470.1,42.51,48.71,42.1828,47.8868,20.17831326431642
1106,470.12,42.56,48.72,42.208800000000004,47.9592,20.19506136668666
1107,470.14,42.61,48.870000000000005,42.2378,48.035599999999995,20.23397562375808
1108,470.16,42.629999999999995,49.02,42.2686,48.11080000000001,20.278449078565405
1109,470.18,42.65,49.085,42.2992,48.1814,20.311804182805997
1110,470.2,42.695,49.15,42.330600000000004,48.2548,20.345089307807317
1111,470.22,42.74,49.28,42.3626,48.3336,20.37851442445713
1112,470.24,42.769999999999996,49.41,42.3946,48.4132,20.417571875729223
1113,470.26,42.8,49.525,42.42679999999999,48.493,20.467604254583517
1114,470.28,42.83,49.64,42.4592,48.5756,20.512077502514693
1115,470.3,42.86,49.635000000000005,42.4916,48.6562,20.5509916113457
1116,470.32,42.92,49.63,42.5252,48.73259999999999,20.57864541092001
1117,470.34,42.98,49.705,42.5604,48.808,20.606304407015404
1118,470.36,42.905,49.78,42.59179999999999,48.88360000000001,20.65077831883753
1119,470.38,42.83,49.885000000000005,42.6176,48.96060000000001,20.695319857545684
1120,470.4,42.849999999999994,49.99,42.6416,49.03980000000001,20.734303110161395
1121,470.42,42.87,50.005,42.663999999999994,49.117599999999996,20.77321757038523
1122,470.44,43.004999999999995,50.02,42.689400000000006,49.19120000000001,20.812132044331854
1123,470.46,43.14,50.11,42.721199999999996,49.2636,20.851116012602187
1124,470.48,43.19,50.2,42.756,49.33560000000001,20.878842604403477
1125,470.5,43.24,50.21,42.7892,49.404,20.912062899491453
1126,470.52,43.235,50.22,42.818599999999996,49.470600000000005,20.95647134333813
1127,470.54,43.23,50.315,42.846399999999996,49.5388,20.9953219701191
1128,470.56,43.245,50.41,42.873400000000004,49.60900000000001,21.034237012887523
1129,470.58,43.26,50.519999999999996,42.9022,49.6818,21.07877539039893
1130,470.6,43.325,50.63,42.934799999999996,49.75860000000001,21.123249619624993
1131,470.62,43.39,50.655,42.968,49.836000000000006,21.16766010314755
1132,470.64,43.415,50.68,43.00019999999999,49.9084,21.20101589706457
1133,470.66,43.44,50.72,43.0326,49.97639999999999,21.234435259798232
1134,470.68,43.394999999999996,50.76,43.0624,50.0434,21.27897413407082
1135,470.7,43.35,50.78,43.0886,50.108599999999996,21.317889026593797
1136,470.72,43.355000000000004,50.8,43.1132,50.1694,21.362298865596514
1137,470.74,43.36,50.875,43.1368,50.228,21.417891777368908
1138,470.76,43.495000000000005,50.95,43.1646,50.285,21.45131160817335
1139,470.78,43.63,51.16,43.1966,50.3458,21.484667275356838
1140,470.8,43.790000000000006,51.37,43.2338,50.4152,21.529141511608568
1141,470.82,43.95,51.53,43.275,50.491200000000006,21.56818737655025
1142,470.84,43.855000000000004,51.69,43.31,50.57059999999999,21.607237364384652
1143,470.86,43.76,51.64,43.3442,50.645,21.657270314575523
1144,470.88,43.745,51.59,43.3808,50.7132,21.71286250675968
1145,470.9,43.73,51.55500000000001,43.416,50.7758,21.757405142251894
1146,470.92,43.795,51.52,43.453,50.836400000000005,21.790691622099164
1147,470.94,43.86,51.585,43.487199999999994,50.898999999999994,21.82391307349748
1148,470.96,43.905,51.65,43.517799999999994,50.96060000000001,21.868387162403618
1149,470.98,43.95,51.695,43.548199999999994,51.0204,21.918420530380303
1150,471.0,44.05,51.74,43.5806,51.0816,21.95733538668738
1151,471.02,44.15,51.865,43.617200000000004,51.1474,21.996383104296303
1152,471.04,44.19,51.99,43.65560000000001,51.214400000000005,22.02987565803141
1153,471.06,44.23,52.14,43.695,51.2836,22.068790071767914
1154,471.08,44.3,52.29,43.736599999999996,51.3544,22.124245556267116
1155,471.1,44.37,52.3,43.778400000000005,51.421200000000006,22.174146942167273
1156,471.12,44.33,52.31,43.816,51.4874,22.212997770293768
1157,471.14,44.29,52.28,43.851000000000006,51.5514,22.25740925681207
1158,471.16,44.33,52.25,43.8866,51.6126,22.3074430609177
1159,471.18,44.37,52.385000000000005,43.9256,51.677600000000005,22.35204387168252
1160,471.2,44.43,52.52,43.9688,51.7472,22.39108936548302
1161,471.22,44.49,52.6,44.0142,51.8192,22.435563388925754
1162,471.24,44.58,52.68,44.063,51.8914,22.480037427986375
1163,471.26,44.67,52.695,44.11,51.961200000000005,22.52451148257236
1164,471.28,44.705,52.71,44.153,52.023199999999996,22.568985552945566
1165,471.3,44.74,52.71,44.191,52.076800000000006,22.61352589308879
1166,471.32,44.82,52.71,44.2258,52.123999999999995,22.65237447559121
1167,471.34,44.9,52.8,44.267599999999995,52.1684,22.69116054366984
1168,471.36,44.925,52.89,44.3142,52.2184,22.730075624613526
1169,471.38,44.95,52.99,44.3624,52.27440000000001,22.76911905759862
1170,471.4,45.040000000000006,53.09,44.41480000000001,52.3358,22.813725643302703
1171,471.42,45.13,53.24,44.468199999999996,52.4046,22.863758794682177
1172,471.44,45.17,53.39,44.5206,52.476800000000004,22.908232723243604
1173,471.46,45.21,53.445,44.57280000000001,52.54859999999999,22.95270666711672
1174,471.48,45.3,53.5,44.6268,52.6208,23.00260852866856
1175,471.5,45.39,53.480000000000004,44.6804,52.6904,23.047082759008365
1176,471.52,45.455,53.46,44.732600000000005,52.7542,23.086128592196783
1177,471.54,45.52,53.595,44.7858,52.818400000000004,23.130602597829277
1178,471.56,45.55,53.73,44.8386,52.882000000000005,23.175076619386875
1179,471.58,45.58,53.805,44.889799999999994,52.9426,23.225109911200203
1180,471.6,45.57,53.88,44.93780000000001,53.0058,23.275143222393062
1181,471.62,45.56,53.870000000000005,44.986999999999995,53.0682,23.314058032651726
1182,471.64,45.61,53.86,45.03979999999999,53.131400000000006,23.3528434803356
1183,471.66,45.66,53.85,45.093,53.1954,23.39731782188355
1184,471.68,45.72,53.84,45.147,53.253600000000006,23.442054168609236
1185,471.7,45.78,53.995000000000005,45.201,53.3126,23.4866651153673
1186,471.72,45.845,54.15,45.2552,53.3746,23.525442694149866
1187,471.74,45.91,54.19,45.30839999999999,53.435,23.569784209426874
1188,471.76,45.89,54.23,45.357200000000006,53.496399999999994,23.619753167586847
1189,471.78,45.87,54.325,45.40379999999999,53.56100000000001,23.664164159132937
1190,471.8,46.025,54.42,45.4552,53.629400000000004,23.708638595818677
1191,471.82,46.18,54.445,45.5096,53.6988,23.758735414249713
1192,471.84,46.205,54.47,45.561800000000005,53.765600000000006,23.797714465253275
1193,471.86,46.23,54.58,45.614,53.8332,23.836629423327583
1194,471.88,46.224999999999994,54.69,45.665,53.901199999999996,23.88666295712134
1195,471.9,46.22,54.705,45.712199999999996,53.9658,23.9368268649654
1196,471.92,46.3,54.72,45.75899999999999,54.025,23.986994376011218
1197,471.94,46.38,54.825,45.8074,54.0824,24.037027411787516
1198,471.96,46.42,54.93,45.8558,54.1418,24.075808290751024
1199,471.98,46.46,55.0,45.90219999999999,54.201800000000006,24.120282376364017
1200,472.0,46.525000000000006,55.07,45.9476,54.2654,24.176008168614892
1201,472.02,46.59,55.085,45.992999999999995,54.3304,24.231600512942006
1202,472.04,46.64,55.1,46.0378,54.39059999999999,24.275941789161305
1203,472.06,46.69,55.175,46.083400000000005,54.44839999999999,24.314728338957988
1204,472.08,46.739999999999995,55.25,46.1298,54.5062,24.364762035482745
1205,472.1,46.79,55.260000000000005,46.178599999999996,54.561400000000006,24.414795748132892
1206,472.12,46.879999999999995,55.27,46.231399999999994,54.6174,24.453710869790186
1207,472.14,46.97,55.400000000000006,46.2858,54.678999999999995,24.49824848568927
1208,472.16,47.05,55.53,46.34139999999999,54.7462,24.548346172454718
1209,472.18,47.13,55.644999999999996,46.3978,54.81839999999999,24.59851056411544
1210,472.2,47.18,55.76,46.4538,54.888999999999996,24.643051404386977
1211,472.22,47.23,55.84,46.5092,54.9566,24.693017857798207
1212,472.24,47.254999999999995,55.92,46.563,55.02580000000001,24.74298560081587
1213,472.26,47.28,55.94,46.618599999999994,55.0942,24.78739533685585
1214,472.28,47.335,55.96,46.6772,55.1596,24.837428931824235
1215,472.3,47.39,55.955,46.7318,55.221,24.89302183441095
1216,472.32,47.43,55.95,46.7818,55.2812,24.942992418538832
1217,472.34,47.47,56.065,46.8324,55.345,24.987529815444987
1218,472.36,47.54,56.18,46.8848,55.409000000000006,25.032132789233874
1219,472.38,47.61,56.21,46.940200000000004,55.469800000000006,25.07660693761036
1220,472.4,47.705,56.24,46.9996,55.531200000000005,25.115393645557685
1221,472.42,47.8,56.36,47.0596,55.5968,25.159868046160863
1222,472.44,47.834999999999994,56.48,47.117799999999995,55.663000000000004,25.210029464004666
1223,472.46,47.87,56.459999999999994,47.1758,55.7242,25.260062942556647
1224,472.48,47.925,56.44,47.23440000000001,55.7818,25.30453715989156
1225,472.5,47.98,56.555,47.2926,55.8412,25.349011390397614
1226,472.52,47.985,56.67,47.3484,55.9046,25.404604196707826
1227,472.54,47.99,56.745000000000005,47.4024,55.9704,25.460261706333995
1228,472.56,48.07,56.82,47.45759999999999,56.03620000000001,25.499176598587013
1229,472.58,48.15,56.935,47.513999999999996,56.10360000000001,25.543716214260023
1230,472.6,48.269999999999996,57.05,47.5732,56.1752,25.59381582861494
1231,472.62,48.39,57.12,47.63360000000001,56.2492,25.638223637848814
1232,472.64,48.385000000000005,57.19,47.690200000000004,56.3208,25.693751209940586
1233,472.66,48.38,57.155,47.7434,56.385799999999996,25.75483934013089
1234,472.68,48.45,57.12,47.7962,56.44480000000001,25.799188914256884
1235,472.7,48.52,57.14,47.849799999999995,56.5,25.83810417719272
1236,472.72,48.515,57.16,47.901199999999996,56.5528,25.88270315778741
1237,472.74,48.51,57.265,47.95140000000001,56.6066,25.932736853937733
1238,472.76,48.575,57.37,48.0032,56.6638,25.988329866967838
1239,472.78,48.64,57.474999999999994,48.0554,56.724399999999996,26.043986132202306
1240,472.8,48.75,57.58,48.10979999999999,56.78940000000001,26.088524538949542
1241,472.82,48.86,57.625,48.16700000000001,56.8564,26.13868879879604
1242,472.84,48.925,57.67,48.2252,56.92059999999999,26.194415583917827
1243,472.86,48.99,57.84,48.28320000000001,56.986999999999995,26.244448628084378
1244,472.88,48.975,58.01,48.337799999999994,57.059,26.294347952642273
1245,472.9,48.96,58.05,48.388000000000005,57.13139999999999,26.344251562697753
1246,472.92,49.08,58.09,48.4392,57.200599999999994,26.388662524848034
1247,472.94,49.2,58.16,48.4938,57.267799999999994,26.444318771682195
1248,472.96,49.345,58.23,48.5528,57.3386,26.488922122385134
1249,472.98,49.49,58.2,48.6154,57.409000000000006,26.522343546474094
1250,473.0,49.510000000000005,58.17,48.6766,57.4736,26.578002707758568
1251,473.02,49.53,58.24,48.7384,57.53639999999999,26.633662540769492
1252,473.04,49.575,58.31,48.8018,57.599000000000004,26.67813638072922
1253,473.06,49.62,58.35,48.8638,57.660199999999996,26.72816946699713
1254,473.08,49.605000000000004,58.39,48.922,57.7184,26.772643335738422
1255,473.1,49.59,58.44,48.9748,57.773999999999994,26.811491017686393
1256,473.12,49.64,58.49,49.0248,57.828799999999994,26.861524275329042
1257,473.14,49.69,58.56,49.077,57.88360000000001,26.91725112518945
1258,473.16,49.8,58.63,49.1338,57.9426,26.961862715362226
1259,473.18,49.91,58.760000000000005,49.1922,58.008199999999995,27.017454719500392
1260,473.2,50.04,58.89,49.253,58.07820000000001,27.06748754249021
1261,473.22,50.17,58.94,49.3192,58.14940000000001,27.10098349026016
1262,473.24,50.150000000000006,58.99,49.3848,58.2184,27.15101608395831
1263,473.26,50.13,59.08,49.44700000000001,58.2868,27.206537334230553
1264,473.28,50.16,59.17,49.507799999999996,58.35460000000001,27.251081328198012
1265,473.3,50.19,59.19,49.5654,58.419,27.3012572965514
1266,473.32,50.28,59.21,49.6222,58.4824,27.345730545763924
1267,473.34,50.37,59.285,49.68,58.547000000000004,27.390060956920465
1268,473.36,50.3,59.36,49.7324,58.6078,27.451212039141016
1269,473.38,50.23,59.375,49.7826,58.6624,27.506946202225873
1270,473.4,50.4,59.39,49.840199999999996,58.716,27.551491878064795
1271,473.42,50.57,59.46,49.899800000000006,58.77080000000001,27.60145202359454
1272,473.44,50.685,59.53,49.9592,58.8256,27.645925374857544
1273,473.46,50.8,59.620000000000005,50.017399999999995,58.8812,27.690543621431534
1274,473.48,50.84,59.71,50.071400000000004,58.9416,27.7407241052085
1275,473.5,50.88,59.75,50.1262,59.0048,27.796390551266892
1276,473.52,50.975,59.79,50.184,59.0668,27.846347336850624
1277,473.54,51.07,59.805,50.2438,59.126599999999996,27.89623206250156
1278,473.56,51.125,59.82,50.304,59.1854,27.946264435208963
1279,473.58,51.18,59.94,50.367,59.2474,27.98532541064348
1280,473.6,51.155,60.06,50.4296,59.312200000000004,28.02979842667231
1281,473.62,51.13,60.14,50.489200000000004,59.37820000000001,28.085389719697528
1282,473.64,51.155,60.22,50.547799999999995,59.4446,28.1355715340261
1283,473.66,51.18,60.29,50.603,59.511,28.185679472754366
1284,473.68,51.16,60.36,50.653,59.575,28.246906195342543
1285,473.7,51.14,60.379999999999995,50.696999999999996,59.6346,28.308211787279276
1286,473.72,51.305,60.4,50.742399999999996,59.69299999999999,28.347125146769486
1287,473.74,51.47,60.379999999999995,50.7952,59.7486,28.385883229607998
1288,473.76,51.59,60.36,50.8536,59.7998,28.441397901438386
1289,473.78,51.71,60.51,50.915600000000005,59.85339999999999,28.497064974689806
1290,473.8,51.785,60.66,50.979400000000005,59.912200000000006,28.54169214412071
1291,473.82,51.86,60.69499999999999,51.0426,59.971599999999995,28.586164646841002
1292,473.84,51.855000000000004,60.73,51.102,60.029399999999995,28.6361962325943
1293,473.86,51.85,60.805,51.163999999999994,60.0872,28.6919439951541
1294,473.88,51.905,60.88,51.231,60.1474,28.74753439380133
1295,473.9,51.96,61.0,51.2934,60.2118,28.803046149399883
1296,473.92,52.03,61.12,51.3518,60.2782,28.853156225650896
1297,473.94,52.1,61.12,51.4084,60.34179999999999,28.89778800085863
1298,473.96,52.155,61.12,51.4626,60.4018,28.947981713984415
1299,473.98,52.21,61.18,51.517399999999995,60.46059999999999,29.003571619897762
1300,474.0,52.285,61.24,51.5736,60.520199999999996,29.05344060977
1301,474.02,52.36,61.305,51.629000000000005,60.580799999999996,29.103552262193084
1302,474.04,52.385,61.37,51.681599999999996,60.6434,29.153746481449925
1303,474.06,52.41,61.43,51.733000000000004,60.7078,29.20377735036226
1304,474.08,52.44499999999999,61.49,51.78360000000001,60.7698,29.253890779935883
1305,474.1,52.48,61.44,51.8366,60.825,29.304004795845792
1306,474.12,52.584999999999994,61.39,51.894800000000004,60.875,29.353952353727742
1307,474.14,52.69,61.47,51.956199999999995,60.92499999999999,29.40398317599015
1308,474.16,52.75,61.55,52.019,60.9754,29.44306259087244
1309,474.18,52.81,61.69,52.085,61.0286,29.487534217242448
1310,474.2,52.865,61.83,52.153999999999996,61.0866,29.548682734857984
1311,474.22,52.92,61.855000000000004,52.218599999999995,61.144800000000004,29.604441302831027
1312,474.24,52.99,61.88,52.279399999999995,61.2048,29.6543869145183
1313,474.26,53.06,61.980000000000004,52.3382,61.2696,29.70980969885178
1314,474.28,53.155,62.08,52.396,61.3324,29.759923344806612
1315,474.3,53.25,62.175,52.4546,61.393,29.804562945801205
1316,474.32,53.345,62.27,52.513999999999996,61.456,29.849119514445437
1317,474.34,53.44,62.375,52.5774,61.521800000000006,29.904623913733623
1318,474.36,53.455,62.48,52.6416,61.5888,29.954570520709677
1319,474.38,53.47,62.485,52.70419999999999,61.653,29.993651706710697
1320,474.4,53.504999999999995,62.49,52.766000000000005,61.7126,30.043940538329835
1321,474.42,53.54,62.515,52.82640000000001,61.7684,30.099705514897515
1322,474.44,53.61,62.54,52.886799999999994,61.8252,30.149735267980862
1323,474.46,53.68,62.595,52.9478,61.8842,30.19958956270136
1324,474.48,53.75,62.65,53.0094,61.943000000000005,30.244060757672536
1325,474.5,53.82,62.724999999999994,53.0708,62.00240000000001,30.288706941307975
1326,474.52,53.92,62.8,53.133199999999995,62.062200000000004,30.33873679273892
1327,474.54,54.02,62.879999999999995,53.1986,62.12259999999999,30.39432554752751
1328,474.56,53.92,62.96,53.25899999999999,62.1838,30.45009162830785
1329,474.58,53.82,62.995000000000005,53.31399999999999,62.24400000000001,30.500210991963133
1330,474.6,53.885000000000005,63.03,53.3702,62.3076,30.544772076755965
1331,474.62,53.95,63.125,53.4248,62.376999999999995,30.5948014761907
1332,474.64,54.065,63.22,53.479800000000004,62.44700000000001,30.644830902785394
1333,474.66,54.18,63.239999999999995,53.537000000000006,62.5146,30.689483893964475
1334,474.68,54.385000000000005,63.26,53.6,62.577400000000004,30.733862821979415
1335,474.7,54.59,63.34,53.669000000000004,62.6378,30.783892175621936
1336,474.72,54.675,63.42,53.739200000000004,62.7004,30.834012713959584
1337,474.74,54.76,63.415,53.81,62.7618,30.878392140605094
1338,474.76,54.724999999999994,63.41,53.87660000000001,62.818999999999996,30.922953640586417
1339,474.78,54.69,63.415,53.937999999999995,62.872400000000006,30.973074497032204
1340,474.8,54.8,63.42,54.0,62.9222,31.011894653358958
1341,474.82,54.91,63.475,54.0626,62.9704,31.05080637310825
1342,474.84,54.955,63.53,54.1232,63.0166,31.10648572766242
1343,474.86,55.0,63.575,54.185,63.0604,31.161982805046375
1344,474.88,54.91,63.62,54.2426,63.1058,31.21201224248407
1345,474.9,54.82,63.79,54.295199999999994,63.157799999999995,31.262316186192955
1346,474.92,54.925,63.96,54.35060000000001,63.215599999999995,31.312531884882887
1347,474.94,55.03,63.995000000000005,54.40740000000001,63.2738,31.368025868683944
1348,474.96,55.14,64.03,54.4658,63.331199999999995,31.417962215508812
1349,474.98,55.25,63.99,54.5258,63.384800000000006,31.462525043067334
1350,475.0,55.32,63.95,54.5858,63.4338,31.507088417102246
1351,475.02,55.39,63.995000000000005,54.6446,63.4816,31.55730564684381
1352,475.04,55.41,64.04,54.7002,63.528,31.607429463058065
1353,475.06,55.43,64.095,54.7606,63.5734,31.651804178473547
1354,475.08,55.495000000000005,64.15,54.827600000000004,63.6196,31.690715368000284
1355,475.1,55.56,64.125,54.8946,63.6634,31.729626574734265
1356,475.12,55.595,64.1,54.9604,63.7024,31.779655294577665
1357,475.14,55.63,64.19,55.023,63.7412,31.8353373074891
1358,475.16,55.7,64.28,55.08379999999999,63.782799999999995,31.885461080031895
1359,475.18,55.77,64.41,55.13919999999999,63.8288,31.940953339844697
1360,475.2,55.835,64.54,55.18899999999999,63.8768,31.990887978151182
1361,475.22,55.9,64.525,55.238,63.92099999999999,32.02998796711937
1362,475.24,56.125,64.51,55.2926,63.9648,32.063435744760895
1363,475.26,56.35,64.57,55.35759999999999,64.0112,32.10215700017225
1364,475.28,56.31,64.63,55.42240000000001,64.0598,32.14653342910808
1365,475.3,56.27,64.645,55.48120000000001,64.1088,32.1910970757623
1366,475.32,56.33,64.66,55.538000000000004,64.1562,32.24112590643867
1367,475.34,56.39,64.65,55.59540000000001,64.20100000000001,32.29115476472407
1368,475.36,56.495000000000005,64.64,55.65520000000001,64.2436,32.335624883678456
1369,475.38,56.6,64.735,55.7228,64.2882,32.38565379426207
1370,475.4,56.665,64.83,55.796600000000005,64.3298,32.43568273095546
1371,475.42,56.73,64.92,55.86879999999999,64.3682,32.48006028280363
1372,475.44,56.805,65.01,55.9398,64.4088,32.519064351996235
1373,475.46,56.88,65.025,56.00940000000001,64.4486,32.56353458125589
1374,475.48,56.885000000000005,65.04,56.0748,64.4906,32.61347135598093
1375,475.5,56.89,65.05000000000001,56.1376,64.5346,32.65803388762939
1376,475.52,56.879999999999995,65.06,56.1972,64.5772,32.70259694626407
1377,475.54,56.87,65.11,56.255599999999994,64.62,32.747160529379286
1378,475.56,56.95,65.16,56.3164,64.6626,32.79153734600102
1379,475.58,57.03,65.21000000000001,56.3778,64.705,32.84138236878797
1380,475.6,57.065,65.26,56.438,64.7504,32.88585287276113
1381,475.62,57.1,65.265,56.4982,64.79700000000001,32.930414767139425
1382,475.64,57.155,65.27,56.559200000000004,64.84020000000001,32.980628706796715
1383,475.66,57.21,65.3,56.6196,64.881,33.030845111233965
1384,475.68,57.275000000000006,65.33,56.67980000000001,64.9178,33.07540979080793
1385,475.7,57.34,65.3,56.74,64.9482,33.11422631608555
1386,475.72,57.455,65.27,56.8022,64.97800000000001,33.141926291744845
1387,475.74,57.57,65.35,56.86,65.0116,33.17546700838335
1388,475.76,57.66,65.43,56.912400000000005,65.04599999999999,33.22003196415607
1389,475.78,57.75,65.545,56.97,65.0826,33.25875391541365
1390,475.8,57.785,65.66,57.03059999999999,65.12320000000001,33.303038090835706
1391,475.82,57.82,65.60499999999999,57.0902,65.161,33.35306723050823
1392,475.84,57.805,65.55,57.14679999999999,65.197,33.39753759754308
1393,475.86,57.79,65.58,57.1986,65.2346,33.44200798586107
1394,475.88,57.845,65.61,57.248400000000004,65.2696,33.48666327600061
1395,475.9,57.9,65.675,57.297799999999995,65.3034,33.53687979137544
1396,475.92,58.019999999999996,65.74,57.3494,65.3362,33.58125572546837
1397,475.94,58.14,65.78999999999999,57.402800000000006,65.3674,33.61442264973798
1398,475.96,58.165,65.84,57.4542,65.4,33.64230900528683
1399,475.98,58.19,65.91,57.50639999999999,65.43480000000001,33.67566169464982
1400,476.0,58.295,65.98,57.5626,65.472,33.720039796833824
1401,476.02,58.4,66.01,57.623400000000004,65.51,33.77016104269392
1402,476.04,58.45,66.04,57.6866,65.5472,33.8146313557357
1403,476.06,58.5,66.065,57.7486,65.5834,33.8591016889413
1404,476.08,58.555,66.09,57.8096,65.6186,33.90366444115306
1405,476.1,58.61,66.065,57.8714,65.6508,33.93701712819398
1406,476.12,58.67,66.04,57.934200000000004,65.68180000000001,33.97018611953868
1407,476.14,58.73,66.12,57.99719999999999,65.7158,34.01456600006567
1408,476.16,58.81,66.2,58.06120000000001,65.75179999999999,34.053659630232815
1409,476.18,58.89,66.28999999999999,58.1258,65.7902,34.08701245819658
1410,476.2,58.915,66.38,58.1888,65.8334,34.125742686095
1411,476.22,58.94,66.395,58.2482,65.8784,34.17021339434774
1412,476.24,59.04,66.41,58.306999999999995,65.9208,34.20930625508803
1413,476.26,59.14,66.46000000000001,58.3662,65.962,34.24275061900167
1414,476.28,59.19,66.51,58.42379999999999,66.0006,34.276103419735605
1415,476.3,59.24,66.505,58.482,66.03439999999999,34.315015034913074
1416,476.32,59.31,66.5,58.541599999999995,66.0702,34.3482766572698
1417,476.34,59.38,66.55,58.6046,66.11019999999999,34.38153918721053
1418,476.36,59.475,66.6,58.672000000000004,66.15100000000001,34.426009886482284
1419,476.38,59.57,66.56,58.74100000000001,66.189,34.47039116218916
1420,476.4,59.53,66.52,58.8062,66.22279999999999,34.51468551036278
1421,476.42,59.49,66.53999999999999,58.865,66.25479999999999,34.559156607815
1422,476.44,59.585,66.56,58.92280000000001,66.28559999999999,34.592509942954685
1423,476.46,59.68,66.685,58.9834,66.3194,34.62569021047147
1424,476.48,59.775,66.81,59.046800000000005,66.3554,34.65887367747988
1425,476.5,59.87,66.825,59.10980000000001,66.3892,34.69222737202991
1426,476.52,59.89,66.84,59.169399999999996,66.4224,34.725665582299726
1427,476.54,59.91,66.89,59.227799999999995,66.4564,34.75901921371225
1428,476.56,59.94,66.94,59.28540000000001,66.4914,34.803490736957855
1429,476.58,59.97,66.905,59.342,66.524,34.8478780663426
1430,476.6,60.095,66.87,59.401399999999995,66.5562,34.88114839221222
1431,476.62,60.22,66.91499999999999,59.4634,66.5912,34.91458556717293
1432,476.64,60.254999999999995,66.96,59.52440000000001,66.6248,34.94238036996253
1433,476.66,60.29,67.02,59.583600000000004,66.6576,34.981127449023866
1434,476.68,60.285,67.08,59.639399999999995,66.6892,35.031076713180695
1435,476.7,60.28,67.08500000000001,59.694,66.7174,35.07007130790586
1436,476.72,60.355000000000004,67.09,59.75059999999999,66.74520000000001,35.10342527056944
1437,476.74,60.43,67.095,59.8062,66.7726,35.13669783816479
1438,476.76,60.545,67.1,59.8624,66.7982,35.17013322204877
1439,476.78,60.66,67.04499999999999,59.921200000000006,66.8196,35.203651818726975
1440,476.8,60.69,66.99,59.9792,66.839,35.23700565975657
1441,476.82,60.72,66.97999999999999,60.035599999999995,66.8582,35.2701952118497
1442,476.84,60.78,66.97,60.0916,66.875,35.303387888612825
1443,476.86,60.84,67.12,60.1462,66.8958,35.33674206315378
1444,476.88,60.92,67.27,60.200199999999995,66.9242,35.364617393815784
1445,476.9,61.0,67.29499999999999,60.25899999999999,66.95519999999999,35.39789140455922
1446,476.92,61.025,67.32,60.3204,66.9864,35.43108764225927
1447,476.94,61.05,67.38999999999999,60.379,67.0196,35.464441996295946
1448,476.96,61.084999999999994,67.46,60.435199999999995,67.05059999999999,35.503513057289375
1449,476.98,61.12,67.44,60.489,67.0758,35.536867280148854
1450,477.0,61.185,67.42,60.541599999999995,67.0996,35.57006416845437
1451,477.02,61.25,67.42,60.596000000000004,67.1228,35.60890007694567
1452,477.04,61.31,67.42,60.652,67.14399999999999,35.64225454500894
1453,477.06,61.37,67.5,60.70919999999999,67.16640000000001,35.681091408976386
1454,477.08,61.42,67.58,60.7672,67.1934,35.714294804593145
1455,477.1,61.47,67.545,60.8222,67.2204,35.736531273274764
1456,477.12,61.53,67.51,60.8746,67.2442,35.770036906547354
1457,477.14,61.59,67.53999999999999,60.92799999999999,67.2674,35.80339148158518
1458,477.16,61.655,67.57,60.982600000000005,67.2894,35.825477178325976
1459,477.18,61.72,67.565,61.04,67.3088,35.853272783990576
1460,477.2,61.815,67.56,61.10139999999999,67.3278,35.88677795077447
1461,477.22,61.91,67.56,61.163599999999995,67.3466,35.92013255150372
1462,477.24,61.915,67.56,61.223,67.3652,35.94770382299965
1463,477.26,61.92,67.52000000000001,61.278,67.382,35.9697944143435
1464,477.28,61.865,67.48,61.3262,67.3994,36.003077497325165
1465,477.3,61.81,67.56,61.371,67.4222,36.04747977453023
1466,477.32,62.025000000000006,67.64,61.423199999999994,67.4486,36.07520533601692
1467,477.34,62.24,67.705,61.4816,67.47800000000001,36.097372488238015
1468,477.36,62.28,67.77,61.5392,67.50399999999999,36.1252381061098
1469,477.38,62.32,67.755,61.595200000000006,67.5234,36.15303409557241
1470,477.4,62.315,67.74,61.647800000000004,67.5412,36.18631982691042
1471,477.42,62.31,67.785,61.6992,67.5598,36.2196063758316
1472,477.44,62.33,67.83,61.7504,67.5774,36.24726721224554
1473,477.46,62.35,67.785,61.801,67.5904,36.2750634292569
1474,477.48,62.400000000000006,67.74,61.8522,67.6024,36.29730040567425
1475,477.5,62.45,67.75,61.9028,67.6156,36.31940510734348
1476,477.52,62.475,67.76,61.95179999999999,67.6292,36.358319968073175
1477,477.54,62.5,67.745,61.999399999999994,67.64219999999999,36.39723483634904
1478,477.56,62.655,67.73,62.05080000000001,67.6514,36.419279135515886
1479,477.58,62.81,67.755,62.1064,67.6584,36.4303348519263
1480,477.6,62.805,67.78,62.159800000000004,67.6678,36.44157986402891
1481,477.62,62.8,67.88499999999999,62.21060000000001,67.6828,36.47499975557486
1482,477.64,62.855,67.99,62.26120000000001,67.7008,36.51385062279159
1483,477.66,62.91,67.94999999999999,62.31139999999999,67.71600000000001,36.54152102403796
1484,477.68,62.89,67.91,62.358200000000004,67.7298,36.56375826425766
1485,477.7,62.87,67.925,62.4004,67.7444,36.58612140522324
1486,477.72,62.995,67.94,62.4438,67.7596,36.608358573905704
1487,477.74,63.12,67.93,62.492,67.7744,36.63046999905696
1488,477.76,63.2,67.92,62.5432,67.7904,36.65270724809066
1489,477.78,63.28,67.975,62.599799999999995,67.8102,36.68050381264814
1490,477.8,63.315,68.03,62.66,67.829,36.71923590518419
1491,477.82,63.35,68.045,62.712999999999994,67.8452,36.75241508395379
1492,477.84,63.47,68.06,62.7622,67.8594,36.76353382255629
1493,477.86,63.59,68.11500000000001,62.8146,67.8732,36.77476973354737
1494,477.88,63.61,68.17,62.8662,67.88980000000001,36.80256649522312
1495,477.9,63.63,68.11500000000001,62.918800000000005,67.90480000000001,36.83580563718485
1496,477.92,63.67,68.06,62.9732,67.9158,36.86348829155892
1497,477.94,63.71,68.005,63.028400000000005,67.92280000000001,36.88561439993368
1498,477.96,63.754999999999995,67.95,63.0846,67.9294,36.90779734077722
1499,477.98,63.8,67.98,63.140600000000006,67.939,36.930089651512986
1500,478.0,63.76,68.01,63.193000000000005,67.9494,36.95243852626498
1501,478.02,63.72,68.13,63.24280000000001,67.9642,36.980292066856094
1502,478.04,63.769999999999996,68.25,63.293600000000005,67.98440000000001,37.00803243779811
1503,478.06,63.82,68.315,63.340199999999996,68.0078,37.03015899202491
1504,478.08,63.94499999999999,68.38,63.3856,68.0328,37.04683721860277
1505,478.1,64.07,68.305,63.43619999999999,68.0538,37.069074855027885
1506,478.12,64.13999999999999,68.23,63.489799999999995,68.0676,37.08564490785405
1507,478.14,64.21,68.2,63.544,68.07600000000001,37.09676375999637
1508,478.16,64.21,68.17,63.596000000000004,68.0848,37.11900146589872
1509,478.18,64.21,68.11500000000001,63.648799999999994,68.093,37.1411338257543
1510,478.2,64.22,68.06,63.702799999999996,68.0984,37.16331995474927
1511,478.22,64.23,68.14,63.752199999999995,68.10640000000001,37.18560936984925
1512,478.24,64.375,68.22,63.8024,68.118,37.19683344596906
1513,478.26,64.52,68.225,63.855199999999996,68.1302,37.213565299669966
1514,478.28,64.505,68.23,63.9042,68.1404,37.241416596380255
1515,478.3,64.49,68.315,63.9512,68.15180000000001,37.263654247211015
1516,478.32,64.53,68.4,63.998400000000004,68.166,37.28022487486523
1517,478.34,64.57,68.4,64.0424,68.1796,37.30235770110318
1518,478.36,64.63,68.4,64.084,68.191,37.31903603700879
1519,478.38,64.69,68.46000000000001,64.12719999999999,68.2026,37.33581917258938
1520,478.4,64.78,68.52,64.1732,68.2188,37.35244475617823
1521,478.42,64.87,68.46000000000001,64.2212,68.2348,37.36340953544454
1522,478.44,64.89500000000001,68.4,64.26859999999999,68.2506,37.385647381881085
1523,478.46,64.92,68.405,64.31519999999999,68.2688,37.40798717760144
1524,478.48,64.96000000000001,68.41,64.3616,68.286,37.41354662444536
1525,478.5,65.0,68.4,64.4112,68.30160000000001,37.42456361633426
1526,478.52,64.99000000000001,68.39,64.462,68.312,37.45236092882216
1527,478.54,64.98,68.405,64.5104,68.31819999999999,37.48015824447524
1528,478.56,65.07,68.42,64.5604,68.3224,37.502297048400415
1529,478.58,65.16,68.5,64.609,68.3272,37.524534961987925
1530,478.6,65.115,68.58,64.65079999999999,68.3382,37.54121339840807
1531,478.62,65.07,68.58500000000001,64.688,68.3524,37.55784337211075
1532,478.64,65.025,68.59,64.72059999999999,68.368,37.58008131752332
1533,478.66,64.98,68.62,64.75139999999999,68.38600000000001,37.60227151766329
1534,478.68,65.14,68.65,64.7886,68.40740000000001,37.618949999684524
1535,478.7,65.3,68.6,64.8318,68.429,37.630165069357574
1536,478.72,65.34,68.55,64.8762,68.4454,37.6358232476705
1537,478.74,65.38,68.53999999999999,64.91640000000001,68.45819999999999,37.646942179052665
1538,478.76,65.46000000000001,68.53,64.95400000000001,68.47040000000001,37.66918004292519
1539,478.78,65.54,68.53,64.9954,68.48240000000001,37.69151908908414
1540,478.8,65.55000000000001,68.53,65.0378,68.491,37.7081974438717
1541,478.82,65.56,68.565,65.079,68.4976,37.719215241213774
1542,478.84,65.535,68.6,65.1176,68.5056,37.735893641303754
1543,478.86,65.51,68.64,65.1528,68.51520000000001,37.752622223752375
1544,478.88,65.55000000000001,68.68,65.1872,68.524,37.763690977679055
1545,478.9,65.59,68.68,65.21960000000001,68.5304,37.78583054151117
1546,478.92,65.705,68.68,65.253,68.5392,37.802460840290195
1547,478.94,65.82,68.64500000000001,65.29,68.549,37.81362795387652
1548,478.96,65.78,68.61,65.3244,68.55720000000001,37.83040459318631
1549,478.98,65.74,68.67,65.3556,68.5676,37.8470829989009
1550,479.0,65.85499999999999,68.73,65.3898,68.5808,37.86366330120276
1551,479.02,65.97,68.745,65.429,68.595,37.88034175159731
1552,479.04,65.955,68.76,65.46799999999999,68.6092,37.897118220432866
1553,479.06,65.94,68.795,65.5028,68.6242,37.9137966290781
1554,479.08,65.97,68.83,65.53519999999999,68.6374,37.92481762240283
1555,479.1,66.0,68.82499999999999,65.5706,68.6472,37.935841284346594
1556,479.12,66.06,68.82,65.61019999999999,68.6566,37.946960281206195
1557,479.14,66.12,68.895,65.65400000000001,68.6688,37.958174529173775
1558,479.16,66.14500000000001,68.97,65.70060000000001,68.6828,37.97495080033078
1559,479.18,66.17,68.945,65.7418,68.6946,37.99167907714462
1560,479.2,66.13,68.92,65.775,68.70739999999999,38.00830762548733
1561,479.22,66.09,69.02000000000001,65.805,68.7262,38.03044783568999
1562,479.24,66.055,69.12,65.832,68.74940000000001,38.052637946686815
1563,479.26,66.02,69.11500000000001,65.8544,68.7728,38.069269264780765
1564,479.28,66.15,69.11,65.8788,68.79599999999999,38.08038826475635
1565,479.3,66.28,69.11,65.908,68.8192,38.09160218249975
1566,479.32,66.32,69.11,65.9384,68.841,38.102721156053384
1567,479.34,66.36,69.03,65.9714,68.8582,38.11935186718905
1568,479.36,66.4,68.95,66.007,68.87060000000001,38.136078076855334
1569,479.38,66.44,69.005,66.04260000000001,68.8836,38.15280489482929
1570,479.4,66.485,69.06,66.0784,68.8988,38.169435000744265
1571,479.42,66.53,69.08,66.1114,68.9148,38.174946808577495
1572,479.44,66.50999999999999,69.1,66.13900000000001,68.933,38.1805539759451
1573,479.46,66.49,69.185,66.1674,68.956,38.19172125792733
1574,479.48,66.615,69.27,66.20240000000001,68.98,38.20284021980838
1575,479.5,66.74,69.25999999999999,66.23780000000001,69.0012,38.219518663402
1576,479.52,66.725,69.25,66.268,69.0214,38.23614885646261
1577,479.54,66.71,69.33,66.29820000000001,69.0442,38.252732804756135
1578,479.56,66.71,69.41,66.329,69.0688,38.26941131300313
1579,479.58,66.71,69.33500000000001,66.3586,69.089,38.286089821180134
1580,479.6,66.84,69.26,66.3922,69.10640000000001,38.29711700610787
1581,479.62,66.97,69.235,66.4286,69.123,38.29711700566055
1582,479.64,66.9,69.21,66.4598,69.1356,38.302768329441776
1583,479.66,66.83,69.195,66.48719999999999,69.1446,38.31393419566964
1584,479.68,66.86500000000001,69.18,66.515,69.154,38.32500634270615
1585,479.7,66.9,69.265,66.5458,69.1678,38.34163867287392
1586,479.72,66.915,69.35,66.57879999999999,69.181,38.358317203896966
1587,479.74,66.93,69.37,66.6138,69.191,38.37499573518177
1588,479.76,66.97,69.39,66.65180000000001,69.202,38.3917203869913
1589,479.78,67.01,69.435,66.6862,69.215,38.40283939591047
1590,479.8,67.09,69.48,66.7186,69.2298,38.40839890007141
1591,479.82,67.17,69.475,66.7526,69.2444,38.419612015308594
1592,479.84,67.28,69.47,66.7894,69.262,38.430730997339886
1593,479.86,67.39,69.485,66.82900000000001,69.2834,38.44175592785264
1594,479.88,67.42,69.5,66.8682,69.3032,38.45287493732261
1595,479.9,67.45,69.53999999999999,66.90679999999999,69.3224,38.46408794486401
1596,479.92,67.39500000000001,69.58,66.94139999999999,69.3424,38.48076642002232
1597,479.94,67.34,69.66499999999999,66.9746,69.365,38.497397615701345
1598,479.96,67.37,69.75,67.0098,69.3876,38.50851661310824
1599,479.98,67.4,69.745,67.0412,69.4066,38.519589001160085
1600,480.0,67.49000000000001,69.74,67.0712,69.4258,38.53061674887824
1601,480.02,67.58,69.685,67.1054,69.44319999999999,38.54169113194725
1602,480.04,67.66,69.63,67.1434,69.4552,38.54729530634113
1603,480.06,67.74,69.61,67.1846,69.4632,38.5417810841708
1604,480.08,67.74,69.59,67.2258,69.4734,38.541827024331866
1605,480.1,67.74,69.545,67.26180000000001,69.48479999999999,38.552946037013534
1606,480.12,67.715,69.5,67.2916,69.4954,38.563973863853825
1607,480.14,67.69,69.555,67.3232,69.5092,38.57509290267113
1608,480.16,67.75,69.61,67.36,69.5258,38.58630307530536
1609,480.18,67.81,69.545,67.3978,69.5404,38.59746860435133
1610,480.2,67.81,69.48,67.4342,69.54899999999999,38.60854110208572
1611,480.22,67.81,69.575,67.47,69.558,38.6140547545788
1612,480.24,67.92500000000001,69.67,67.5098,69.57,38.61966011598597
1613,480.26,68.04,69.66499999999999,67.5526,69.581,38.63082560532939
1614,480.28,68.06,69.66,67.5946,69.59,38.63638510564622
1615,480.3,68.08,69.685,67.6342,69.5982,38.6418981436242
1616,480.32,68.07,69.71,67.67020000000001,69.60759999999999,38.65301715879085
1617,480.34,68.06,69.685,67.7014,69.61619999999999,38.66422968496378
1618,480.36,68.14,69.66,67.73140000000001,69.6232,38.669789178592204
1619,480.38,68.22,69.72999999999999,67.7634,69.6324,38.67525518878671
1620,480.4,68.24000000000001,69.8,67.795,69.6428,38.68081469669727
1621,480.42,68.26,69.84,67.82960000000001,69.65320000000001,38.68646766233977
1622,480.44,68.2,69.88,67.86399999999999,69.6618,38.69758665068499
1623,480.46,68.14,69.85499999999999,67.8948,69.666,38.708658618010396
1624,480.48,68.18,69.83,67.926,69.6694,38.719824629292255
1625,480.5,68.22,69.85,67.9552,69.6738,38.73099125318387
1626,480.52,68.24000000000001,69.87,67.9816,69.6812,38.73655074085344
1627,480.54,68.26,69.815,68.0056,69.6886,38.74211022927998
1628,480.56,68.25,69.76,68.02600000000001,69.6946,38.75318159948173
1629,480.58,68.24,69.735,68.046,69.70039999999999,38.76420732099245
1630,480.6,68.34,69.71,68.07,69.707,38.76976682964326
1631,480.62,68.44,69.76499999999999,68.099,69.7176,38.77541958086787
1632,480.64,68.525,69.82,68.1324,69.7282,38.77551537833389
1633,480.66,68.61,69.91999999999999,68.16680000000001,69.7406,38.78668318505889
1634,480.68,68.63499999999999,70.02,68.19980000000001,69.7596,38.80331278884839
1635,480.7,68.66,69.995,68.2338,69.7802,38.808824094110555
1636,480.72,68.69,69.97,68.26899999999999,69.79599999999999,38.81443175305744
1637,480.74,68.72,69.97,68.3008,69.80799999999999,38.82004003611795
1638,480.76,68.815,69.97,68.3318,69.8202,38.8200400356492
1639,480.78,68.91,69.905,68.3658,69.83,38.81443175307622
1640,480.8,68.87,69.84,68.3974,69.83619999999999,38.81438358306381
1641,480.82,68.83,69.87,68.42779999999999,69.8426,38.81999123479308
1642,480.84,68.75,69.9,68.4554,69.85119999999999,38.83115898642215
1643,480.86,68.67,70.0,68.4766,69.8648,38.847886816546755
1644,480.88,68.715,70.1,68.49640000000001,69.8796,38.85344628479755
1645,480.9,68.76,70.055,68.5172,69.88980000000001,38.853396888781596
1646,480.92,68.78999999999999,70.01,68.5384,69.89659999999999,38.8590057537061
1647,480.94,68.82,70.01,68.56320000000001,69.90180000000001,38.86461524135115
1648,480.96,68.94999999999999,70.01,68.59559999999999,69.908,38.86466589721187
1649,480.98,69.08,70.025,68.63159999999999,69.9158,38.87583608471716
1650,481.0,69.03999999999999,70.04,68.6644,69.9234,38.89246317131389
1651,481.02,69.0,70.06,68.6948,69.931,38.89792203837007
1652,481.04,69.08,70.08,68.7276,69.9416,38.89792203825219
1653,481.06,69.16,70.1,68.764,69.9552,38.898022625921854
1654,481.08,69.11,70.12,68.7988,69.97059999999999,38.90358208155545
1655,481.1,69.06,70.13,68.82759999999999,69.98740000000001,38.909090938521054
1656,481.12,69.06,70.14,68.8524,70.0024,38.92020986339772
1657,481.14,69.06,70.11500000000001,68.8738,70.0142,38.931328788611374
1658,481.16,69.055,70.09,68.8916,70.021,38.93137935834384
1659,481.18,69.05,70.055,68.9082,70.0224,38.93143056303213
1660,481.2,69.1,70.02,68.9258,70.0234,38.93148240373455
1661,481.22,69.15,70.05,68.9442,70.0266,38.93704184480528
1662,481.24,69.225,70.08,68.9644,70.031,38.942601285609584
1663,481.26,69.3,70.1,68.98379999999999,70.0362,38.94270684537539
1664,481.28,69.31,70.12,68.99980000000001,70.04480000000001,38.948266271915685
1665,481.3,69.32,70.1,69.0178,70.0552,38.95382569781298
1666,481.32,69.33,70.08,69.0378,70.0636,38.953933770387515
1667,481.34,69.34,70.10499999999999,69.0614,70.0718,38.95398875968961
1668,481.36,69.30000000000001,70.13,69.0866,70.07700000000001,38.959493181144325
1669,481.38,69.26,70.215,69.1084,70.0816,38.97055767182085
1670,481.4,69.355,70.3,69.1322,70.0914,38.970612002589625
1671,481.42,69.45,70.295,69.1586,70.1028,38.976226371872
1672,481.44,69.48,70.29,69.185,70.11399999999999,38.992960152430015
1673,481.46,69.51,70.24000000000001,69.2074,70.1232,38.99863257629195
1674,481.48,69.48,70.19,69.2234,70.1298,38.99869004321502
1675,481.5,69.45,70.215,69.2398,70.1368,39.00419195595365
1676,481.52,69.49000000000001,70.24,69.2594,70.14399999999999,39.00975133587641
1677,481.54,69.53,70.235,69.2774,70.1502,39.00986687113107
1678,481.56,69.525,70.23,69.292,70.1554,39.0098668709824
1679,481.58,69.52,70.24000000000001,69.3084,70.1602,39.00975133542147
1680,481.6,69.52,70.25,69.3268,70.165,39.02087009503421
1681,481.62,69.52,70.28999999999999,69.34519999999999,70.171,39.032046272655855
1682,481.64,69.485,70.33,69.3622,70.1796,39.031988854893534
1683,481.66,69.45,70.285,69.378,70.18740000000001,39.04310761602927
1684,481.68,69.435,70.24,69.3934,70.1948,39.054341780679124
1685,481.7,69.42,70.285,69.40620000000001,70.2054,39.054459720293636
1686,481.72,69.48,70.33,69.41940000000001,70.21660000000001,39.054580195496364
1687,481.74,69.54,70.33500000000001,69.432,70.2268,39.06013952633128
1688,481.76,69.57,70.34,69.4428,70.2364,39.065578415169654
1689,481.78,69.6,70.33,69.45439999999999,70.2448,39.065578415322506
1690,481.8,69.66499999999999,70.32,69.4682,70.25359999999999,39.065698855868135
1691,481.82,69.73,70.32,69.4842,70.26320000000001,39.06576002710173
1692,481.84,69.70500000000001,70.32,69.4988,70.2718,39.06020070555362
1693,481.86,69.68,70.27,69.514,70.2774,39.05464138377268
1694,481.88,69.66,70.22,69.53,70.2776,39.05470320639008
1695,481.9,69.64,70.27,69.54140000000001,70.27640000000001,39.06588427126109
1696,481.92,69.58,70.32,69.5466,70.2774,39.08262522982644
1697,481.94,69.52,70.3,69.5482,70.2778,39.08831249896542
1698,481.96,69.535,70.28,69.5492,70.2794,39.09400226624696
1699,481.98,69.55,70.3,69.55199999999999,70.2838,39.09962771033169
1700,482.0,69.68,70.32,69.56120000000001,70.288,39.08844300651462
1701,482.02,69.81,70.32499999999999,69.57400000000001,70.29140000000001,39.07725889956889
1702,482.04,69.765,70.33,69.5834,70.2952,39.08844300645116
1703,482.06,69.72,70.41499999999999,69.5912,70.3026,39.11074620922597
1704,482.08,69.72,70.5,69.5992,70.31299999999999,39.12193149015687
1705,482.1,69.72,70.445,69.6072,70.32079999999999,39.12762617108644
1706,482.12,69.69,70.39,69.614,70.3248,39.133185392668175
1707,482.14,69.66,70.37,69.621,70.32639999999999,39.13318539277978
1708,482.16,69.655,70.35,69.6292,70.329,39.13332334465504
1709,482.18,69.65,70.37,69.6378,70.3342,39.133323344068366
1710,482.2,69.7,70.39,69.649,70.33840000000001,39.133323343481706
1711,482.22,69.75,70.4,69.65979999999999,70.34119999999999,39.14458219098768
1712,482.24,69.72999999999999,70.41,69.6674,70.3442,39.15577170648228
1713,482.26,69.71,70.42,69.673,70.3474,39.16133087953827
1714,482.28,69.65,70.43,69.675,70.3514,39.1669618137417
1715,482.3,69.59,70.41,69.67200000000001,70.355,39.16710723369411
1716,482.32,69.575,70.39,69.6658,70.3578,39.167255181743094
1717,482.34,69.56,70.32,69.66,70.3578,39.16725518112154
1718,482.36,69.62,70.25,69.6576,70.357,39.1671072325637
1719,482.38,69.68,70.3,69.6584,70.36019999999999,39.16710723301202
1720,482.4,69.695,70.35,69.66059999999999,70.3634,39.167255181024984
1721,482.42,69.71,70.39,69.6658,70.36619999999999,39.17844832450035
1722,482.44,69.75,70.43,69.675,70.37140000000001,39.18949166695305
1723,482.46,69.79,70.375,69.6852,70.3752,39.18949166668527
1724,482.48,69.80000000000001,70.32,69.6952,70.37599999999999,39.18408295709003
1725,482.5,69.81,70.29499999999999,69.7004,70.375,39.178523857065606
1726,482.52,69.785,70.27,69.6994,70.3728,39.18949166658917
1727,482.54,69.76,70.29499999999999,69.6992,70.3714,39.20616903292985
1728,482.56,69.695,70.32,69.6982,70.3676,39.21187846170216
1729,482.58,69.63,70.365,69.6946,70.3622,39.21195456114861
1730,482.6,69.58,70.41,69.689,70.3608,39.212031292325726
1731,482.62,69.53,70.445,69.68260000000001,70.363,39.223226793613236
1732,482.64,69.62,70.48,69.681,70.3674,39.23434493282742
1733,482.66,69.71,70.45500000000001,69.6832,70.3716,39.234501462851085
1734,482.68,69.715,70.43,69.6858,70.374,39.234740991681186
1735,482.7,69.72,70.415,69.6866,70.375,39.234740991720074
1736,482.72,69.715,70.4,69.68520000000001,70.375,39.23474099140535
1737,482.74,69.71,70.39,69.6844,70.3742,39.246021813402955
1738,482.76,69.625,70.38,69.681,70.37259999999999,39.257139795498844
1739,482.78,69.54,70.38,69.67660000000001,70.3706,39.257058105452444
1740,482.8,69.605,70.38,69.6772,70.3694,39.25713979484993
1741,482.82,69.67,70.425,69.681,70.3708,39.26286403382026
1742,482.84,69.75,70.47,69.6886,70.37679999999999,39.26859074801999
1743,482.86,69.83,70.525,69.697,70.3878,39.26859074767536
1744,482.88,69.85,70.58,69.7038,70.399,39.26294760294783
1745,482.9,69.87,70.595,69.7108,70.4088,39.268590747683476
1746,482.92,69.805,70.61,69.7146,70.41760000000001,39.27987885675158
1747,482.94,69.74,70.61,69.7142,70.42479999999999,39.28543777742644
1748,482.96,69.68,70.61,69.7098,70.4342,39.296470231393506
1749,482.98,69.62,70.6,69.7026,70.4454,39.302029164481326
1750,483.0,69.61,70.59,69.6946,70.4572,39.30758809888151
1751,483.02,69.6,70.495,69.6872,70.4662,39.31323238571687
1752,483.04,69.6,70.4,69.6808,70.4704,39.31340497927442
1753,483.06,69.6,70.45,69.67699999999999,70.4756,39.324697838825095
1754,483.08,69.645,70.5,69.6776,70.481,39.33581558624721
1755,483.1,69.69,70.535,69.682,70.486,39.33564057175282
1756,483.12,69.735,70.57,69.69019999999999,70.491,39.33564057209514
1757,483.14,69.78,70.675,69.6966,70.4988,39.34137445970939
1758,483.16,69.78999999999999,70.78,69.6998,70.5118,39.34155196570034
1759,483.18,69.8,70.75999999999999,69.70320000000001,70.52499999999999,39.34711081508848
1760,483.2,69.74000000000001,70.74,69.70400000000001,70.538,39.36378736486037
1761,483.22,69.68,70.66999999999999,69.70259999999999,70.5488,39.36943584828831
1762,483.24,69.62,70.6,69.69900000000001,70.5572,39.363787364065495
1763,483.26,69.56,70.59,69.6964,70.5656,39.358228513863885
1764,483.28,69.625,70.58,69.6998,70.5736,39.35840845980136
1765,483.3,69.69,70.61500000000001,69.7032,70.583,39.36970852093973
1766,483.32,69.72,70.65,69.7052,70.592,39.38101099459616
1767,483.34,69.75,70.605,69.7052,70.59740000000001,39.38656976851601
1768,483.36,69.715,70.56,69.70060000000001,70.5988,39.39194372024576
1769,483.38,69.68,70.59,69.6938,70.5992,39.39185225175582
1770,483.4,69.71000000000001,70.62,69.68740000000001,70.6002,39.39194371976033
1771,483.42,69.74,70.66499999999999,69.68480000000001,70.6024,39.403153391339686
1772,483.44,69.785,70.71,69.6866,70.60640000000001,39.41427096751335
1773,483.46,69.83,70.725,69.6926,70.61099999999999,39.41982975648268
1774,483.48,69.895,70.74,69.70360000000001,70.6166,39.41982975573353
1775,483.5,69.96,70.69,69.71759999999999,70.62060000000001,39.41992241517865
1776,483.52,69.875,70.64,69.7286,70.62639999999999,39.4311332287881
1777,483.54,69.79,70.6,69.7362,70.6344,39.4423446177749
1778,483.56,69.725,70.56,69.74119999999999,70.6388,39.448092950525314
1779,483.58,69.66,70.62,69.7418,70.64359999999999,39.45365167464061
1780,483.6,69.705,70.68,69.7424,70.6494,39.459210398690416
1781,483.62,69.75,70.69,69.743,70.6542,39.45930610383055
1782,483.64,69.695,70.7,69.7396,70.65520000000001,39.45921039816143
1783,483.66,69.64,70.685,69.73360000000001,70.65140000000001,39.47023279609805
1784,483.68,69.69,70.67,69.7292,70.6478,39.48144529774391
1785,483.7,69.74,70.63499999999999,69.72919999999999,70.6436,39.48163722690194
1786,483.72,69.755,70.6,69.7322,70.6408,39.48173413207332
1787,483.74,69.77,70.59,69.73819999999999,70.6404,39.48173413196829
1788,483.76,69.755,70.58,69.74600000000001,70.64,39.48173413120554
1789,483.78,69.74,70.66499999999999,69.75059999999999,70.6434,39.48729281566296
1790,483.8,69.725,70.75,69.752,70.6488,39.49294900589621
1791,483.82,69.71,70.695,69.7516,70.6506,39.504164453968635
1792,483.84,69.725,70.64,69.75059999999999,70.652,39.515281772052056
1793,483.86,69.74,70.675,69.7516,70.6566,39.51528177228911
1794,483.88,69.69,70.71,69.752,70.6614,39.51528177179394
1795,483.9,69.64,70.71,69.74919999999999,70.665,39.52093911907776
1796,483.92,69.71000000000001,70.71,69.74799999999999,70.6668,39.5265970658138
1797,483.94,69.78,70.695,69.7478,70.6662,39.53771433066377
1798,483.96,69.75,70.68,69.74459999999999,70.6644,39.54893146843394
1799,483.98,69.72,70.635,69.73759999999999,70.66019999999999,39.549031965530986
1800,484.0,69.69,70.59,69.7268,70.6562,39.554490087368656
1801,484.02,69.66,70.58,69.7182,70.6538,39.55994886352474
1802,484.04,69.69,70.57,69.71419999999999,70.65259999999999,39.554490086039486
1803,484.06,69.72,70.615,69.714,70.6548,39.55459056860299
1804,484.08,69.755,70.66,69.7178,70.6564,39.56014917350332
1805,484.1,69.79,70.69999999999999,69.7212,70.6572,39.571266386527356
1806,484.12,69.805,70.74,69.7234,70.6592,39.58248463800164
1807,484.14,69.82,70.755,69.72840000000001,70.6614,39.588247153414706
1808,484.16,69.8,70.77,69.73479999999999,70.6648,39.593908602442944
1809,484.18,69.78,70.83500000000001,69.7384,70.67139999999999,39.60502570410766
1810,484.2,69.765,70.9,69.7394,70.682,39.61614280744185
1811,484.22,69.75,70.845,69.7392,70.6918,39.61624625939872
1812,484.24,69.705,70.79,69.7366,70.69980000000001,39.62201354570736
1813,484.26,69.66,70.75,69.7328,70.7066,39.62767735075075
1814,484.28,69.655,70.71,69.7294,70.7084,39.62757205324789
1815,484.3,69.65,70.69999999999999,69.7264,70.70639999999999,39.6384804096001
1816,484.32,69.715,70.69,69.7266,70.7062,39.64949412225903
1817,484.34,69.78,70.71000000000001,69.7288,70.709,39.64959748746041
1818,484.36,69.85,70.73,69.7332,70.7112,39.6442475791031
1819,484.38,69.92,70.75,69.7424,70.7128,39.644352831168604
1820,484.4,69.88499999999999,70.77,69.7522,70.71520000000001,39.64980608771702
1821,484.42,69.85,70.77,69.7578,70.7176,39.66092310859041
1822,484.44,69.81,70.77,69.759,70.72059999999999,39.67214531008457
1823,484.46,69.77,70.815,69.7598,70.726,39.67214530992239
1824,484.48,69.72999999999999,70.86,69.7602,70.735,39.67770380640624
1825,484.5,69.69,70.89,69.7602,70.747,39.69993779777179
1826,484.52,69.765,70.92,69.7644,70.7606,39.71116049416646
1827,484.54,69.84,70.89500000000001,69.7704,70.7736,39.70570834621187
1828,484.56,69.78,70.87,69.7728,70.7838,39.71116049347699
1829,484.58,69.72,70.78999999999999,69.7714,70.789,39.71671897793586
1830,484.6,69.675,70.71,69.76679999999999,70.7894,39.71693221561456
1831,484.62,69.63,70.68,69.7598,70.78699999999999,39.722490669886625
1832,484.64,69.63,70.65,69.75219999999999,70.7828,39.72794222374653
1833,484.66,69.63,70.74000000000001,69.7454,70.7816,39.73905916563103
1834,484.68,69.685,70.83,69.7416,70.7814,39.750176109268985
1835,484.7,69.74,70.905,69.7406,70.7816,39.755734581005505
1836,484.72,69.81,70.98,69.743,70.787,39.7612930531255
1837,484.74,69.88,70.945,69.75,70.7932,39.772409999614
1838,484.76,69.865,70.91,69.7582,70.7996,39.78342081802452
1839,484.78,69.85,70.84,69.76599999999999,70.8048,39.783420816742925
1840,484.8,69.84,70.77,69.7736,70.80760000000001,39.78363369677343
1841,484.82,69.83,70.775,69.7782,70.811,39.794750615953
1842,484.84,69.86500000000001,70.78,69.7816,70.8138,39.80030907597067
1843,484.86,69.9,70.83,69.78359999999999,70.81779999999999,39.80041640389827
1844,484.88,69.89500000000001,70.88,69.7826,70.82300000000001,39.805974849643135
1845,484.9,69.89,70.84,69.7828,70.8258,39.8059748483693
1846,484.92,69.85,70.8,69.78280000000001,70.827,39.80597484783001
1847,484.94,69.81,70.77,69.7828,70.827,39.81709173991581
1848,484.96,69.78999999999999,70.74,69.78359999999999,70.824,39.82820863383454
1849,484.98,69.77,70.755,69.7852,70.8198,39.828316508271364
1850,485.0,69.815,70.77,69.7902,70.815,39.828316507372385
1851,485.02,69.86,70.805,69.794,70.81040000000002,39.83387493916605
1852,485.04,69.9,70.84,69.7964,70.8082,39.834092522327296
1853,485.06,69.94,70.83500000000001,69.8028,70.80680000000001,39.8396509241088
1854,485.08,69.92,70.83,69.8108,70.8084,39.850550237084576
1855,485.1,69.9,70.88499999999999,69.8198,70.8154,39.856000870549146
1856,485.12,69.89,70.94,69.83019999999999,70.8258,39.861667104296906
1857,485.14,69.88,70.88499999999999,69.84020000000001,70.8352,39.86177550906482
1858,485.16,69.86,70.83,69.8494,70.8388,39.8617755081322
1859,485.18,69.84,70.805,69.85560000000001,70.8378,39.8728923472055
1860,485.2,69.86500000000001,70.78,69.8606,70.83279999999999,39.884118154272855
1861,485.22,69.89,70.775,69.8638,70.8246,39.88422774010357
1862,485.24,69.99000000000001,70.77,69.8682,70.8176,39.88422773915797
1863,485.26,70.09,70.79499999999999,69.8772,70.81299999999999,39.900902911479776
1864,485.28,70.05000000000001,70.82,69.8852,70.8122,39.911801294837026
1865,485.3,70.01,70.82,69.892,70.8142,39.90613458659096
1866,485.32,70.03,70.82,69.9,70.81599999999999,39.906351776648805
1867,485.34,70.05,70.835,69.9074,70.81819999999999,39.912019693044634
1868,485.36,69.985,70.85,69.91080000000001,70.819,39.91757808481661
1869,485.38,69.92,70.8,69.9118,70.8158,39.917578084578665
1870,485.4,69.95,70.75,69.9142,70.81219999999999,39.91757808357768
1871,485.42,69.98,70.81,69.91940000000001,70.8126,39.928694868872704
1872,485.44,70.005,70.87,69.9272,70.8166,39.934253262856096
1873,485.46,70.03,70.91,69.9368,70.8234,39.93992170931755
1874,485.48,69.955,70.95,69.9442,70.8312,39.95659684667072
1875,485.5,69.88,70.81,69.9468,70.83279999999999,39.96193586163803
1876,485.52,69.91999999999999,70.67,69.9492,70.8274,39.95637745010072
1877,485.54,69.96,70.72,69.9516,70.8226,39.956486837635076
1878,485.56,70.095,70.77,69.95779999999999,70.82,39.95637744856185
1879,485.58,70.23,70.815,69.9702,70.8194,39.962045231784735
1880,485.6,70.2,70.86,69.9822,70.8184,39.97349376571887
1881,485.62,70.17,70.86500000000001,69.99340000000001,70.8154,39.973605584736575
1882,485.64,70.105,70.87,70.0024,70.81479999999999,39.973718022186915
1883,485.66,70.04,70.94,70.0096,70.8192,39.9793893826079
1884,485.68,69.94,71.01,70.0136,70.8274,39.99050599050883
1885,485.7,69.84,70.965,70.0126,70.8348,40.00706794216815
1886,485.72,69.9,70.92,70.013,70.8406,40.01796057735984
1887,485.74,69.96,70.92500000000001,70.01180000000001,70.84679999999999,40.01796057680631
1888,485.76,69.99,70.93,70.0078,70.8522,40.01807227043782
1889,485.78,70.02,70.855,70.00659999999999,70.8536,40.02918894650431
1890,485.8,70.025,70.78,70.0072,70.852,40.03474728492686
1891,485.82,70.03,70.775,70.0072,70.8502,40.03474728468335
1892,485.84,70.005,70.77,70.0054,70.8476,40.04030562356275
1893,485.86,69.98,70.79499999999999,70.0052,70.8454,40.04019399005323
1894,485.88,69.97,70.82,70.0072,70.84620000000001,40.03997257743747
1895,485.9,69.96,70.84,70.0076,70.8498,40.04553096298298
1896,485.92,70.08,70.86,70.0116,70.8518,40.04019398752736
1897,485.94,70.2,70.89500000000001,70.01939999999999,70.8528,40.04019398690006
1898,485.96,70.305,70.93,70.0304,70.8536,40.05119971319765
1899,485.98,70.41,70.96000000000001,70.0486,70.854,40.0567580837958
1900,486.0,70.305,70.99,70.06559999999999,70.8612,40.06231645507298
1901,486.02,70.2,70.93,70.0768,70.8716,40.073433198780094
1902,486.04,70.055,70.87,70.0806,70.8776,40.084549944012004
1903,486.06,69.91,70.845,70.0732,70.8806,40.084549943819404
1904,486.08,69.9,70.82,70.06,70.88080000000001,40.08454994357052
1905,486.1,69.89,70.78,70.0476,70.8776,40.095777551084545
1906,486.12,69.97999999999999,70.74,70.04,70.8726,40.107117779701206
1907,486.14,70.07,70.75999999999999,70.0386,70.8682,40.112676108113384
1908,486.16,70.095,70.78,70.0408,70.8618,40.11245262740765
1909,486.18,70.12,70.8,70.048,70.85340000000001,40.10678343710622
1910,486.2,70.16499999999999,70.82,70.06099999999999,70.8476,40.10678343682956
1911,486.22,70.21,70.82,70.0734,70.8436,40.1179001866574
1912,486.24,70.19,70.82,70.0826,70.83940000000001,40.12345856181772
1913,486.26,70.17,70.82,70.0898,70.835,40.11790018511084
1914,486.28,70.08500000000001,70.82,70.0924,70.83359999999999,40.117790002185835
1915,486.3,70.0,70.82499999999999,70.0914,70.83539999999999,40.123238842483396
1916,486.32,69.96000000000001,70.83,70.0886,70.8376,40.12879724842406
1917,486.34,69.92,70.83500000000001,70.0852,70.8402,40.13991406249987
1918,486.36,70.03,70.84,70.0872,70.84200000000001,40.15103087841277
1919,486.38,70.14,70.83500000000001,70.094,70.84259999999999,40.15114035175734
1920,486.4,70.125,70.83,70.1006,70.8422,40.14569206424873
1921,486.42,70.11,70.815,70.1018,70.8404,40.14558195766756
1922,486.44,70.185,70.8,70.1012,70.8366,40.13991405958056
1923,486.46,70.26,70.765,70.0994,70.83,40.14002356352583
1924,486.48,70.255,70.73,70.09320000000001,70.8208,40.151250439765775
1925,486.5,70.25,70.78,70.09100000000001,70.8124,40.15125043883883
1926,486.52,70.27000000000001,70.83,70.0938,70.8084,40.1512504378838
1927,486.54,70.29,70.82499999999999,70.1032,70.8066,40.156808815683846
1928,486.56,70.20500000000001,70.82,70.115,70.8056,40.16247787035056
1929,486.58,70.12,70.87,70.1238,70.8076,40.17370585909283
1930,486.6,70.14500000000001,70.92,70.134,70.8132,40.18471132577271
1931,486.62,70.17,70.86500000000001,70.14160000000001,70.81819999999999,40.18460070990484
1932,486.64,70.195,70.81,70.14659999999999,70.8202,40.1789323148511
1933,486.66,70.22,70.82,70.1516,70.8218,40.178714133346475
1934,486.68,70.16499999999999,70.83,70.1534,70.82300000000001,40.18416440700285
1935,486.7,70.11,70.82499999999999,70.1512,70.8232,40.19538940964688
1936,486.72,70.15,70.82,70.1488,70.8232,40.20661496987137
1937,486.74,70.19,70.85,70.1488,70.8244,40.20661496963766
1938,486.76,70.195,70.88,70.1498,70.82679999999999,40.19560749818164
1939,486.78,70.2,70.83,70.15440000000001,70.8272,40.19015908536476
1940,486.8,70.14500000000001,70.78,70.1602,70.8254,40.20127584727921
1941,486.82,70.09,70.81,70.1654,70.8246,40.218061515613414
1942,486.84,70.155,70.84,70.17479999999999,70.8248,40.223731006158346
1943,486.86,70.22,70.83,70.1824,70.8244,40.21817265393628
1944,486.88,70.215,70.82,70.18540000000002,70.8238,40.218061514128095
1945,486.9,70.21,70.805,70.18880000000001,70.8228,40.22339947987138
1946,486.92,70.205,70.79,70.1926,70.8218,40.21773178859241
1947,486.94,70.2,70.785,70.1932,70.8212,40.21228268312495
1948,486.96,70.205,70.78,70.191,70.8218,40.217950988274346
1949,486.98,70.21,70.7,70.1892,70.8206,40.21795098764584
1950,487.0,70.185,70.62,70.1866,70.8142,40.21806150971495
1951,487.02,70.16,70.69,70.18220000000001,70.8086,40.22373100020781
1952,487.04,70.235,70.76,70.18,70.806,40.229067751390595
1953,487.06,70.31,70.805,70.1842,70.8054,40.2399654385326
1954,487.08,70.325,70.85,70.19239999999999,70.8046,40.24552385263987
1955,487.1,70.34,70.88,70.20020000000001,70.803,40.24541525040251
1956,487.12,70.295,70.91,70.20519999999999,70.8048,40.250865706770874
1957,487.14,70.25,70.88499999999999,70.20739999999999,70.8078,40.2509736785755
1958,487.16,70.255,70.86,70.2088,70.80940000000001,40.24007466799391
1959,487.18,70.26,70.875,70.21260000000001,70.8112,40.24007466702994
1960,487.2,70.265,70.89,70.2188,70.8138,40.251082263794935
1961,487.22,70.27,70.78999999999999,70.22359999999999,70.81259999999999,40.251191465476346
1962,487.24,70.32499999999999,70.69,70.229,70.8062,40.251301281276646
1963,487.26,70.38,70.65,70.2364,70.79700000000001,40.26241805076944
1964,487.28,70.25,70.61,70.2384,70.7882,40.27342506592774
1965,487.3,70.12,70.56,70.2374,70.7794,40.27887434069786
1966,487.32,70.13,70.51,70.239,70.7674,40.28432426033092
1967,487.34,70.14,70.55000000000001,70.2384,70.7558,40.28410910936616
1968,487.36,70.16499999999999,70.59,70.2362,70.7462,40.27844397802579
1969,487.38,70.19,70.66,70.23519999999999,70.7398,40.278550645897255
1970,487.4,70.255,70.73,70.237,70.7368,40.2787658260657
1971,487.42,70.32,70.78,70.2416,70.7364,40.28443275401389
1972,487.44,70.37,70.83,70.24839999999999,70.73819999999999,40.29544112205173
1973,487.46,70.42,70.81,70.257,70.73939999999999,40.29533326867775
1974,487.48,70.38,70.79,70.2638,70.743,40.28977482027074
1975,487.5,70.34,70.725,70.27,70.7472,40.284216372194635
1976,487.52,70.32,70.66,70.2764,70.746,40.28421637162165
1977,487.54,70.3,70.685,70.279,70.743,40.289882686191724
1978,487.56,70.28,70.71,70.27780000000001,70.7392,40.284324253337694
1979,487.58,70.26,70.59,70.2752,70.7288,40.27865792305943
1980,487.6,70.31,70.47,70.274,70.7124,40.28432425142737
1981,487.62,70.36,70.515,70.2766,70.6966,40.284324250847824
1982,487.64,70.32,70.56,70.27940000000001,70.68360000000001,40.28421636847725
1983,487.66,70.28,70.65,70.2804,70.67519999999999,40.300999548258616
1984,487.68,70.31,70.74,70.2824,70.6698,40.31222483718616
1985,487.7,70.34,70.78,70.2854,70.6654,40.306557981136365
1986,487.72,70.305,70.82,70.2868,70.6666,40.300784485357994
1987,487.74,70.27,70.72999999999999,70.2846,70.6682,40.29501338731117
1988,487.76,70.3,70.64,70.28139999999999,70.6678,40.28924468946783
1989,487.78,70.33,70.61500000000001,70.2846,70.668,40.28924468861906
1990,487.8,70.33,70.59,70.293,70.6692,40.2950133856622
1991,487.82,70.33,70.57,70.30099999999999,70.67160000000001,40.30623635076267
1992,487.84,70.32,70.55,70.3082,70.6716,40.317247355603506
1993,487.86,70.31,70.445,70.31400000000001,70.6658,40.31724735428953
1994,487.88,70.285,70.34,70.31779999999999,70.65299999999999,40.31179482745877
1995,487.9,70.26,70.375,70.318,70.63879999999999,40.3061303682428
1996,487.92,70.27000000000001,70.41,70.316,70.624,40.30057187500383
1997,487.94,70.28,70.44999999999999,70.31240000000001,70.6088,40.295226016095896
1998,487.96,70.36500000000001,70.49,70.31020000000001,70.596,40.29522601585598
1999,487.98,70.45,70.515,70.31299999999999,70.585,40.30078447755977
2000,488.0,70.42,70.54,70.3162,70.57759999999999,40.30634293967219
2001,488.02,70.39,70.49000000000001,70.319,70.5708,40.30623634510712
2002,488.04,70.39500000000001,70.44,70.3228,70.56099999999999,40.295119389140424
2003,488.06,70.4,70.41,70.32759999999999,70.549,40.29522601266577
2004,488.08,70.32,70.38,70.33,70.5406,40.30634293840883
2005,488.1,70.24,70.53,70.3272,70.54299999999999,40.306130361929306
2006,488.12,70.29499999999999,70.68,70.3246,70.5496,40.30057186904316
2007,488.14,70.35,70.65,70.32580000000002,70.5532,40.30078447262793
2008,488.16,70.38,70.62,70.32979999999999,70.55199999999999,40.306342935828916
2009,488.18,70.41,70.56,70.3338,70.54480000000001,40.30623634025541
2010,488.2,70.375,70.5,70.3352,70.5336,40.3061303591475
2011,488.22,70.34,70.5,70.3366,70.5208,40.30613035859429
2012,488.24,70.385,70.5,70.3412,70.5116,40.29522600712876
2013,488.26,70.43,70.595,70.3464,70.5098,40.28988266507729
2014,488.28,70.355,70.69,70.3474,70.5128,40.29554956427856
2015,488.3,70.28,70.68,70.3454,70.5164,40.30099952958287
2016,488.32,70.31,70.67,70.3446,70.5204,40.300784467899526
2017,488.34,70.34,70.52000000000001,70.34540000000001,70.5192,40.29522600429213
2018,488.36,70.35,70.37,70.347,70.5162,40.29522600369863
2019,488.38,70.36,70.325,70.35,70.5156,40.300891689606956
2020,488.4,70.325,70.28,70.3526,70.51180000000001,40.3067754476825
2021,488.42,70.29,70.4,70.35340000000001,70.51140000000001,40.31233385081257
2022,488.44,70.36000000000001,70.52,70.3566,70.5142,40.31778323423083
2023,488.46,70.43,70.6,70.3592,70.51859999999999,40.31789225377636
2024,488.48,70.475,70.68,70.3602,70.5252,40.30688511029744
2025,488.5,70.52,70.725,70.3642,70.5326,40.29587864338621
2026,488.52,70.49,70.77,70.3682,70.5438,40.29598956602742
2027,488.54,70.46,70.785,70.3708,70.55760000000001,40.30710628086018
2028,488.56,70.465,70.8,70.3734,70.5732,40.31255376055657
2029,488.58,70.47,70.735,70.37939999999999,70.5874,40.30699538660178
2030,488.6,70.49000000000001,70.67,70.3894,70.593,40.306995385995926
2031,488.62,70.51,70.61,70.398,70.59020000000001,40.31255375873062
2032,488.64,70.49000000000001,70.55,70.4036,70.5862,40.30710627776219
2033,488.66,70.47,70.525,70.4072,70.5824,40.29598956174215
2034,488.68,70.44,70.5,70.4084,70.58,40.29587863785199
2035,488.7,70.41,70.5,70.40979999999999,70.58,40.29576832752881
2036,488.72,70.425,70.5,70.4132,70.58,40.29565863110283
2037,488.74,70.44,70.525,70.4154,70.58099999999999,40.29576832630222
2038,488.76,70.375,70.55,70.4132,70.5792,40.29610109645284
2039,488.78,70.31,70.595,70.4114,70.5754,40.30732990122342
2040,488.8,70.42,70.64,70.417,70.5738,40.3073299009615
2041,488.82,70.53,70.71000000000001,70.4258,70.5754,40.29632601316591
2042,488.84,70.525,70.78,70.4332,70.5858,40.29076770159929
2043,488.86,70.52,70.685,70.44,70.5984,40.2852093901039
2044,488.88,70.47,70.59,70.4444,70.609,40.285209390235195
2045,488.9,70.42,70.6,70.4482,70.62180000000001,40.29076769936546
2046,488.92,70.455,70.61,70.4548,70.6302,40.296553384276585
2047,488.94,70.49,70.6,70.46,70.6334,40.296667992781344
2048,488.96,70.555,70.59,70.465,70.633,40.28543682463595
2049,488.98,70.62,70.545,70.4708,70.6276,40.28532279793097
2050,489.0,70.6,70.5,70.474,70.6186,40.29099510243767
2051,489.02,70.58,70.57,70.4776,70.6106,40.28555146378891
2052,489.04,70.59,70.64,70.4828,70.60480000000001,40.285322796345284
2053,489.06,70.6,70.64500000000001,70.4882,70.5986,40.2852093840978
2054,489.08,70.53,70.65,70.4906,70.59519999999999,40.2852093834356
2055,489.1,70.46,70.63,70.4894,70.59360000000001,40.29632600349224
2056,489.12,70.44,70.61,70.4866,70.5936,40.30766993796488
2057,489.14,70.42,70.58,70.4838,70.5948,40.30778451482015
2058,489.16,70.43,70.55,70.4822,70.5958,40.29655337679124
2059,489.18,70.44,70.56,70.48219999999999,70.59819999999999,40.290995097332235
2060,489.2,70.50999999999999,70.57,70.48620000000001,70.601,40.296667984185206
2061,489.22,70.58,70.57,70.4924,70.60379999999999,40.29678320675022
2062,489.24,70.58500000000001,70.57,70.49820000000001,70.60560000000001,40.291224958609305
2063,489.26,70.59,70.57,70.5068,70.60640000000001,40.285551455882015
2064,489.28,70.51,70.57,70.5148,70.6054,40.27987853619414
2065,489.3,70.43,70.56,70.51520000000001,70.6022,40.285436813904255
2066,489.32,70.505,70.55,70.5142,70.5958,40.29122495521976
2067,489.34,70.58,70.6,70.5164,70.5886,40.28589905985789
2068,489.36,70.625,70.65,70.5206,70.5872,40.274666114978565
2069,489.38,70.67,70.65,70.5286,70.5896,40.26331840344203
2070,489.4,70.575,70.65,70.53479999999999,70.5916,40.2634337210558
2071,489.42,70.48,70.625,70.5358,70.5922,40.26922441467116
2072,489.44,70.48,70.6,70.5354,70.59219999999999,40.26922441327871
2073,489.46,70.48,70.56,70.5324,70.59100000000001,40.26366619925079
2074,489.48,70.435,70.52,70.525,70.59,40.26378336059824
2075,489.5,70.39,70.54499999999999,70.5166,70.59179999999999,40.27478262536155
2076,489.52,70.4,70.57,70.5094,70.5918,40.28578257083871
2077,489.54,70.41,70.57499999999999,70.5022,70.58919999999999,40.2858990534591
2078,489.56,70.43,70.58,70.4954,70.5866,40.28578256876542
2079,489.58,70.45,70.53999999999999,70.4922,70.5822,40.28555144461364
2080,489.6,70.5,70.5,70.49380000000001,70.577,40.27455020597418
2081,489.62,70.55,70.47999999999999,70.49820000000001,70.5718,40.26390113375799
2082,489.64,70.495,70.46,70.5012,70.567,40.25858038257735
2083,489.66,70.44,70.455,70.5016,70.5632,40.263901132004584
2084,489.68,70.47999999999999,70.45,70.50319999999999,70.55879999999999,40.27489974874691
2085,489.7,70.52,70.495,70.5036,70.5558,40.27501749247559
2086,489.72,70.52,70.54,70.5012,70.5546,40.275017492522885
2087,489.74,70.52,70.515,70.4986,70.55239999999999,40.28045794540369
2088,489.76,70.455,70.49,70.4932,70.5492,40.28589904626604
2089,489.78,70.39,70.55,70.4884,70.5484,40.285899045266795
2090,489.8,70.425,70.61,70.48819999999999,70.5504,40.27501748971365
2091,489.82,70.46,70.60499999999999,70.4864,70.5526,40.264138524187636
2092,489.84,70.51499999999999,70.6,70.48379999999999,70.5526,40.2641385238974
2093,489.86,70.57,70.56,70.4816,70.54899999999999,40.264019516631905
2094,489.88,70.62,70.52,70.4796,70.5438,40.252666954143805
2095,489.9,70.67,70.525,70.4834,70.5388,40.25254975894862
2096,489.92,70.625,70.53,70.4892,70.535,40.25834294249001
2097,489.94,70.58,70.57,70.4932,70.5338,40.2530222246596
2098,489.96,70.475,70.61,70.493,70.5358,40.25302222398527
2099,489.98,70.37,70.62,70.4904,70.5398,40.25302222328056
2100,490.0,70.39500000000001,70.63,70.4906,70.5432,40.25314187640043
2101,490.02,70.42,70.62,70.4914,70.5452,40.25870000640721
2102,490.04,70.41,70.61,70.4914,70.5466,40.264138516408
2103,490.06,70.4,70.58500000000001,70.4902,70.54679999999999,40.27525481238739
2104,490.08,70.46000000000001,70.56,70.4906,70.54759999999999,40.275254811693294
2105,490.1,70.52,70.56,70.4914,70.55,40.26390111668521
2106,490.12,70.495,70.56,70.4892,70.5532,40.25810796423851
2107,490.14,70.47,70.525,70.48819999999999,70.5558,40.25254975108377
2108,490.16,70.47,70.49,70.48939999999999,70.5572,40.25278475411535
2109,490.18,70.47,70.505,70.48899999999999,70.55940000000001,40.26401950497233
2110,490.2,70.475,70.52,70.4872,70.5604,40.27501747507112
2111,490.22,70.48,70.57,70.4856,70.5616,40.280457928864976
2112,490.24,70.53999999999999,70.62,70.4864,70.5658,40.280457928172616
2113,490.26,70.6,70.63,70.4922,70.5714,40.27513583275672
2114,490.28,70.66499999999999,70.64,70.50319999999999,70.575,40.264138508206806
2115,490.3,70.73,70.62,70.5154,70.5754,40.26390110935216
2116,490.32,70.67,70.6,70.5238,70.57520000000001,40.2747825973629
2117,490.34,70.61,70.555,70.52759999999999,70.57339999999999,40.27478259707061
2118,490.36,70.64500000000001,70.51,70.53059999999999,70.5714,40.26922438299868
2119,490.38,70.68,70.51,70.533,70.571,40.269107850355276
2120,490.4,70.56,70.51,70.5286,70.5704,40.26899193303958
2121,490.42,70.44,70.55000000000001,70.5212,70.5712,40.26910784899901
2122,490.44,70.44,70.59,70.5156,70.572,40.2748997225206
2123,490.46,70.44,70.51,70.5142,70.568,40.274899721867776
2124,490.48,70.475,70.43,70.5184,70.5604,40.2748997218922
2125,490.5,70.51,70.405,70.523,70.5514,40.28045791885731
2126,490.52,70.505,70.38,70.52640000000001,70.54180000000001,40.280340805046684
2127,490.54,70.5,70.475,70.53,70.5364,40.27466607514534
2128,490.56,70.57,70.57,70.5368,70.5358,40.26354961452245
2129,490.58,70.64,70.66,70.544,70.5398,40.258107948176054
2130,490.6,70.595,70.75,70.547,70.5474,40.26366616074865
2131,490.62,70.55,70.68,70.54919999999998,70.5522,40.274666072433185
2132,490.64,70.4,70.61,70.54639999999999,70.5556,40.285666664124314
2133,490.66,70.25,70.6,70.5376,70.56,40.285551409283194
2134,490.68,70.245,70.59,70.52860000000001,70.5634,40.2854367688179
2135,490.7,70.24,70.55000000000001,70.5192,70.5646,40.285436768495124
2136,490.72,70.315,70.51,70.51259999999999,70.5622,40.2856666614499
2137,490.74,70.39,70.475,70.50659999999999,70.5564,40.29134076037613
2138,490.76,70.495,70.44,70.5024,70.5488,40.2801084130955
2139,490.78,70.6,70.47999999999999,70.49980000000001,70.5424,40.27443488024953
2140,490.8,70.63499999999999,70.52,70.49600000000001,70.5384,40.285551404647435
2141,490.82,70.67,70.53999999999999,70.496,70.536,40.28566665849932
2142,490.84,70.65,70.56,70.4976,70.53620000000001,40.2856666574551
2143,490.86,70.63,70.545,70.49700000000001,70.5376,40.28543676293705
2144,490.88,70.54499999999999,70.53,70.4916,70.5384,40.27965101611745
2145,490.9,70.46,70.57,70.4876,70.5408,40.279651015828456
2146,490.92,70.38999999999999,70.61,70.48559999999999,70.5432,40.28532273594147
2147,490.94,70.32,70.61,70.4808,70.54400000000001,40.29655331894164
2148,490.96,70.47999999999999,70.61,70.4824,70.548,40.3022261905666
2149,490.98,70.64,70.63,70.48899999999999,70.556,40.296667925413466
2150,491.0,70.60499999999999,70.65,70.4928,70.5658,40.29099503752205
2151,491.02,70.57,70.655,70.49539999999999,70.57679999999999,40.290881027595546
2152,491.04,70.59,70.66,70.499,70.5842,40.29065484992992
2153,491.06,70.61,70.625,70.50059999999999,70.5864,40.28498434134049
2154,491.08,70.64500000000001,70.59,70.5008,70.58359999999999,40.27965101006351
2155,491.1,70.68,70.64,70.5042,70.5792,40.279764435642356
2156,491.12,70.595,70.69,70.506,70.5796,40.285322729465044
2157,491.14,70.51,70.715,70.5104,70.5838,40.29099503291651
2158,491.16,70.51,70.74,70.5208,70.5894,40.29110965570427
2159,491.18,70.51,70.66999999999999,70.53139999999999,70.5926,40.29666791879811
2160,491.2,70.605,70.6,70.546,70.5946,40.30222618265477
2161,491.22,70.7,70.6,70.5614,70.59819999999999,40.29655330947611
2162,491.24,70.63,70.6,70.571,70.6032,40.296325935801434
2163,491.26,70.56,70.62,70.5736,70.6104,40.30188424608814
2164,491.28,70.565,70.64,70.5722,70.6168,40.301884245092374
2165,491.3,70.57,70.6,70.5696,70.62,40.307442555823705
2166,491.32,70.57,70.56,70.5656,70.6208,40.31300086760058
2167,491.34,70.57,70.5,70.5624,70.6184,40.307329820645606
2168,491.36,70.565,70.44,70.5598,70.6142,40.307106194025295
2169,491.38,70.56,70.565,70.5604,70.6156,40.30688502326251
2170,491.4,70.52000000000001,70.69,70.5628,70.6204,40.295878553929796
2171,491.42,70.48,70.68,70.5664,70.6232,40.290542671284165
2172,491.44,70.525,70.67,70.5746,70.62559999999999,40.296101012600154
2173,491.46,70.57,70.64500000000001,70.5782,70.627,40.307106190191824
2174,491.48,70.6,70.62,70.5766,70.62660000000001,40.3126645480146
2175,491.5,70.63,70.67,70.5776,70.6274,40.307106189684546
2176,491.52,70.6,70.72,70.5788,70.63,40.30699529629436
2177,491.54,70.57,70.67,70.57799999999999,70.6304,40.312553669479335
2178,491.56,70.55,70.62,70.57560000000001,70.6302,40.312664545221736
2179,491.58,70.53,70.62,70.571,70.6314,40.318112042010206
2180,491.6,70.59,70.62,70.56739999999999,70.6306,40.32345056504554
2181,491.62,70.65,70.655,70.5696,70.6292,40.31789216029463
2182,491.64,70.625,70.69,70.5742,70.62819999999999,40.31244340399445
2183,491.66,70.6,70.60499999999999,70.5778,70.6228,40.31244340306123
2184,491.68,70.63499999999999,70.52,70.58279999999999,70.6168,40.31222471856169
2185,491.7,70.67,70.555,70.58539999999999,70.615,40.312116297552045
2186,491.72,70.725,70.59,70.5864,70.6146,40.31233375247728
2187,491.74,70.78,70.58500000000001,70.5924,70.61399999999999,40.31233375187644
2188,491.76,70.66499999999999,70.58,70.5966,70.6124,40.31778313568577
2189,491.78,70.55,70.595,70.596,70.61059999999999,40.31789215479825
2190,491.8,70.595,70.61,70.597,70.611,40.31244339847143
2191,491.82,70.64,70.565,70.5998,70.61120000000001,40.318001787179504
2192,491.84,70.64,70.52,70.6026,70.61200000000001,40.323341553176405
2193,491.86,70.64,70.53999999999999,70.6056,70.616,40.3175669354217
2194,491.88,70.58,70.56,70.6064,70.6158,40.31767472670272
2195,491.9,70.52,70.58500000000001,70.60640000000001,70.6116,40.32334155103003
2196,491.92,70.44999999999999,70.61,70.6052,70.6088,40.323233159658805
2197,491.94,70.38,70.58500000000001,70.5994,70.6054,40.328683832142566
2198,491.96,70.41499999999999,70.56,70.5932,70.602,40.32857668312951
2199,491.98,70.45,70.515,70.5872,70.59779999999999,40.31735319006711
2200,492.0,70.505,70.47,70.5822,70.58980000000001,40.317353189480556
2201,492.02,70.56,70.49000000000001,70.58059999999999,70.5806,40.32301821665381
2202,492.04,70.64500000000001,70.51,70.5836,70.5742,40.32301821607981
2203,492.06,70.73,70.58000000000001,70.5908,70.57260000000001,40.32847014570667
2204,492.08,70.77000000000001,70.65,70.6004,70.5738,40.3284701451043
2205,492.1,70.81,70.63,70.6092,70.5742,40.31735318663506
2206,492.12,70.69,70.61,70.6108,70.5724,40.322911664502286
2207,492.14,70.57,70.59,70.6086,70.5684,40.33402862292436
2208,492.16,70.57499999999999,70.57,70.6076,70.56700000000001,40.33402862233007
2209,492.18,70.58,70.58,70.6054,70.5694,40.33958710196377
2210,492.2,70.61500000000001,70.59,70.6032,70.5708,40.34503970523599
2211,492.22,70.65,70.57,70.6002,70.57,40.33948120959007
2212,492.24,70.405,70.55,70.5852,70.5686,40.33937593098612
2213,492.26,70.16,70.55,70.565,70.5674,40.339167214915676
2214,492.28,70.295,70.55,70.5548,70.5656,40.33371274182079
2215,492.3,70.43,70.525,70.54820000000001,70.5622,40.33381741975512
2216,492.32,70.565,70.5,70.54520000000001,70.5596,40.328154217354246
2217,492.34,70.7,70.595,70.54759999999999,70.5626,40.32249159996811
2218,492.36,70.63499999999999,70.69,70.5474,70.5686,40.32815421658558
2219,492.38,70.57,70.72999999999999,70.54700000000001,70.5754,40.34493443637876
2220,492.4,70.595,70.77,70.55,70.58279999999999,40.35594683432433
2221,492.42,70.62,70.755,70.55680000000001,70.5886,40.350284286958306
2222,492.44,70.815,70.74,70.5742,70.5948,40.339271260778226
2223,492.46,71.01,70.72,70.598,70.6012,40.333817415305674
2224,492.48,70.94,70.7,70.6176,70.6086,40.333817414397856
2225,492.5,70.87,70.68,70.6322,70.617,40.328258905261364
2226,492.52,70.805,70.66,70.642,70.6238,40.32815421114208
2227,492.54,70.74,70.655,70.6458,70.6296,40.33927125736687
2228,492.56,70.69999999999999,70.65,70.6446,70.6324,40.33927125751862
2229,492.58,70.66,70.605,70.6402,70.6306,40.33360866819906
2230,492.6,70.675,70.56,70.6348,70.62780000000001,40.33350521593494
2231,492.62,70.69,70.565,70.6348,70.62599999999999,40.33340237780729
2232,492.64,70.59,70.57,70.6356,70.6252,40.338960943399655
2233,492.66,70.49,70.625,70.6322,70.6274,40.344519509998484
2234,492.68,70.5,70.68,70.62899999999999,70.6314,40.34997589491177
2235,492.7,70.51,70.775,70.6248,70.6388,40.35533198006968
2236,492.72,70.52000000000001,70.87,70.6196,70.6508,40.36069057523333
2237,492.74,70.53,70.86500000000001,70.6246,70.6634,40.37180785023863
2238,492.76,70.605,70.86,70.64240000000001,70.6758,40.37200780798517
2239,492.78,70.68,70.795,70.6578,70.68560000000001,40.3608905877837
2240,492.8,70.61500000000001,70.73,70.6652,70.6938,40.360790273983376
2241,492.82,70.55,70.74000000000001,70.66460000000001,70.7034,40.36644919643971
2242,492.84,70.64,70.75,70.6622,70.70960000000001,40.36644919595594
2243,492.86,70.73,70.775,70.666,70.71300000000001,40.37190752014333
2244,492.88,70.73,70.8,70.6724,70.7158,40.37200780492936
2245,492.9,70.73,70.785,70.6778,70.71640000000001,40.36644919441347
2246,492.92,70.71000000000001,70.77,70.6814,70.717,40.37180784538014
2247,492.94,70.69,70.75999999999999,70.6764,70.7178,40.37726743663362
2248,492.96,70.645,70.75,70.6618,70.719,40.371610338087606
2249,492.98,70.6,70.785,70.6482,70.72240000000001,40.36039514802664
2250,493.0,70.58,70.82,70.6366,70.72800000000001,40.36020126598963
2251,493.02,70.56,70.75999999999999,70.6268,70.732,40.37103253281709
2252,493.04,70.555,70.7,70.6194,70.7338,40.376591277299156
2253,493.06,70.55,70.74000000000001,70.6134,70.73740000000001,40.37659127685012
2254,493.08,70.58,70.78,70.6102,70.7444,40.382150021260884
2255,493.1,70.61,70.815,70.6076,70.7546,40.38234011729506
2256,493.12,70.64500000000001,70.85,70.6058,70.766,40.371222679087076
2257,493.14,70.68,70.835,70.60940000000001,70.7766,40.37103253012251
2258,493.16,70.685,70.82,70.6172,70.78439999999999,40.37659127460495
2259,493.18,70.69,70.775,70.62480000000001,70.7882,40.37678139645151
2260,493.2,70.63,70.73,70.62960000000001,70.7864,40.382244760140864
2261,493.22,70.57,70.70500000000001,70.63159999999999,70.7798,40.38205588992788
2262,493.24,70.61,70.68,70.6348,70.7724,40.37103252788336
2263,493.26,70.65,70.70500000000001,70.6366,70.7662,40.37103252742793
2264,493.28,70.63,70.73,70.6346,70.7636,40.38196237305744
2265,493.3,70.61,70.75,70.6344,70.7644,40.38733597700102
2266,493.32,70.64500000000001,70.77,70.6382,70.76559999999999,40.392712083568505
2267,493.34,70.68,70.815,70.63980000000001,70.7682,40.40382972800402
2268,493.36,70.74000000000001,70.86,70.64020000000001,70.77159999999999,40.398453569422465
2269,493.38,70.8,70.86,70.643,70.774,40.38733597495523
2270,493.4,70.805,70.86,70.646,70.777,40.39289477194986
2271,493.42,70.81,70.85,70.65,70.78020000000001,40.39863868370088
2272,493.44,70.81,70.84,70.6548,70.7834,40.398732160125896
2273,493.46,70.81,70.85,70.6614,70.78739999999999,40.39873216039012
2274,493.48,70.745,70.86,70.66720000000001,70.7904,40.40419745448719
2275,493.5,70.68,70.83,70.67120000000001,70.7908,40.4095711615056
2276,493.52,70.61500000000001,70.8,70.6734,70.7924,40.40382972459868
2277,493.54,70.55,70.78,70.67320000000001,70.7956,40.39818048808482
2278,493.56,70.535,70.76,70.6726,70.79639999999999,40.403829723108736
2279,493.58,70.52,70.77000000000001,70.67020000000001,70.796,40.40947954680511
2280,493.6,70.705,70.78,70.674,70.7946,40.40401236190313
2281,493.62,70.89,70.82,70.6838,70.7934,40.393079907811014
2282,493.64,70.88,70.86,70.6918,70.7944,40.38761463870772
2283,493.66,70.87,70.83500000000001,70.6992,70.795,40.39307990693647
2284,493.68,70.73,70.81,70.7008,70.79639999999999,40.404012359846625
2285,493.7,70.59,70.785,70.6992,70.7986,40.40938854353679
2286,493.72,70.58500000000001,70.76,70.69980000000001,70.8008,40.41476722706521
2287,493.74,70.58,70.75,70.6986,70.8036,40.41476722631407
2288,493.76,70.63499999999999,70.74,70.69800000000001,70.805,40.403649530873246
2289,493.78,70.69,70.785,70.7004,70.80720000000001,40.409119214921766
2290,493.8,70.655,70.83,70.7022,70.8104,40.420236934951554
2291,493.82,70.62,70.765,70.7012,70.81020000000001,40.41458953591747
2292,493.84,70.575,70.7,70.697,70.8056,40.41441429721492
2293,493.86,70.53,70.715,70.6886,70.7998,40.425532089612545
2294,493.88,70.55,70.73,70.6786,70.7946,40.425707280011224
2295,493.9,70.57,70.695,70.6692,70.788,40.414589534702095
2296,493.92,70.6,70.66,70.6608,70.7804,40.408855399172445
2297,493.94,70.63,70.72,70.65360000000001,70.7756,40.414414294948806
2298,493.96,70.66999999999999,70.78,70.648,70.7728,40.42570727844267
2299,493.98,70.71,70.805,70.64659999999999,70.7706,40.43126615122604
2300,494.0,70.63999999999999,70.83,70.645,70.7706,40.43682502424966
2301,494.02,70.57,70.74000000000001,70.6432,70.76820000000001,40.44247237402719
2302,494.04,70.53999999999999,70.65,70.6428,70.763,40.43691351249045
2303,494.06,70.51,70.685,70.64179999999999,70.76,40.43135465119698
2304,494.08,70.495,70.72,70.64079999999998,70.758,40.43682502232794
2305,494.1,70.48,70.77,70.6318,70.7576,40.44229603016887
2306,494.12,70.555,70.82,70.61840000000001,70.7576,40.43664987943111
2307,494.14,70.63,70.755,70.6084,70.7534,40.430918264461035
2308,494.16,70.64,70.69,70.5992,70.7476,40.436306940821616
2309,494.18,70.65,70.705,70.596,70.74340000000001,40.44186588532945
2310,494.2,70.64,70.72,70.598,70.7408,40.44195068875308
2311,494.22,70.63,70.725,70.5998,70.7394,40.44186588427735
2312,494.24,70.60499999999999,70.73,70.60079999999999,70.7386,40.44742482865215
2313,494.26,70.58,70.775,70.59859999999999,70.74,40.44759502631251
2314,494.28,70.68,70.82,70.59819999999999,70.7414,40.43647718313944
2315,494.3,70.78,70.805,70.6032,70.7404,40.43639175440781
2316,494.32,70.805,70.79,70.6106,70.7414,40.44203610310446
2317,494.34,70.83,70.805,70.6208,70.74560000000001,40.442036103087574
2318,494.36,70.675,70.82,70.6266,70.7498,40.44178168981392
2319,494.38,70.52,70.82499999999999,70.6254,70.75359999999999,40.436139141706036
2320,494.4,70.47999999999999,70.83,70.6218,70.759,40.43630693653271
2321,494.42,70.44,70.86,70.6154,70.767,40.45298377072178
2322,494.44,70.495,70.89,70.60999999999999,70.7738,40.46410166092341
2323,494.46,70.55,70.9,70.60520000000001,70.7786,40.45871286560593
2324,494.48,70.525,70.91,70.59779999999999,70.78280000000001,40.45306855070941
2325,494.5,70.5,70.83500000000001,70.59219999999999,70.78299999999999,40.45845855689609
2326,494.52,70.55,70.76,70.5914,70.7838,40.46401751349405
2327,494.54,70.6,70.74000000000001,70.5938,70.7874,40.464017513139446
2328,494.56,70.57499999999999,70.72,70.59639999999999,70.7888,40.46410165876462
2329,494.58,70.55,70.75999999999999,70.5986,70.7904,40.46418641617321
2330,494.6,70.50999999999999,70.8,70.5998,70.7916,40.46966060330771
2331,494.62,70.47,70.82,70.5964,70.7916,40.475135426598136
2332,494.64,70.44,70.84,70.58879999999999,70.795,40.48052799628073
2333,494.66,70.41,70.805,70.5796,70.7996,40.485923057019825
2334,494.68,70.435,70.77,70.571,70.8022,40.49156370310005
2335,494.7,70.46,70.805,70.5638,70.8056,40.49156370276581
2336,494.72,70.57,70.84,70.56139999999999,70.8102,40.48028299937963
2337,494.74,70.68,70.855,70.56439999999999,70.8152,40.47472398492082
2338,494.76,70.86500000000001,70.87,70.5758,70.819,40.469327733963496
2339,494.78,71.05,70.845,70.5906,70.82,40.469327733973124
2340,494.8,70.975,70.82,70.5984,70.8206,40.474723983924235
2341,494.82,70.9,70.82499999999999,70.6022,70.822,40.47472398394875
2342,494.84,70.87,70.83,70.6038,70.82300000000001,40.47480504787591
2343,494.86,70.84,70.8,70.6104,70.82220000000001,40.480364050535
2344,494.88,70.74000000000001,70.77,70.6192,70.82,40.49140102625796
2345,494.9,70.64,70.74,70.6256,70.8164,40.49679983403907
2346,494.92,70.55,70.71,70.63,70.8104,40.502358870621876
2347,494.94,70.46,70.72999999999999,70.6286,70.804,40.50791790775308
2348,494.96,70.43,70.75,70.62379999999999,70.798,40.50235886998389
2349,494.98,70.4,70.805,70.61880000000001,70.79379999999999,40.49140102424358
2350,495.0,70.505,70.86,70.619,70.7948,40.48584200903327
