,Time,Speed Follower,Speed Leader,Smooth Speed Follower,Smooth Speed Leader,Spacing
0,3906.0,86.145,86.07,86.17,86.2984,39.271971949186316
1,3906.02,86.08,86.125,86.1674,86.29979999999999,39.28397014286649
2,3906.04,86.09,86.18,86.1634,86.2976,39.28904195356966
3,3906.06,86.1,86.22,86.1612,86.29119999999999,39.29411452685855
4,3906.08,86.1,86.26,86.1604,86.2876,39.295041164694254
5,3906.1,86.1,86.24000000000001,86.15960000000001,86.28439999999999,39.28996994611355
6,3906.12,86.13499999999999,86.22,86.16019999999999,86.28020000000001,39.289505605413574
7,3906.14,86.17,86.22,86.161,86.2758,39.28397006599168
8,3906.16,86.155,86.22,86.16,86.2706,39.27382869361234
9,3906.18,86.14,86.265,86.15879999999999,86.26639999999999,39.28029610677518
10,3906.2,86.08500000000001,86.31,86.1558,86.2648,39.291833442801575
11,3906.22,86.03,86.295,86.15039999999999,86.2634,39.292300882260854
12,3906.24,86.015,86.28,86.1442,86.26100000000001,39.29276894649269
13,3906.26,86.0,86.3,86.1376,86.259,39.29924190408194
14,3906.28,86.035,86.32,86.1326,86.2592,39.31172292797564
15,3906.3,86.07,86.37,86.1284,86.26280000000001,39.31820142311688
16,3906.32,86.15,86.42,86.12679999999999,86.26799999999999,39.31313965431272
17,3906.34,86.23,86.405,86.1288,86.27220000000001,39.31266676549523
18,3906.36,86.17,86.39,86.1288,86.2758,39.31820138332444
19,3906.38,86.11,86.3,86.12639999999999,86.2758,39.31408723737517
20,3906.4,86.09,86.21,86.1232,86.2714,39.309979118108465
21,3906.42,86.07,86.13999999999999,86.11779999999999,86.2634,39.31141104191579
22,3906.44,86.095,86.07,86.11200000000001,86.25319999999999,39.31236877450922
23,3906.46,86.12,86.145,86.10780000000001,86.2466,39.31236876040024
24,3906.48,86.1,86.22,86.10340000000001,86.24780000000001,39.31236874711731
25,3906.5,86.08,86.195,86.10079999999999,86.2528,39.31236873313034
26,3906.52,86.08,86.17,86.10079999999999,86.2546,39.31188953430631
27,3906.54,86.08,86.22,86.10040000000001,86.2562,39.31742347547547
28,3906.56,86.08,86.27,86.09960000000001,86.25820000000002,39.317902579392474
29,3906.58,86.08,86.34,86.09880000000001,86.2614,39.323916134609426
30,3906.6,86.12,86.41,86.0996,86.26820000000002,39.33546395882175
31,3906.62,86.16,86.37,86.1006,86.27420000000001,39.32993017142435
32,3906.64,86.185,86.33,86.1012,86.27860000000001,39.319825235124895
33,3906.66,86.21,86.25999999999999,86.10339999999998,86.28019999999998,39.31574039467537
34,3906.68,86.225,86.19,86.1068,86.2772,39.31622455919602
35,3906.7,86.24,86.17,86.113,86.27159999999999,39.32224262310163
36,3906.72,86.265,86.15,86.1224,86.2658,39.322242609687436
37,3906.74,86.29,86.22,86.1334,86.26339999999999,39.31574033928447
38,3906.76,86.285,86.29,86.14479999999999,86.263,39.31574032504671
39,3906.78,86.28,86.26,86.15459999999999,86.2606,39.32224256730553
40,3906.8,86.185,86.23,86.15919999999998,86.255,39.328261126139076
41,3906.82,86.09,86.245,86.1568,86.24799999999999,39.328261112025494
42,3906.84,86.035,86.26,86.14900000000002,86.24220000000001,39.32826109838746
43,3906.86,85.98,86.285,86.14139999999999,86.238,39.338842384488736
44,3906.88,85.965,86.31,86.1356,86.2384,39.34894082850302
45,3906.9,85.95,86.31,86.13,86.2424,39.34894081439997
46,3906.92,85.96000000000001,86.31,86.12560000000002,86.24919999999999,39.34990896191567
47,3906.94,85.97,86.23,86.1206,86.2556,39.3568989830585
48,3906.96,85.965,86.15,86.1144,86.2558,39.36942713660427
49,3906.98,85.96,86.155,86.10880000000002,86.25319999999999,39.3699156735552
50,3907.0,85.97,86.16,86.1044,86.2518,39.35282835412667
51,3907.02,85.98,86.13,86.10040000000001,86.2502,39.34127427082884
52,3907.04,86.01,86.1,86.09759999999999,86.24539999999999,39.34729542275176
53,3907.06,86.04,86.09,86.096,86.23819999999999,39.35380644788728
54,3907.08,86.06,86.08,86.0952,86.2278,39.35577018650711
55,3907.1,86.08,86.14,86.09360000000001,86.21699999999998,39.3632761154351
56,3907.12,86.15,86.2,86.09320000000001,86.2102,39.357743881279376
57,3907.14,86.22,86.21000000000001,86.09459999999999,86.20540000000001,39.34618494583101
58,3907.16,86.22999999999999,86.22,86.09540000000001,86.20380000000002,39.340158714365984
59,3907.18,86.24,86.22999999999999,86.09599999999999,86.20540000000001,39.33917266892783
60,3907.2,86.22999999999999,86.24,86.09559999999999,86.20819999999999,39.344705128293086
61,3907.22,86.22,86.225,86.09380000000002,86.2112,39.34470511355507
62,3907.24,86.22,86.21,86.09100000000001,86.21080000000002,39.34925432061382
63,3907.26,86.22,86.26499999999999,86.08840000000001,86.2098,39.36031956918077
64,3907.28,86.205,86.32,86.0854,86.2122,39.366343309643035
65,3907.3,86.19,86.245,86.0856,86.2128,39.36031954104378
66,3907.32,86.225,86.17,86.09100000000001,86.2098,39.34925426384693
67,3907.34,86.26,86.17500000000001,86.1,86.20639999999999,39.35023750904569
68,3907.36,86.30000000000001,86.18,86.11280000000001,86.20219999999999,39.356755598475914
69,3907.38,86.34,86.195,86.12780000000001,86.19760000000001,39.36327591114698
70,3907.4,86.34,86.21,86.1434,86.1936,39.358734276487155
71,3907.42,86.34,86.26499999999999,86.15859999999999,86.19179999999999,39.34263451160699
72,3907.44,86.33500000000001,86.32,86.1732,86.1954,39.3421380532949
73,3907.46,86.33,86.31,86.18779999999998,86.2018,39.35774363292388
74,3907.48,86.235,86.3,86.19879999999999,86.2076,39.36880806606278
75,3907.5,86.14,86.22999999999999,86.20559999999999,86.2104,39.36327582400031
76,3907.52,86.05,86.16,86.2084,86.2116,39.36228784155069
77,3907.54,85.96,86.155,86.20640000000002,86.21379999999999,39.36683485630348
78,3907.56,85.975,86.15,86.20379999999999,86.21619999999999,39.36130233653335
79,3907.58,85.99,86.17,86.20099999999998,86.21979999999999,39.35576982549288
80,3907.6,86.065,86.19,86.20039999999999,86.2218,39.35527793870509
81,3907.62,86.14,86.215,86.2,86.2224,39.36130229418029
82,3907.64,86.11500000000001,86.24,86.1958,86.22359999999999,39.36031929664221
83,3907.66,86.09,86.255,86.1902,86.225,39.35380601927643
84,3907.68,86.095,86.27,86.18440000000001,86.2266,39.35478663281855
85,3907.7,86.1,86.235,86.1792,86.22640000000001,39.360319253203066
86,3907.72,86.12,86.2,86.1752,86.2254,39.3603192390817
87,3907.74,86.14,86.235,86.17200000000001,86.22640000000001,39.35527783809641
88,3907.76,86.205,86.27,86.17139999999999,86.2266,39.354786574898
89,3907.78,86.27,86.25,86.17399999999999,86.22380000000001,39.35933870665453
90,3907.8,86.25999999999999,86.23,86.1768,86.22319999999999,39.36487147292126
91,3907.82,86.25,86.23,86.1778,86.22560000000001,39.3593386785384
92,3907.84,86.325,86.23,86.1804,86.2278,39.34827312558274
93,3907.86,86.4,86.215,86.18440000000001,86.2292,39.34372125547602
94,3907.88,86.33500000000001,86.2,86.1842,86.2294,39.350237119504456
95,3907.9,86.27,86.185,86.18140000000001,86.22840000000001,39.355769594483995
96,3907.92,86.235,86.17,86.17720000000001,86.22460000000001,39.355277708986854
97,3907.94,86.2,86.17500000000001,86.1718,86.21879999999999,39.3557695659465
98,3907.96,86.205,86.18,86.16680000000001,86.2136,39.344704580157384
99,3907.98,86.21,86.215,86.1658,86.21019999999999,39.33818855712864
100,3908.0,86.19,86.25,86.1678,86.21099999999998,39.3482730111199
101,3908.02,86.17,86.255,86.1726,86.2148,39.35884922584529
102,3908.04,86.13499999999999,86.26,86.1796,86.21900000000001,39.364871301805714
103,3908.06,86.1,86.215,86.18459999999999,86.2216,39.35982843988567
104,3908.08,86.16999999999999,86.17,86.1918,86.2216,39.348763024747505
105,3908.1,86.24,86.14500000000001,86.1988,86.21979999999999,39.34323032092666
106,3908.12,86.25999999999999,86.12,86.2036,86.21600000000001,39.34274016768029
107,3908.14,86.28,86.16,86.2102,86.2128,39.34729464154336
108,3908.16,86.255,86.2,86.2168,86.2106,39.34729462686137
109,3908.18,86.23,86.205,86.22219999999999,86.208,39.34176171757856
110,3908.2,86.245,86.21,86.22800000000001,86.207,39.347294598530745
111,3908.22,86.26,86.205,86.23359999999998,86.2072,39.352827487407474
112,3908.24,86.285,86.2,86.2394,86.2058,39.34176167437271
113,3908.26,86.31,86.25,86.2436,86.205,39.33622877248695
114,3908.28,86.32,86.3,86.2456,86.207,39.34176164641252
115,3908.3,86.33,86.33,86.24839999999999,86.211,39.342740038505326
116,3908.32,86.32499999999999,86.36,86.25139999999999,86.21619999999999,39.34274002474182
117,3908.34,86.32,86.36,86.25119999999998,86.22139999999999,39.34729449935561
118,3908.36,86.335,86.36,86.24859999999998,86.22720000000001,39.34729448467361
119,3908.38,86.35,86.35,86.2492,86.2332,39.342739982166975
120,3908.4,86.315,86.34,86.25099999999999,86.2394,39.342739966973724
121,3908.42,86.28,86.25,86.2528,86.2426,39.34729444188861
122,3908.44,86.23,86.16,86.25399999999999,86.242,39.34680622865073
123,3908.46,86.18,86.19999999999999,86.25299999999999,86.24279999999999,39.33574029357292
124,3908.48,86.135,86.24,86.25,86.24380000000001,39.33525256685682
125,3908.5,86.09,86.28999999999999,86.24600000000001,86.2454,39.34534532960974
126,3908.52,86.14500000000001,86.34,86.245,86.24880000000002,39.350878492543146
127,3908.54,86.2,86.275,86.2476,86.24939999999998,39.356411663321225
128,3908.56,86.25,86.21,86.2536,86.2492,39.34990781454484
129,3908.58,86.3,86.25,86.25880000000001,86.2524,39.33787275268688
130,3908.6,86.32499999999999,86.29,86.26219999999999,86.2582,39.34340618083483
131,3908.62,86.35,86.31,86.2658,86.26579999999998,39.349423382786796
132,3908.64,86.35499999999999,86.33,86.2688,86.2726,39.338841138239445
133,3908.66,86.36,86.38499999999999,86.27300000000001,86.28,39.33379304357053
134,3908.68,86.32,86.44,86.2766,86.2894,39.34485949750403
135,3908.7,86.28,86.37,86.27799999999999,86.2958,39.35039272942607
136,3908.72,86.3,86.3,86.27960000000002,86.29960000000001,39.35136461178728
137,3908.74,86.32,86.215,86.28099999999999,86.3002,39.35282711786551
138,3908.76,86.3,86.13,86.28059999999999,86.29539999999999,39.34680600157699
139,3908.78,86.28,86.245,86.279,86.29320000000001,39.34534513234614
140,3908.8,86.24000000000001,86.36,86.2754,86.29439999999998,39.35087829530726
141,3908.82,86.2,86.295,86.2704,86.29180000000001,39.3513645410831
142,3908.84,86.155,86.23,86.2638,86.28659999999999,39.34631837015877
143,3908.86,86.11,86.295,86.25480000000002,86.28399999999999,39.34680593091494
144,3908.88,86.09,86.36,86.24439999999998,86.2844,39.35185138169972
145,3908.9,86.07,86.38499999999999,86.23460000000001,86.2862,39.35087822488908
146,3908.92,86.03999999999999,86.41,86.225,86.29259999999998,39.34990756266307
147,3908.94,86.01,86.375,86.21619999999999,86.3012,39.354472851228714
148,3908.96,86.0,86.34,86.20900000000002,86.30680000000001,39.35302548556581
149,3908.98,85.99,86.25,86.2032,86.3072,39.34701054047543
150,3909.0,85.965,86.16,86.1982,86.30199999999999,39.34701052639266
151,3909.02,85.94,86.215,86.19,86.29699999999998,39.3460498419718
152,3909.04,86.035,86.27,86.1834,86.2968,39.34003650472443
153,3909.06,86.13,86.33500000000001,86.1786,86.3018,39.33955764757153
154,3909.08,86.185,86.4,86.17399999999999,86.3078,39.33955763347154
155,3909.1,86.24,86.435,86.1706,86.31360000000001,39.33498208191266
156,3909.12,86.235,86.47,86.166,86.32,39.33040930230137
157,3909.14,86.23,86.34,86.161,86.32039999999999,39.3253571307205
158,3909.16,86.21000000000001,86.21,86.155,86.3134,39.32535711694618
159,3909.18,86.19,86.22,86.14980000000001,86.30460000000001,39.331372832528736
160,3909.2,86.235,86.23,86.148,86.29900000000002,39.331372818437174
161,3909.22,86.28,86.25,86.1472,86.29700000000001,39.32487553382893
162,3909.24,86.25,86.27,86.1444,86.2992,39.32439460287455
163,3909.26,86.22,86.225,86.14119999999998,86.30300000000001,39.32487550610701
164,3909.28,86.125,86.18,86.135,86.3004,39.32487549249095
165,3909.3,86.03,86.22,86.1266,86.29480000000001,39.32944810265351
166,3909.32,86.06,86.26,86.12100000000001,86.2934,39.334981930508285
167,3909.34,86.09,86.28999999999999,86.11840000000001,86.2958,39.33594285703563
168,3909.36,86.15,86.32,86.12,86.2968,39.331372707298016
169,3909.38,86.21,86.38,86.1248,86.29759999999999,39.331855414859945
170,3909.4,86.215,86.44,86.1306,86.29979999999999,39.33738890411176
171,3909.42,86.22,86.47,86.13780000000001,86.30220000000001,39.336906236715095
172,3909.44,86.21000000000001,86.5,86.14580000000002,86.30720000000001,39.33137265197308
173,3909.46,86.2,86.5,86.1538,86.31360000000001,39.33233870426157
174,3909.48,86.21000000000001,86.5,86.1626,86.3236,39.3383560259617
175,3909.5,86.22,86.53999999999999,86.1728,86.3388,39.34340555358659
176,3909.52,86.25999999999999,86.58,86.1856,86.35340000000001,39.34292233097668
177,3909.54,86.3,86.505,86.19619999999999,86.36280000000001,39.33787208320257
178,3909.56,86.345,86.43,86.20479999999999,86.3666,39.33282260229996
179,3909.58,86.39,86.41,86.213,86.36699999999999,39.3272892291972
180,3909.6,86.345,86.39,86.2172,86.3652,39.33282257481967
181,3909.62,86.3,86.31,86.21979999999999,86.35879999999999,39.33787202709175
182,3909.64,86.28999999999999,86.23,86.22219999999999,86.3544,39.32632173795722
183,3909.66,86.28,86.21000000000001,86.225,86.3544,39.32127171637548
184,3909.68,86.345,86.19,86.23119999999999,86.3532,39.32224053576125
185,3909.7,86.41,86.16499999999999,86.23820000000002,86.35060000000001,39.31767871082856
186,3909.72,86.35499999999999,86.14,86.24119999999999,86.34620000000001,39.31816536493688
187,3909.74,86.3,86.21000000000001,86.2432,86.34379999999999,39.31767868229216
188,3909.76,86.3,86.28,86.24640000000001,86.34599999999999,39.317678667909846
189,3909.78,86.3,86.28,86.2534,86.35,39.3186526148472
190,3909.8,86.235,86.28,86.2616,86.3524,39.3186526015724
191,3909.82,86.17,86.205,86.266,86.3502,39.31816529460417
192,3909.84,86.18,86.13,86.2696,86.34380000000002,39.3126322166616
193,3909.86,86.19,86.12,86.2712,86.3358,39.31865255798401
194,3909.88,86.16499999999999,86.11,86.26939999999999,86.325,39.33525157516432
195,3909.9,86.14,86.09,86.26639999999999,86.311,39.33525156110737
196,3909.92,86.15,86.07,86.26359999999998,86.295,39.31962897186458
197,3909.94,86.16,86.03,86.2616,86.27619999999999,39.314585332509196
198,3909.96,86.19999999999999,85.99,86.2616,86.2558,39.32011810704574
199,3909.98,86.24,85.995,86.26279999999998,86.23559999999999,39.320607880646605
200,3910.0,86.285,86.0,86.26540000000001,86.214,39.31605673131703
201,3910.02,86.33,85.995,86.2682,86.19059999999999,39.310524142777396
202,3910.04,86.36500000000001,85.99,86.2708,86.17,39.304500319663475
203,3910.06,86.4,85.97,86.273,86.1516,39.29945898834206
204,3910.08,86.36500000000001,85.95,86.272,86.13320000000002,39.29995090994969
205,3910.1,86.33,85.955,86.2714,86.1158,39.299458960035395
206,3910.12,86.28,85.96,86.2706,86.1018,39.29896763375234
207,3910.14,86.23,85.96,86.2682,86.09100000000001,39.29945893114994
208,3910.16,86.28,85.96,86.2682,86.081,39.29441837005594
209,3910.18,86.33,85.965,86.2676,86.07199999999999,39.293926350981536
210,3910.2,86.275,85.97,86.26219999999999,86.0642,39.298967576600816
211,3910.22,86.22,86.02,86.25679999999998,86.05940000000001,39.29896756208104
212,3910.24,86.25,86.07,86.25479999999999,86.0538,39.29343492761423
213,3910.26,86.28,86.08,86.25399999999999,86.04579999999999,39.287902300223024
214,3910.28,86.295,86.09,86.25380000000001,86.0382,39.288393735959914
215,3910.3,86.31,86.07,86.2568,86.0298,39.29441826980842
216,3910.32,86.34,86.05,86.26360000000001,86.02359999999999,39.29392625016227
217,3910.34,86.37,85.97999999999999,86.27120000000001,86.01759999999999,39.28286115669129
218,3910.36,86.36500000000001,85.91,86.2782,86.0092,39.27278128115514
219,3910.38,86.36,85.86,86.286,85.99919999999999,39.26774249310031
220,3910.4,86.3,85.81,86.29240000000001,85.988,39.26774247852321
221,3910.42,86.24,85.805,86.296,85.9774,39.26774246454937
222,3910.44,86.21000000000001,85.8,86.29799999999999,85.9682,39.26724884948875
223,3910.46,86.18,85.82499999999999,86.29719999999999,85.9616,39.26626350847478
224,3910.48,86.275,85.85,86.29860000000001,85.9558,39.26626349413333
225,3910.5,86.37,85.91499999999999,86.30199999999999,85.9524,39.266755831055384
226,3910.52,86.32,85.98,86.3016,85.9518,39.261716425539234
227,3910.54,86.27,85.98,86.29780000000001,85.95139999999999,39.256184052566184
228,3910.56,86.285,85.98,86.2932,85.9518,39.25569092376518
229,3910.58,86.3,86.03,86.2906,85.955,39.26122333761339
230,3910.6,86.235,86.08,86.2868,85.96,39.26675575870531
231,3910.62,86.17,86.00999999999999,86.28240000000001,85.96199999999999,39.26675574410067
232,3910.64,86.195,85.94,86.281,85.96119999999999,39.26122329430587
233,3910.66,86.22,85.9,86.27860000000001,85.9588,39.25519836212383
234,3910.68,86.245,85.86,86.2752,85.95460000000001,39.25470648289198
235,3910.7,86.27,85.84,86.275,85.94939999999998,39.25470646893499
236,3910.72,86.25999999999999,85.82,86.2766,85.94139999999999,39.249665828977285
237,3910.74,86.25,85.83,86.2766,85.93180000000001,39.24462596080505
238,3910.76,86.31,85.84,86.27780000000001,85.92220000000002,39.24462594641886
239,3910.78,86.37,85.69,86.2808,85.90620000000001,39.24008079719219
240,3910.8,86.315,85.54,86.281,85.885,39.229510987069624
241,3910.82,86.26,85.495,86.27779999999998,85.86280000000001,39.21795178284683
242,3910.84,86.26,85.45,86.2734,85.8416,39.2124195416954
243,3910.86,86.26,85.535,86.2692,85.8266,39.21241952734939
244,3910.88,86.195,85.62,86.2626,85.81700000000001,39.21291443404604
245,3910.9,86.13,85.63,86.2558,85.80980000000001,39.20787788706931
246,3910.92,86.155,85.64,86.2524,85.8032,39.196813737189814
247,3910.94,86.18,85.575,86.25120000000001,85.7942,39.19078584005439
248,3910.96,86.215,85.51,86.2526,85.7816,39.19029062493629
249,3910.98,86.25,85.47,86.2516,85.76639999999999,39.189796035557166
250,3911.0,86.295,85.43,86.24860000000001,85.74700000000001,39.183276352462954
251,3911.02,86.34,85.53,86.24940000000001,85.729,39.17725111189535
252,3911.04,86.33500000000001,85.63,86.25200000000001,85.715,39.177251097683424
253,3911.06,86.33,85.57499999999999,86.25380000000001,85.69879999999999,39.171718632267975
254,3911.08,86.32,85.52,86.25460000000001,85.67839999999998,39.16114678319253
255,3911.1,86.31,85.495,86.2576,85.655,39.15008206032161
256,3911.12,86.295,85.47,86.26259999999998,85.6334,39.14454970288854
257,3911.14,86.28,85.41499999999999,86.266,85.6124,39.150575841656725
258,3911.16,86.255,85.36,86.2674,85.5908,39.15561436703051
259,3911.18,86.23,85.245,86.2668,85.5662,39.149588818168255
260,3911.2,86.255,85.13,86.26620000000001,85.5378,39.14454964534416
261,3911.22,86.28,85.19999999999999,86.26700000000001,85.51299999999999,39.14454963095806
262,3911.24,86.345,85.27,86.27080000000002,85.4906,39.13803126096502
263,3911.26,86.41,85.255,86.2748,85.46719999999999,39.1269663207175
264,3911.28,86.39,85.24,86.2756,85.4492,39.121433855167766
265,3911.3,86.37,85.245,86.27779999999998,85.4374,39.11491732764697
266,3911.32,86.31,85.25,86.2798,85.4276,39.10938473821178
267,3911.34,86.25,85.285,86.27939999999998,85.421,39.10987651489594
268,3911.36,86.295,85.32,86.2808,85.41239999999999,39.10483649012679
269,3911.38,86.34,85.22999999999999,86.28659999999999,85.3968,39.094264897568124
270,3911.4,86.285,85.14,86.29279999999999,85.37719999999999,39.08270682712258
271,3911.42,86.23,85.11,86.2958,85.35600000000001,39.07114913558081
272,3911.44,86.18,85.08,86.2958,85.3362,39.06561667777625
273,3911.46,86.13,85.08500000000001,86.2924,85.3192,39.054059312230166
274,3911.48,86.145,85.09,86.2882,85.304,39.048526807885416
275,3911.5,86.16,85.045,86.28280000000001,85.2886,39.0550448871597
276,3911.52,86.155,85.0,86.27539999999999,85.2674,39.05050077659801
277,3911.54,86.15,84.955,86.26799999999999,85.2404,39.039931574082566
278,3911.56,86.225,84.91,86.26379999999999,85.21379999999999,39.028371984484004
279,3911.58,86.3,84.93,86.26299999999999,85.1902,39.02283979841158
280,3911.6,86.31,84.95,86.26299999999999,85.1684,39.02383125312685
281,3911.62,86.32,84.945,86.264,85.1474,39.018299215204195
282,3911.64,86.335,84.94,86.26620000000001,85.1284,39.00673891921081
283,3911.66,86.35,84.905,86.27,85.1102,38.99567477318403
284,3911.68,86.38,84.87,86.27600000000001,85.0952,38.990142704873115
285,3911.7,86.41,84.86500000000001,86.28219999999999,85.0846,38.9846106446896
286,3911.72,86.34,84.86,86.28460000000001,85.071,38.9740432438286
287,3911.74,86.27,84.785,86.2816,85.0516,38.95794492022345
288,3911.76,86.285,84.71,86.2766,85.0298,38.9524130480834
289,3911.78,86.3,84.685,86.273,85.0076,38.95291125720454
290,3911.8,86.34,84.66,86.2718,84.9842,38.94284631131181
291,3911.82,86.38,84.655,86.27459999999999,84.96039999999999,38.93178306260633
292,3911.84,86.315,84.65,86.2772,84.935,38.92625144318914
293,3911.86,86.25,84.67,86.2754,84.90899999999999,38.91619009145659
294,3911.88,86.25999999999999,84.69,86.2722,84.8874,38.89959578517825
295,3911.9,86.27,84.61500000000001,86.27159999999999,84.8664,38.88853295062056
296,3911.92,86.245,84.54,86.27220000000001,84.84360000000001,38.88300153775776
297,3911.94,86.22,84.475,86.2738,84.8194,38.876968394516894
298,3911.96,86.205,84.41,86.27680000000001,84.7924,38.87143692668802
299,3911.98,86.19,84.43,86.27860000000001,84.766,38.86087598215532
300,3912.0,86.19,84.45,86.2798,84.7422,38.839253454576536
301,3912.02,86.19,84.43,86.28120000000001,84.71940000000001,38.81662531876708
302,3912.04,86.18,84.41,86.2824,84.69760000000001,38.81109401166587
303,3912.06,86.17,84.35499999999999,86.28020000000001,84.67540000000001,38.80707450612393
304,3912.08,86.195,84.3,86.27600000000001,84.6502,38.79702368768316
305,3912.1,86.22,84.295,86.2724,84.624,38.7914927724595
306,3912.12,86.205,84.29,86.2678,84.5978,38.78093780072074
307,3912.14,86.19,84.18,86.26199999999999,84.56739999999999,38.77038378290231
308,3912.16,86.185,84.07,86.2554,84.53399999999999,38.76536135424302
309,3912.18,86.18,83.995,86.2474,84.499,38.74978839854833
310,3912.2,86.215,83.92,86.2396,84.46119999999999,38.73421892155086
311,3912.22,86.25,83.825,86.23599999999999,84.4198,38.723670377036896
312,3912.24,86.255,83.73,86.23539999999998,84.3776,38.70656751613098
313,3912.26,86.26,83.64500000000001,86.23440000000001,84.335,38.68444655310176
314,3912.28,86.305,83.56,86.23460000000001,84.29,38.65730846806631
315,3912.3,86.35,83.475,86.235,84.2426,38.63518810328844
316,3912.32,86.345,83.39,86.23360000000001,84.192,38.63017194870532
317,3912.34,86.34,83.33500000000001,86.23459999999999,84.13940000000001,38.62014202460371
318,3912.36,86.285,83.28,86.236,84.0838,38.604585609732496
319,3912.38,86.23,83.225,86.2348,84.0252,38.58903270047247
320,3912.4,86.2,83.17,86.23200000000001,83.9674,38.572963481160784
321,3912.42,86.17,83.13499999999999,86.229,83.9112,38.55637538052747
322,3912.44,86.17500000000001,83.1,86.2272,83.8562,38.53425804023163
323,3912.46,86.18,83.065,86.2262,83.80239999999999,38.512140839556096
324,3912.48,86.24000000000001,83.03,86.2282,83.7464,38.49054471847046
325,3912.5,86.3,82.99000000000001,86.2326,83.68800000000002,38.463943506549754
326,3912.52,86.24000000000001,82.95,86.23459999999999,83.62880000000001,38.44182766396882
327,3912.54,86.18,82.815,86.23460000000001,83.565,38.43024675026027
328,3912.56,86.17,82.68,86.23460000000001,83.49799999999999,38.41971194788766
329,3912.58,86.16,82.64500000000001,86.2332,83.43180000000001,38.398120518450064
330,3912.6,86.16,82.61,86.2308,83.3644,38.37653047312074
331,3912.62,86.16,82.45,86.22900000000001,83.2908,38.36047038867886
332,3912.64,86.235,82.29,86.2308,83.21520000000001,38.338883008362906
333,3912.66,86.31,82.155,86.2358,83.13860000000001,38.30676894096567
334,3912.68,86.28999999999999,82.02,86.24019999999999,83.0596,38.27359953387012
335,3912.7,86.27,82.03999999999999,86.2424,82.98440000000001,38.2504286649296
336,3912.72,86.265,82.06,86.24300000000001,82.9138,38.233843726952585
337,3912.74,86.26,81.96000000000001,86.2432,82.84299999999999,38.20726169157865
338,3912.76,86.23,81.86,86.24199999999999,82.77159999999999,38.18015233064629
339,3912.78,86.2,81.8,86.23780000000001,82.70120000000001,38.15804050165892
340,3912.8,86.195,81.74,86.2316,82.6318,38.13093327467676
341,3912.82,86.19,81.65,86.2254,82.56219999999999,38.10382769410225
342,3912.84,86.22,81.56,86.22060000000002,82.49119999999999,38.08171700324517
343,3912.86,86.25,81.48,86.2192,82.4192,38.05407885395182
344,3912.88,86.22999999999999,81.4,86.2192,82.34620000000001,38.02144856961971
345,3912.9,86.21,81.405,86.21959999999999,82.2756,37.983292872054946
346,3912.92,86.21,81.41,86.2212,82.2066,37.95012907476798
347,3912.94,86.21,81.305,86.2226,82.13480000000001,37.93354729648265
348,3912.96,86.215,81.2,86.22399999999999,82.06020000000001,37.91642829287341
349,3912.98,86.22,81.125,86.22319999999999,81.984,37.882727574813096
350,3913.0,86.2,81.05,86.2192,81.9064,37.844574298057054
351,3913.02,86.18,80.85499999999999,86.2168,81.82260000000001,37.81195026136798
352,3913.04,86.185,80.66,86.21699999999998,81.7364,37.78431521555876
353,3913.06,86.19,80.56,86.21779999999998,81.6516,37.75115348179213
354,3913.08,86.13,80.46,86.2166,81.5642,37.71192500884546
355,3913.1,86.07,80.38499999999999,86.21300000000001,81.4752,37.67822350197434
356,3913.12,86.06,80.31,86.209,81.3896,37.650588821616964
357,3913.14,86.05,80.195,86.2016,81.3058,37.61190068258057
358,3913.16,86.08,80.08,86.19239999999999,81.22279999999999,37.57321301807442
359,3913.18,86.11,79.985,86.18520000000001,81.1414,37.53951115462252
360,3913.2,86.14500000000001,79.89,86.1802,81.0554,37.506350549063235
361,3913.22,86.18,79.815,86.1768,80.9656,37.47481928449328
362,3913.24,86.24000000000001,79.74,86.176,80.87679999999999,37.43224488834534
363,3913.26,86.3,79.59,86.17880000000001,80.786,37.38305786484328
364,3913.28,86.265,79.44,86.1814,80.6916,37.3499023566692
365,3913.3,86.23,79.28,86.1828,80.5932,37.31619860255687
366,3913.32,86.18,79.12,86.1824,80.492,37.27199165992693
367,3913.34,86.13,79.05000000000001,86.1788,80.3916,37.2288858409839
368,3913.36,86.08500000000001,78.98,86.17219999999999,80.2916,37.191311258647154
369,3913.38,86.04,78.875,86.1646,80.19059999999999,37.15318776172471
370,3913.4,86.03,78.77,86.15740000000001,80.0852,37.11395738984101
371,3913.42,86.02,78.71000000000001,86.14980000000001,79.9772,37.06920182036259
372,3913.44,86.005,78.65,86.1416,79.87100000000001,37.025000520160326
373,3913.46,85.99,78.495,86.1326,79.7628,36.98079988319791
374,3913.48,86.00999999999999,78.34,86.1242,79.6514,36.93659991192618
375,3913.5,86.03,78.18,86.1174,79.53659999999999,36.89240060929905
376,3913.52,85.98,78.02,86.10940000000001,79.4232,36.84820197667185
377,3913.54,85.93,77.97999999999999,86.0992,79.31599999999999,36.80400401730015
378,3913.56,85.875,77.94,86.0866,79.2112,36.766449716838025
379,3913.58,85.82,77.75999999999999,86.0742,79.1032,36.723376743613194
380,3913.6,85.82,77.58,86.0642,78.991,36.679746295878275
381,3913.62,85.82,77.435,86.0546,78.876,36.63555435459805
382,3913.64,85.805,77.29,86.04480000000001,78.7598,36.57975101598354
383,3913.66,85.79,77.185,86.03320000000002,78.644,36.52507754736793
384,3913.68,85.755,77.08,86.01899999999999,78.5278,36.47593109263374
385,3913.7,85.72,76.89,86.00200000000001,78.40780000000001,36.426787744707106
386,3913.72,85.78999999999999,76.7,85.98639999999999,78.28320000000001,36.37821776584202
387,3913.74,85.86,76.555,85.97120000000001,78.1558,36.32355922802802
388,3913.76,85.815,76.41,85.95179999999999,78.0286,36.273853673287554
389,3913.78,85.77,76.34,85.932,77.9046,36.2241490329512
390,3913.8,85.72999999999999,76.27,85.91199999999999,77.7842,36.16397516677034
391,3913.82,85.69,76.185,85.8924,77.66680000000001,36.10322864868402
392,3913.84,85.66,76.1,85.87360000000001,77.5488,36.046852725816315
393,3913.86,85.63,75.995,85.85539999999999,77.4294,35.99162920616288
394,3913.88,85.57,75.89,85.8366,77.31,35.94250687519092
395,3913.9,85.51,75.785,85.8158,77.1906,35.88728644065255
396,3913.92,85.45,75.68,85.79299999999999,77.0694,35.83264748722933
397,3913.94,85.39,75.565,85.7684,76.946,35.77859475597617
398,3913.96,85.4,75.45,85.7448,76.8242,35.71844342960096
399,3913.98,85.41,75.32,85.7208,76.70339999999999,35.6577102885169
400,3914.0,85.395,75.19,85.69539999999999,76.5838,35.5969785998702
401,3914.02,85.38,75.06,85.67139999999999,76.4654,35.53566112422821
402,3914.04,85.205,74.93,85.6424,76.3434,35.48538563941729
403,3914.06,85.03,74.695,85.60860000000001,76.2136,35.43135415699453
404,3914.08,84.975,74.46,85.5748,76.0816,35.3779223028599
405,3914.1,84.92,74.305,85.5388,75.95060000000001,35.32331418667569
406,3914.12,84.855,74.15,85.5002,75.8192,35.26200015485281
407,3914.14,84.79,74.055,85.4596,75.68979999999999,35.20068628115943
408,3914.16,84.715,73.96,85.4166,75.5608,35.14668009306621
409,3914.18,84.64,73.94,85.37200000000001,75.43520000000001,35.092681698308574
410,3914.2,84.61500000000001,73.92,85.32779999999998,75.31639999999999,35.031970184506015
411,3914.22,84.59,73.855,85.2798,75.20259999999999,34.966342991905556
412,3914.24,84.535,73.79,85.2268,75.09200000000001,34.90623930353637
413,3914.26,84.48,73.655,85.1734,74.9818,34.85165842763212
414,3914.28,84.45500000000001,73.52,85.1208,74.869,34.791563274498
415,3914.3,84.43,73.39,85.0688,74.7538,34.72534579556596
416,3914.32,84.36500000000001,73.26,85.0158,74.6368,34.66525798241149
417,3914.34,84.3,73.135,84.96140000000001,74.5182,34.59965708528197
418,3914.36,84.245,73.01,84.906,74.3988,34.53344756859853
419,3914.38,84.19,72.87,84.85079999999999,74.278,34.473371922120556
420,3914.4,84.065,72.73,84.793,74.1558,34.413917999565626
421,3914.42,83.94,72.66,84.7326,74.03500000000001,34.34895652011077
422,3914.44,83.86,72.59,84.6714,73.916,34.288898402278235
423,3914.46,83.78,72.47,84.6066,73.7968,34.22822147464839
424,3914.48,83.685,72.35,84.5376,73.678,34.168170792927135
425,3914.5,83.59,72.19,84.4654,73.558,34.10875184234419
426,3914.52,83.535,72.03,84.3916,73.4368,34.042568206424484
427,3914.54,83.48,72.005,84.32260000000001,73.3198,33.97638665661692
428,3914.56,83.385,71.98,84.2568,73.2112,33.91698551781731
429,3914.58,83.29,71.86,84.1894,73.1072,33.84593011913882
430,3914.6,83.155,71.74,84.1188,73.0046,33.779758624159626
431,3914.62,83.02,71.62,84.04540000000001,72.9034,33.72525449167042
432,3914.64,82.94999999999999,71.5,83.9718,72.8012,33.66524098650518
433,3914.66,82.88,71.35499999999999,83.8984,72.697,33.59971894624727
434,3914.68,82.8,71.21,83.8248,72.5878,33.540359071237
435,3914.7,82.72,71.035,83.749,72.47240000000001,33.474849672314534
436,3914.72,82.60499999999999,70.86,83.6696,72.3526,33.408698178949955
437,3914.74,82.49,70.72999999999999,83.5878,72.2302,33.348710080201144
438,3914.76,82.41,70.6,83.505,72.10799999999999,33.28807627447957
439,3914.78,82.33,70.49,83.42,71.98679999999999,33.221932494451636
440,3914.8,82.225,70.38,83.3318,71.8664,33.157098348888915
441,3914.82,82.12,70.22999999999999,83.24199999999999,71.74520000000001,33.086106704212554
442,3914.84,81.995,70.08,83.1498,71.62299999999999,33.02063222818091
443,3914.86,81.87,69.92,83.0548,71.4994,32.955824523542525
444,3914.88,81.66499999999999,69.76,82.95380000000002,71.375,32.89653748510247
445,3914.9,81.46,69.695,82.8496,71.25359999999999,32.84210362158342
446,3914.92,81.38499999999999,69.63,82.7474,71.1324,32.78216496081588
447,3914.94,81.31,69.5,82.64540000000001,71.00880000000001,32.716722424896
448,3914.96,81.245,69.37,82.544,70.8848,32.649272780691206
449,3914.98,81.18,69.295,82.4438,70.7626,32.58316416836825
450,3915.0,81.035,69.22,82.3416,70.6438,32.52391328510237
451,3915.02,80.89,69.055,82.2358,70.5248,32.45781219089102
452,3915.04,80.735,68.89,82.12599999999999,70.4002,32.39171362316636
453,3915.06,80.58,68.83,82.01379999999999,70.2742,32.33180388956786
454,3915.08,80.47,68.77,81.901,70.1506,32.27189960327143
455,3915.1,80.36,68.595,81.7892,70.0248,32.20649363384364
456,3915.12,80.195,68.42,81.6762,69.8968,32.147286017402536
457,3915.14,80.03,68.345,81.5594,69.7706,32.08740062627162
458,3915.16,79.94,68.27,81.4418,69.6472,32.026831338903015
459,3915.18,79.85,68.205,81.3238,69.527,31.966955072418298
460,3915.2,79.68,68.14,81.2022,69.4112,31.907084442039505
461,3915.22,79.51,67.93,81.0784,69.294,31.841714267998977
462,3915.24,79.41,67.72,80.9552,69.1736,31.776350471630735
463,3915.26,79.31,67.63,80.8312,69.0548,31.710293609714732
464,3915.28,79.195,67.54,80.7058,68.9368,31.6552483356516
465,3915.3,79.08,67.47,80.58,68.8204,31.600906915767794
466,3915.32,78.945,67.4,80.453,68.7072,31.536268037800568
467,3915.34,78.81,67.285,80.32560000000001,68.5954,31.470933029225954
468,3915.36,78.68,67.17,80.19800000000001,68.4854,31.410398223861378
469,3915.38,78.55,66.985,80.0734,68.3744,31.34507382138946
470,3915.4,78.39,66.8,79.9506,68.2586,31.285258419522837
471,3915.42,78.23,66.72999999999999,79.8244,68.14259999999999,31.224019547026717
472,3915.44,78.03999999999999,66.66,79.6936,68.029,31.16899812789445
473,3915.46,77.85,66.52,79.5578,67.915,31.11613170132788
474,3915.48,77.72,66.38,79.41940000000001,67.7984,31.050836491819197
475,3915.5,77.59,66.285,79.2816,67.681,30.984102812962966
476,3915.52,77.51,66.19,79.1464,67.5664,30.924317286967444
477,3915.54,77.43,66.13,79.0142,67.45599999999999,30.864537938164105
478,3915.56,77.255,66.07,78.88119999999999,67.3456,30.80953670550242
479,3915.58,77.08,65.97,78.74560000000001,67.23360000000001,30.7552668895724
480,3915.6,76.9,65.87,78.60719999999999,67.1246,30.701002631497463
481,3915.62,76.72,65.735,78.4682,67.01719999999999,30.64051139715492
482,3915.64,76.545,65.6,78.3288,66.9074,30.580757866227287
483,3915.66,76.37,65.455,78.18599999999999,66.7948,30.52174880727422
484,3915.68,76.255,65.31,78.04220000000001,66.679,30.46750814929887
485,3915.7,76.14,65.21000000000001,77.9006,66.56179999999999,30.41253084494931
486,3915.72,76.015,65.11,77.7608,66.44900000000001,30.363053200123083
487,3915.74,75.89,65.06,77.62,66.3426,30.308080197898473
488,3915.76,75.735,65.01,77.477,66.2378,30.242115613805073
489,3915.78,75.58,64.93,77.33239999999999,66.1334,30.182399021180025
490,3915.8,75.435,64.85,77.18660000000001,66.0286,30.12893618132438
491,3915.82,75.29,64.75,77.0404,65.9226,30.069234754016723
492,3915.84,75.16,64.65,76.89439999999999,65.8172,30.013525029347036
493,3915.86,75.03,64.525,76.7484,65.7114,29.957815714703464
494,3915.88,74.89,64.4,76.602,65.608,29.90911439866576
495,3915.9,74.75,64.22,76.4564,65.5048,29.861177734854213
496,3915.92,74.60499999999999,64.04,76.3114,65.3972,29.80073887462819
497,3915.94,74.46,63.955,76.16820000000001,65.289,29.73954046177074
498,3915.96,74.28,63.87,76.0254,65.183,29.69085757273494
499,3915.98,74.1,63.765,75.8806,65.0784,29.631960120717412
500,3916.0,73.945,63.66,75.73479999999999,64.9734,29.572305040652562
501,3916.02,73.79,63.51,75.586,64.86619999999999,29.522870411496616
502,3916.04,73.58500000000001,63.36,75.43220000000001,64.75540000000001,29.478158453155523
503,3916.06,73.38,63.275,75.27720000000001,64.64359999999999,29.427954134882384
504,3916.08,73.305,63.19,75.1262,64.5324,29.37380426434235
505,3916.1,73.23,63.105000000000004,74.9794,64.4218,29.319660657200732
506,3916.12,73.14500000000001,63.02,74.8364,64.31320000000001,29.271014640306987
507,3916.14,73.06,62.965,74.697,64.20779999999999,29.223937135679137
508,3916.16,72.89500000000001,62.91,74.558,64.10600000000001,29.17530654442873
509,3916.18,72.73,62.795,74.417,64.00540000000001,29.119619838398563
510,3916.2,72.565,62.68,74.274,63.9042,29.06471982305729
511,3916.22,72.4,62.53,74.1294,63.800999999999995,29.010610963193198
512,3916.24,72.155,62.38,73.98,63.6938,28.967486719082558
513,3916.26,71.91,62.21,73.827,63.5818,28.918086010334797
514,3916.28,71.78999999999999,62.04,73.6754,63.4662,28.86399313085528
515,3916.3,71.67,61.96,73.5248,63.35060000000001,28.81539484933498
516,3916.32,71.605,61.88,73.3774,63.2358,28.760515976131767
517,3916.34,71.54,61.84,73.2326,63.123400000000004,28.70563986869427
518,3916.36,71.435,61.8,73.08879999999999,63.0144,28.661740980733427
519,3916.38,71.33,61.675,72.9464,62.9054,28.613159787667545
520,3916.4,71.17,61.55,72.8032,62.79859999999999,28.559098071490332
521,3916.42,71.01,61.47,72.6594,62.6958,28.504235434634133
522,3916.44,70.86500000000001,61.39,72.5156,62.5932,28.460347374748952
523,3916.46,70.72,61.265,72.3732,62.489,28.415651805053294
524,3916.48,70.59,61.14,72.23280000000001,62.38400000000001,28.36547069550062
525,3916.5,70.46,61.010000000000005,72.0934,62.278,28.317723897471573
526,3916.52,70.26499999999999,60.88,71.9524,62.172799999999995,28.281773535043733
527,3916.54,70.07,60.760000000000005,71.81179999999999,62.0688,28.238716713545227
528,3916.56,69.88499999999999,60.64,71.672,61.9634,28.183877508104274
529,3916.58,69.7,60.53,71.5278,61.857,28.129863273124066
530,3916.6,69.605,60.42,71.3828,61.7496,28.082164118300067
531,3916.62,69.51,60.365,71.2374,61.6434,28.02816605927692
532,3916.64,69.355,60.31,71.0892,61.537200000000006,27.977997917471605
533,3916.66,69.2,60.16,70.9414,61.4272,27.939623670733422
534,3916.68,69.02000000000001,60.01,70.793,61.315799999999996,27.902082298118632
535,3916.7,68.84,59.849999999999994,70.64399999999999,61.202600000000004,27.85274962187916
536,3916.72,68.695,59.69,70.4958,61.089000000000006,27.803419465131388
537,3916.74,68.55,59.545,70.3516,60.97560000000001,27.7540918421448
538,3916.76,68.395,59.4,70.211,60.8632,27.709410079316598
539,3916.78,68.24,59.325,70.069,60.7546,27.66472855491333
540,3916.8,68.09,59.25,69.9258,60.6462,27.620885307626683
541,3916.82,67.94,59.205,69.7792,60.5392,27.578725449093827
542,3916.84,67.785,59.16,69.629,60.431999999999995,27.536576481199962
543,3916.86,67.63,59.08,69.4768,60.3232,27.492744737018338
544,3916.88,67.59,59.0,69.32719999999999,60.2162,27.45061149455919
545,3916.9,67.55,58.835,69.1824,60.107600000000005,27.403011659047106
546,3916.92,67.42,58.67,69.0388,59.9956,27.353714576801178
547,3916.94,67.29,58.555,68.8958,59.88219999999999,27.310752923610558
548,3916.96,67.08500000000001,58.44,68.7504,59.7692,27.273273480397357
549,3916.98,66.88,58.25,68.602,59.6536,27.21851058578744
550,3917.0,66.715,58.06,68.45219999999999,59.535599999999995,27.163751082415683
551,3917.02,66.55,58.010000000000005,68.3036,59.4208,27.126284812809644
552,3917.04,66.41,57.96,68.1572,59.3088,27.09343322352193
553,3917.06,66.27,57.865,68.0126,59.1978,27.054242307046366
554,3917.08,66.065,57.77,67.8672,59.087399999999995,27.01678435145006
555,3917.1,65.86,57.685,67.7174,58.978,26.973857212454938
556,3917.12,65.74875,57.6,67.56694999999999,58.867399999999996,26.93006456324058
557,3917.14,65.6375,57.400000000000006,67.41825,58.751000000000005,26.88714704572802
558,3917.16,65.52625,57.2,67.2713,58.632600000000004,26.8442355318195
559,3917.18,65.41499999999999,57.08,67.1271,58.5154,26.800452523522942
560,3917.2,65.30375,56.96,66.98565,58.399800000000006,26.75667180674567
561,3917.22,65.1925,56.905,66.84554999999999,58.2884,26.7137737967576
562,3917.24,65.08125,56.85,66.70679999999999,58.1806,26.67088189123568
563,3917.26,64.97,56.735,66.5698,58.074000000000005,26.621639830583188
564,3917.28,64.78999999999999,56.62,66.4318,57.9658,26.57787160263524
565,3917.3,64.61,56.445,66.29260000000001,57.8536,26.528635171048336
566,3917.32,64.41,56.27,66.1514,57.7362,26.48665258222037
567,3917.34,64.21,56.155,66.0084,57.61600000000001,26.45472672120244
568,3917.36,64.095,56.04,65.867,57.494400000000006,26.421910551209496
569,3917.38,63.98,55.945,65.7226,57.3722,26.38084931428158
570,3917.4,63.8,55.85,65.5726,57.2528,26.33890533041561
571,3917.42,63.62,55.8,65.42060000000001,57.138000000000005,26.300632330274475
572,3917.44,63.405,55.75,65.2652,57.02580000000001,26.2742001865937
573,3917.46,63.19,55.644999999999996,65.10940000000001,56.91400000000001,26.236838554150857
574,3917.48,63.05,55.54,64.9562,56.805600000000005,26.18673232304128
575,3917.5,62.91,55.415,64.804,56.6998,26.153025738164686
576,3917.52,62.715,55.29,64.6506,56.591,26.131160514229368
577,3917.54,62.52,55.114999999999995,64.495,56.4772,26.09289791004592
578,3917.56,62.370000000000005,54.94,64.339,56.360200000000006,26.05646246693174
579,3917.58,62.22,54.795,64.1852,56.241200000000006,26.025502659939548
580,3917.6,62.11,54.65,64.0352,56.1198,25.992715409813403
581,3917.62,62.0,54.58,63.88525,55.998999999999995,25.94900134937025
582,3917.64,61.83,54.51,63.73295,55.883399999999995,25.904369580871926
583,3917.66,61.66,54.525,63.5783,55.776399999999995,25.869746351710194
584,3917.68,61.5,54.54,63.4217,55.6748,25.84150664551275
585,3917.7,61.34,54.379999999999995,63.263149999999996,55.5716,25.814186660517585
586,3917.72,61.18000000000001,54.22,63.102650000000004,55.4642,25.787789320041973
587,3917.74,61.02,54.125,62.940200000000004,55.3552,25.750469795668792
588,3917.76,60.93000000000001,54.03,62.778600000000004,55.247,25.712229751971243
589,3917.78,60.84,53.865,62.6206,55.1368,25.67945418974384
590,3917.8,60.685,53.7,62.4636,55.02700000000001,25.647608720226295
591,3917.82,60.53,53.58,62.30839999999999,54.9194,25.60937561654114
592,3917.84,60.385000000000005,53.46,62.1554,54.8116,25.571144579254096
593,3917.86,60.24,53.36,62.0012,54.70439999999999,25.532915618692744
594,3917.88,60.105000000000004,53.26,61.846199999999996,54.597,25.50014959520857
595,3917.9,59.97,53.17,61.693000000000005,54.4898,25.469258246310797
596,3917.92,59.775,53.08,61.5392,54.38099999999999,25.441957694504158
597,3917.94,59.58,52.989999999999995,61.3862,54.270599999999995,25.413719171297117
598,3917.96,59.474999999999994,52.9,61.2376,54.1608,25.380960028092314
599,3917.98,59.37,52.745000000000005,61.0904,54.049,25.342743007998546
600,3918.0,59.209999999999994,52.59,60.942400000000006,53.93600000000001,25.30998725929771
601,3918.02,59.05,52.445,60.7958,53.8222,25.271774216276125
602,3918.04,58.855,52.3,60.6492,53.7096,25.23450908299374
603,3918.06,58.66,52.055,60.5008,53.5942,25.203656651473537
604,3918.08,58.515,51.81,60.3526,53.474799999999995,25.17731974636998
605,3918.1,58.37,51.769999999999996,60.203,53.3596,25.149082251835264
606,3918.12,58.209999999999994,51.73,60.051399999999994,53.2456,25.120844765115244
607,3918.14,58.05,51.685,59.900200000000005,53.132600000000004,25.088102393932004
608,3918.16,57.849999999999994,51.64,59.7478,53.0172,25.056316105414307
609,3918.18,57.65,51.615,59.593799999999995,52.900200000000005,25.029034433906148
610,3918.2,57.535,51.59,59.4416,52.788599999999995,25.006253580705685
611,3918.22,57.42,51.44,59.291199999999996,52.6774,24.98442895604708
612,3918.24,57.315,51.29,59.143,52.56399999999999,24.957149207147097
613,3918.26,57.21,51.120000000000005,58.99419999999999,52.4476,24.918000770531798
614,3918.28,57.095,50.95,58.84439999999999,52.330999999999996,24.885267265162913
615,3918.3,56.98,50.870000000000005,58.6962,52.2178,24.858951647681348
616,3918.32,56.86,50.79,58.549400000000006,52.1062,24.831677205612287
617,3918.34,56.74,50.76,58.403600000000004,51.9982,24.804403927376757
618,3918.36,56.540000000000006,50.73,58.2556,51.893,24.781622141225107
619,3918.38,56.34,50.655,58.105,51.7888,24.7524226712215
620,3918.4,56.120000000000005,50.58,57.951,51.685199999999995,24.724186249610753
621,3918.42,55.9,50.54,57.79599999999999,51.583600000000004,24.701404567571913
622,3918.44,55.754999999999995,50.5,57.643,51.483999999999995,24.679585905359904
623,3918.46,55.61,50.32,57.48839999999999,51.3808,24.647824581808315
624,3918.48,55.545,50.14,57.3354,51.2766,24.621522086323704
625,3918.5,55.48,49.9,57.1862,51.169,24.59425455976974
626,3918.52,55.364999999999995,49.66,57.0388,51.0576,24.560565452731087
627,3918.54,55.25,49.605,56.8946,50.949799999999996,24.53232971580364
628,3918.56,55.129999999999995,49.55,56.75339999999999,50.8496,24.50409399071528
629,3918.58,55.01,49.465,56.6132,50.7558,24.470405060216514
630,3918.6,54.83,49.38,56.471599999999995,50.6602,24.44859265327415
631,3918.62,54.65,49.265,56.3292,50.5616,24.423273478670552
632,3918.64,54.455,49.15,56.18539999999999,50.46020000000001,24.396987611625182
633,3918.66,54.26,49.095,56.0418,50.3584,24.379656385773263
634,3918.68,54.155,49.04,55.902,50.2554,24.356873281211573
635,3918.7,54.05,48.935,55.7626,50.1492,24.328638229100655
636,3918.72,53.92,48.83,55.622600000000006,50.044799999999995,24.305855123974773
637,3918.74,53.79,48.739999999999995,55.4816,49.9428,24.2785959221653
638,3918.76,53.629999999999995,48.65,55.3384,49.843999999999994,24.263218470399107
639,3918.78,53.47,48.51,55.193400000000004,49.7464,24.24686463059567
640,3918.8,53.335,48.37,55.0476,49.64639999999999,24.21862998196235
641,3918.82,53.2,48.325,54.901199999999996,49.547799999999995,24.189416963157708
642,3918.84,53.08,48.28,54.754799999999996,49.4486,24.160204708259982
643,3918.86,52.96,48.135000000000005,54.611599999999996,49.34479999999999,24.132947499817426
644,3918.88,52.84,47.99,54.471599999999995,49.2382,24.112122124445136
645,3918.9,52.72,47.905,54.33559999999999,49.1312,24.090318923616447
646,3918.92,52.575,47.82,54.202600000000004,49.0224,24.07200591632388
647,3918.94,52.43,47.655,54.0696,48.9086,24.048243391459277
648,3918.96,52.275,47.49,53.9362,48.7954,24.02545995757847
649,3918.98,52.12,47.405,53.7992,48.68600000000001,24.002676533787017
650,3919.0,51.97,47.32,53.6588,48.5828,23.986322896026632
651,3919.02,51.82,47.315,53.516999999999996,48.489,23.970949814115787
652,3919.04,51.695,47.31,53.37479999999999,48.397200000000005,23.9446788432862
653,3919.06,51.57,47.235,53.2324,48.3046,23.91742803082383
654,3919.08,51.504999999999995,47.16,53.092200000000005,48.212399999999995,23.894644052932474
655,3919.1,51.44,46.985,52.9566,48.1166,23.871860085192402
656,3919.12,51.34,46.81,52.8242,48.0184,23.858993838441336
657,3919.14,51.24,46.71,52.695600000000006,47.9208,23.840679241520434
658,3919.16,51.13,46.61,52.57040000000001,47.8214,23.813426242073565
659,3919.18,51.02,46.495000000000005,52.445,47.7196,23.785191991878055
660,3919.2,50.83,46.38,52.3162,47.617399999999996,23.761426785035475
661,3919.22,50.64,46.28,52.185,47.5154,23.738643100984437
662,3919.24,50.504999999999995,46.18,52.053599999999996,47.413000000000004,23.71684063658445
663,3919.26,50.37,46.15,51.923199999999994,47.313,23.69057204337561
664,3919.28,50.28,46.12,51.79560000000001,47.2174,23.66877231366701
665,3919.3,50.19,46.084999999999994,51.669799999999995,47.126000000000005,23.66135455190119
666,3919.32,50.065,46.05,51.544399999999996,47.035,23.653939959170028
667,3919.34,49.94,45.94,51.418800000000005,46.9414,23.6311562488764
668,3919.36,49.8,45.83,51.2924,46.8492,23.608372548910907
669,3919.38,49.66,45.65,51.165200000000006,46.7556,23.585588859400687
670,3919.4,49.515,45.47,51.037,46.65820000000001,23.563786454900438
671,3919.42,49.37,45.364999999999995,50.9088,46.56,23.541984867137653
672,3919.44,49.26,45.26,50.782,46.4642,23.524651343311934
673,3919.46,49.15,45.285,50.657,46.376,23.507317927157928
674,3919.48,49.06,45.31,50.5346,46.2922,23.48998461796907
675,3919.5,48.97,45.17,50.41459999999999,46.206199999999995,23.47810202864296
676,3919.52,48.935,45.03,50.2992,46.114799999999995,23.462732660027044
677,3919.54,48.9,44.925,50.1874,46.019400000000005,23.436466496710654
678,3919.56,48.754999999999995,44.82,50.0748,45.922799999999995,23.413682406533212
679,3919.58,48.61,44.805,49.958999999999996,45.82860000000001,23.396348165954375
680,3919.6,48.495000000000005,44.79,49.8412,45.7408,23.379998782012336
681,3919.62,48.38,44.68,49.7228,45.65559999999999,23.358200335452437
682,3919.64,48.22,44.57,49.602,45.57,23.341852041490096
683,3919.66,48.06,44.44,49.47919999999999,45.4832,23.325504215779695
684,3919.68,47.96,44.31,49.35679999999999,45.3958,23.3126319169201
685,3919.7,47.86,44.25,49.238,45.3106,23.2987781779585
686,3919.72,47.665,44.19,49.119,45.227,23.280461896855634
687,3919.74,47.47,44.114999999999995,48.997600000000006,45.1444,23.257678102908717
688,3919.76,47.33,44.04,48.876000000000005,45.06,23.241326930762956
689,3919.78,47.19,43.97,48.752399999999994,44.974,23.235876630566377
690,3919.8,47.105000000000004,43.9,48.629000000000005,44.8866,23.223993415147113
691,3919.82,47.02,43.81,48.507200000000005,44.797,23.201209595616174
692,3919.84,46.895,43.72,48.3854,44.7082,23.184858595600208
693,3919.86,46.77,43.69,48.2642,44.622600000000006,23.17395818234657
694,3919.88,46.730000000000004,43.66,48.147,44.543,23.15760796240807
695,3919.9,46.69,43.54,48.034000000000006,44.4658,23.13580840646142
696,3919.92,46.66,43.42,47.925599999999996,44.38799999999999,23.118474151038967
697,3919.94,46.63,43.285,47.8204,44.309,23.101140003470185
698,3919.96,46.515,43.15,47.715,44.223600000000005,23.084790430971687
699,3919.98,46.4,43.120000000000005,47.608599999999996,44.135999999999996,23.069427525727978
700,3920.0,46.26,43.09,47.50020000000001,44.0528,23.058528848594992
701,3920.02,46.12,43.02,47.38759999999999,43.97240000000001,23.045657157135334
702,3920.04,45.95,42.95,47.2696,43.89339999999999,23.03377243883033
703,3920.06,45.78,42.95,47.1506,43.818599999999996,23.02188803220615
704,3920.08,45.665,42.95,47.03280000000001,43.7444,23.014470858277022
705,3920.1,45.55,42.915000000000006,46.915,43.669399999999996,23.00705694309638
706,3920.12,45.465,42.88,46.7984,43.59740000000001,22.98972404653518
707,3920.14,45.38,42.795,46.6848,43.526399999999995,22.975336214812106
708,3920.16,45.25,42.71,46.57240000000001,43.4572,22.97185500136359
709,3920.18,45.12,42.685,46.458800000000004,43.392199999999995,22.96095578280565
710,3920.2,44.97,42.66,46.343199999999996,43.328599999999994,22.949070846513678
711,3920.22,44.82,42.55,46.2294,43.263000000000005,22.942636053761525
712,3920.24,44.665,42.44,46.1172,43.196000000000005,22.936201882890995
713,3920.26,44.51,42.36,46.0044,43.12879999999999,22.924318142542873
714,3920.28,44.47,42.28,45.895599999999995,43.06120000000001,22.91341789669247
715,3920.3,44.43,42.16,45.788599999999995,42.9916,22.89706793112339
716,3920.32,44.34,42.04,45.6814,42.9208,22.88715360439374
717,3920.34,44.25,42.055,45.575599999999994,42.8542,22.877241468597337
718,3920.36,44.185,42.07,45.4722,42.78939999999999,22.85990641796253
719,3920.38,44.12,42.03,45.367799999999995,42.7242,22.849007911631475
720,3920.4,44.019999999999996,41.99,45.260999999999996,42.66219999999999,22.84454704386992
721,3920.42,43.92,41.95,45.1514,42.6034,22.844547027019132
722,3920.44,43.84,41.91,45.03979999999999,42.5484,22.83909813400744
723,3920.46,43.76,41.885,44.9296,42.4978,22.828200525959264
724,3920.48,43.62,41.86,44.818400000000004,42.447399999999995,22.82176253686155
725,3920.5,43.48,41.8,44.7072,42.3958,22.815325171984753
726,3920.52,43.39,41.74,44.598,42.3446,22.80888843081712
727,3920.54,43.3,41.625,44.492,42.291599999999995,22.79798994111148
728,3920.56,43.19,41.51,44.388400000000004,42.23400000000001,22.797989925715296
729,3920.58,43.08,41.47,44.285,42.1748,22.797002837185108
730,3920.6,43.05,41.43,44.185,42.1154,22.787091633448938
731,3920.62,43.02,41.385000000000005,44.0872,42.055600000000005,22.77817273846233
732,3920.64,42.915000000000006,41.34,43.9886,41.9974,22.773715640172764
733,3920.66,42.81,41.275000000000006,43.89099999999999,41.94,22.77371562366266
734,3920.68,42.675,41.21,43.7932,41.881,22.77371560715255
735,3920.7,42.54,41.16,43.696000000000005,41.821000000000005,22.76281928977234
736,3920.72,42.41,41.11,43.5996,41.763400000000004,22.750930851032596
737,3920.74,42.28,41.185,43.5042,41.7132,22.74449110665163
738,3920.76,42.175,41.26,43.4108,41.669200000000004,22.742511170822233
739,3920.78,42.07,41.235,43.314800000000005,41.627399999999994,22.740535419670284
740,3920.8,41.975,41.21,43.2166,41.5894,22.740535404088067
741,3920.82,41.88,41.254999999999995,43.11820000000001,41.558,22.746971880348458
742,3920.84,41.765,41.3,43.0188,41.5278,22.746971863999683
743,3920.86,41.65,41.165,42.9174,41.4916,22.7469718476509
744,3920.88,41.585,41.03,42.816,41.4516,22.752421032896113
745,3920.9,41.52,40.95,42.716,41.41,22.746971816078485
746,3920.92,41.435,40.87,42.6166,41.36679999999999,22.74697180025692
747,3920.94,41.35,40.879999999999995,42.516999999999996,41.325599999999994,22.745984676822154
748,3920.96,41.3,40.89,42.4186,41.2858,22.734099410824786
749,3920.98,41.25,40.870000000000005,42.3238,41.2462,22.733113907276632
750,3921.0,41.129999999999995,40.85,42.229800000000004,41.2082,22.74302958328348
751,3921.02,41.01,40.815,42.1346,41.1712,22.748479713735776
752,3921.04,40.89,40.78,42.038199999999996,41.1374,22.75589793734658
753,3921.06,40.77,40.785,41.9414,41.1084,22.762333055088195
754,3921.08,40.71,40.79,41.846599999999995,41.081199999999995,22.762333039174578
755,3921.1,40.65,40.735,41.750600000000006,41.0534,22.763319421915803
756,3921.12,40.599999999999994,40.68,41.653800000000004,41.025200000000005,22.768768767570958
757,3921.14,40.55,40.655,41.559200000000004,40.9978,22.767782589864822
758,3921.16,40.474999999999994,40.63,41.4658,40.972,22.767782575036378
759,3921.18,40.4,40.56,41.37479999999999,40.946,22.774218136088077
760,3921.2,40.32,40.49,41.286,40.919200000000004,22.780654323980638
761,3921.22,40.24,40.480000000000004,41.1992,40.894,22.78164208770745
762,3921.24,40.195,40.47,41.1158,40.8654,22.78263089582814
763,3921.26,40.15,40.425,41.0348,40.832,22.777182120546996
764,3921.28,40.03,40.38,40.953199999999995,40.797799999999995,22.776193045500882
765,3921.3,39.91,40.39,40.870599999999996,40.765,22.7861035327706
766,3921.32,39.875,40.4,40.7904,40.7308,22.79056659334978
767,3921.34,39.84,40.4,40.7134,40.6948,22.789581358649958
768,3921.36,39.75,40.4,40.6374,40.6642,22.795031207785073
769,3921.38,39.66,40.355000000000004,40.5604,40.6372,22.813350699439628
770,3921.4,39.56,40.31,40.482,40.611599999999996,22.83167201544178
771,3921.42,39.46,40.245000000000005,40.403,40.5866,22.83810880010626
772,3921.44,39.42,40.18,40.3258,40.5586,22.84355789661114
773,3921.46,39.38,40.144999999999996,40.249,40.528800000000004,22.849007045986166
774,3921.48,39.315,40.11,40.1716,40.498400000000004,22.85445624882589
775,3921.5,39.25,40.1,40.0964,40.4684,22.85891894111012
776,3921.52,39.18,40.09,40.0232,40.4394,22.864368485798437
777,3921.54,39.11,40.065,39.952000000000005,40.4108,22.870804176417707
778,3921.56,39.055,40.04,39.883399999999995,40.381,22.877240491317412
779,3921.58,39.0,40.045,39.815,40.351200000000006,22.882689725145674
780,3921.6,38.925,40.05,39.746,40.3238,22.892602173256233
781,3921.62,38.85,40.025,39.676,40.297599999999996,22.90350149716814
782,3921.64,38.84,40.0,39.6076,40.2714,22.90993672123833
783,3921.66,38.83,39.985,39.5418,40.245599999999996,22.920835893423703
784,3921.68,38.815,39.97,39.47839999999999,40.222,22.931735276810524
785,3921.7,38.8,39.92,39.4176,40.1992,22.932720852891755
786,3921.72,38.745,39.87,39.357800000000005,40.1748,22.93915677696932
787,3921.74,38.69,39.875,39.297599999999996,40.150999999999996,22.95005554100049
788,3921.76,38.67,39.88,39.2384,40.1292,22.953534647477834
789,3921.78,38.65,39.83,39.1832,40.107200000000006,22.958984622124653
790,3921.8,38.605000000000004,39.78,39.131,40.0828,22.971853688892136
791,3921.82,38.56,39.745000000000005,39.0784,40.056599999999996,22.983738645737525
792,3921.84,38.455,39.71,39.023,40.029,22.995623914573326
793,3921.86,38.35,39.665,38.967,39.9996,23.00652279961621
794,3921.88,38.325,39.62,38.9136,39.9702,23.01643670358716
795,3921.9,38.3,39.565,38.8632,39.9404,23.021886556977336
796,3921.92,38.25,39.51,38.8148,39.911,23.02832118888605
797,3921.94,38.2,39.519999999999996,38.766,39.8846,23.033770914294593
798,3921.96,38.115,39.53,38.7154,39.86,23.039220691930947
799,3921.98,38.03,39.595,38.663999999999994,39.8394,23.050120419666257
800,3922.0,38.035,39.66,38.6154,39.821799999999996,23.066470413143783
801,3922.02,38.04,39.655,38.5698,39.8044,23.077370665647596
802,3922.04,38.004999999999995,39.65,38.5256,39.7878,23.076388017320408
803,3922.06,37.97,39.64,38.482200000000006,39.7718,23.08085707644126
804,3922.08,37.935,39.63,38.4396,39.755199999999995,23.091758568820943
805,3922.1,37.9,39.644999999999996,38.398599999999995,39.739000000000004,23.10364071257094
806,3922.12,37.83,39.66,38.357800000000005,39.7244,23.119992966417065
807,3922.14,37.76,39.599999999999994,38.3146,39.708400000000005,23.130894723704653
808,3922.16,37.675,39.54,38.2684,39.690599999999996,23.142776543576893
809,3922.18,37.59,39.51,38.2194,39.6722,23.165560145765234
810,3922.2,37.56,39.48,38.1698,39.6546,23.180933454321828
811,3922.22,37.53,39.525,38.1212,39.6408,23.189881349557908
812,3922.24,37.49,39.57,38.0732,39.6286,23.20623676985201
813,3922.26,37.45,39.56,38.0244,39.6158,23.213641371487107
814,3922.28,37.43,39.55,37.9756,39.6046,23.215598161822093
815,3922.3,37.41,39.575,37.9278,39.596399999999996,23.231951442816854
816,3922.32,37.37,39.6,37.8802,39.5906,23.25375654492601
817,3922.34,37.33,39.595,37.8352,39.586,23.270110905791874
818,3922.36,37.26,39.59,37.791599999999995,39.583,23.286465728214818
819,3922.38,37.19,39.655,37.7462,39.5844,23.302821010184157
820,3922.4,37.14,39.72,37.6998,39.5906,23.319176751079013
821,3922.42,37.09,39.655,37.6534,39.596399999999996,23.330080828144744
822,3922.44,37.075,39.59,37.6084,39.599199999999996,23.34001145187936
823,3922.46,37.06,39.6,37.5662,39.602,23.357341916447375
824,3922.48,37.025000000000006,39.61,37.526,39.602599999999995,23.37467249239048
825,3922.5,36.99,39.65,37.484199999999994,39.602199999999996,23.390056898261804
826,3922.52,37.03,39.69,37.4438,39.6036,23.40641507053383
827,3922.54,37.07,39.685,37.4064,39.605,23.417320765353615
828,3922.56,37.055,39.68,37.3698,39.6066,23.434650513542632
829,3922.58,37.04,39.64,37.334,39.607,23.45840510410928
830,3922.6,36.91,39.6,37.2944,39.605199999999996,23.474763052156398
831,3922.62,36.78,39.625,37.252399999999994,39.6038,23.48469777528874
832,3922.64,36.685,39.65,37.2094,39.6058,23.494634615128103
833,3922.66,36.59,39.67,37.166000000000004,39.611,23.51196364812544
834,3922.68,36.650000000000006,39.69,37.1284,39.6182,23.529292794069995
835,3922.7,36.71,39.68,37.0944,39.6262,23.55013797309963
836,3922.72,36.685,39.67,37.0606,39.632,23.571952967698554
837,3922.74,36.66,39.725,37.0274,39.6382,23.58831473016237
838,3922.76,36.629999999999995,39.78,36.9946,39.647000000000006,23.61013110913234
839,3922.78,36.6,39.8,36.9614,39.657000000000004,23.631948275590172
840,3922.8,36.6,39.82,36.929,39.6668,23.649275768018057
841,3922.82,36.6,39.875,36.8982,39.6778,23.666603374892027
842,3922.84,36.64,39.93,36.870599999999996,39.6912,23.68200253180746
843,3922.86,36.68,39.870000000000005,36.8474,39.702400000000004,23.693875175036112
844,3922.88,36.655,39.81,36.826,39.7086,23.711202522062422
845,3922.9,36.63,39.894999999999996,36.805600000000005,39.7156,23.732057762545207
846,3922.92,36.615,39.98,36.7866,39.7286,23.74842245670836
847,3922.94,36.6,40.0,36.7676,39.745,23.77569792863384
848,3922.96,36.575,40.02,36.748200000000004,39.7618,23.802974610906347
849,3922.98,36.55,40.05,36.7292,39.7794,23.820300456027184
850,3923.0,36.415,40.08,36.7062,39.796600000000005,23.848537135283387
851,3923.02,36.28,40.06,36.6762,39.8114,23.870359133022887
852,3923.04,36.254999999999995,40.04,36.6436,39.8256,23.886726132429082
853,3923.06,36.23,40.015,36.6106,39.839,23.909507228489137
854,3923.08,36.31999999999999,39.99,36.5818,39.852999999999994,23.925874578819126
855,3923.1,36.41,40.010000000000005,36.561800000000005,39.8694,23.952198451092695
856,3923.12,36.425,40.03,36.5476,39.8856,23.978526685450205
857,3923.14,36.44,40.075,36.5378,39.9026,23.994897196439656
858,3923.16,36.415,40.12,36.5308,39.9206,24.01672521051262
859,3923.18,36.39,40.09,36.5204,39.9366,24.036653866762833
860,3923.2,36.285,40.06,36.5034,39.951800000000006,24.057537404683117
861,3923.22,36.18,40.115,36.483200000000004,39.9696,24.085775215955213
862,3923.24,36.165,40.17,36.4634,39.9874,24.118524879367254
863,3923.26,36.15,40.19,36.4442,40.0038,24.146762802876022
864,3923.28,36.195,40.21,36.428000000000004,40.0202,24.17048869019669
865,3923.3,36.24,40.2,36.4136,40.0354,24.192321820271165
866,3923.32,36.28,40.19,36.4008,40.047999999999995,24.208697149083505
867,3923.34,36.32,40.209999999999994,36.388,40.059200000000004,24.223185367582307
868,3923.36,36.269999999999996,40.23,36.3716,40.0736,24.243140155905902
869,3923.38,36.22,40.295,36.3542,40.093,24.277778425750842
870,3923.4,36.16,40.36,36.3354,40.111599999999996,24.306016753571086
871,3923.42,36.1,40.32,36.3148,40.12520000000001,24.321456142848444
872,3923.44,36.065,40.28,36.2934,40.1364,24.342358454492402
873,3923.46,36.03,40.265,36.2716,40.1462,24.35967651803131
874,3923.48,36.08,40.25,36.2528,40.1542,24.383392993327792
875,3923.5,36.13,40.265,36.2414,40.1616,24.421613910312022
876,3923.52,36.25,40.28,36.2402,40.1704,24.437994967481924
877,3923.54,36.37,40.335,36.2448,40.1822,24.44345539937137
878,3923.56,36.36,40.39,36.25,40.197199999999995,24.465297621438
879,3923.58,36.35,40.345,36.2512,40.211400000000005,24.48714055774948
880,3923.6,36.275000000000006,40.3,36.2458,40.223,24.508984206048783
881,3923.62,36.2,40.34,36.236799999999995,40.2354,24.530828564780347
882,3923.64,36.16,40.38,36.22560000000001,40.247600000000006,24.56266519726151
883,3923.66,36.12,40.485,36.2138,40.2622,24.6054312065923
884,3923.68,36.105000000000004,40.59,36.2024,40.2822,24.631816179392583
885,3923.7,36.09,40.56,36.1946,40.3022,24.64727923738898
886,3923.72,36.18000000000001,40.53,36.1946,40.318799999999996,24.668208209681953
887,3923.74,36.27,40.55,36.1988,40.334,24.700068008646674
888,3923.76,36.395,40.57,36.208600000000004,40.3492,24.71645961469813
889,3923.78,36.52,40.510000000000005,36.221599999999995,40.3612,24.722843791232208
890,3923.8,36.510000000000005,40.45,36.2324,40.3712,24.750163197247844
891,3923.82,36.5,40.515,36.2412,40.3842,24.783866859367066
892,3923.84,36.525,40.58,36.24940000000001,40.399,24.80117848930574
893,3923.86,36.55,40.59,36.2606,40.4134,24.81665185559955
894,3923.88,36.535,40.6,36.2732,40.4256,24.838509373297914
895,3923.9,36.52,40.545,36.2876,40.433,24.849438379735727
896,3923.92,36.56,40.49,36.306000000000004,40.439800000000005,24.86491627569412
897,3923.94,36.6,40.56,36.327400000000004,40.451,24.898621029100426
898,3923.96,36.644999999999996,40.63,36.352000000000004,40.4656,24.927776529712673
899,3923.98,36.69,40.644999999999996,36.3764,40.4814,24.944170922947706
900,3924.0,36.765,40.66,36.4018,40.4972,24.959651248922256
901,3924.02,36.84,40.655,36.425399999999996,40.5122,24.975134110501052
902,3924.04,36.825,40.65,36.4436,40.5248,24.99153083262328
903,3924.06,36.81,40.7,36.4616,40.537200000000006,25.018859540996267
904,3924.08,36.815,40.75,36.4802,40.5534,25.03981371086312
905,3924.1,36.82,40.735,36.501999999999995,40.570800000000006,25.04983801683874
906,3924.12,36.83,40.72,36.5272,40.586,25.06623766471554
907,3924.14,36.84,40.76,36.5544,40.6012,25.09357124016431
908,3924.16,36.875,40.8,36.5846,40.6138,25.12546841381457
909,3924.18,36.91,40.78,36.616800000000005,40.6214,25.1482414500189
910,3924.2,36.935,40.76,36.6506,40.629400000000004,25.165547342359606
911,3924.22,36.96,40.709999999999994,36.681799999999996,40.6366,25.1928835956806
912,3924.24,36.980000000000004,40.66,36.7102,40.641,25.220220860969636
913,3924.26,37.0,40.7,36.7344,40.6462,25.235722201827322
914,3924.28,37.05,40.74,36.7556,40.6554,25.252125986901664
915,3924.3,37.1,40.715,36.7792,40.666,25.268530132268413
916,3924.32,37.120000000000005,40.69,36.804,40.673,25.278567436060392
917,3924.34,37.14,40.715,36.8286,40.6784,25.29954402609744
918,3924.36,37.125,40.74,36.8516,40.6844,25.32599286205475
919,3924.38,37.11,40.72,36.8746,40.6892,25.34329519247069
920,3924.4,37.11,40.7,36.8982,40.6954,25.36606666638525
921,3924.42,37.11,40.675,36.9202,40.702799999999996,25.392518276343083
922,3924.44,37.205,40.65,36.9444,40.7064,25.408926673577017
923,3924.46,37.3,40.72,36.9706,40.71,25.42533542292741
924,3924.48,37.364999999999995,40.79,36.997600000000006,40.7158,25.441744523712277
925,3924.5,37.43,40.8,37.0242,40.721399999999996,25.454468787895415
926,3924.52,37.43,40.81,37.0478,40.727599999999995,25.47177049784264
927,3924.54,37.43,40.855000000000004,37.071999999999996,40.7358,25.498225674583782
928,3924.56,37.465,40.9,37.0982,40.74379999999999,25.514635146292918
929,3924.58,37.5,40.95,37.1256,40.751799999999996,25.531044967277996
930,3924.6,37.555,41.0,37.155,40.7624,25.557506276839046
931,3924.62,37.61,40.985,37.1862,40.773,25.573029929578023
932,3924.64,37.635,40.97,37.217999999999996,40.781400000000005,25.589442166693754
933,3924.66,37.66,40.955,37.249399999999994,40.7876,25.61768282284551
934,3924.68,37.675,40.94,37.28,40.794000000000004,25.63409541016107
935,3924.7,37.69,40.855000000000004,37.3102,40.7978,25.63868094409972
936,3924.72,37.68,40.77,37.339,40.8002,25.65509455782179
937,3924.74,37.67,40.755,37.3666,40.804,25.671508513262783
938,3924.76,37.67,40.74,37.3934,40.8056,25.686158216216114
939,3924.78,37.67,40.875,37.4182,40.81100000000001,25.71351802298799
940,3924.8,37.760000000000005,41.01,37.4446,40.8228,25.73081468222225
941,3924.82,37.85,41.075,37.473800000000004,40.8382,25.746351020004155
942,3924.84,37.83,41.14,37.501400000000004,40.8552,25.772834987696314
943,3924.86,37.81,41.055,37.528800000000004,40.8678,25.790130458162654
944,3924.88,37.805,40.97,37.556599999999996,40.8778,25.802832419868484
945,3924.9,37.8,41.0,37.5842,40.8898,25.82472184228657
946,3924.92,37.805,41.03,37.611999999999995,40.904,25.84573451770667
947,3924.94,37.81,41.05,37.6362,40.92,25.86302976441866
948,3924.96,37.805,41.07,37.6564,40.934,25.88120324410911
949,3924.98,37.8,41.05,37.6738,40.9444,25.903093265642894
950,3925.0,37.805,41.03,37.6888,40.9536,25.92958021462328
951,3925.02,37.81,41.004999999999995,37.70399999999999,40.961400000000005,25.945124290009566
952,3925.04,37.855000000000004,40.98,37.721,40.9664,25.94972371445884
953,3925.06,37.9,40.965,37.7384,40.96900000000001,25.96614427566125
954,3925.08,37.925,40.95,37.7554,40.968999999999994,25.988911413531547
955,3925.1,37.95,40.93,37.7712,40.9662,25.999858557882924
956,3925.12,37.99,40.91,37.7864,40.9632,26.009934042338408
957,3925.14,38.03,40.905,37.8022,40.96059999999999,26.03182980750348
958,3925.16,38.09,40.9,37.819399999999995,40.958400000000005,26.054596494814202
959,3925.18,38.15,40.980000000000004,37.8384,40.96,26.065544514026275
960,3925.2,38.2,41.06,37.8588,40.968199999999996,26.070148779397492
961,3925.22,38.25,41.03,37.8816,40.9786,26.08657174216781
962,3925.24,38.29,41.0,37.906400000000005,40.9884,26.10386372671298
963,3925.26,38.33,41.06,37.9328,41.0012,26.120286792523636
964,3925.28,38.26,41.12,37.9564,41.011,26.1459257331383
965,3925.3,38.19,41.114999999999995,37.973600000000005,41.01519999999999,26.162350752148477
966,3925.32,38.135,41.11,37.985,41.0166,26.169557935341523
967,3925.34,38.08,41.18,37.995,41.0182,26.19145715786659
968,3925.36,38.095,41.25,38.0064,41.026,26.223442364442384
969,3925.38,38.11,41.16,38.0186,41.0336,26.239868337023875
970,3925.4,38.22,41.07,38.0354,41.03639999999999,26.244480652641343
971,3925.42,38.33,41.035,38.056400000000004,41.0366,26.25457010956183
972,3925.44,38.4,41.0,38.08,41.0346,26.266383298213622
973,3925.46,38.47,41.010000000000005,38.1066,41.0322,26.272721212149396
974,3925.48,38.535,41.02,38.135999999999996,41.031000000000006,26.272721198429608
975,3925.5,38.6,41.05500000000001,38.1678,41.032,26.28828649465163
976,3925.52,38.54,41.09,38.197,41.0354,26.315666320294298
977,3925.54,38.48,41.155,38.222,41.04240000000001,26.32834015572291
978,3925.56,38.44499999999999,41.22,38.24379999999999,41.052600000000005,26.34101634808157
979,3925.58,38.41,41.230000000000004,38.2632,41.0638,26.36291853454732
980,3925.6,38.465,41.24,38.2838,41.0762,26.384821284469282
981,3925.62,38.52,41.19,38.305,41.087399999999995,26.40844854513896
982,3925.64,38.52,41.14,38.324600000000004,41.0968,26.424875321804183
983,3925.66,38.52,41.095,38.341800000000006,41.1046,26.428628455827496
984,3925.68,38.525000000000006,41.05,38.3568,41.1074,26.439580595616363
985,3925.7,38.53,41.08,38.37,41.1082,26.461485306641002
986,3925.72,38.6,41.11,38.384,41.111399999999996,26.476198519623235
987,3925.74,38.67,41.085,38.39919999999999,41.114799999999995,26.479963536627526
988,3925.76,38.615,41.06,38.4106,41.1148,26.485440638766438
989,3925.78,38.56,41.144999999999996,38.4226,41.1158,26.502726867483283
990,3925.8,38.58,41.23,38.438199999999995,41.1204,26.525490255680577
991,3925.82,38.6,41.239999999999995,38.4568,41.12559999999999,26.541921459516836
992,3925.84,38.655,41.25,38.4798,41.1284,26.552021756957668
993,3925.86,38.71,41.254999999999995,38.504400000000004,41.1286,26.56845400337253
994,3925.88,38.735,41.26,38.5294,41.132600000000004,26.584034512356965
995,3925.9,38.76,41.16,38.551,41.1362,26.584886544544975
996,3925.92,38.795,41.06,38.5696,41.1372,26.57649407128187
997,3925.94,38.83,41.105000000000004,38.5868,41.141400000000004,26.58573946733743
998,3925.96,38.894999999999996,41.15,38.6038,41.147,26.609724003106482
999,3925.98,38.96,41.26,38.6208,41.1566,26.618985282024454
1000,3926.0,38.97,41.37,38.635600000000004,41.169200000000004,26.624463971285433
1001,3926.02,38.98,41.34,38.6532,41.1792,26.642594186176222
1002,3926.04,38.97,41.31,38.672799999999995,41.1854,26.66072622343317
1003,3926.06,38.96,41.2,38.693400000000004,41.1846,26.666204451285953
1004,3926.08,38.925,41.09,38.714,41.178999999999995,26.67168271252646
1005,3926.1,38.89,41.155,38.731,41.175599999999996,26.68896644752592
1006,3926.12,38.865,41.22,38.7448,41.1768,26.71172850367561
1007,3926.14,38.84,41.29,38.7576,41.1828,26.73449060612938
1008,3926.16,38.915000000000006,41.36,38.7734,41.193400000000004,26.750076553701916
1009,3926.18,38.99,41.34,38.792,41.205,26.765664745143344
1010,3926.2,38.985,41.32,38.8102,41.2146,26.782947616474104
1011,3926.22,38.98,41.325,38.8254,41.2232,26.79560023986514
1012,3926.24,39.025,41.33,38.8396,41.233000000000004,26.801927421067646
1013,3926.26,39.07,41.29,38.857800000000005,41.242200000000004,26.806556950339473
1014,3926.28,38.995000000000005,41.25,38.8752,41.2464,26.82129868814109
1015,3926.3,38.92,41.230000000000004,38.8888,41.2464,26.837735371352853
1016,3926.32,38.925,41.21,38.9018,41.245200000000004,26.84490654754914
1017,3926.34,38.93,41.2,38.912800000000004,41.243199999999995,26.855863873710586
1018,3926.36,39.025,41.19,38.925399999999996,41.2406,26.872300119319565
1019,3926.38,39.12,41.18,38.940799999999996,41.2374,26.877778925960254
1020,3926.4,39.135,41.17,38.955799999999996,41.2378,26.877778912461203
1021,3926.42,39.15,41.28,38.97,41.2466,26.889582712568725
1022,3926.44,39.245000000000005,41.39,38.986599999999996,41.258,26.8996944963252
1023,3926.46,39.34,41.355000000000004,39.004400000000004,41.2662,26.910652487270365
1024,3926.48,39.355000000000004,41.32,39.0202,41.2686,26.92878036086614
1025,3926.5,39.37,41.239999999999995,39.0362,41.263400000000004,26.935105638157122
1026,3926.52,39.4,41.16,39.053,41.2562,26.933413550155258
1027,3926.54,39.43,41.08,39.071400000000004,41.247,26.93636165063353
1028,3926.56,39.4,41.0,39.089,41.239,26.947320790473054
1029,3926.58,39.37,41.085,39.1068,41.2388,26.959122116031583
1030,3926.6,39.349999999999994,41.17,39.12520000000001,41.239399999999996,26.969239463492546
1031,3926.62,39.33,41.21,39.1438,41.239000000000004,26.984838511315658
1032,3926.64,39.33,41.25,39.1634,41.2374,26.996638547941583
1033,3926.66,39.33,41.325,39.18,41.236,27.002118455024604
1034,3926.68,39.31,41.4,39.192800000000005,41.2384,27.0185583994149
1035,3926.7,39.29,41.375,39.205,41.2406,27.034998635559155
1036,3926.72,39.364999999999995,41.35,39.2204,41.2416,27.034998622211553
1037,3926.74,39.44,41.305,39.237,41.2406,27.040478756285403
1038,3926.76,39.480000000000004,41.26,39.2534,41.2394,27.055244082239003
1039,3926.78,39.52,41.245,39.2744,41.239200000000004,27.066205336962458
1040,3926.8,39.605000000000004,41.23,39.3018,41.239200000000004,27.07336028795579
1041,3926.82,39.69,41.295,39.3324,41.2426,27.078840650114486
1042,3926.84,39.655,41.36,39.361399999999996,41.248999999999995,27.089801484110897
1043,3926.86,39.62,41.325,39.3852,41.254400000000004,27.102438590668317
1044,3926.88,39.644999999999996,41.29,39.4062,41.2588,27.108758008370607
1045,3926.9,39.67,41.29,39.427600000000005,41.2636,27.11887925497282
1046,3926.92,39.665,41.29,39.4482,41.263999999999996,27.12816541538128
1047,3926.94,39.66,41.215,39.4648,41.257,27.12732950829209
1048,3926.96,39.72,41.14,39.48,41.248400000000004,27.128165388884582
1049,3926.98,39.78,41.185,39.497,41.243,27.13912680337712
1050,3927.0,39.75,41.23,39.5122,41.2426,27.153899960117958
1051,3927.02,39.72,41.19,39.525,41.2438,27.16402942934942
1052,3927.04,39.765,41.15,39.538399999999996,41.2466,27.170343615908585
1053,3927.06,39.81,41.120000000000005,39.5548,41.251400000000004,27.176658384396
1054,3927.08,39.885000000000005,41.09,39.5754,41.251599999999996,27.172011791371084
1055,3927.1,39.96,41.105000000000004,39.5998,41.248999999999995,27.16653085522365
1056,3927.12,39.995000000000005,41.12,39.6264,41.2454,27.176658343262073
1057,3927.14,40.03,41.12,39.6544,41.2402,27.192268904602972
1058,3927.16,39.955,41.12,39.6794,41.232,27.201569114120602
1059,3927.18,39.88,41.095,39.7022,41.21979999999999,27.205392147301467
1060,3927.2,39.955,41.07,39.7288,41.2076,27.210874317262622
1061,3927.22,40.03,41.03,39.7554,41.194799999999994,27.218014621156772
1062,3927.24,40.095,40.99,39.7816,41.1822,27.225157826536357
1063,3927.26,40.16,40.894999999999996,39.8088,41.1676,27.22598979257598
1064,3927.28,40.144999999999996,40.8,39.8338,41.149800000000006,27.225157799342593
1065,3927.3,40.13,40.81,39.8548,41.133,27.223496479848045
1066,3927.32,40.165000000000006,40.82,39.8738,41.114,27.21801455427353
1067,3927.34,40.2,40.885000000000005,39.8956,41.095,27.218844918709113
1068,3927.36,40.16,40.95,39.9172,41.08,27.23063935559273
1069,3927.38,40.12,40.94,39.93620000000001,41.066,27.241602655109137
1070,3927.4,40.205,40.93,39.9576,41.0516,27.239942338869817
1071,3927.42,40.29,40.875,39.982600000000005,41.035,27.239113500263745
1072,3927.44,40.370000000000005,40.82,40.011,41.0192,27.23994231157166
1073,3927.46,40.45,40.805,40.0402,41.0058,27.23994229844565
1074,3927.48,40.475,40.79,40.068000000000005,40.99,27.239942284970926
1075,3927.5,40.5,40.75,40.098,40.9708,27.23994227184492
1076,3927.52,40.585,40.71,40.132600000000004,40.9516,27.23911343303575
1077,3927.54,40.67,40.715,40.168800000000005,40.934200000000004,27.238285478055683
1078,3927.56,40.644999999999996,40.72,40.2022,40.9182,27.23663223514567
1079,3927.58,40.62,40.64,40.2316,40.9002,27.23114954889027
1080,3927.6,40.56,40.56,40.2556,40.8784,27.226493399034172
1081,3927.62,40.5,40.620000000000005,40.275800000000004,40.8584,27.22566687996696
1082,3927.64,40.43,40.68,40.291799999999995,40.8408,27.230324054207465
1083,3927.66,40.36,40.585,40.308,40.8194,27.230324041200543
1084,3927.68,40.364999999999995,40.49,40.327400000000004,40.7952,27.231149482852253
1085,3927.7,40.37,40.46,40.344,40.7708,27.2374583152767
1086,3927.72,40.45,40.43,40.3608,40.7468,27.243767730254554
1087,3927.74,40.53,40.45,40.3782,40.7252,27.24376771786539
1088,3927.76,40.59,40.47,40.3954,40.708200000000005,27.231149429920983
1089,3927.78,40.65,40.43,40.415600000000005,40.693400000000004,27.21853347566268
1090,3927.8,40.66,40.39,40.436800000000005,40.6766,27.218533463027573
1091,3927.82,40.67,40.379999999999995,40.457,40.659,27.21935835208903
1092,3927.84,40.715,40.37,40.4776,40.638400000000004,27.208392878895314
1093,3927.86,40.76,40.36,40.501599999999996,40.6148,27.202084781437033
1094,3927.88,40.76,40.35,40.5272,40.5912,27.212226315632552
1095,3927.9,40.76,40.28,40.5494,40.5652,27.21770938034439
1096,3927.92,40.730000000000004,40.21,40.567,40.5386,27.213050472272382
1097,3927.94,40.7,40.215,40.5802,40.5144,27.207567579311426
1098,3927.96,40.71,40.22,40.5906,40.491,27.202084716153554
1099,3927.98,40.72,40.125,40.6004,40.4644,27.197427451212985
1100,3928.0,40.735,40.03,40.6098,40.4356,27.191944817776754
1101,3928.02,40.75,40.004999999999995,40.6164,40.4074,27.18646221552294
1102,3928.04,40.735,39.98,40.619,40.378,27.18180659688058
1103,3928.06,40.72,39.95,40.622,40.3472,27.17632422342802
1104,3928.08,40.76,39.92,40.6276,40.3184,27.170841882117195
1105,3928.1,40.8,39.925,40.6372,40.293,27.159877307300658
1106,3928.12,40.79,39.93,40.648799999999994,40.2654,27.152740373594263
1107,3928.14,40.78,39.915,40.662800000000004,40.23479999999999,27.15657212291034
1108,3928.16,40.775000000000006,39.9,40.6794,40.2074,27.15657210928153
1109,3928.18,40.77,39.925,40.6956,40.1848,27.151914320757918
1110,3928.2,40.785,39.95,40.712199999999996,40.1644,27.147257784525575
1111,3928.22,40.8,39.91,40.726200000000006,40.1436,27.137120193346583
1112,3928.24,40.81,39.87,40.7374,40.1204,27.126155662257176
1113,3928.26,40.82,39.849999999999994,40.7466,40.0956,27.119845534243467
1114,3928.28,40.864999999999995,39.83,40.7552,40.0716,27.11353599200283
1115,3928.3,40.91,39.815,40.7652,40.0486,27.108053495550628
1116,3928.32,40.94,39.8,40.775999999999996,40.0254,27.102571030223096
1117,3928.34,40.97,39.775,40.7862,40.001599999999996,27.097088596388094
1118,3928.36,40.955,39.75,40.794000000000004,39.977199999999996,27.09243404573021
1119,3928.38,40.94,39.68,40.8012,39.9504,27.08146968488935
1120,3928.4,40.925,39.61,40.8078,39.9236,27.069676928580634
1121,3928.42,40.91,39.585,40.815,39.898599999999995,27.063366884269428
1122,3928.44,40.89,39.56,40.822599999999994,39.8724,27.057057426991225
1123,3928.46,40.87,39.58,40.829,39.8468,27.039783309285372
1124,3928.48,40.864999999999995,39.6,40.8348,39.8258,27.02881817539393
1125,3928.5,40.86,39.53,40.8398,39.8058,27.02881816243409
1126,3928.52,40.885,39.46,40.8452,39.784,27.02333563598631
1127,3928.54,40.91,39.435,40.852199999999996,39.7622,27.019508754482853
1128,3928.56,40.915,39.41,40.85999999999999,39.7406,27.01568614157376
1129,3928.58,40.92,39.37,40.8664,39.7186,27.004722670188585
1130,3928.6,40.93,39.33,40.8716,39.694799999999994,26.9929284484997
1131,3928.62,40.94,39.31,40.8776,39.67,26.981964893578883
1132,3928.64,40.86,39.29,40.880799999999994,39.645,26.971001467730673
1133,3928.66,40.78,39.29,40.881,39.620599999999996,26.964688966758246
1134,3928.68,40.825,39.29,40.883199999999995,39.5952,26.958377053254562
1135,3928.7,40.87,39.22,40.8866,39.566,26.94658365805098
1136,3928.72,40.879999999999995,39.15,40.889799999999994,39.5356,26.934790609700197
1137,3928.74,40.89,39.085,40.893,39.5042,26.918344264803334
1138,3928.76,40.83,39.02,40.8934,39.471,26.908210026526532
1139,3928.78,40.77,39.065,40.889599999999994,39.4404,26.908210013508597
1140,3928.8,40.755,39.11,40.883399999999995,39.4122,26.901898180208956
1141,3928.82,40.74,39.129999999999995,40.8754,39.3854,26.884622791474698
1142,3928.84,40.69,39.15,40.864200000000004,39.3604,26.868176800348458
1143,3928.86,40.64,39.129999999999995,40.8516,39.3356,26.858874786616045
1144,3928.88,40.71,39.11,40.8424,39.312799999999996,26.847911754762052
1145,3928.9,40.78,39.14,40.8366,39.294,26.83528566783525
1146,3928.92,40.84,39.17,40.833800000000004,39.2774,26.824322214307244
1147,3928.94,40.9,39.045,40.8342,39.2568,26.819672180901343
1148,3928.96,40.915,38.92,40.836,39.2304,26.81502341749967
1149,3928.98,40.93,38.975,40.8386,39.2054,26.79857969878968
1150,3929.0,40.96,39.03,40.8426,39.1854,26.781302528260213
1151,3929.02,40.99,38.97,40.8468,39.1658,26.775821271723398
1152,3929.04,40.915000000000006,38.91,40.847,39.1448,26.771174130612696
1153,3929.06,40.84,38.9,40.844,39.1244,26.76104745771688
1154,3929.08,40.835,38.89,40.8406,39.105199999999996,26.75640306864312
1155,3929.1,40.83,38.99,40.8366,39.0916,26.745441951736744
1156,3929.12,40.84,39.09,40.8326,39.0828,26.723520122313225
1157,3929.14,40.85,39.045,40.8322,39.073,26.7070790907673
1158,3929.16,40.835,39.0,40.8344,39.0614,26.7007606916231
1159,3929.18,40.82,38.975,40.8342,39.0488,26.696118550719884
1160,3929.2,40.765,38.95,40.83,39.038,26.690638329590346
1161,3929.22,40.71,38.945,40.8232,39.0298,26.68896230524829
1162,3929.24,40.66,38.94,40.814,39.023999999999994,26.67800128607382
1163,3929.26,40.61,39.07,40.8052,39.025999999999996,26.663237744403006
1164,3929.28,40.625,39.2,40.7994,39.031400000000005,26.664919075899565
1165,3929.3,40.64,39.21,40.7948,39.0354,26.670398760387947
1166,3929.32,40.665,39.22,40.7918,39.039,26.664077926022113
1167,3929.34,40.69,39.230000000000004,40.791799999999995,39.0422,26.65227770467402
1168,3929.36,40.709999999999994,39.24,40.7946,39.046600000000005,26.639638721416908
1169,3929.38,40.73,39.22,40.7954,39.051,26.621521602026668
1170,3929.4,40.685,39.2,40.791599999999995,39.0534,26.605080278547387
1171,3929.42,40.64,39.145,40.7836,39.0524,26.594958236101938
1172,3929.44,40.629999999999995,39.09,40.7728,39.0542,26.584837920998087
1173,3929.46,40.62,39.065,40.760999999999996,39.06,26.58104093650968
1174,3929.48,40.61,39.04,40.748200000000004,39.0626,26.582727465821648
1175,3929.5,40.6,38.989999999999995,40.7338,39.06100000000001,26.571769156772483
1176,3929.52,40.565,38.94,40.7168,39.0598,26.554487356706098
1177,3929.54,40.53,39.04,40.70140000000001,39.065000000000005,26.548164309374936
1178,3929.56,40.49,39.14,40.687400000000004,39.074600000000004,26.541841854052283
1179,3929.58,40.45,39.15,40.672,39.085,26.53172644604643
1180,3929.6,40.400000000000006,39.16,40.6548,39.0918,26.531726432901923
1181,3929.62,40.35,39.31,40.6352,39.1006,26.535519963677093
1182,3929.64,40.370000000000005,39.46,40.616,39.1172,26.53467845997361
1183,3929.66,40.39,39.485,40.5982,39.1366,26.52835792200256
1184,3929.68,40.43,39.51,40.5826,39.157999999999994,26.517398126470255
1185,3929.7,40.47,39.44,40.570800000000006,39.177600000000005,26.51191827166219
1186,3929.72,40.43,39.37,40.5596,39.1946,26.511918259205313
1187,3929.74,40.39,39.295,40.5488,39.208800000000004,26.507279890303717
1188,3929.76,40.355000000000004,39.22,40.5386,39.2148,26.49168405839586
1189,3929.78,40.32,39.215,40.5264,39.2154,26.481569566338504
1190,3929.8,40.269999999999996,39.21,40.5116,39.2154,26.481569553081453
1191,3929.82,40.22,39.32,40.49379999999999,39.2194,26.476090455991773
1192,3929.84,40.19,39.43,40.473800000000004,39.227399999999996,26.47145679070189
1193,3929.86,40.16,39.495000000000005,40.4518,39.2376,26.47145677706187
1194,3929.88,40.105,39.56,40.4268,39.2512,26.47145676342185
1195,3929.9,40.05,39.5,40.401399999999995,39.263200000000005,26.467671781399353
1196,3929.92,40.03,39.44,40.377,39.275,26.463891170081173
1197,3929.94,40.01,39.425,40.3522,39.2884,26.463891156319473
1198,3929.96,40.075,39.41,40.3304,39.3022,26.462193284392693
1199,3929.98,40.14,39.465,40.3116,39.3192,26.456714847087447
1200,3930.0,40.1,39.52,40.291599999999995,39.3404,26.452935006493764
1201,3930.02,40.06,39.565,40.2714,39.3654,26.45293499307498
1202,3930.04,40.075,39.61,40.2532,39.3882,26.452934980004652
1203,3930.06,40.09,39.635,40.2372,39.407999999999994,26.44745696257672
1204,3930.08,40.025000000000006,39.66,40.2202,39.4284,26.440279713668232
1205,3930.1,39.96,39.62,40.202600000000004,39.4468,26.4394314314458
1206,3930.12,39.99,39.58,40.1882,39.4576,26.440279686720007
1207,3930.14,40.02,39.54,40.1742,39.4608,26.44197893934066
1208,3930.16,40.010000000000005,39.5,40.159,39.4614,26.44368182837797
1209,3930.18,40.0,39.465,40.141799999999996,39.4596,26.438204232321468
1210,3930.2,39.9,39.43,40.119,39.4592,26.437352136332734
1211,3930.22,39.8,39.455,40.0938,39.462599999999995,26.443681788952475
1212,3930.24,39.739999999999995,39.48,40.067800000000005,39.47,26.439911085069376
1213,3930.26,39.68,39.584999999999994,40.0408,39.4846,26.4289567168374
1214,3930.28,39.695,39.69,40.0158,39.5036,26.422625144725117
1215,3930.3,39.71,39.739999999999995,39.993399999999994,39.5248,26.421771609356068
1216,3930.32,39.765,39.79,39.9752,39.5436,26.4217715958622
1217,3930.34,39.82,39.835,39.9604,39.5598,26.422625103807373
1218,3930.36,39.775,39.88,39.945,39.5752,26.428956648514013
1219,3930.38,39.73,39.85,39.93,39.5868,26.435288782247085
1220,3930.4,39.709999999999994,39.82,39.9164,39.5996,26.435288769367833
1221,3930.42,39.69,39.835,39.9028,39.6154,26.44076577315876
1222,3930.44,39.65,39.85,39.8884,39.6324,26.45171989974213
1223,3930.46,39.61,39.84,39.8698,39.6496,26.458052194568673
1224,3930.48,39.605000000000004,39.83,39.8484,39.664199999999994,26.45890827759825
1225,3930.5,39.6,39.765,39.8284,39.674,26.45257522343158
1226,3930.52,39.61,39.7,39.8104,39.6794,26.458052154466074
1227,3930.54,39.62,39.71,39.7922,39.6834,26.469006132689067
1228,3930.56,39.605000000000004,39.72,39.772800000000004,39.686800000000005,26.462674095643557
1229,3930.58,39.59,39.735,39.7554,39.6898,26.45086534911303
1230,3930.6,39.625,39.75,39.742,39.695,26.44538807205722
1231,3930.62,39.66,39.894999999999996,39.7288,39.7076,26.445388058516063
1232,3930.64,39.614999999999995,40.04,39.7126,39.7276,26.450011761779738
1233,3930.66,39.57,40.06,39.695,39.75,26.454636762476316
1234,3930.68,39.504999999999995,40.08,39.6752,39.7746,26.454636748650753
1235,3930.7,39.44,39.945,39.656800000000004,39.7952,26.456342567066795
1236,3930.72,39.394999999999996,39.81,39.6406,39.809400000000004,26.46267398769463
1237,3930.74,39.35,39.730000000000004,39.625,39.8194,26.473628389840584
1238,3930.76,39.345,39.65,39.611599999999996,39.821999999999996,26.4799601137512
1239,3930.78,39.34,39.735,39.5974,39.8238,26.481671783260477
1240,3930.8,39.39,39.82,39.5846,39.827000000000005,26.494339933986538
1241,3930.82,39.44,39.89,39.5716,39.831,26.499816398224407
1242,3930.84,39.489999999999995,39.96,39.5584,39.836,26.49262530326466
1243,3930.86,39.54,39.995000000000005,39.549,39.8406,26.490914315564584
1244,3930.88,39.53,40.03,39.541,39.8478,26.4837294525201
1245,3930.9,39.52,40.0,39.5334,39.855,26.47825196896181
1246,3930.92,39.5,39.97,39.5258,39.8604,26.492625248590755
1247,3930.94,39.48,39.894999999999996,39.519,39.8622,26.49981631654019
1248,3930.96,39.47,39.82,39.513400000000004,39.861399999999996,26.499816302842365
1249,3930.98,39.46,39.915,39.507600000000004,39.8648,26.510769348722484
1250,3931.0,39.485,40.01,39.503,39.8746,26.514532729388886
1251,3931.02,39.51,40.004999999999995,39.498999999999995,39.8868,26.51915462909626
1252,3931.04,39.465,40.0,39.492799999999995,39.898399999999995,26.530963715483285
1253,3931.06,39.42,40.055,39.4854,39.9118,26.537296208531295
1254,3931.08,39.415,40.11,39.4784,39.9268,26.54362928809324
1255,3931.1,39.41,40.095,39.4698,39.9406,26.55543960027632
1256,3931.12,39.44499999999999,40.08,39.4612,39.948,26.561773710010602
1257,3931.14,39.48,40.07,39.455799999999996,39.9492,26.562632043285397
1258,3931.16,39.465,40.06,39.4516,39.9492,26.56177368213522
1259,3931.18,39.45,40.035,39.4494,39.947399999999995,26.560916226614943
1260,3931.2,39.44,40.01,39.4494,39.95,26.566392928496757
1261,3931.22,39.43,40.099999999999994,39.4508,39.9616,26.571013481093715
1262,3931.24,39.475,40.19,39.455799999999996,39.98,26.571013467787036
1263,3931.26,39.52,40.239999999999995,39.4628,40.0036,26.56553652741771
1264,3931.28,39.55,40.29,39.471199999999996,40.0258,26.554582763946176
1265,3931.3,39.58,40.295,39.4788,40.044799999999995,26.549105926528934
1266,3931.32,39.61,40.3,39.4856,40.0612,26.549105912862586
1267,3931.34,39.64,40.245,39.4916,40.0726,26.549105899196242
1268,3931.36,39.665,40.19,39.4966,40.0804,26.552871996754966
1269,3931.38,39.69,40.224999999999994,39.503,40.0882,26.569303718121578
1270,3931.4,39.65,40.26,39.5082,40.0986,26.581967314128022
1271,3931.42,39.61,40.230000000000004,39.5126,40.109,26.576490305673094
1272,3931.44,39.6,40.2,39.517399999999995,40.121199999999995,26.576490292362134
1273,3931.46,39.59,40.150000000000006,39.5222,40.1344,26.582823105525968
1274,3931.48,39.58,40.1,39.527,40.1418,26.583679826391133
1275,3931.5,39.57,40.165,39.5304,40.148,26.58453745184911
1276,3931.52,39.57,40.23,39.5328,40.157000000000004,26.585395981246055
1277,3931.54,39.57,40.215,39.537000000000006,40.1656,26.586255414145956
1278,3931.56,39.66,40.2,39.5466,40.1714,26.59087227734615
1279,3931.58,39.75,40.27,39.56,40.1778,26.605586673239536
1280,3931.6,39.835,40.34,39.577,40.187599999999996,26.61654032332961
1281,3931.62,39.92,40.35,39.596,40.1984,26.612777876801065
1282,3931.64,39.93,40.36,39.614000000000004,40.21,26.609019782474146
1283,3931.66,39.94,40.370000000000005,39.633,40.2224,26.614495877055973
1284,3931.68,39.9,40.38,39.650999999999996,40.236200000000004,26.619112717280878
1285,3931.7,39.86,40.31,39.6678,40.2482,26.623730848303442
1286,3931.72,39.85,40.24,39.6846,40.2538,26.622017124136658
1287,3931.74,39.84,40.215,39.6992,40.2548,26.616540226240456
1288,3931.76,39.870000000000005,40.19,39.7132,40.2528,26.618254275462434
1289,3931.78,39.9,40.185,39.7272,40.2486,26.61363632792635
1290,3931.8,39.864999999999995,40.18,39.7386,40.244,26.614495779681345
1291,3931.82,39.83,40.2,39.7474,40.24,26.620832100477624
1292,3931.84,39.855000000000004,40.22,39.756,40.239000000000004,26.621693179812087
1293,3931.86,39.88,40.36,39.7646,40.2458,26.62803080887296
1294,3931.88,39.89,40.5,39.7726,40.256800000000005,26.634369020131004
1295,3931.9,39.9,40.485,39.782599999999995,40.2658,26.639844544731744
1296,3931.92,39.89,40.47,39.793800000000005,40.2754,26.65079571351079
1297,3931.94,39.88,40.370000000000005,39.80500000000001,40.2822,26.657997716676356
1298,3931.96,39.900000000000006,40.27,39.8174,40.287,26.657997702707657
1299,3931.98,39.92,40.290000000000006,39.830999999999996,40.2946,26.656271315085977
1300,3932.0,39.96,40.31,39.8466,40.300399999999996,26.645320049119807
1301,3932.02,40.0,40.290000000000006,39.8638,40.302800000000005,26.635232367805123
1302,3932.04,40.004999999999995,40.27,39.8812,40.30500000000001,26.639844446956648
1303,3932.06,40.01,40.255,39.8952,40.3072,26.64993360366875
1304,3932.08,40.015,40.24,39.9058,40.306000000000004,26.656271244752062
1305,3932.1,40.02,40.34,39.913199999999996,40.306000000000004,26.657133966758067
1306,3932.12,40.0,40.44,39.916399999999996,40.3096,26.65799758969144
1307,3932.14,39.98,40.485,39.9184,40.3146,26.66894825813995
1308,3932.16,40.004999999999995,40.53,39.921,40.321,26.67903613771713
1309,3932.18,40.03,40.54,39.9262,40.3274,26.67989905237754
1310,3932.2,40.1,40.55,39.9358,40.337,26.670677483279214
1311,3932.22,40.17,40.56,39.9486,40.3498,26.659727496426175
1312,3932.24,40.205,40.57,39.9632,40.364000000000004,26.665202450930323
1313,3932.26,40.24,40.55,39.978,40.3784,26.68249318191435
1314,3932.28,40.285,40.53,39.993399999999994,40.3922,26.68162753758915
1315,3932.3,40.33,40.425,40.012,40.402,26.663472785991797
1316,3932.32,40.32,40.32,40.0316,40.406800000000004,26.65799744860561
1317,3932.34,40.31,40.394999999999996,40.0498,40.4138,26.66433711819394
1318,3932.36,40.205,40.47,40.0628,40.4182,26.67067736878272
1319,3932.38,40.1,40.555,40.0712,40.4204,26.67701819982993
1320,3932.4,40.055,40.64,40.077400000000004,40.4266,26.687102561739405
1321,3932.42,40.01,40.615,40.0822,40.4324,26.690849844192126
1322,3932.44,40.05,40.59,40.089,40.4412,26.6908498302406
1323,3932.46,40.09,40.52,40.096599999999995,40.4512,26.6971886460008
1324,3932.48,40.08,40.45,40.103,40.4576,26.703528041536078
1325,3932.5,40.07,40.47,40.1074,40.464,26.709868017569445
1326,3932.52,40.07,40.49,40.1102,40.472,26.715343110007773
1327,3932.54,40.07,40.58,40.1128,40.4844,26.71620855893347
1328,3932.56,40.120000000000005,40.67,40.1172,40.501,26.710733616017233
1329,3932.58,40.17,40.665,40.123400000000004,40.518,26.715343066523342
1330,3932.6,40.135000000000005,40.66,40.128,40.5308,26.72715847826204
1331,3932.62,40.1,40.675,40.132000000000005,40.5402,26.727158463861084
1332,3932.64,40.09,40.69,40.1364,40.5484,26.72715844980839
1333,3932.66,40.08,40.644999999999996,40.1394,40.553000000000004,26.72802444333021
1334,3932.68,40.11,40.6,40.1426,40.5554,26.728891334699263
1335,3932.7,40.14,40.59,40.1442,40.556999999999995,26.735233626512592
1336,3932.72,40.175,40.58,40.1444,40.5578,26.72889130655925
1337,3932.74,40.21,40.58,40.1446,40.5582,26.723416647296467
1338,3932.76,40.235,40.58,40.1444,40.559400000000004,26.736102107654233
1339,3932.78,40.26,40.565,40.1434,40.5608,26.741576452165578
1340,3932.8,40.2,40.55,40.138200000000005,40.565799999999996,26.73610207931709
1341,3932.82,40.14,40.57,40.131,40.5758,26.73610206514252
1342,3932.84,40.185,40.59,40.126,40.5836,26.73610204992327
1343,3932.86,40.23,40.675,40.126999999999995,40.591800000000006,26.73610203574871
1344,3932.88,40.245,40.76,40.1328,40.6,26.741576379572397
1345,3932.9,40.26,40.81,40.141,40.6068,26.747050759323862
1346,3932.92,40.275,40.86,40.1516,40.6166,26.756264908159846
1347,3932.94,40.29,40.83,40.1612,40.6262,26.765484206744887
1348,3932.96,40.28,40.8,40.168800000000005,40.6374,26.760008948991825
1349,3932.98,40.27,40.79,40.1764,40.650999999999996,26.74905855244476
1350,3933.0,40.290000000000006,40.78,40.1852,40.6634,26.749058538403563
1351,3933.02,40.31,40.785,40.1948,40.6752,26.75453369766139
1352,3933.04,40.255,40.79,40.202200000000005,40.6836,26.759144846577076
1353,3933.06,40.2,40.79,40.205400000000004,40.6884,26.764620252582656
1354,3933.08,40.16,40.79,40.205,40.693400000000004,26.77557118278051
1355,3933.1,40.12,40.735,40.2044,40.6964,26.78652225255973
1356,3933.12,40.165,40.68,40.207,40.6966,26.786522237650566
1357,3933.14,40.21,40.695,40.211800000000004,40.696799999999996,26.78104666458979
1358,3933.16,40.175,40.71,40.2156,40.6994,26.781909989602266
1359,3933.18,40.14,40.769999999999996,40.2168,40.7062,26.793724658376263
1360,3933.2,40.205,40.83,40.2194,40.7158,26.799199919328455
1361,3933.22,40.27,40.864999999999995,40.2232,40.727199999999996,26.79919990445567
1362,3933.24,40.185,40.9,40.2222,40.739999999999995,26.80006449302952
1363,3933.26,40.1,40.905,40.2168,40.753,26.800064478951366
1364,3933.28,40.05,40.91,40.208400000000005,40.766799999999996,26.81015051731104
1365,3933.3,40.0,40.849999999999994,40.2004,40.778800000000004,26.82196519457073
1366,3933.32,40.010000000000005,40.79,40.1952,40.7876,26.82369565951762
1367,3933.34,40.02,40.785,40.1886,40.7954,26.8245622280367
1368,3933.36,40.135000000000005,40.78,40.1848,40.7996,26.830904258248566
1369,3933.38,40.25,40.795,40.185,40.801,26.83090424337327
1370,3933.4,40.265,40.81,40.1852,40.801,26.819955132333757
1371,3933.42,40.28,40.855000000000004,40.1854,40.8008,26.81448062160197
1372,3933.44,40.31,40.9,40.1862,40.803599999999996,26.819955102907095
1373,3933.46,40.34,40.91,40.1886,40.808,26.82716726121736
1374,3933.48,40.33,40.92,40.191,40.8132,26.828908469341396
1375,3933.5,40.32,40.86,40.1922,40.8164,26.82890845503127
1376,3933.52,40.35,40.8,40.1938,40.817,26.833511415794806
1377,3933.54,40.38,40.849999999999994,40.1988,40.8194,26.838115662159613
1378,3933.56,40.375,40.9,40.205799999999996,40.8238,26.837246733451458
1379,3933.58,40.37,40.925,40.2142,40.82919999999999,26.838115632501825
1380,3933.6,40.315,40.95,40.222,40.837799999999994,26.85080401872698
1381,3933.62,40.26,40.93,40.2258,40.8478,26.861752034018373
1382,3933.64,40.31,40.91,40.2298,40.8564,26.855407816334356
1383,3933.66,40.36,40.894999999999996,40.2372,40.8638,26.850803974344718
1384,3933.68,40.295,40.88,40.2434,40.868199999999995,26.85802098037507
1385,3933.7,40.23,40.894999999999996,40.2444,40.8708,26.86349464378005
1386,3933.72,40.175,40.91,40.2406,40.8726,26.868968341837785
1387,3933.74,40.12,40.94,40.238,40.8742,26.87444207522303
1388,3933.76,40.135,40.97,40.2394,40.8768,26.87357063459092
1389,3933.78,40.15,41.004999999999995,40.2434,40.8806,26.873570620495748
1390,3933.8,40.19,41.04,40.251,40.8882,26.87904456668454
1391,3933.82,40.23,41.015,40.2598,40.8972,26.883648370320664
1392,3933.84,40.235,40.99,40.2684,40.9054,26.889122564441774
1393,3933.86,40.24,40.945,40.272600000000004,40.912,26.896337332810557
1394,3933.88,40.290000000000006,40.9,40.2742,40.916199999999996,26.901811242294368
1395,3933.9,40.34,41.0,40.2772,40.9238,26.916494088350863
1396,3933.92,40.42,41.1,40.282799999999995,40.9336,26.916494072679274
1397,3933.94,40.5,41.03,40.2904,40.9388,26.900071012114346
1398,3933.96,40.47,40.96,40.2956,40.940799999999996,26.905545311138216
1399,3933.98,40.44,40.885000000000005,40.3,40.9394,26.911019646241648
1400,3934.0,40.47,40.81,40.306,40.9374,26.904676706371642
1401,3934.02,40.5,40.815,40.312,40.938,26.905545268919024
1402,3934.04,40.455,40.82,40.315,40.9368,26.90815633894446
1403,3934.06,40.41,40.875,40.3164,40.9358,26.919975784868566
1404,3934.08,40.385,40.93,40.317,40.93600000000001,26.93092322688892
1405,3934.1,40.36,40.91,40.3188,40.934400000000004,26.91997575540292
1406,3934.12,40.35,40.89,40.3224,40.9328,26.913630097694746
1407,3934.14,40.34,40.95,40.3236,40.934400000000004,26.930051746836767
1408,3934.16,40.41,41.01,40.3256,40.939,26.941870765688133
1409,3934.18,40.48,40.95,40.333,40.9418,26.93814212790384
1410,3934.2,40.465,40.89,40.3424,40.9416,26.933542797467048
1411,3934.22,40.45,40.86,40.3534,40.9396,26.938142097985505
1412,3934.24,40.480000000000004,40.83,40.3678,40.9352,26.9436155454545
1413,3934.26,40.51,40.805,40.3828,40.928599999999996,26.938142069111684
1414,3934.28,40.445,40.78,40.3946,40.9196,26.94274265227818
1415,3934.3,40.38,40.83,40.4022,40.9112,26.95829232379711
1416,3934.32,40.35,40.88,40.407,40.9058,26.96376626581307
1417,3934.34,40.32,40.91,40.4104,40.9026,26.958292294373322
1418,3934.36,40.345,40.94,40.4146,40.9024,26.956552067631925
1419,3934.38,40.37,40.834999999999994,40.4178,40.8998,26.96202636338198
1420,3934.4,40.455,40.73,40.422399999999996,40.888999999999996,26.96376620791652
1421,3934.42,40.54,40.655,40.4272,40.8712,26.96463745799896
1422,3934.44,40.61,40.58,40.431599999999996,40.853199999999994,26.95829222095105
1423,3934.46,40.68,40.629999999999995,40.44,40.84,26.94647349215301
1424,3934.48,40.675,40.68,40.4494,40.8318,26.947344383277894
1425,3934.5,40.67,40.705,40.4574,40.8276,26.952818255412737
1426,3934.52,40.56,40.73,40.4598,40.8242,26.952818241046042
1427,3934.54,40.45,40.73,40.4596,40.8206,26.952818226331157
1428,3934.56,40.49,40.73,40.4628,40.8148,26.95281821126807
1429,3934.58,40.53,40.715,40.4686,40.8062,26.952818196553178
1430,3934.6,40.565,40.7,40.4768,40.797799999999995,26.952818181838285
1431,3934.62,40.6,40.655,40.486799999999995,40.788399999999996,26.948216076601746
1432,3934.64,40.57,40.61,40.496,40.7748,26.943615251753798
1433,3934.66,40.54,40.53,40.5012,40.7556,26.949088733917833
1434,3934.68,40.57,40.45,40.5048,40.7356,26.95368974217623
1435,3934.7,40.6,40.510000000000005,40.510200000000005,40.7204,26.94734422208838
1436,3934.72,40.55,40.57,40.5142,40.708800000000004,26.947344207381267
1437,3934.74,40.5,40.519999999999996,40.515,40.6964,26.947344193022357
1438,3934.76,40.504999999999995,40.47,40.5148,40.683,26.94187032658634
1439,3934.78,40.51,40.5,40.517399999999995,40.6718,26.94734416358658
1440,3934.8,40.555,40.53,40.52439999999999,40.6598,26.95194730754073
1441,3934.82,40.6,40.47,40.5344,40.6434,26.947344134499005
1442,3934.84,40.629999999999995,40.41,40.5468,40.6234,26.942742241173924
1443,3934.86,40.66,40.37,40.5594,40.6006,26.94187025298194
1444,3934.88,40.629999999999995,40.33,40.569799999999994,40.5804,26.95281797726532
1445,3934.9,40.6,40.285,40.5756,40.5626,26.959163326501685
1446,3934.92,40.535,40.24,40.5754,40.546,26.94908854359189
1447,3934.94,40.47,40.215,40.5698,40.531400000000005,26.93814156980228
1448,3934.96,40.504999999999995,40.19,40.562799999999996,40.5138,26.938141555029613
1449,3934.98,40.54,40.230000000000004,40.5574,40.4958,26.93814154060512
1450,3935.0,40.57,40.27,40.553399999999996,40.4784,26.93639633563587
1451,3935.02,40.6,40.245000000000005,40.555,40.459,26.935525062886324
1452,3935.04,40.620000000000005,40.22,40.5618,40.4386,26.925448779244412
1453,3935.06,40.64,40.265,40.5678,40.42,26.914501377628923
1454,3935.08,40.605000000000004,40.31,40.5708,40.4038,26.9136293961679
1455,3935.1,40.57,40.21,40.571000000000005,40.3842,26.91910323498149
1456,3935.12,40.59,40.11,40.5706,40.3624,26.914501334128932
1457,3935.14,40.61,40.125,40.572199999999995,40.343,26.903554074345248
1458,3935.16,40.595,40.14,40.5744,40.3274,26.903554059962943
1459,3935.18,40.58,40.165,40.574799999999996,40.316,26.903554045232465
1460,3935.2,40.53,40.19,40.572,40.303200000000004,26.89808046112849
1461,3935.22,40.48,40.11,40.5692,40.2848,26.89808044673181
1462,3935.24,40.54,40.03,40.5708,40.2652,26.897207932459107
1463,3935.26,40.6,39.93,40.574600000000004,40.243599999999994,26.890862422158726
1464,3935.28,40.595,39.83,40.577999999999996,40.2168,26.885388553682475
1465,3935.3,40.59,39.81,40.5794,40.188,26.874440936851713
1466,3935.32,40.565,39.79,40.578,40.1608,26.8672248666586
1467,3935.34,40.54,39.79,40.5744,40.135999999999996,26.86635503874111
1468,3935.36,40.545,39.79,40.5698,40.1128,26.860880779190214
1469,3935.38,40.55,39.769999999999996,40.5666,40.0904,26.855406554287836
1470,3935.4,40.53,39.75,40.5638,40.069,26.862621625252004
1471,3935.42,40.51,39.805,40.562799999999996,40.0516,26.868967102853755
1472,3935.44,40.555,39.86,40.5662,40.037400000000005,26.85714774162795
1473,3935.46,40.6,39.825,40.57,40.022800000000004,26.84532870507684
1474,3935.48,40.595,39.79,40.572199999999995,40.0052,26.850802653522354
1475,3935.5,40.59,39.739999999999995,40.573,39.984,26.857147698679576
1476,3935.52,40.595,39.69,40.5728,39.9618,26.846200079201875
1477,3935.54,40.6,39.665,40.571999999999996,39.9396,26.82890697240079
1478,3935.56,40.695,39.64,40.5742,39.9146,26.8116140117683
1479,3935.58,40.79,39.585,40.5816,39.8856,26.800666246000475
1480,3935.6,40.754999999999995,39.53,40.589,39.8584,26.801538176810837
1481,3935.62,40.72,39.555,40.5942,39.8362,26.80153816284353
1482,3935.64,40.76,39.58,40.6002,39.8144,26.790590894797358
1483,3935.66,40.8,39.545,40.608399999999996,39.7906,26.77417026744212
1484,3935.68,40.78,39.51,40.6164,39.7644,26.76322335487301
1485,3935.7,40.76,39.45,40.6256,39.7348,26.75949937936759
1486,3935.72,40.705,39.39,40.6346,39.705999999999996,26.761252387891037
1487,3935.74,40.65,39.47,40.639,39.6836,26.76125237308412
1488,3935.76,40.545,39.55,40.6368,39.6684,26.75577971548604
1489,3935.78,40.44,39.575,40.6306,39.6582,26.739361986554844
1490,3935.8,40.45,39.6,40.625,39.6498,26.72206636519737
1491,3935.82,40.46,39.565,40.6208,39.6408,26.72118903146883
1492,3935.84,40.55,39.53,40.6212,39.6304,26.726661803773368
1493,3935.86,40.64,39.535,40.625,39.6202,26.714839651562208
1494,3935.88,40.675,39.54,40.63,39.611,26.69207185359271
1495,3935.9,40.71,39.51,40.6372,39.6014,26.686598907926395
1496,3935.92,40.72,39.48,40.6456,39.5884,26.692071823429302
1497,3935.94,40.73,39.58,40.6526,39.5772,26.69119628936364
1498,3935.96,40.69,39.68,40.6562,39.5714,26.67850102957476
1499,3935.98,40.65,39.75,40.6584,39.5698,26.666680716613797
1500,3936.0,40.614999999999995,39.82,40.6594,39.573,26.665808064125162
1501,3936.02,40.58,39.82,40.6588,39.5782,26.666680687985224
1502,3936.04,40.57,39.82,40.6576,39.584399999999995,26.662080886080034
1503,3936.06,40.56,39.735,40.6522,39.5882,26.649387074208335
1504,3936.08,40.59,39.65,40.6442,39.5908,26.63756730569612
1505,3936.1,40.62,39.620000000000005,40.6388,39.59439999999999,26.63209360571783
1506,3936.12,40.724999999999994,39.59,40.639,39.5958,26.621146326631564
1507,3936.14,40.83,39.625,40.641799999999996,39.5976,26.604725683475237
1508,3936.16,40.8,39.66,40.6418,39.6022,26.59377876210365
1509,3936.18,40.77,39.685,40.6414,39.6092,26.58917959857606
1510,3936.2,40.82,39.71,40.6438,39.6196,26.5837064000508
1511,3936.22,40.87,39.765,40.6504,39.6346,26.5828319547703
1512,3936.24,40.87,39.82,40.6592,39.648599999999995,26.58283194016364
1513,3936.26,40.87,39.845,40.6722,39.6604,26.577358597390333
1514,3936.28,40.775,39.87,40.6856,39.6722,26.58195838412291
1515,3936.3,40.68,39.93,40.6948,39.6854,26.586559470279802
1516,3936.32,40.605000000000004,39.99,40.7006,39.7024,26.575612044413848
1517,3936.34,40.53,39.975,40.6998,39.7202,26.564664761133447
1518,3936.36,40.465,39.96,40.692800000000005,39.7372,26.564664747282222
1519,3936.38,40.4,39.965,40.681799999999996,39.7542,26.564664733431
1520,3936.4,40.45,39.97,40.6714,39.7726,26.56379245964009
1521,3936.42,40.5,39.955,40.6626,39.791599999999995,26.557447149805157
1522,3936.44,40.53,39.94,40.6546,39.806000000000004,26.545628372512738
1523,3936.46,40.56,39.925,40.6494,39.815799999999996,26.544758272035267
1524,3936.48,40.635000000000005,39.91,40.648799999999994,39.822199999999995,26.539284065607553
1525,3936.5,40.71,40.025,40.6526,39.8304,26.532940354969362
1526,3936.52,40.775000000000006,40.14,40.6604,39.843199999999996,26.525729317069267
1527,3936.54,40.84,40.245000000000005,40.6712,39.860200000000006,26.513912730089633
1528,3936.56,40.83,40.35,40.682,39.8848,26.51391271645345
1529,3936.58,40.82,40.31,40.6912,39.9112,26.520254651712822
1530,3936.6,40.815,40.27,40.699,39.937200000000004,26.515648316522938
1531,3936.62,40.81,40.265,40.7024,39.9642,26.50469959160634
1532,3936.64,40.75,40.26,40.6992,39.9896,26.50383095176386
1533,3936.66,40.69,40.455,40.6948,40.0214,26.502963218508047
1534,3936.68,40.675,40.65,40.691,40.06,26.492013918290183
1535,3936.7,40.66,40.655,40.6846,40.0978,26.491146732103463
1536,3936.72,40.64,40.66,40.675399999999996,40.133599999999994,26.505840686510467
1537,3936.74,40.62,40.769999999999996,40.6654,40.171600000000005,26.510452203942737
1538,3936.76,40.625,40.88,40.6556,40.213,26.50497674348579
1539,3936.78,40.63,40.905,40.6498,40.254400000000004,26.510452175169217
1540,3936.8,40.68,40.93,40.6498,40.2944,26.515064989907
1541,3936.82,40.73,40.935,40.6548,40.3322,26.51420322854985
1542,3936.84,40.715,40.94,40.6622,40.3708,26.514203214749028
1543,3936.86,40.7,41.015,40.6716,40.413000000000004,26.519679072693112
1544,3936.88,40.675,41.09,40.6826,40.458,26.52515496518999
1545,3936.9,40.65,41.14,40.6906,40.5048,26.52515495139501
1546,3936.92,40.68,41.19,40.6978,40.5542,26.525154936903363
1547,3936.94,40.71,41.29,40.705,40.6082,26.526016313966785
1548,3936.96,40.66,41.39,40.709,40.666799999999995,26.52601629979323
1549,3936.98,40.61,41.415,40.708,40.727000000000004,26.53063083657214
1550,3937.0,40.58,41.44,40.702799999999996,40.7836,26.540722859667625
1551,3937.02,40.55,41.445,40.6938,40.835800000000006,26.550816636063843
1552,3937.04,40.519999999999996,41.45,40.681,40.884,26.556293092602417
1553,3937.06,40.49,41.5,40.6674,40.93,26.5562930785369
1554,3937.08,40.53,41.55,40.6558,40.9796,26.556293064819748
1555,3937.1,40.57,41.735,40.646,41.038199999999996,26.561769555273724
1556,3937.12,40.565,41.92,40.6362,41.1044,26.567246080661
1557,3937.14,40.56,41.995000000000005,40.6286,41.1738,26.578199249855494
1558,3937.16,40.650000000000006,42.07,40.626999999999995,41.2384,26.588296005669417
1559,3937.18,40.74,42.045,40.6296,41.294200000000004,26.598394509448106
1560,3937.2,40.725,42.02,40.632200000000005,41.348800000000004,26.608494758635864
1561,3937.22,40.71,42.135000000000005,40.635,41.407799999999995,26.61397212221853
1562,3937.24,40.715,42.25,40.6388,41.467,26.62030320709161
1563,3937.26,40.72,42.33,40.6426,41.525,26.631257767349272
1564,3937.28,40.675,42.41,40.6444,41.58520000000001,26.647689872443813
1565,3937.3,40.63,42.394999999999996,40.642399999999995,41.6438,26.659498135354074
1566,3937.32,40.675,42.38,40.6402,41.7016,26.6594981208152
1567,3937.34,40.72,42.495000000000005,40.6404,41.7638,26.66412225506979
1568,3937.36,40.739999999999995,42.61,40.641999999999996,41.827600000000004,26.675077361280223
1569,3937.38,40.76,42.76,40.6454,41.894400000000005,26.690658873992135
1570,3937.4,40.724999999999994,42.91,40.648399999999995,41.9652,26.706242640027224
1571,3937.42,40.69,42.9,40.6488,42.0336,26.71804862288238
1572,3937.44,40.765,42.89,40.650999999999996,42.0976,26.729854943991857
1573,3937.46,40.84,42.845,40.6582,42.1558,26.74166160194709
1574,3937.48,40.765,42.8,40.6644,42.2112,26.75724500438851
1575,3937.5,40.69,42.93,40.6688,42.2708,26.77198275390645
1576,3937.52,40.655,43.06,40.672999999999995,42.3354,26.784635906057574
1577,3937.54,40.62,43.14,40.677,42.403,26.802769400884287
1578,3937.56,40.57,43.22,40.6802,42.4718,26.822984589298883
1579,3937.58,40.52,43.239999999999995,40.6798,42.53939999999999,26.83857352291037
1580,3937.6,40.540000000000006,43.26,40.678599999999996,42.6004,26.844052302205895
1581,3937.62,40.56,43.345,40.6784,42.657399999999996,26.85416467402018
1582,3937.64,40.575,43.43,40.679,42.714800000000004,26.875237406489173
1583,3937.66,40.59,43.545,40.6766,42.7738,26.89631293794706
1584,3937.68,40.57,43.66,40.6698,42.8384,26.907272305350165
1585,3937.7,40.55,43.69499999999999,40.6628,42.90539999999999,26.91907325475513
1586,3937.72,40.57,43.73,40.6572,42.969199999999994,26.94099197565455
1587,3937.74,40.59,43.825,40.6522,43.032199999999996,26.96291122049545
1588,3937.76,40.620000000000005,43.92,40.6482,43.0958,26.97387103178804
1589,3937.78,40.65,44.03,40.647200000000005,43.160599999999995,26.984830974082197
1590,3937.8,40.665,44.14,40.6486,43.2304,27.00759087379368
1591,3937.82,40.68,44.21,40.6488,43.303599999999996,27.034991121244108
1592,3937.84,40.685,44.28,40.6474,43.375,27.06155427212282
1593,3937.86,40.69,44.285,40.6454,43.442,27.07799580075513
1594,3937.88,40.705,44.29,40.6432,43.5032,27.085151716146694
1595,3937.9,40.72,44.415,40.643,43.563399999999994,27.108750530735204
1596,3937.92,40.739999999999995,44.54,40.645,43.629000000000005,27.142470464128657
1597,3937.94,40.76,44.655,40.644800000000004,43.699600000000004,27.169871210863654
1598,3937.96,40.69,44.77,40.638799999999996,43.7766,27.185474305694285
1599,3937.98,40.62,44.84,40.632999999999996,43.8582,27.20656036898363
1600,3938.0,40.67,44.91,40.632200000000005,43.9374,27.238611424204162
1601,3938.02,40.72,44.959999999999994,40.6348,44.013400000000004,27.266017585550966
1602,3938.04,40.724999999999994,45.01,40.639,44.08820000000001,27.28246165747833
1603,3938.06,40.73,45.045,40.6454,44.1612,27.298906013701178
1604,3938.08,40.72,45.08,40.653400000000005,44.23480000000001,27.326313918562118
1605,3938.1,40.71,45.21,40.6602,44.31280000000001,27.35920444768033
1606,3938.12,40.75,45.34,40.6678,44.3926,27.381132091612784
1607,3938.14,40.79,45.385000000000005,40.6764,44.4708,27.403889511488345
1608,3938.16,40.8,45.43,40.6848,44.5462,27.438440874139673
1609,3938.18,40.81,45.480000000000004,40.6944,44.61900000000001,27.47133218124268
1610,3938.2,40.82,45.53,40.7052,44.692400000000006,27.492431959904295
1611,3938.22,40.83,45.715,40.7156,44.771800000000006,27.513534433173184
1612,3938.24,40.84,45.9,40.7256,44.854800000000004,27.546430335145203
1613,3938.26,40.85,45.96,40.73479999999999,44.936400000000006,27.57466947081689
1614,3938.28,40.875,46.02,40.74379999999999,45.016000000000005,27.591943219328847
1615,3938.3,40.9,46.125,40.7532,45.0954,27.62483974309587
1616,3938.32,40.91,46.23,40.7624,45.17620000000001,27.668703500906172
1617,3938.34,40.92,46.245,40.7718,45.254799999999996,27.702425620734264
1618,3938.36,40.99,46.26,40.7838,45.333800000000004,27.723535939919994
1619,3938.38,41.06,46.325,40.798,45.415200000000006,27.744648915156965
1620,3938.4,41.075,46.39,40.8122,45.4942,27.76658387497811
1621,3938.42,41.09,46.42,40.8262,45.569399999999995,27.80112655378593
1622,3938.44,41.175,46.45,40.8428,45.6412,27.841975000392633
1623,3938.46,41.26,46.495000000000005,40.8656,45.71019999999999,27.87103640537306
1624,3938.48,41.235,46.54,40.8902,45.778200000000005,27.892969493515597
1625,3938.5,41.21,46.620000000000005,40.9118,45.846599999999995,27.92587004070135
1626,3938.52,41.165,46.7,40.9296,45.916199999999996,27.97138087692182
1627,3938.54,41.12,46.725,40.9454,45.98479999999999,28.011408591540313
1628,3938.56,41.11,46.75,40.96060000000001,46.053000000000004,28.040470346529066
1629,3938.58,41.1,46.805,40.9758,46.122,28.07584049406559
1630,3938.6,41.165,46.86,40.99400000000001,46.187999999999995,28.10956245104902
1631,3938.62,41.23,46.96,41.013200000000005,46.2528,28.131494167723275
1632,3938.64,41.239999999999995,47.06,41.0312,46.31980000000001,28.160557802709025
1633,3938.66,41.25,47.225,41.0492,46.3916,28.199762597874034
1634,3938.68,41.31,47.39,41.0692,46.468,28.23348456809039
1635,3938.7,41.37,47.435,41.0912,46.544200000000004,28.273514272421984
1636,3938.72,41.355000000000004,47.48,41.1122,46.6148,28.31354437644968
1637,3938.74,41.34,47.635,41.13219999999999,46.684200000000004,28.352748921747455
1638,3938.76,41.34,47.79,41.1518,46.7574,28.391128711475847
1639,3938.78,41.34,47.945,41.1704,46.834399999999995,28.423203799256697
1640,3938.8,41.41,48.1,41.190799999999996,46.9134,28.465429907358804
1641,3938.82,41.48,48.11,41.2136,46.9886,28.508483463355788
1642,3938.84,41.535,48.12,41.2382,47.063599999999994,28.536722084261537
1643,3938.86,41.59,48.144999999999996,41.2622,47.139,28.57044491920979
1644,3938.88,41.66,48.17,41.2862,47.212799999999994,28.609652023070993
1645,3938.9,41.73,48.265,41.3124,47.287800000000004,28.6433748991836
1646,3938.92,41.76,48.36,41.3392,47.3654,28.669980744234948
1647,3938.94,41.79,48.525,41.3638,47.4484,28.702074620489157
1648,3938.96,41.78,48.69,41.3846,47.53620000000001,28.74128284461546
1649,3938.98,41.77,48.765,41.406000000000006,47.62519999999999,28.7851634797635
1650,3939.0,41.775000000000006,48.84,41.428599999999996,47.714,28.834531384195508
1651,3939.02,41.78,48.89,41.453199999999995,47.8016,28.8737404530595
1652,3939.04,41.855000000000004,48.94,41.482600000000005,47.89020000000001,28.90746406372002
1653,3939.06,41.93,48.905,41.5154,47.976400000000005,28.94667322868765
1654,3939.08,42.065,48.87,41.553999999999995,48.059,28.97958707431236
1655,3939.1,42.2,49.05,41.5954,48.14660000000001,29.011693885152344
1656,3939.12,42.22,49.23,41.635,48.2374,29.039124470114377
1657,3939.14,42.24,49.285,41.675,48.32639999999999,29.077528469005543
1658,3939.16,42.275000000000006,49.34,41.716,48.411,29.13239370061526
1659,3939.18,42.31,49.47,41.756,48.49419999999999,29.176287878876373
1660,3939.2,42.315,49.6,41.793800000000005,48.580799999999996,29.209209667202853
1661,3939.22,42.32,49.61,41.8324,48.666,29.243736636407387
1662,3939.24,42.295,49.62,41.8706,48.7454,29.282947968037295
1663,3939.26,42.27,49.62,41.907799999999995,48.818599999999996,29.333133412826037
1664,3939.28,42.335,49.62,41.9476,48.885600000000004,29.376230135094637
1665,3939.3,42.4,49.735,41.9872,48.95099999999999,29.40676108304759
1666,3939.32,42.4,49.85,42.023999999999994,49.020599999999995,29.434201552982785
1667,3939.34,42.4,49.92,42.0586,49.092600000000004,29.47341475730768
1668,3939.36,42.405,49.99,42.0912,49.166399999999996,29.527504185251377
1669,3939.38,42.41,50.019999999999996,42.1212,49.2404,29.58160004110384
1670,3939.4,42.54,50.05,42.1536,49.31179999999999,29.614534686498537
1671,3939.42,42.67,50.04,42.19,49.379000000000005,29.636491639495226
1672,3939.44,42.715,50.03,42.227,49.4392,29.675706485119807
1673,3939.46,42.76,50.115,42.2662,49.4962,29.719621964795248
1674,3939.48,42.815,50.2,42.308,49.553599999999996,29.752559666838323
1675,3939.5,42.87,50.31,42.351800000000004,49.61240000000001,29.791775084085344
1676,3939.52,42.885,50.42,42.396,49.67359999999999,29.82941794604884
1677,3939.54,42.9,50.525000000000006,42.437799999999996,49.736999999999995,29.872555304184495
1678,3939.56,42.935,50.63,42.478,49.806000000000004,29.922752662242715
1679,3939.58,42.97,50.695,42.5142,49.879000000000005,29.96745974127548
1680,3939.6,42.95,50.76,42.544200000000004,49.947399999999995,30.01216696509209
1681,3939.62,42.93,50.754999999999995,42.5726,50.008399999999995,30.056092713087185
1682,3939.64,43.019999999999996,50.75,42.6038,50.067,30.09846153186743
1683,3939.66,43.11,50.825,42.6372,50.126400000000004,30.13690129118048
1684,3939.68,43.17,50.9,42.6716,50.183600000000006,30.171405493548168
1685,3939.7,43.23,50.93,42.7082,50.236799999999995,30.216114586869114
1686,3939.72,43.26,50.96,42.7458,50.2908,30.26631529841731
1687,3939.74,43.29,51.125,42.785599999999995,50.35099999999999,30.31102472434552
1688,3939.76,43.34,51.29,42.8284,50.4178,30.350242689223357
1689,3939.78,43.39,51.315,42.870599999999996,50.4856,30.395729309005667
1690,3939.8,43.379999999999995,51.34,42.909800000000004,50.549800000000005,30.440438754950364
1691,3939.82,43.37,51.415000000000006,42.9486,50.61240000000001,30.484372010062234
1692,3939.84,43.425,51.49,42.9896,50.675200000000004,30.53457387902895
1693,3939.86,43.48,51.56,43.0326,50.738,30.57850936467334
1694,3939.88,43.565,51.63,43.0788,50.802400000000006,30.610688881102412
1695,3939.9,43.65,51.675,43.1232,50.8674,30.649135707378367
1696,3939.92,43.66,51.72,43.1628,50.9346,30.69856909273617
1697,3939.94,43.67,51.735,43.201,51.0028,30.74800443293796
1698,3939.96,43.685,51.75,43.238,51.0682,30.785687560142396
1699,3939.98,43.7,51.855000000000004,43.2734,51.13440000000001,30.823374560702412
1700,3940.0,43.695,51.96,43.3064,51.2004,30.873582263132242
1701,3940.02,43.69,52.03,43.3386,51.26480000000001,30.92455551056818
1702,3940.04,43.754999999999995,52.1,43.3728,51.327799999999996,30.96850466465492
1703,3940.06,43.82,52.105000000000004,43.40820000000001,51.386799999999994,31.0234432310278
1704,3940.08,43.935,52.11,43.4468,51.443400000000004,31.074415559826303
1705,3940.1,44.05,52.15,43.4908,51.498999999999995,31.10814262940564
1706,3940.12,44.125,52.19,43.538599999999995,51.556400000000004,31.141869700241898
1707,3940.14,44.2,52.254999999999995,43.5858,51.616600000000005,31.186584683859202
1708,3940.16,44.185,52.32,43.6288,51.6764,31.225805763580382
1709,3940.18,44.17,52.415,43.668800000000005,51.736999999999995,31.27052092730701
1710,3940.2,44.230000000000004,52.51,43.708800000000004,51.800200000000004,31.331718644616988
1711,3940.22,44.29,52.605000000000004,43.75,51.86600000000001,31.381167193171493
1712,3940.24,44.385,52.7,43.793800000000005,51.929,31.4141339226919
1713,3940.26,44.48,52.785,43.839400000000005,51.9888,31.45487700734758
1714,3940.28,44.504999999999995,52.87,43.88399999999999,52.051,31.500354319962682
1715,3940.3,44.53,52.945,43.93,52.115199999999994,31.5443086915881
1716,3940.32,44.495000000000005,53.02,43.975,52.179399999999994,31.587505122081637
1717,3940.34,44.46,53.040000000000006,44.016400000000004,52.24139999999999,31.63070588679167
1718,3940.36,44.5,53.06,44.0572,52.3014,31.67542327802332
1719,3940.38,44.54,53.16,44.096199999999996,52.36259999999999,31.72487978479391
1720,3940.4,44.644999999999996,53.26,44.136,52.425999999999995,31.77983359562412
1721,3940.42,44.75,53.36,44.1796,52.4916,31.836297419148874
1722,3940.44,44.775,53.46,44.223800000000004,52.5606,31.881015762520537
1723,3940.46,44.8,53.47,44.2684,52.629400000000004,31.919484830159274
1724,3940.48,44.82,53.48,44.313199999999995,52.694399999999995,31.95870791519149
1725,3940.5,44.84,53.58,44.358999999999995,52.7592,32.00892249820629
1726,3940.52,44.895,53.68,44.4072,52.825199999999995,32.069377139027864
1727,3940.54,44.95,53.765,44.455,52.8918,32.12433820972243
1728,3940.56,44.995000000000005,53.85,44.501999999999995,52.9616,32.162063334242085
1729,3940.58,45.04,53.905,44.5462,53.0334,32.199792068410595
1730,3940.6,45.04,53.96,44.5858,53.1058,32.25550691813314
1731,3940.62,45.04,53.975,44.6224,53.1772,32.31597374033231
1732,3940.64,45.099999999999994,53.99,44.6584,53.2466,32.365448521248304
1733,3940.66,45.16,54.075,44.697399999999995,53.3168,32.4046734300251
1734,3940.68,45.205,54.16,44.7388,53.3866,32.44389836383716
1735,3940.7,45.25,54.25,44.7796,53.456199999999995,32.493375283582296
1736,3940.72,45.275,54.34,44.818999999999996,53.525600000000004,32.547610840965625
1737,3940.74,45.3,54.39,44.855599999999995,53.593199999999996,32.60956827060251
1738,3940.76,45.379999999999995,54.44,44.8916,53.659400000000005,32.66127137927421
1739,3940.78,45.46,54.5,44.92980000000001,53.7246,32.69499900522084
1740,3940.8,45.615,54.56,44.973200000000006,53.7892,32.728726631050804
1741,3940.82,45.77,54.635000000000005,45.0242,53.8538,32.77894735651732
1742,3940.84,45.825,54.71,45.0788,53.92060000000001,32.83318604849426
1743,3940.86,45.88,54.685,45.13399999999999,53.9856,32.877171206990404
1744,3940.88,45.894999999999996,54.66,45.188199999999995,54.04560000000001,32.92263376850882
1745,3940.9,45.91,54.76,45.2388,54.1056,32.97835417890154
1746,3940.92,45.92,54.86,45.2856,54.1656,33.0388359579371
1747,3940.94,45.93,54.894999999999996,45.331799999999994,54.22299999999999,33.09382154473434
1748,3940.96,45.995000000000005,54.93,45.3796,54.281400000000005,33.133047879262904
1749,3940.98,46.06,55.004999999999995,45.4292,54.342400000000005,33.17301005444524
1750,3941.0,46.144999999999996,55.08,45.481399999999994,54.4024,33.22323355275921
1751,3941.02,46.23,55.099999999999994,45.5348,54.4592,33.27272214728905
1752,3941.04,46.22,55.12,45.58560000000001,54.513400000000004,33.322212381929006
1753,3941.06,46.21,55.36,45.6342,54.5738,33.38197072714621
1754,3941.08,46.260000000000005,55.6,45.683,54.6416,33.43146566412045
1755,3941.1,46.31,55.615,45.7338,54.707800000000006,33.4699628384192
1756,3941.12,46.315,55.63,45.784800000000004,54.773999999999994,33.519460639325615
1757,3941.14,46.32,55.64,45.8336,54.84,33.57664547147744
1758,3941.16,46.345,55.65,45.881,54.90299999999999,33.626872260906985
1759,3941.18,46.37,55.785,45.92759999999999,54.968,33.68187067114479
1760,3941.2,46.37,55.92,45.9724,55.034800000000004,33.73978406268378
1761,3941.22,46.37,55.97,46.0162,55.1,33.79624009121254
1762,3941.24,46.485,56.02,46.06360000000001,55.165200000000006,33.85528126019033
1763,3941.26,46.6,56.045,46.1124,55.2294,33.90333184358268
1764,3941.28,46.74,56.07,46.163599999999995,55.2922,33.936335078475274
1765,3941.3,46.88,56.05,46.2142,55.351800000000004,33.98178803808886
1766,3941.32,46.95,56.03,46.2614,55.4076,34.03679417756151
1767,3941.34,47.02,56.115,46.309200000000004,55.4638,34.085579424853954
1768,3941.36,47.06,56.2,46.3564,55.52440000000001,34.13581005360987
1769,3941.38,47.1,56.290000000000006,46.4046,55.5896,34.19154196138495
1770,3941.4,47.135000000000005,56.38,46.453599999999994,55.654399999999995,34.24177296137502
1771,3941.42,47.17,56.495000000000005,46.5036,55.719800000000006,34.29200411842013
1772,3941.44,47.265,56.61,46.55700000000001,55.7884,34.341516009829
1773,3941.46,47.36,56.78,46.611599999999996,55.8624,34.39581344303228
1774,3941.48,47.45,56.95,46.6672,55.9402,34.45083145817724
1775,3941.5,47.54,56.895,46.723,56.0128,34.50656660859717
1776,3941.52,47.54,56.84,46.7754,56.08240000000001,34.56158719191165
1777,3941.54,47.54,56.815,46.828199999999995,56.1502,34.60010269242834
1778,3941.56,47.54,56.79,46.88139999999999,56.20740000000001,34.63861909375467
1779,3941.58,47.54,56.955,46.9326,56.2616,34.69293266478762
1780,3941.6,47.5,57.12,46.9802,56.321799999999996,34.75346350186748
1781,3941.62,47.46,57.14,47.025999999999996,56.382200000000005,34.80849343459356
1782,3941.64,47.525000000000006,57.16,47.0742,56.443000000000005,34.86352516818337
1783,3941.66,47.59,57.209999999999994,47.123999999999995,56.5054,34.92547626575441
1784,3941.68,47.615,57.26,47.1738,56.5644,34.976421012539255
1785,3941.7,47.64,57.285,47.2246,56.619,35.02665779434651
1786,3941.72,47.865,57.31,47.284400000000005,56.6726,35.07548104920729
1787,3941.74,48.09,57.385000000000005,47.3486,56.727199999999996,35.11880466896659
1788,3941.76,48.17,57.46,47.4114,56.7838,35.16904302825549
1789,3941.78,48.25,57.555,47.4718,56.843199999999996,35.223379051403704
1790,3941.8,48.285,57.65,47.528,56.9072,35.27361832064085
1791,3941.82,48.32,57.695,47.5828,56.973800000000004,35.330064014969444
1792,3941.84,48.33,57.74,47.6352,57.0388,35.37960147733673
1793,3941.86,48.34,57.775000000000006,47.686400000000006,57.1018,35.42503852429144
1794,3941.88,48.365,57.81,47.73700000000001,57.162600000000005,35.48558535236496
1795,3941.9,48.39,57.845,47.787200000000006,57.22120000000001,35.55024124996526
1796,3941.92,48.5,57.88,47.8404,57.2766,35.59358309663158
1797,3941.94,48.61,57.97,47.8942,57.331,35.63281478930188
1798,3941.96,48.64,58.06,47.9454,57.382200000000005,35.683056611569924
1799,3941.98,48.67,58.120000000000005,47.9942,57.429,35.73190808702628
1800,3942.0,48.72,58.18,48.0414,57.4804,35.782150718285315
1801,3942.02,48.77,58.275,48.0906,57.5378,35.83789890019864
1802,3942.04,48.8,58.37,48.141000000000005,57.6,35.8929541492499
1803,3942.06,48.83,58.495,48.1926,57.6682,35.953516852687805
1804,3942.08,48.915,58.62,48.24759999999999,57.73479999999999,36.013391414918296
1805,3942.1,49.0,58.655,48.307599999999994,57.796200000000006,36.05812988056256
1806,3942.12,48.92,58.69,48.36600000000001,57.8582,36.10837453009169
1807,3942.14,48.84,58.675,48.418600000000005,57.91879999999999,36.17376172181428
1808,3942.16,48.93000000000001,58.66,48.4722,57.976800000000004,36.22332042737677
1809,3942.18,49.02,58.754999999999995,48.528400000000005,58.03660000000001,36.267373712496386
1810,3942.2,49.145,58.85,48.5886,58.0992,36.32244177945864
1811,3942.22,49.27,58.900000000000006,48.644800000000004,58.162800000000004,36.37751145692013
1812,3942.24,49.370000000000005,58.95,48.696000000000005,58.2254,36.42156834960398
1813,3942.26,49.47,59.07,48.748000000000005,58.28980000000001,36.46630853520064
1814,3942.28,49.53,59.19,48.7992,58.355199999999996,36.516555992258084
1815,3942.3,49.59,59.195,48.85139999999999,58.417,36.571629195394294
1816,3942.32,49.61,59.2,48.903,58.4772,36.6267039829767
1817,3942.34,49.63,59.25,48.955,58.537600000000005,36.67627263825909
1818,3942.36,49.715,59.3,49.01,58.598600000000005,36.72448698332406
1819,3942.38,49.8,59.349999999999994,49.0674,58.660199999999996,36.77821728897766
1820,3942.4,49.885,59.4,49.1272,58.7224,36.827793525825186
1821,3942.42,49.97,59.515,49.18600000000001,58.7878,36.88287969712416
1822,3942.44,50.015,59.63,49.2422,58.8542,36.93796740014633
1823,3942.46,50.06,59.69,49.29900000000001,58.9194,36.98754763574648
1824,3942.48,50.095,59.75,49.356,58.9846,37.04196858293298
1825,3942.5,50.13,59.785,49.4124,59.0488,37.090884208918595
1826,3942.52,50.144999999999996,59.82,49.4674,59.1106,37.14047004124744
1827,3942.54,50.16,59.879999999999995,49.521800000000006,59.17100000000001,37.201076594930704
1828,3942.56,50.26,59.94,49.57900000000001,59.2288,37.256175021145744
1829,3942.58,50.36,60.015,49.6368,59.2846,37.306429119666085
1830,3942.6,50.36,60.09,49.69120000000001,59.342,37.361529374127485
1831,3942.62,50.36,60.145,49.7488,59.400200000000005,37.42147915910562
1832,3942.64,50.425,60.2,49.81219999999999,59.461200000000005,37.475922896976066
1833,3942.66,50.49,60.235,49.8746,59.5242,37.524859840261826
1834,3942.68,50.605000000000004,60.27,49.938,59.584799999999994,37.56828929392067
1835,3942.7,50.72,60.32,50.001000000000005,59.6436,37.61723311623301
1836,3942.72,50.715,60.37,50.05879999999999,59.7024,37.67169196887429
1837,3942.74,50.71,60.45,50.1124,59.76240000000001,37.72615479865647
1838,3942.76,50.705,60.53,50.1618,59.8208,37.781272900911205
1839,3942.78,50.7,60.615,50.2086,59.87780000000001,37.83574204375581
1840,3942.8,50.715,60.7,50.253600000000006,59.938,37.89021511765279
1841,3942.82,50.73,60.765,50.2984,60.00059999999999,37.94598712715267
1842,3942.84,50.87,60.83,50.348,60.06379999999999,37.99624684441794
1843,3942.86,51.01,60.915,50.3998,60.1284,38.045212425577006
1844,3942.88,51.114999999999995,61.0,50.4524,60.1944,38.09418144303672
1845,3942.9,51.22,61.075,50.5058,60.261399999999995,38.14379770530093
1846,3942.92,51.305,61.15,50.559200000000004,60.326800000000006,38.1934150675715
1847,3942.94,51.39,61.065,50.614200000000004,60.3842,38.24367631380997
1848,3942.96,51.415,60.98,50.66839999999999,60.4358,38.29945078749071
1849,3942.98,51.44,61.08,50.722199999999994,60.489,38.36073861581825
1850,3943.0,51.53,61.18,50.7782,60.5448,38.40971691982817
1851,3943.02,51.62,61.305,50.8372,60.6042,38.458059400887684
1852,3943.04,51.65,61.43,50.89679999999999,60.666199999999996,38.51255985357413
1853,3943.06,51.68,61.54,50.953599999999994,60.730199999999996,38.561549895719814
1854,3943.08,51.760000000000005,61.65,51.0096,60.79560000000001,38.610543266664585
1855,3943.1,51.84,61.715,51.0688,60.8606,38.67056916556974
1856,3943.12,51.88,61.78,51.1296,60.925999999999995,38.7257159877363
1857,3943.14,51.92,61.775000000000006,51.189400000000006,60.989,38.775349226785345
1858,3943.16,52.005,61.77,51.25,61.050399999999996,38.83049848993963
1859,3943.18,52.09,61.89,51.309400000000004,61.1152,38.88013391635652
1860,3943.2,52.195,62.01,51.3684,61.18280000000001,38.91811150121044
1861,3943.22,52.3,62.06,51.4318,61.2504,38.96712252685757
1862,3943.24,52.334999999999994,62.11,51.4968,61.31679999999999,39.02654338849511
1863,3943.26,52.37,62.075,51.563399999999994,61.3786,39.074939939408054
1864,3943.28,52.334999999999994,62.04,51.6288,61.435599999999994,39.119069035518244
1865,3943.3,52.3,62.11,51.69219999999999,61.492,39.180990655330525
1866,3943.32,52.385,62.18,51.758399999999995,61.54860000000001,39.24291240165821
1867,3943.34,52.47,62.254999999999995,51.822399999999995,61.6056,39.298074092646935
1868,3943.36,52.5,62.33,51.882,61.66219999999999,39.3519971132608
1869,3943.38,52.53,62.485,51.938599999999994,61.721599999999995,39.39917710270848
1870,3943.4,52.6,62.64,51.9938,61.7842,39.44146997111131
1871,3943.42,52.67,62.585,52.0484,61.8416,39.49173953699264
1872,3943.44,52.745000000000005,62.53,52.1026,61.9002,39.54813997031242
1873,3943.46,52.82,62.58,52.1588,61.9642,39.603313608816016
1874,3943.48,52.875,62.63,52.2162,62.026199999999996,39.65787669486248
1875,3943.5,52.93,62.735,52.272200000000005,62.0884,39.708146777820055
1876,3943.52,53.004999999999995,62.84,52.327600000000004,62.149800000000006,39.74738158252197
1877,3943.54,53.08,62.89,52.384800000000006,62.2082,39.79521200773433
1878,3943.56,53.185,62.94,52.445,62.2642,39.85469643453048
1879,3943.58,53.29,62.97,52.5062,62.317,39.915398421933226
1880,3943.6,53.335,63.0,52.565999999999995,62.3684,39.96937489839786
1881,3943.62,53.38,63.114999999999995,52.626000000000005,62.421800000000005,40.02456253418973
1882,3943.64,53.425,63.23,52.6862,62.48,40.08095632588504
1883,3943.66,53.47,63.275,52.744800000000005,62.540200000000006,40.131228368102455
1884,3943.68,53.519999999999996,63.32,52.802,62.5974,40.175379016747144
1885,3943.7,53.57,63.43,52.857,62.6542,40.22996715505002
1886,3943.72,53.65,63.54,52.911,62.7134,40.295597225913056
1887,3943.74,53.73,63.565,52.966800000000006,62.7716,40.350790659261044
1888,3943.76,53.8,63.59,53.02400000000001,62.8322,40.39494620045408
1889,3943.78,53.87,63.655,53.0854,62.896800000000006,40.4440252474762
1890,3943.8,53.925,63.72,53.1504,62.9612,40.49922247450832
1891,3943.82,53.98,63.75,53.2142,63.023999999999994,40.5550159536658
1892,3943.84,54.05,63.78,53.2774,63.085,40.605289675899584
1893,3943.86,54.12,63.870000000000005,53.342200000000005,63.1466,40.66048844619201
1894,3943.88,54.215,63.96,53.4096,63.2056,40.721208348705616
1895,3943.9,54.31,64.025,53.478,63.261,40.7819295581153
1896,3943.92,54.385000000000005,64.09,53.5466,63.3212,40.83713178504937
1897,3943.94,54.46,64.14500000000001,53.6152,63.385799999999996,40.8868147037687
1898,3943.96,54.54,64.2,53.684000000000005,63.450599999999994,40.93649848712191
1899,3943.98,54.62,64.28999999999999,53.7538,63.516999999999996,40.99170370136047
1900,3944.0,54.614999999999995,64.38,53.8212,63.5828,41.04573331145065
1901,3944.02,54.61,64.405,53.88539999999999,63.6454,41.08872733028344
1902,3944.04,54.735,64.43,53.9516,63.707,41.1273751402732
1903,3944.06,54.86,64.47,54.0186,63.76820000000001,41.18258718738642
1904,3944.08,54.955,64.51,54.08520000000001,63.829800000000006,41.23780027014575
1905,3944.1,55.05,64.56,54.153800000000004,63.8922,41.28749292539857
1906,3944.12,55.095,64.61,54.2224,63.952,41.34154451346102
1907,3944.14,55.14,64.7,54.291,64.0108,41.395602588772725
1908,3944.16,55.16,64.79,54.358599999999996,64.0714,41.43920037802549
1909,3944.18,55.18,64.845,54.425,64.1324,41.48395534675918
1910,3944.2,55.2,64.9,54.490199999999994,64.1912,41.53975460284726
1911,3944.22,55.22,64.95,54.55299999999999,64.2476,41.59439991791757
1912,3944.24,55.269999999999996,65.0,54.61459999999999,64.305,41.64962370098756
1913,3944.26,55.32,65.05,54.675399999999996,64.3634,41.71037100993325
1914,3944.28,55.41,65.1,54.736999999999995,64.4212,41.75950040927625
1915,3944.3,55.5,65.175,54.8,64.4794,41.79873285789451
1916,3944.32,55.54,65.25,54.8624,64.5394,41.84406186956044
1917,3944.34,55.58,65.225,54.92359999999999,64.5972,41.904811304067046
1918,3944.36,55.66,65.2,54.98519999999999,64.6504,41.96556192277828
1919,3944.38,55.74,65.31,55.0462,64.7044,42.00974492836609
1920,3944.4,55.815,65.42,55.106399999999994,64.7602,42.05392855581973
1921,3944.42,55.89,65.53999999999999,55.166599999999995,64.8182,42.11468206001833
1922,3944.44,55.975,65.66,55.227199999999996,64.8788,42.16877525112243
1923,3944.46,56.06,65.695,55.28799999999999,64.93860000000001,42.21791813345561
1924,3944.48,56.13,65.73,55.3484,64.9962,42.26210646972405
1925,3944.5,56.2,65.78999999999999,55.4118,65.0526,42.312385416569725
1926,3944.52,56.27,65.85,55.478199999999994,65.1104,42.36875474223022
1927,3944.54,56.34,65.88499999999999,55.5424,65.1686,42.42399060020417
1928,3944.56,56.400000000000006,65.92,55.604000000000006,65.2266,42.48475113464888
1929,3944.58,56.46,65.98,55.6642,65.2854,42.54111964422964
1930,3944.6,56.519999999999996,66.04,55.723,65.3446,42.59139871266081
1931,3944.62,56.58,66.065,55.782399999999996,65.40280000000001,42.63502361442217
1932,3944.64,56.64,66.09,55.842400000000005,65.4584,42.6736907377513
1933,3944.66,56.7,66.14500000000001,55.903999999999996,65.5126,42.72453442286489
1934,3944.68,56.775000000000006,66.2,55.9678,65.5668,42.78586141578638
1935,3944.7,56.85,66.225,56.0338,65.6198,42.84662460543711
1936,3944.72,56.95,66.25,56.103,65.67179999999999,42.891380029253476
1937,3944.74,57.05,66.28999999999999,56.1742,65.7234,42.93669932842788
1938,3944.76,57.11,66.33,56.2458,65.7746,42.98754301689016
1939,3944.78,57.17,66.4,56.31620000000001,65.8266,43.031734073223895
1940,3944.8,57.22,66.47,56.385,65.8784,43.086973727998895
1941,3944.82,57.27,66.525,56.4542,65.9294,43.1477384110507
1942,3944.84,57.295,66.58,56.5228,65.9836,43.197455790591754
1943,3944.86,57.32,66.765,56.5892,66.0462,43.2538216870775
1944,3944.88,57.39,66.95,56.65520000000001,66.1118,43.3035393338466
1945,3944.9,57.46,66.975,56.721000000000004,66.17399999999999,43.34661235301088
1946,3944.92,57.515,67.0,56.785999999999994,66.2324,43.396332673270315
1947,3944.94,57.57,67.025,56.8498,66.287,43.44661268880103
1948,3944.96,57.66,67.05,56.9138,66.3412,43.49521773299732
1949,3944.98,57.75,67.14,56.9786,66.3976,43.54990921196955
1950,3945.0,57.79,67.23,57.042199999999994,66.45519999999999,43.60571457135854
1951,3945.02,57.83,67.285,57.1046,66.5126,43.65488414622228
1952,3945.04,57.9,67.34,57.167,66.5708,43.693559919963995
1953,3945.06,57.97,67.37,57.2298,66.6288,43.738870103177526
1954,3945.08,58.065,67.4,57.294,66.6856,43.79467578595224
1955,3945.1,58.16,67.375,57.3596,66.73899999999999,43.84384805284149
1956,3945.12,58.235,67.35,57.4258,66.7904,43.88805023558933
1957,3945.14,58.31,67.475,57.492599999999996,66.8458,43.93888433671287
1958,3945.16,58.355000000000004,67.6,57.5588,66.904,43.99524405430285
1959,3945.18,58.4,67.715,57.6238,66.9646,44.05657520232706
1960,3945.2,58.47,67.83,57.68860000000001,67.0288,44.10685594856281
1961,3945.22,58.54,67.9,57.7522,67.0948,44.152165427594454
1962,3945.24,58.59,67.97,57.8138,67.162,44.19636698681662
1963,3945.26,58.64,67.935,57.875,67.2262,44.240569099609196
1964,3945.28,58.730000000000004,67.9,57.9374,67.28620000000001,44.2969285053151
1965,3945.3,58.82,67.905,58.001400000000004,67.34360000000001,44.352181409130516
1966,3945.32,58.79,67.91,58.06219999999999,67.399,44.401909756876854
1967,3945.34,58.76,68.08500000000001,58.1208,67.4592,44.45771611587968
1968,3945.36,58.795,68.26,58.17980000000001,67.51899999999999,44.51241968092227
1969,3945.38,58.83,68.345,58.2374,67.57480000000001,44.5676759211425
1970,3945.4,58.894999999999996,68.43,58.294799999999995,67.633,44.61243143040619
1971,3945.42,58.96,68.5,58.3526,67.693,44.65166127732467
1972,3945.44,59.09,68.57,58.4134,67.7548,44.70249291418508
1973,3945.46,59.22,68.57,58.4758,67.81559999999999,44.75774930882707
1974,3945.48,59.215,68.57,58.534400000000005,67.87280000000001,44.80638298056734
1975,3945.5,59.21,68.63499999999999,58.59120000000001,67.929,44.85059038872292
1976,3945.52,59.32,68.7,58.6508,67.98559999999999,44.89036808342073
1977,3945.54,59.43,68.81,58.71200000000001,68.04440000000001,44.94562733349419
1978,3945.56,59.510000000000005,68.92,58.77360000000001,68.1064,45.0108467203841
1979,3945.58,59.59,69.005,58.8346,68.17060000000001,45.066654607000785
1980,3945.6,59.675,69.09,58.895199999999996,68.2392,45.106429942553355
1981,3945.62,59.76,69.15,58.956199999999995,68.3112,45.150093775539816
1982,3945.64,59.879999999999995,69.21,59.019000000000005,68.3806,45.2103390025949
1983,3945.66,60.0,69.15,59.0848,68.4426,45.26614731698897
1984,3945.68,60.06,69.09,59.151199999999996,68.4976,45.31090275295804
1985,3945.7,60.12,69.11,59.21719999999999,68.5488,45.35511456055301
1986,3945.72,60.185,69.13,59.283,68.598,45.39986998647503
1987,3945.74,60.25,69.235,59.3494,68.6486,45.45069550706348
1988,3945.76,60.29,69.34,59.4154,68.70479999999999,45.501521458395075
1989,3945.78,60.33,69.445,59.4794,68.7666,45.552347839026794
1990,3945.8,60.31,69.55,59.538999999999994,68.83239999999999,45.60761154752043
1991,3945.82,60.29,69.61,59.599000000000004,68.9004,45.6617901510492
1992,3945.84,60.370000000000005,69.67,59.6634,68.9638,45.71153008776488
1993,3945.86,60.45,69.71000000000001,59.7296,69.0218,45.76235422876861
1994,3945.88,60.515,69.75,59.797000000000004,69.078,45.81209428586566
1995,3945.9,60.58,69.805,59.8644,69.133,45.86237639312814
1996,3945.92,60.7,69.86,59.934000000000005,69.1874,45.902147085927304
1997,3945.94,60.82,69.945,60.0032,69.2424,45.94581897633864
1998,3945.96,60.879999999999995,70.03,60.0696,69.3008,46.006613930013096
1999,3945.98,60.94,70.045,60.1386,69.35979999999999,46.0629636856206
2000,3946.0,60.995,70.06,60.21,69.4168,46.107719061081745
2001,3946.02,61.05,70.155,60.2792,69.475,46.15139360280261
2002,3946.04,61.155,70.25,60.3482,69.53259999999999,46.18954315483434
2003,3946.06,61.26,70.41,60.4182,69.5922,46.22769452432615
2004,3946.08,61.265,70.57,60.485200000000006,69.6548,46.27636575468317
2005,3946.1,61.27,70.535,60.54900000000001,69.71260000000001,46.33716730220385
2006,3946.12,61.35,70.5,60.6126,69.7666,46.39904060451189
2007,3946.14,61.43,70.555,60.6746,69.8204,46.45592339319657
2008,3946.16,61.575,70.61,60.7376,69.8788,46.50175350778486
2009,3946.18,61.72,70.63,60.803999999999995,69.9404,46.540443877375985
2010,3946.2,61.8,70.65,60.87120000000001,70.002,46.5835889759094
2011,3946.22,61.88,70.735,60.93899999999999,70.0662,46.63886348690065
2012,3946.24,61.92,70.82,61.0058,70.1296,46.68968171997507
2013,3946.26,61.96,70.85499999999999,61.0726,70.1902,46.73497301742979
2014,3946.28,62.004999999999995,70.89,61.1396,70.24799999999999,46.785255638747074
2015,3946.3,62.05,70.96000000000001,61.2092,70.3044,46.829474855722935
2016,3946.32,62.129999999999995,71.03,61.282799999999995,70.3612,46.86763200255811
2017,3946.34,62.21,71.07,61.3564,70.41720000000001,46.917380256206265
2018,3946.36,62.260000000000005,71.11,61.4288,70.47319999999999,46.962669956571766
2019,3946.38,62.31,71.16,61.50059999999999,70.5296,47.002432729144644
2020,3946.4,62.41,71.21,61.5738,70.5858,47.05218035948944
2021,3946.42,62.51,71.255,61.6462,70.6416,47.10799067304592
2022,3946.44,62.57,71.3,61.7162,70.6958,47.15827343616967
2023,3946.46,62.63,71.37,61.78620000000001,70.74940000000001,47.20249421247631
2024,3946.48,62.725,71.44,61.857600000000005,70.8052,47.24778382956388
2025,3946.5,62.82,71.555,61.9306,70.865,47.29806659375735
2026,3946.52,62.89,71.67,62.0042,70.9256,47.3428217897315
2027,3946.54,62.96,71.68,62.07640000000001,70.98280000000001,47.393639438872576
2028,3946.56,63.065,71.69,62.148599999999995,71.03399999999999,47.43839465133827
2029,3946.58,63.17,71.75,62.224799999999995,71.0812,47.477622361477664
2030,3946.6,63.185,71.81,62.301399999999994,71.1322,47.52844052896541
2031,3946.62,63.2,71.86,62.3754,71.1866,47.573731742521765
2032,3946.64,63.25,71.91,62.4482,71.2408,47.617950991912736
2033,3946.66,63.3,71.97,62.517199999999995,71.29520000000001,47.673761111330755
2034,3946.68,63.28,72.03,62.5796,71.3512,47.72404379303733
2035,3946.7,63.26,72.125,62.63799999999999,71.4102,47.77272215410126
2036,3946.72,63.405,72.22,62.699000000000005,71.4696,47.822471269889334
2037,3946.74,63.55,72.28999999999999,62.7642,71.5284,47.87328780278343
2038,3946.76,63.665,72.36,62.8324,71.5886,47.923570633106074
2039,3946.78,63.78,72.425,62.903400000000005,71.65,47.973319889312044
2040,3946.8,63.855000000000004,72.49,62.97560000000001,71.7112,48.011481529176514
2041,3946.82,63.93,72.425,63.0476,71.767,48.04464870571143
2042,3946.84,64.0,72.36,63.1192,71.8186,48.0833440822431
2043,3946.86,64.07,72.5,63.1916,71.8742,48.12756781158492
2044,3946.88,64.13499999999999,72.64,63.2646,71.93339999999999,48.17838218460945
2045,3946.9,64.2,72.745,63.3362,71.9948,48.23472487590582
2046,3946.92,64.225,72.85,63.404799999999994,72.0586,48.2855400508243
2047,3946.94,64.25,72.91999999999999,63.472,72.1234,48.33029516618065
2048,3946.96,64.305,72.99,63.53900000000001,72.1882,48.375050281543594
2049,3946.98,64.36,73.06,63.6044,72.253,48.41927315466236
2050,3947.0,64.425,73.13,63.668600000000005,72.316,48.46796256995613
2051,3947.02,64.49,73.175,63.73259999999999,72.3762,48.517715540248915
2052,3947.04,64.55,73.22,63.7962,72.4378,48.55588348120078
2053,3947.06,64.61,73.185,63.858000000000004,72.4976,48.59405312210206
2054,3947.08,64.61500000000001,73.15,63.9158,72.5536,48.63933636350133
2055,3947.1,64.62,73.135,63.973200000000006,72.6066,48.68462015490153
2056,3947.12,64.655,73.12,64.0314,72.657,48.72990449574106
2057,3947.14,64.69,73.195,64.089,72.7084,48.78677589195923
2058,3947.16,64.785,73.27,64.1484,72.76039999999999,48.84364891834688
2059,3947.18,64.88,73.35,64.2124,72.8132,48.888935687995115
2060,3947.2,65.0,73.43,64.28200000000001,72.8654,48.92763111858426
2061,3947.22,65.12,73.54,64.3506,72.9182,48.9713241087135
2062,3947.24,65.14,73.65,64.4142,72.9726,49.021607212253
2063,3947.26,65.16,73.655,64.47399999999999,73.0244,49.06689302479337
2064,3947.28,65.275,73.66,64.5338,73.0738,49.10612008314704
2065,3947.3,65.39,73.705,64.59519999999999,73.1224,49.15640314227235
2066,3947.32,65.465,73.75,64.6566,73.1754,49.20062736425859
2067,3947.34,65.54,73.845,64.7182,73.23479999999999,49.23879400892799
2068,3947.36,65.62,73.94,64.78020000000001,73.2924,49.289077178976484
2069,3947.38,65.7,73.97999999999999,64.8428,73.346,49.3454183203557
2070,3947.4,65.705,74.02,64.903,73.39699999999999,49.390703641331115
2071,3947.42,65.71,74.03999999999999,64.9624,73.4446,49.43046150306012
2072,3947.44,65.705,74.06,65.0206,73.4902,49.48127589700258
2073,3947.46,65.7,74.09,65.0764,73.5342,49.537618597037934
2074,3947.48,65.81,74.12,65.1344,73.5766,49.58184194171798
2075,3947.5,65.92,74.21000000000001,65.1942,73.6198,49.62106907643526
2076,3947.52,66.00999999999999,74.3,65.255,73.6648,49.661360533327766
2077,3947.54,66.1,74.345,65.317,73.7098,49.70664856811438
2078,3947.56,66.19,74.39,65.3802,73.758,49.75087077726857
2079,3947.58,66.28,74.47999999999999,65.4468,73.8112,49.78903355609326
2080,3947.6,66.325,74.57,65.515,73.8686,49.828260734102315
2081,3947.62,66.37,74.59,65.58359999999999,73.92739999999999,49.87854373251964
2082,3947.64,66.35,74.61,65.65,73.98400000000001,49.93935116359454
2083,3947.66,66.33,74.65,65.7118,74.0392,49.99569353217843
2084,3947.68,66.37,74.69,65.7714,74.0928,50.0404486113694
2085,3947.7,66.41,74.685,65.8278,74.14299999999999,50.079144341441626
2086,3947.72,66.43,74.68,65.8802,74.1886,50.117840416344855
2087,3947.74,66.45,74.83500000000001,65.9326,74.236,50.166533528677505
2088,3947.76,66.515,74.99,65.9868,74.2894,50.21075947363704
2089,3947.78,66.58,74.975,66.039,74.342,50.2499861685345
2090,3947.8,66.65,74.96,66.08940000000001,74.3922,50.29421248267585
2091,3947.82,66.72,75.03,66.1396,74.4434,50.344495746785874
2092,3947.84,66.78,75.1,66.1892,74.4936,50.39530759191613
2093,3947.86,66.84,75.145,66.238,74.54180000000001,50.4355930657343
2094,3947.88,66.855,75.19,66.2842,74.5902,50.46929180500344
2095,3947.9,66.87,75.295,66.3308,74.6412,50.51298772773589
2096,3947.92,66.98,75.4,66.3816,74.6956,50.56327094338419
2097,3947.94,67.09,75.4,66.437,74.7492,50.62067138307164
2098,3947.96,67.185,75.4,66.4964,74.8016,50.665957056514195
2099,3947.98,67.28,75.37,66.5552,74.8516,50.705715295409874
2100,3948.0,67.33,75.34,66.61160000000001,74.8968,50.7575947187819
2101,3948.02,67.38,75.4,66.66640000000001,74.9408,50.80288296114342
2102,3948.04,67.435,75.46,66.71979999999999,74.9854,50.841577197948226
2103,3948.06,67.49,75.535,66.7718,75.0312,50.88526735840989
2104,3948.08,67.445,75.61,66.8184,75.07639999999999,50.93555034396898
2105,3948.1,67.4,75.66499999999999,66.86139999999999,75.1202,50.98636549943037
2106,3948.12,67.45500000000001,75.72,66.90480000000001,75.1654,51.02612549843823
2107,3948.14,67.51,75.815,66.95120000000001,75.2136,51.065886140788926
2108,3948.16,67.6,75.91,67.002,75.26400000000001,51.109575181054666
2109,3948.18,67.69,75.995,67.0548,75.3162,51.164321944145364
2110,3948.2,67.72999999999999,76.08,67.1076,75.37200000000001,51.21960173427528
2111,3948.22,67.77,76.095,67.1612,75.4286,51.26329580536889
2112,3948.24,67.845,76.11,67.21700000000001,75.4796,51.30805081915707
2113,3948.26,67.92,76.175,67.2732,75.527,51.35833396006615
2114,3948.28,67.985,76.24,67.3294,75.5776,51.402559193866864
2115,3948.3,68.05,76.31,67.3854,75.63159999999999,51.44231586607864
2116,3948.32,68.10499999999999,76.38,67.4408,75.68560000000001,51.4881320645204
2117,3948.34,68.16,76.38499999999999,67.49600000000001,75.737,51.5323562740756
2118,3948.36,68.21000000000001,76.39,67.5508,75.7868,51.56446512541409
2119,3948.38,68.26,76.45,67.607,75.8372,51.6086910055266
2120,3948.4,68.265,76.51,67.6628,75.8858,51.66950230454442
2121,3948.42,68.27,76.63,67.7144,75.935,51.723731600201866
2122,3948.44,68.35,76.75,67.7648,75.989,51.762431376602535
2123,3948.46,68.43,76.785,67.8146,76.0444,51.79612910873526
2124,3948.48,68.49000000000001,76.82,67.863,76.1024,51.8298268804522
2125,3948.5,68.55,76.925,67.9118,76.1658,51.880637083223824
2126,3948.52,68.655,77.03,67.9628,76.23100000000001,51.935922209512945
2127,3948.54,68.76,76.99000000000001,68.01580000000001,76.29220000000001,51.97462218865349
2128,3948.56,68.825,76.95,68.0692,76.3488,52.01437484225847
2129,3948.58,68.89,76.99000000000001,68.127,76.40400000000001,52.06465823092913
2130,3948.6,68.925,77.03,68.188,76.4586,52.108360758064876
2131,3948.62,68.96,77.03,68.2482,76.51100000000001,52.14706139456792
2132,3948.64,69.065,77.03,68.3104,76.5596,52.18576235456854
2133,3948.66,69.17,77.1,68.3732,76.60719999999999,52.22999242045389
2134,3948.68,69.21000000000001,77.17,68.434,76.6542,52.28580474999231
2135,3948.7,69.25,77.275,68.4948,76.70200000000001,52.33608829178405
2136,3948.72,69.25,77.38,68.554,76.7534,52.37531423973995
2137,3948.74,69.25,77.525,68.61019999999999,76.81,52.424549904693556
2138,3948.76,69.28999999999999,77.67,68.665,76.8698,52.47431029885546
2139,3948.78,69.33,77.75999999999999,68.7188,76.9306,52.518542199881516
2140,3948.8,69.37,77.85,68.77159999999999,76.9922,52.56173126333661
2141,3948.82,69.41,77.84,68.8238,77.05059999999999,52.59991510241893
2142,3948.84,69.53,77.83,68.87859999999999,77.1084,52.638620183403155
2143,3948.86,69.65,77.85499999999999,68.93620000000001,77.167,52.6889039953442
2144,3948.88,69.755,77.88,68.99600000000001,77.2242,52.728649381706376
2145,3948.9,69.86,77.89,69.0598,77.27940000000001,52.768395412186884
2146,3948.92,69.91,77.9,69.1254,77.33019999999999,52.818679162567584
2147,3948.94,69.96,77.965,69.1898,77.3788,52.86291294938998
2148,3948.96,70.005,78.03,69.2528,77.4286,52.901617845738215
2149,3948.98,70.05,78.11500000000001,69.3152,77.4804,52.945852399510414
2150,3949.0,70.07499999999999,78.2,69.3762,77.53139999999999,52.99509776206365
2151,3949.02,70.1,78.22,69.43400000000001,77.579,53.03328594920212
2152,3949.04,70.16499999999999,78.24,69.4902,77.62899999999999,53.07147566458279
2153,3949.06,70.23,78.32,69.5464,77.68379999999999,53.12124279288066
2154,3949.08,70.315,78.4,69.60340000000001,77.7402,53.16098428296847
2155,3949.1,70.4,78.43,69.66239999999999,77.7962,53.19969195151878
2156,3949.12,70.435,78.46,69.72139999999999,77.85340000000001,53.243413552092946
2157,3949.14,70.47,78.485,69.77759999999999,77.91159999999999,53.288167779003324
2158,3949.16,70.47999999999999,78.51,69.83,77.968,53.3324062922364
2159,3949.18,70.49,78.58500000000001,69.88119999999999,78.0246,53.376130373162134
2160,3949.2,70.57,78.66,69.934,78.08,53.420884510566175
2161,3949.22,70.65,78.66499999999999,69.99,78.1314,53.46615354520533
2162,3949.24,70.685,78.67,70.0474,78.1772,53.51039279300022
2163,3949.26,70.72,78.69,70.1046,78.21799999999999,53.554632435995096
2164,3949.28,70.735,78.71,70.1608,78.256,53.60041607484801
2165,3949.3,70.75,78.78999999999999,70.21600000000001,78.2936,53.645170255546816
2166,3949.32,70.88,78.87,70.2748,78.3348,53.688894785501596
2167,3949.34,71.01,79.02000000000001,70.334,78.3824,53.74470885344748
2168,3949.36,71.075,79.17,70.39099999999999,78.435,53.78894886729554
2169,3949.38,71.14,79.17,70.4464,78.4866,53.82161580124587
2170,3949.4,71.17,79.17,70.49879999999999,78.5378,53.87189994776604
2171,3949.42,71.2,79.15,70.5504,78.5878,53.92269738607717
2172,3949.44,71.27000000000001,79.13,70.6028,78.6344,53.956391325043036
2173,3949.46,71.34,79.22999999999999,70.65620000000001,78.6824,53.99458877215269
2174,3949.48,71.385,79.33,70.7096,78.731,54.03780622013919
2175,3949.5,71.43,79.36,70.7638,78.7774,54.082048814498634
2176,3949.52,71.515,79.39,70.8204,78.8242,54.121783749747856
2177,3949.54,71.6,79.47999999999999,70.8778,78.8738,54.15496557016259
2178,3949.56,71.61,79.57,70.933,78.9238,54.19818744982471
2179,3949.58,71.62,79.69,70.98519999999999,78.9754,54.252983252895035
2180,3949.6,71.695,79.81,71.03699999999999,79.03059999999999,54.297228133601806
2181,3949.62,71.77,79.845,71.0904,79.086,54.33645118424894
2182,3949.64,71.82499999999999,79.88,71.1446,79.1418,54.38120487128855
2183,3949.66,71.88,79.86,71.20060000000001,79.1958,54.420427946824496
2184,3949.68,71.945,79.84,71.25880000000001,79.24600000000001,54.454120441417075
2185,3949.7,72.01,79.83,71.3164,79.2928,54.50338775259194
2186,3949.72,72.055,79.82,71.3726,79.339,54.563718542357634
2187,3949.74,72.1,79.865,71.4292,79.3868,54.607965246962245
2188,3949.76,72.09,79.91,71.48400000000001,79.43560000000001,54.640644429819076
2189,3949.78,72.08,80.05,71.5378,79.4892,54.6899180212506
2190,3949.8,72.18,80.19,71.595,79.54520000000001,54.73919345211587
2191,3949.82,72.28,80.16499999999999,71.65100000000001,79.597,54.77187696240543
2192,3949.84,72.315,80.14,71.7032,79.64179999999999,54.80506450440148
2193,3949.86,72.35,80.25,71.7542,79.685,54.8553489713267
2194,3949.88,72.37,80.36,71.8034,79.7326,54.905633438679246
2195,3949.9,72.39,80.41,71.8522,79.78219999999999,54.94938149798483
2196,3949.92,72.50999999999999,80.46,71.9046,79.8346,54.99212953106591
2197,3949.94,72.63,80.51499999999999,71.959,79.89,55.030350860225354
2198,3949.96,72.675,80.57,72.0124,79.9436,55.06957207231325
2199,3949.98,72.72,80.585,72.0658,79.99380000000001,55.11885815371327
2200,3950.0,72.735,80.6,72.118,80.04339999999999,55.16814603761395
2201,3950.02,72.75,80.625,72.1674,80.0928,55.212898735907004
2202,3950.04,72.8,80.65,72.2154,80.1396,55.246587762203475
2203,3950.06,72.85,80.715,72.265,80.1854,55.27374937453877
2204,3950.08,72.945,80.78,72.318,80.229,55.31197605551331
2205,3950.1,73.04,80.8,72.37180000000001,80.26859999999999,55.36176425451607
2206,3950.12,73.08000000000001,80.82,72.4242,80.30760000000001,55.405525282374114
2207,3950.14,73.12,80.88499999999999,72.476,80.34779999999999,55.44978258413574
2208,3950.16,73.06,80.95,72.5232,80.39139999999999,55.50006715729598
2209,3950.18,73.0,80.935,72.5654,80.4352,55.53879258572222
2210,3950.2,73.08,80.92,72.6082,80.47879999999999,55.57801271932729
2211,3950.22,73.16,80.98,72.6524,80.5252,55.62780285946402
2212,3950.24,73.215,81.04,72.697,80.5722,55.671567531158544
2213,3950.26,73.27,81.025,72.74419999999999,80.6168,55.709801330051434
2214,3950.28,73.305,81.01,72.7932,80.6552,55.74803652049278
2215,3950.3,73.34,81.135,72.8396,80.693,55.79180572042169
2216,3950.32,73.45,81.26,72.8864,80.73679999999999,55.840129863154004
2217,3950.34,73.56,81.225,72.9362,80.78020000000001,55.87885969781272
2218,3950.36,73.6,81.19,72.9862,80.81779999999999,55.90196941269772
2219,3950.38,73.64,81.22,73.037,80.8522,55.934677101153966
2220,3950.4,73.71000000000001,81.25,73.0898,80.8858,55.98398484470246
2221,3950.42,73.78,81.35,73.1406,80.9214,56.03378164480499
2222,3950.44,73.89,81.45,73.191,80.9588,56.06746721267421
2223,3950.46,74.0,81.42500000000001,73.244,80.993,56.10066521218367
2224,3950.48,74.03,81.4,73.2964,81.0256,56.149489519136225
2225,3950.5,74.06,81.445,73.3494,81.05940000000001,56.19880273093458
2226,3950.52,74.045,81.49,73.4012,81.09400000000001,56.23151762956045
2227,3950.54,74.03,81.565,73.4504,81.1306,56.263750161362296
2228,3950.56,74.08,81.64,73.4996,81.16760000000001,56.31306881916245
2229,3950.58,74.13,81.705,73.547,81.2046,56.362389183677806
2230,3950.6,74.19,81.77,73.593,81.24340000000001,56.39462935787189
2231,3950.62,74.25,81.745,73.63980000000001,81.2804,56.432885975769466
2232,3950.64,74.33,81.72,73.6882,81.3138,56.47763653103715
2233,3950.66,74.41,81.675,73.7422,81.34280000000001,56.51685325119405
2234,3950.68,74.47,81.63,73.801,81.3706,56.56064484870063
2235,3950.7,74.53,81.705,73.85900000000001,81.402,56.603959922664856
2236,3950.72,74.6,81.78,73.9166,81.43400000000001,56.636687051629
2237,3950.74,74.67,81.765,73.9748,81.463,56.66941535396648
2238,3950.76,74.69,81.75,74.03160000000001,81.492,56.70166936684257
2239,3950.78,74.71,81.825,74.0878,81.5246,56.7348754697031
2240,3950.8,74.725,81.9,74.1432,81.5552,56.77456629855404
2241,3950.82,74.74,81.93,74.1948,81.58200000000001,56.81330657542966
2242,3950.84,74.82499999999999,81.96,74.24539999999999,81.61139999999999,56.85663271768683
2243,3950.86,74.91,81.995,74.2978,81.6436,56.89996237885592
2244,3950.88,75.03,82.03,74.3534,81.676,56.92162851754317
2245,3950.9,75.15,81.995,74.411,81.7058,56.94376723552006
2246,3950.92,75.19,81.96,74.4674,81.7302,56.98804492253246
2247,3950.94,75.23,82.065,74.521,81.75479999999999,57.04245114754959
2248,3950.96,75.285,82.17,74.5724,81.7846,57.08532259537381
2249,3950.98,75.34,82.245,74.62480000000001,81.8184,57.12359998410591
2250,3951.0,75.33500000000001,82.32,74.6758,81.8534,57.16187867162246
2251,3951.02,75.33,82.32499999999999,74.7272,81.8868,57.19415720496962
2252,3951.04,75.42,82.33,74.7828,81.9174,57.22643870736303
2253,3951.06,75.51,82.38,74.84,81.947,57.26472260731074
2254,3951.08,75.525,82.43,74.8958,81.976,57.30347134810472
2255,3951.1,75.54,82.38,74.9498,82.00040000000001,57.33622144878726
2256,3951.12,75.665,82.33,75.0064,82.0238,57.35790129404768
2257,3951.14,75.79,82.39,75.0648,82.05059999999999,57.39065351316327
2258,3951.16,75.845,82.45,75.1222,82.0816,57.434478538706855
2259,3951.18,75.9,82.48,75.1794,82.1156,57.47276907720189
2260,3951.2,75.965,82.51,75.2368,82.14779999999999,57.50506555267215
2261,3951.22,76.03,82.53999999999999,75.29400000000001,82.1782,57.53228708023465
2262,3951.24,76.095,82.57,75.351,82.2104,57.565045761218784
2263,3951.26,76.16,82.53999999999999,75.40979999999999,82.242,57.597348675382314
2264,3951.28,76.225,82.51,75.47040000000001,82.2694,57.62457392401497
2265,3951.3,76.29,82.595,75.533,82.29719999999999,57.66287300179002
2266,3951.32,76.35,82.68,75.5974,82.3272,57.69563683359165
2267,3951.34,76.41,82.755,75.66080000000001,82.359,57.72286520561644
2268,3951.36,76.405,82.83,75.7206,82.3924,57.761167825644165
2269,3951.38,76.4,82.84,75.7754,82.42479999999999,57.80500841640063
2270,3951.4,76.355,82.85,75.8236,82.459,57.848850408106046
2271,3951.42,76.31,82.785,75.86840000000001,82.492,57.88805969616189
2272,3951.44,76.41,82.72,75.9156,82.5182,57.921280481963
2273,3951.46,76.51,82.715,75.9646,82.54,57.948062763913484
2274,3951.48,76.61500000000001,82.71,76.01559999999999,82.55860000000001,57.96931068351514
2275,3951.5,76.72,82.725,76.071,82.5748,57.99609818550986
2276,3951.52,76.805,82.74,76.13,82.5914,58.02887310412461
2277,3951.54,76.89,82.83500000000001,76.18880000000001,82.6116,58.0676336021131
2278,3951.56,76.97,82.93,76.24719999999999,82.6336,58.100857051595995
2279,3951.58,77.05,82.915,76.3082,82.65299999999999,58.128543374988965
2280,3951.6,77.07,82.9,76.3694,82.67380000000001,58.161767108352414
2281,3951.62,77.09,82.945,76.4264,82.6984,58.18945366699136
2282,3951.64,77.14,82.99,76.4804,82.7224,58.20561949433615
2283,3951.66,77.19,83.00999999999999,76.5342,82.7448,58.23839836443956
2284,3951.68,77.265,83.03,76.5888,82.7668,58.27716059487774
2285,3951.7,77.34,83.03,76.6438,82.7876,58.29886593808207
2286,3951.72,77.4,83.03,76.6986,82.8072,58.326109706917904
2287,3951.74,77.46,83.03999999999999,76.75319999999999,82.82600000000001,58.37041063459271
2288,3951.76,77.47,83.05,76.8056,82.84639999999999,58.40319355519537
2289,3951.78,77.48,83.09,76.8558,82.86959999999999,58.41892228350369
2290,3951.8,77.53,83.13,76.9054,82.891,58.440632103121295
2291,3951.82,77.58,83.18,76.9546,82.911,58.47895650753246
2292,3951.84,77.61500000000001,83.23,77.0028,82.93,58.51130453472509
2293,3951.86,77.65,83.245,77.0526,82.9466,58.52704097628032
2294,3951.88,77.725,83.26,77.1056,82.96340000000001,58.5542936704403
2295,3951.9,77.8,83.28999999999999,77.1634,82.98100000000001,58.59816208354271
2296,3951.92,77.83500000000001,83.32,77.2244,83.0024,58.63095516355875
2297,3951.94,77.87,83.22999999999999,77.28280000000001,83.0228,58.6535449257232
2298,3951.96,77.905,83.14,77.3386,83.0398,58.67569817316995
2299,3951.98,77.94,83.24000000000001,77.39160000000001,83.061,58.702518157816236
2300,3952.0,77.99000000000001,83.34,77.4424,83.0856,58.73487927095223
2301,3952.02,78.04,83.375,77.4918,83.111,58.76170454864952
2302,3952.04,78.08500000000001,83.41,77.53960000000001,83.134,58.7834261834095
2303,3952.06,78.13,83.44,77.586,83.15440000000001,58.81111967260129
2304,3952.08,78.16999999999999,83.47,77.6308,83.1766,58.83838116756923
2305,3952.1,78.21,83.47,77.6764,83.19940000000001,58.86053626976451
2306,3952.12,78.275,83.47,77.7238,83.22040000000001,58.88226008380514
2307,3952.14,78.34,83.42,77.7718,83.2376,58.91506251035202
2308,3952.16,78.345,83.37,77.818,83.25200000000001,58.96023503239375
2309,3952.18,78.35,83.405,77.8614,83.26700000000001,58.987929357510126
2310,3952.2,78.395,83.44,77.90360000000001,83.2834,59.00411553299672
2311,3952.22,78.44,83.46000000000001,77.9452,83.30059999999999,59.03224047520141
2312,3952.24,78.57,83.48,77.9896,83.31819999999999,59.04928775761656
2313,3952.26,78.7,83.495,78.0388,83.336,59.06547396920192
2314,3952.28,78.765,83.51,78.0902,83.3528,59.09273885208195
2315,3952.3,78.83,83.59,78.1422,83.3712,59.125543705304445
2316,3952.32,78.87,83.67,78.1938,83.3908,59.15281047859152
2317,3952.34,78.91,83.63,78.24560000000001,83.4068,59.164317162475626
2318,3952.36,78.955,83.59,78.2978,83.4206,59.181363169177786
2319,3952.38,79.0,83.64,78.3488,83.4358,59.21459755216878
2320,3952.4,79.045,83.69,78.3986,83.4518,59.24740380046135
2321,3952.42,79.09,83.675,78.4488,83.46600000000001,59.2695603813526
2322,3952.44,79.105,83.66,78.4982,83.4832,59.29214497765667
2323,3952.46,79.12,83.65,78.5468,83.5036,59.32026883988989
2324,3952.48,79.11500000000001,83.64,78.5938,83.5196,59.34285372402565
2325,3952.5,79.11,83.595,78.6386,83.5298,59.37097782895941
2326,3952.52,79.205,83.55,78.6852,83.5368,59.39313410939838
2327,3952.54,79.3,83.61,78.73379999999999,83.5448,59.40335588356705
2328,3952.56,79.35,83.67,78.7826,83.554,59.42508516588237
2329,3952.58,79.4,83.73,78.8318,83.5644,59.452354523429456
2330,3952.6,79.45500000000001,83.79,78.88159999999999,83.5772,59.47365963540952
2331,3952.62,79.51,83.905,78.931,83.59460000000001,59.50093135757371
2332,3952.64,79.495,84.02,78.9772,83.6186,59.52266448988145
2333,3952.66,79.48,83.87,79.0226,83.63860000000001,59.53374346498284
2334,3952.68,79.45500000000001,83.72,79.0668,83.65119999999999,59.55590147525956
2335,3952.7,79.43,83.68,79.1082,83.6608,59.58913861150216
2336,3952.72,79.47,83.64,79.1494,83.668,59.617684654105204
2337,3952.74,79.51,83.71000000000001,79.187,83.67720000000001,59.63472774934777
2338,3952.76,79.58000000000001,83.78,79.2222,83.68860000000001,59.651346096086044
2339,3952.78,79.65,83.92,79.2576,83.705,59.67946818791239
2340,3952.8,79.715,84.06,79.293,83.72380000000001,59.702050973869184
2341,3952.82,79.78,84.08500000000001,79.3294,83.74040000000001,59.719094528387124
2342,3952.84,79.85,84.11,79.367,83.7596,59.74125209038398
2343,3952.86,79.92,84.03999999999999,79.4056,83.7776,59.768099635049595
2344,3952.88,79.98,83.97,79.4448,83.7908,59.790257647245696
2345,3952.9,80.04,83.92,79.4846,83.8,59.80218569178561
2346,3952.92,80.07,83.87,79.5238,83.8078,59.81965445506474
2347,3952.94,80.1,83.94,79.56360000000001,83.819,59.84862950506991
2348,3952.96,80.08,84.01,79.602,83.8334,59.87078662560287
2349,3952.98,80.06,84.05000000000001,79.6398,83.8498,59.886127191244256
2350,3953.0,80.12,84.09,79.6802,83.8696,59.90828489122422
2351,3953.02,80.18,84.11500000000001,79.71920000000001,83.89220000000002,59.942371903704206
2352,3953.04,80.17500000000001,84.14,79.75420000000001,83.9134,59.97006883651928
2353,3953.06,80.17,84.15,79.787,83.93260000000001,59.98072252447523
2354,3953.08,80.285,84.16,79.8224,83.9498,59.986687018821236
2355,3953.1,80.4,84.185,79.8602,83.96560000000001,60.00415636998054
2356,3953.12,80.415,84.21,79.8964,83.9778,60.03739248045777
2357,3953.14,80.43,84.095,79.9338,83.9808,60.06508934085888
2358,3953.16,80.47,83.98,79.97340000000001,83.9852,60.077019836978096
2359,3953.18,80.51,83.97,80.0156,83.99520000000001,60.09449091435401
2360,3953.2,80.595,83.96,80.06219999999999,84.0064,60.1111086539056
2361,3953.22,80.68,83.99,80.1106,84.02040000000001,60.116221282665514
2362,3953.24,80.67,84.02,80.15700000000001,84.03280000000001,60.13283918522797
2363,3953.26,80.66,84.08,80.20020000000001,84.0448,60.1609620775284
2364,3953.28,80.735,84.14,80.2436,84.0536,60.17757995370614
2365,3953.3,80.81,84.255,80.28739999999999,84.06139999999999,60.1941978633668
2366,3953.32,80.875,84.37,80.3312,84.0728,60.21166892676127
2367,3953.34,80.94,84.4,80.37480000000001,84.0844,60.228286669125694
2368,3953.36,80.955,84.43,80.4162,84.1,60.25513049961798
2369,3953.38,80.97,84.36000000000001,80.4558,84.11560000000001,60.283253155719905
2370,3953.4,80.945,84.29,80.492,84.13040000000001,60.30626311426435
2371,3953.42,80.92,84.185,80.52600000000001,84.14299999999999,60.31691522274711
2372,3953.44,80.98,84.08,80.5612,84.1486,60.32245452658748
2373,3953.46,81.04,84.19999999999999,80.5996,84.15620000000001,60.33992544380905
2374,3953.48,81.055,84.32,80.63940000000001,84.16699999999999,60.357397554136746
2375,3953.5,81.07,84.35,80.67739999999999,84.17739999999999,60.37401511979119
2376,3953.52,81.145,84.38,80.716,84.18799999999999,60.38977884628939
2377,3953.54,81.22,84.33,80.7578,84.1956,60.40128407145489
2378,3953.56,81.25999999999999,84.28,80.8014,84.2008,60.42472305191924
2379,3953.58,81.3,84.315,80.842,84.20700000000001,60.45327512437057
2380,3953.6,81.28999999999999,84.35,80.8776,84.2136,60.469892411933365
2381,3953.62,81.28,84.375,80.9122,84.2202,60.48565393925777
2382,3953.64,81.3,84.4,80.947,84.2324,60.50227153021915
2383,3953.66,81.32,84.4,80.981,84.2492,60.514205340504766
2384,3953.68,81.38999999999999,84.4,81.0162,84.26639999999999,60.525283606334064
2385,3953.7,81.46,84.45,81.0508,84.286,60.54232915636205
2386,3953.72,81.53,84.5,81.0848,84.30640000000001,60.55980372115155
2387,3953.74,81.6,84.47,81.122,84.32440000000001,60.576849969006325
2388,3953.76,81.66999999999999,84.44,81.16239999999999,84.33879999999999,60.59432621226601
2389,3953.78,81.74,84.435,81.20259999999999,84.3506,60.61180364076618
2390,3953.8,81.69999999999999,84.43,81.23819999999999,84.3576,60.62928225372409
2391,3953.82,81.66,84.43,81.2696,84.36,60.640791389748976
2392,3953.84,81.725,84.43,81.30099999999999,84.36120000000001,60.65143753351122
2393,3953.86,81.79,84.465,81.3344,84.3626,60.668054041032654
2394,3953.88,81.785,84.5,81.367,84.3682,60.684670583544325
2395,3953.9,81.78,84.565,81.4004,84.3792,60.7004262341093
2396,3953.92,81.815,84.63,81.4362,84.39699999999999,60.71107434505362
2397,3953.94,81.85,84.60499999999999,81.47099999999999,84.41799999999999,60.722582026522296
2398,3953.96,81.905,84.58,81.5056,84.4332,60.739198919088636
2399,3953.98,81.96,84.67,81.5418,84.4472,60.760496388817195
2400,3954.0,81.94999999999999,84.76,81.577,84.4636,60.78265267730397
2401,3954.02,81.94,84.805,81.6088,84.4806,60.800127826904486
2402,3954.04,81.945,84.85,81.6378,84.50139999999999,60.81760415787545
2403,3954.06,81.95,84.9,81.6654,84.5262,60.83465113708065
2404,3954.08,81.955,84.95,81.6916,84.5516,60.83975995486754
2405,3954.1,81.96,84.9,81.7184,84.5736,60.845298905214776
2406,3954.12,81.995,84.85,81.74699999999999,84.5926,60.86277608222185
2407,3954.14,82.03,84.82,81.77619999999999,84.60940000000001,60.87939278911828
2408,3954.16,82.06,84.79,81.8058,84.625,60.895149730624645
2409,3954.18,82.09,84.775,81.8338,84.64,60.91730575636308
2410,3954.2,82.185,84.76,81.8628,84.6524,60.93435223588736
2411,3954.22,82.28,84.84,81.89280000000001,84.666,60.939461826344
2412,3954.24,82.285,84.92,81.92020000000001,84.684,60.95053988430062
2413,3954.26,82.29,84.985,81.945,84.7058,60.978664231832006
2414,3954.28,82.305,85.05,81.9676,84.7304,61.00124968728844
2415,3954.3,82.32,85.07,81.9924,84.756,61.01275735594956
2416,3954.32,82.3,85.09,82.01799999999999,84.7824,61.0178666614661
2417,3954.34,82.28,85.005,82.0402,84.8054,61.02297645120534
2418,3954.36,82.28999999999999,84.92,82.06020000000001,84.82359999999998,61.03916492031547
2419,3954.38,82.3,84.92,82.0808,84.84039999999999,61.0553540599298
2420,3954.4,82.285,84.92,82.101,84.8546,61.07197151390714
2421,3954.42,82.27,84.92,82.1192,84.86619999999999,61.088589001669575
2422,3954.44,82.29499999999999,84.92,82.137,84.8788,61.105634337628764
2423,3954.46,82.32,85.045,82.15360000000001,84.8974,61.128647461826795
2424,3954.48,82.27,85.17,82.166,84.9174,61.15123252033151
2425,3954.5,82.22,85.215,82.1768,84.9356,61.17296021587091
2426,3954.52,82.3,85.26,82.1912,84.95380000000002,61.189149519051426
2427,3954.54,82.38,85.27000000000001,82.2086,84.97059999999999,61.19980027864962
2428,3954.56,82.435,85.28,82.228,84.9858,61.205339473340445
2429,3954.58,82.49,85.3,82.24940000000001,84.9998,61.21130615260797
2430,3954.6,82.47,85.32,82.26979999999999,85.0166,61.22749632293128
2431,3954.62,82.45,85.26499999999999,82.288,85.0332,61.24326071435969
2432,3954.64,82.505,85.21,82.30699999999999,85.04879999999999,61.254339338413054
2433,3954.66,82.56,85.155,82.32699999999998,85.0634,61.27138356294968
2434,3954.68,82.63,85.1,82.3486,85.07639999999999,61.2764966300842
2435,3954.7,82.7,85.09,82.3692,85.0896,61.28161017909426
2436,3954.72,82.705,85.08,82.38619999999999,85.0992,61.29822832178735
2437,3954.74,82.71,85.25,82.4032,85.1124,61.31484649765913
2438,3954.76,82.685,85.42,82.419,85.12979999999999,61.33742951306617
2439,3954.78,82.66,85.45,82.4332,85.1458,61.354047651191784
2440,3954.8,82.685,85.48,82.4478,85.16220000000001,61.35958702642147
2441,3954.82,82.71,85.495,82.4642,85.1784,61.37066580535828
2442,3954.84,82.675,85.51,82.48,85.1986,61.39154960686353
2443,3954.86,82.64,85.505,82.494,85.22200000000001,61.4073212205158
2444,3954.88,82.68,85.5,82.5092,85.24520000000001,61.424363251142616
2445,3954.9,82.72,85.49000000000001,82.5266,85.26800000000001,61.45248462056362
2446,3954.92,82.74000000000001,85.48,82.54539999999999,85.2904,61.46868006363449
2447,3954.94,82.76,85.465,82.564,85.31219999999999,61.473374405913
2448,3954.96,82.805,85.45,82.5834,85.3284,61.48403184077709
2449,3954.98,82.85,85.455,82.6066,85.3398,61.500651077215366
2450,3955.0,82.895,85.46,82.6336,85.3496,61.51727034564232
2451,3955.02,82.94,85.38999999999999,82.6592,85.3548,61.52834987098363
2452,3955.04,82.905,85.32,82.6802,85.3568,61.539008234334624
2453,3955.06,82.87,85.345,82.69760000000001,85.35940000000001,61.54966716284056
2454,3955.08,82.87,85.37,82.7128,85.36220000000002,61.555207013069
2455,3955.1,82.87,85.33000000000001,82.7288,85.3626,61.565866551828066
2456,3955.12,82.94,85.29,82.7484,85.3636,61.58248629052316
2457,3955.14,83.01,85.435,82.76859999999999,85.3726,61.59398612780557
2458,3955.16,83.105,85.58,82.79039999999999,85.38959999999999,61.599106045137674
2459,3955.18,83.2,85.74000000000001,82.8132,85.4152,61.62042737266669
2460,3955.2,83.215,85.9,82.83380000000001,85.44760000000001,61.63704744388085
2461,3955.22,83.23,85.855,82.8548,85.4786,61.63788562406796
2462,3955.24,83.305,85.81,82.8786,85.501,61.64896553406004
2463,3955.26,83.38,85.67500000000001,82.90640000000002,85.51119999999999,61.65920756304161
2464,3955.28,83.31,85.54,82.9324,85.5148,61.6702876516697
2465,3955.3,83.24,85.545,82.95460000000001,85.5174,61.6924478878928
2466,3955.32,83.315,85.55,82.9788,85.51960000000001,61.70823247416626
2467,3955.34,83.39,85.63,83.0074,85.5244,61.7188956372767
2468,3955.36,83.39500000000001,85.71,83.0376,85.5326,61.73509960979305
2469,3955.38,83.4,85.695,83.06639999999999,85.54039999999999,61.75130423607582
2470,3955.4,83.35,85.68,83.0916,85.54800000000002,61.76238481918334
2471,3955.42,83.3,85.69,83.11399999999999,85.5564,61.767925108445006
2472,3955.44,83.295,85.7,83.13539999999999,85.5658,61.77942164356551
2473,3955.46,83.29,85.715,83.1548,85.5764,61.80158276023793
2474,3955.48,83.375,85.73,83.1758,85.58740000000002,61.81737268751146
2475,3955.5,83.46,85.67500000000001,83.1984,85.596,61.82249821105608
2476,3955.52,83.52,85.62,83.2216,85.60520000000001,61.82249819520163
2477,3955.54,83.58,85.61,83.24860000000001,85.6168,61.828038596767136
2478,3955.56,83.68,85.6,83.281,85.627,61.83316463693871
2479,3955.58,83.78,85.615,83.31739999999999,85.63680000000001,61.83787761984247
2480,3955.6,83.785,85.63,83.354,85.64880000000001,61.854499232074325
2481,3955.62,83.79,85.69999999999999,83.38799999999999,85.6652,61.87153418565145
2482,3955.64,83.815,85.77,83.42020000000001,85.6786,61.88220198274187
2483,3955.66,83.84,85.81,83.44959999999999,85.68780000000001,61.892870338354
2484,3955.68,83.89,85.85,83.4772,85.6922,61.89799860329071
2485,3955.7,83.94,85.84,83.5062,85.68979999999999,61.908668032599245
2486,3955.72,83.94999999999999,85.83,83.535,85.68879999999999,61.92529011139537
2487,3955.74,83.96,85.84,83.56119999999999,85.69,61.9363715086411
2488,3955.76,83.9,85.85,83.58200000000001,85.697,61.94745291989194
2489,3955.78,83.84,85.945,83.6032,85.71320000000001,61.95853434514055
2490,3955.8,83.875,86.04,83.6286,85.733,61.964075054617446
2491,3955.82,83.91,86.03,83.6524,85.75219999999999,61.97556791722626
2492,3955.84,84.05,86.02,83.6788,85.7678,61.98664930173583
2493,3955.86,84.19,85.985,83.7106,85.77879999999999,61.991367774226454
2494,3955.88,84.235,85.95,83.744,85.789,61.996498064964776
2495,3955.9,84.28,85.965,83.78119999999998,85.8004,62.002038871749626
2496,3955.92,84.275,85.98,83.8202,85.81200000000001,62.007579681924994
2497,3955.94,84.27,85.92500000000001,83.8592,85.821,62.013120495489964
2498,3955.96,84.265,85.87,83.8982,85.82719999999999,62.029742988244095
2499,3955.98,84.26,85.89500000000001,83.93360000000001,85.8338,62.051906364830195
2500,3956.0,84.31,85.92,83.9676,85.84360000000001,62.06257842505068
2501,3956.02,84.36,85.985,84.00119999999998,85.85820000000001,62.062169165474586
2502,3956.04,84.36,86.05,84.0324,85.8758,62.061760302331976
2503,3956.06,84.36,86.05,84.05959999999999,85.89380000000001,62.07243385758611
2504,3956.08,84.375,86.05,84.0834,85.9112,62.0839241827035
2505,3956.1,84.39,86.055,84.1076,85.9282,62.089873818261864
2506,3956.12,84.455,86.06,84.1342,85.9426,62.09541475565224
2507,3956.14,84.52,86.065,84.16239999999999,85.9544,62.10649665624546
2508,3956.16,84.555,86.07,84.191,85.9648,62.117578569569545
2509,3956.18,84.59,86.03999999999999,84.219,85.9724,62.12271107790757
2510,3956.2,84.555,86.01,84.2436,85.9792,62.1278440581288
2511,3956.22,84.52,85.98,84.26639999999999,85.9852,62.13379306972378
2512,3956.24,84.50999999999999,85.95,84.2884,85.9896,62.1401511401156
2513,3956.26,84.5,85.975,84.3124,85.99459999999999,62.14056025319602
2514,3956.28,84.47999999999999,86.0,84.338,85.99679999999998,62.14015110946736
2515,3956.3,84.46,85.995,84.36139999999999,85.995,62.15082433074523
2516,3956.32,84.53,85.99,84.3862,85.99340000000001,62.16703914047884
2517,3956.34,84.6,86.09,84.4082,85.9962,62.18284733986329
2518,3956.36,84.645,86.19,84.4264,86.0044,62.19352277928371
2519,3956.38,84.69,86.16,84.4446,86.01280000000001,62.19906392578259
2520,3956.4,84.75999999999999,86.13,84.46379999999999,86.0194,62.205011789889795
2521,3956.42,84.83,86.08,84.48599999999999,86.0234,62.210959979552754
2522,3956.44,84.86,86.03,84.50959999999999,86.0276,62.210552891019724
2523,3956.46,84.89,86.075,84.5346,86.0358,62.215281124069236
2524,3956.48,84.94,86.12,84.5618,86.0448,62.2200110867049
2525,3956.5,84.99,86.105,84.589,86.0522,62.22474277928005
2526,3956.52,84.99,86.09,84.6142,86.0564,62.23542136756457
2527,3956.54,84.99,86.065,84.63940000000001,86.057,62.23582547723406
2528,3956.56,84.96000000000001,86.04,84.6634,86.0566,62.23622998126127
2529,3956.58,84.93,86.055,84.6856,86.05680000000001,62.24217617786305
2530,3956.6,84.885,86.07,84.70540000000001,86.0574,62.248122700702865
2531,3956.62,84.84,86.005,84.7208,86.0552,62.259205223078446
2532,3956.64,84.93,85.94,84.73719999999999,86.05019999999999,62.27069324774635
2533,3956.66,85.02,85.995,84.7558,86.04720000000002,62.27623447632343
2534,3956.68,85.03,86.05,84.7734,86.0476,62.280560643948334
2535,3956.7,85.04,86.12,84.79279999999999,86.052,62.28489058642105
2536,3956.72,85.005,86.19,84.81219999999999,86.06039999999999,62.290029066675615
2537,3956.74,84.97,86.225,84.83059999999999,86.07140000000001,62.30151497646075
2538,3956.76,84.96000000000001,86.26,84.84899999999999,86.0828,62.31300115022162
2539,3956.78,84.95,86.18,84.86779999999999,86.09,62.318139395665206
2540,3956.8,84.985,86.1,84.8888,86.0942,62.317736584626026
2541,3956.82,85.02,86.065,84.9084,86.09720000000002,62.32368085415407
2542,3956.84,85.055,86.03,84.9266,86.09479999999999,62.33516691079904
2543,3956.86,85.09,86.025,84.9444,86.0882,62.33557037290159
2544,3956.88,85.11500000000001,86.02,84.9614,86.0826,62.32489145579097
2545,3956.9,85.14,86.03,84.9766,86.07860000000001,62.33043282546837
2546,3956.92,85.17,86.04,84.9902,86.07700000000001,62.341515590503235
2547,3956.94,85.2,86.095,85.00380000000001,86.07959999999999,62.335570311576234
2548,3956.96,85.195,86.15,85.016,86.0826,62.33516681899743
2549,3956.98,85.19,86.155,85.02600000000001,86.084,62.34665313930184
2550,3957.0,85.19999999999999,86.16,85.0344,86.0862,62.357735996285875
2551,3957.02,85.21,86.275,85.0432,86.09360000000001,62.368012736329206
2552,3957.04,85.205,86.39,85.0518,86.1066,62.379095762322706
2553,3957.06,85.2,86.35499999999999,85.0614,86.1192,62.385443186559236
2554,3957.08,85.24000000000001,86.32,85.0738,86.12979999999999,62.38544317113851
2555,3957.1,85.28,86.26499999999999,85.0896,86.1376,62.3901787707801
2556,3957.12,85.22,86.21,85.1048,86.1458,62.40126182272664
2557,3957.14,85.16,86.19,85.11399999999999,86.1558,62.4016644601998
2558,3957.16,85.175,86.17,85.12020000000001,86.16279999999999,62.40126179222093
2559,3957.18,85.19,86.2,85.1266,86.1688,62.417886401960864
2560,3957.2,85.185,86.23,85.1324,86.1732,62.434913478928245
2561,3957.22,85.18,86.245,85.13940000000001,86.17540000000001,62.44085778182355
2562,3957.24,85.17500000000001,86.26,85.1476,86.17679999999999,62.4408577664165
2563,3957.26,85.17,86.28999999999999,85.156,86.178,62.44005255296274
2564,3957.28,85.215,86.32,85.1666,86.18359999999998,62.4455940987551
2565,3957.3,85.26,86.315,85.1776,86.1922,62.45788528246437
2566,3957.32,85.30000000000001,86.31,85.18880000000001,86.20199999999998,62.459096879281525
2567,3957.34,85.34,86.245,85.20020000000001,86.2106,62.453555511054994
2568,3957.36,85.38,86.18,85.2118,86.2168,62.45828871283542
2569,3957.38,85.42,86.2,85.22399999999999,86.22399999999999,62.469371556442354
2570,3957.4,85.49000000000001,86.22,85.238,86.2316,62.475316738978314
2571,3957.42,85.56,86.215,85.2536,86.23859999999999,62.475720880214986
2572,3957.44,85.465,86.21,85.2642,86.2432,62.47017950182926
2573,3957.46,85.37,86.19999999999999,85.27120000000001,86.24520000000001,62.47017948679022
2574,3957.48,85.33500000000001,86.19,85.27699999999999,86.2466,62.48207162334232
2575,3957.5,85.3,86.19,85.281,86.24779999999998,62.48801817160778
2576,3957.52,85.285,86.19,85.28399999999999,86.24439999999998,62.49869549434604
2577,3957.54,85.27,86.225,85.28659999999999,86.2378,62.50977809680869
2578,3957.56,85.255,86.26,85.28880000000001,86.234,62.50464192910131
2579,3957.58,85.24,86.275,85.28880000000001,86.2322,62.505453411071024
2580,3957.6,85.25,86.29,85.2876,86.2332,62.517348732647626
2581,3957.62,85.26,86.295,85.2892,86.2366,62.522483229080756
2582,3957.64,85.27000000000001,86.3,85.29360000000001,86.241,62.52761819496104
2583,3957.66,85.28,86.25999999999999,85.29780000000001,86.2446,62.539106737962356
2584,3957.68,85.25999999999999,86.22,85.30059999999999,86.24539999999999,62.550595543009585
2585,3957.7,85.24,86.2,85.3028,86.2442,62.55654348619505
2586,3957.72,85.275,86.18,85.3066,86.2416,62.5569506651429
2587,3957.74,85.31,86.14500000000001,85.31200000000001,86.23700000000001,62.562899289903456
2588,3957.76,85.33500000000001,86.11,85.3186,86.22980000000001,62.5637155577317
2589,3957.78,85.36,86.14,85.32440000000001,86.2226,62.55304238958176
2590,3957.8,85.345,86.17,85.32780000000001,86.2168,62.55222515968005
2591,3957.82,85.33,86.16499999999999,85.329,86.211,62.557358174943595
2592,3957.84,85.32499999999999,86.16,85.3284,86.2076,62.55817451501278
2593,3957.86,85.32,86.175,85.32600000000001,86.20739999999999,62.57048372756317
2594,3957.88,85.315,86.19,85.3218,86.20700000000001,62.587926280121856
2595,3957.9,85.31,86.265,85.31459999999998,86.2088,62.59387759511886
2596,3957.92,85.31,86.34,85.30460000000001,86.2138,62.59982923312915
2597,3957.94,85.31,86.285,85.2984,86.2168,62.61132191194983
2598,3957.96,85.285,86.23,85.295,86.21799999999999,62.61686261574626
2599,3957.98,85.26,86.21000000000001,85.292,86.21880000000002,62.61727414757982
2600,3958.0,85.255,86.19,85.2902,86.21880000000002,62.62363902168693
2601,3958.02,85.25,86.22,85.2888,86.22,62.63513286039196
2602,3958.04,85.24000000000001,86.25,85.2876,86.221,62.64621402236803
2603,3958.06,85.23,86.175,85.28659999999999,86.2176,62.65216750107333
2604,3958.08,85.30000000000001,86.1,85.289,86.2106,62.64745397864177
2605,3958.1,85.37,86.16999999999999,85.2938,86.2058,62.64149972280825
2606,3958.12,85.39500000000001,86.24,85.2992,86.2036,62.641499706638456
2607,3958.14,85.42,86.25,85.3052,86.2016,62.647868045226815
2608,3958.16,85.38499999999999,86.26,85.30940000000001,86.2016,62.659363361618276
2609,3958.18,85.35,86.24000000000001,85.31299999999999,86.2024,62.676399326377485
2610,3958.2,85.35,86.22,85.31739999999999,86.2032,62.693020496151384
2611,3958.22,85.35,86.28,85.3204,86.2072,62.693435478513386
2612,3958.24,85.31,86.34,85.3204,86.215,62.68872634833621
2613,3958.26,85.27,86.34,85.3178,86.2242,62.70022305144901
2614,3958.28,85.25,86.34,85.3134,86.23219999999999,62.71684382078666
2615,3958.3,85.23,86.255,85.30879999999999,86.23559999999999,62.717260224858784
2616,3958.32,85.27000000000001,86.17,85.3064,86.2358,62.7074315905447
2617,3958.34,85.31,86.17500000000001,85.3058,86.23640000000002,62.70272805419381
2618,3958.36,85.355,86.18,85.3072,86.2366,62.70272803760449
2619,3958.38,85.4,86.215,85.3106,86.2376,62.7082680579113
2620,3958.4,85.45,86.25,85.31620000000001,86.23700000000001,62.71976689993762
2621,3958.42,85.5,86.255,85.3238,86.23359999999998,62.73168548182191
2622,3958.44,85.425,86.26,85.3284,86.2326,62.74360535001622
2623,3958.46,85.35,86.275,85.331,86.23440000000001,62.755105600639055
2624,3958.48,85.36,86.29,85.335,86.2376,62.76106629615045
2625,3958.5,85.37,86.27000000000001,85.3396,86.2408,62.76148753560215
2626,3958.52,85.375,86.25,85.34460000000001,86.242,62.755947746746834
2627,3958.54,85.38,86.35,85.3502,86.24600000000001,62.75552643554426
2628,3958.56,85.4,86.45,85.35699999999999,86.257,62.76702726019444
2629,3958.58,85.42,86.46000000000001,85.3618,86.2714,62.78448998280338
2630,3958.6,85.325,86.47,85.36,86.2834,62.80110912222954
2631,3958.62,85.23,86.44,85.35340000000001,86.29140000000001,62.801953839465725
2632,3958.64,85.225,86.41,85.34559999999999,86.29780000000001,62.7976843242731
2633,3958.66,85.22,86.36,85.339,86.3018,62.80918747337601
2634,3958.68,85.25999999999999,86.31,85.3354,86.30460000000001,62.82623035402833
2635,3958.7,85.3,86.32,85.3334,86.30860000000001,62.83219454061048
2636,3958.72,85.34,86.33,85.33300000000001,86.31060000000001,62.82708023541345
2637,3958.74,85.38,86.315,85.3358,86.3096,62.82750576210056
2638,3958.76,85.395,86.3,85.3408,86.30799999999999,62.84412385524292
2639,3958.78,85.41,86.315,85.34720000000002,86.307,62.85520259691255
2640,3958.8,85.44,86.33,85.35560000000001,86.31,62.850088983909814
2641,3958.82,85.47,86.295,85.3636,86.315,62.85094171061925
2642,3958.84,85.41499999999999,86.26,85.3678,86.3184,62.86287439132847
2643,3958.86,85.36,86.235,85.36800000000001,86.3206,62.874380368435205
2644,3958.88,85.325,86.21,85.365,86.32039999999999,62.88588660002046
2645,3958.9,85.29,86.155,85.35859999999998,86.3166,62.89228263157853
2646,3958.92,85.27000000000001,86.1,85.34939999999999,86.31040000000002,62.898680078859655
2647,3958.94,85.25,86.145,85.3424,86.3058,62.904648803744784
2648,3958.96,85.27000000000001,86.19,85.3392,86.30239999999999,62.90507892382487
2649,3958.98,85.29,86.25,85.3364,86.3008,62.9055094339096
2650,3959.0,85.36500000000001,86.31,85.3362,86.30239999999999,62.90594033610482
2651,3959.02,85.44,86.32,85.3388,86.3052,62.91744925147324
2652,3959.04,85.39,86.33,85.3392,86.3044,62.934065695969586
2653,3959.06,85.34,86.36500000000001,85.3368,86.30099999999999,62.94557477298923
2654,3959.08,85.315,86.4,85.3326,86.29860000000001,62.951977517143725
2655,3959.1,85.29,86.415,85.33120000000001,86.29639999999999,62.95241006734853
2656,3959.12,85.36000000000001,86.43,85.3364,86.296,62.95284300793491
2657,3959.14,85.43,86.355,85.34460000000001,86.2938,62.95881494989378
2658,3959.16,85.42,86.28,85.3526,86.2906,62.96478720926594
2659,3959.18,85.41,86.3,85.35860000000001,86.2902,62.96522124503974
2660,3959.2,85.365,86.32,85.3612,86.29019999999998,62.97075976957106
2661,3959.22,85.32,86.29499999999999,85.36039999999998,86.2888,62.97586432059239
2662,3959.24,85.37,86.27,85.36,86.28699999999999,62.97586430224496
2663,3959.26,85.42,86.22999999999999,85.361,86.2842,62.98183681069276
2664,3959.28,85.38499999999999,86.19,85.36,86.2792,62.987375346102866
2665,3959.3,85.35,86.21000000000001,85.35640000000001,86.2744,62.98737532818896
2666,3959.32,85.345,86.23,85.3514,86.2718,62.99334811989811
2667,3959.34,85.34,86.235,85.3484,86.2708,63.004425151050135
2668,3959.36,85.33500000000001,86.24,85.3474,86.271,63.00952952476792
2669,3959.38,85.33,86.245,85.3476,86.2724,63.00952950697069
2670,3959.4,85.295,86.25,85.3478,86.27619999999999,63.01550216104018
2671,3959.42,85.26,86.25,85.34740000000002,86.28219999999999,63.03255214203654
2672,3959.44,85.31,86.25,85.34980000000002,86.2864,63.04406383722523
2673,3959.46,85.36,86.28,85.35340000000001,86.29,63.038525343290296
2674,3959.48,85.41499999999999,86.31,85.3584,86.2924,63.03255208780678
2675,3959.5,85.47,86.295,85.3626,86.29180000000001,63.0436290944818
2676,3959.52,85.395,86.28,85.3608,86.29019999999998,63.05514072836439
2677,3959.54,85.32,86.205,85.35799999999999,86.2852,63.05003726702058
2678,3959.56,85.28,86.13,85.3556,86.2758,63.04449880716914
2679,3959.58,85.24,86.195,85.3526,86.2676,63.055140674740464
2680,3959.6,85.225,86.26,85.35,86.2614,63.07175612983051
2681,3959.62,85.21,86.275,85.34400000000001,86.25519999999999,63.07729461056483
2682,3959.64,85.205,86.29,85.335,86.25259999999999,63.07686013318727
2683,3959.66,85.2,86.21000000000001,85.32620000000001,86.2498,63.08196462485363
2684,3959.68,85.22,86.13,85.3186,86.243,63.08750318870634
2685,3959.7,85.24,86.21000000000001,85.31360000000001,86.2386,63.08793716410267
2686,3959.72,85.27,86.29,85.3116,86.2384,63.088371528910784
2687,3959.74,85.3,86.28,85.30879999999999,86.23880000000001,63.09347567595647
2688,3959.76,85.315,86.27,85.30460000000001,86.24040000000001,63.104118886078865
2689,3959.78,85.33,86.225,85.30239999999999,86.2418,63.11009130635797
2690,3959.8,85.36,86.18,85.30279999999999,86.2406,63.11562985164222
2691,3959.82,85.39,86.16,85.3046,86.23780000000001,63.12073463542478
2692,3959.84,85.41499999999999,86.14,85.30760000000001,86.234,63.11519601238592
2693,3959.86,85.44,86.185,85.3118,86.2318,63.12073459954357
2694,3959.88,85.46000000000001,86.23,85.31700000000001,86.2312,63.13181180252517
2695,3959.9,85.48,86.275,85.32440000000001,86.2322,63.13735039952731
2696,3959.92,85.41499999999999,86.32,85.33059999999999,86.235,63.14799443976843
2697,3959.94,85.35,86.34,85.3322,86.2386,63.152667960671415
2698,3959.96,85.29499999999999,86.36,85.32959999999999,86.2418,63.15734319397913
2699,3959.98,85.24,86.305,85.32260000000001,86.2416,63.16842082818175
2700,3960.0,85.265,86.25,85.31439999999999,86.2398,63.174822907566984
2701,3960.02,85.29,86.21000000000001,85.31020000000001,86.23700000000001,63.17525510650185
2702,3960.04,85.345,86.17,85.31119999999999,86.23559999999999,63.18036163161433
2703,3960.06,85.4,86.23,85.316,86.23960000000001,63.18546862491513
2704,3960.08,85.405,86.29,85.32260000000001,86.24340000000001,63.17992980619468
2705,3960.1,85.41,86.22,85.33,86.2418,63.17992978800604
2706,3960.12,85.35499999999999,86.15,85.3358,86.2368,63.1910073760804
2707,3960.14,85.3,86.19,85.3396,86.23280000000001,63.19611487939245
2708,3960.16,85.305,86.23,85.34379999999999,86.23360000000001,63.19525345439063
2709,3960.18,85.31,86.26,85.3474,86.23880000000001,63.20633129017898
2710,3960.2,85.36500000000001,86.29,85.3524,86.242,63.21740914116535
2711,3960.22,85.42,86.27000000000001,85.3584,86.2412,63.21101056210089
2712,3960.24,85.43,86.25,85.3636,86.24,63.21015247556197
2713,3960.26,85.44,86.21000000000001,85.3686,86.2376,63.226769728752146
2714,3960.28,85.475,86.17,85.37440000000001,86.23540000000001,63.24381562910611
2715,3960.3,85.51,86.2,85.3804,86.23620000000001,63.24381561175854
2716,3960.32,85.42500000000001,86.23,85.3818,86.23899999999999,63.23316654228017
2717,3960.34,85.34,86.215,85.37880000000001,86.242,63.23913498018744
2718,3960.36,85.345,86.2,85.375,86.2426,63.255751949544845
2719,3960.38,85.35,86.2,85.3706,86.2414,63.25575193238017
2720,3960.4,85.375,86.2,85.3664,86.2384,63.249783560712174
2721,3960.42,85.4,86.23,85.3658,86.2348,63.260004227810015
2722,3960.44,85.39,86.26,85.36740000000002,86.2316,63.27576596547431
2723,3960.46,85.38,86.315,85.3708,86.2298,63.2813051530275
2724,3960.48,85.49,86.37,85.3808,86.2324,63.275765930824235
2725,3960.5,85.6,86.285,85.3942,86.23380000000002,63.275338689304505
2726,3960.52,85.615,86.2,85.40719999999999,86.2334,63.28045111589825
2727,3960.54,85.63,86.155,85.41860000000001,86.23280000000001,63.28002468910594
2728,3960.56,85.55,86.11,85.42460000000001,86.228,63.28556399243486
2729,3960.58,85.47,86.12,85.4272,86.22120000000001,63.29664262723428
2730,3960.6,85.455,86.13,85.429,86.2176,63.30218194146446
2731,3960.62,85.44,86.155,85.4324,86.21780000000001,63.3017560520064
2732,3960.64,85.455,86.18,85.4386,86.2174,63.306869961418265
2733,3960.66,85.47,86.225,85.4452,86.2172,63.32391352806202
2734,3960.68,85.41,86.27,85.4492,86.2176,63.34095729181443
2735,3960.7,85.35,86.19999999999999,85.44859999999998,86.214,63.34607106162382
2736,3960.72,85.375,86.13,85.4468,86.2084,63.34053164671294
2737,3960.74,85.4,86.175,85.4456,86.2054,63.3413832387551
2738,3960.76,85.39500000000001,86.22,85.4438,86.2058,63.34692254408916
2739,3960.78,85.39,86.205,85.4404,86.2072,63.34649656514257
2740,3960.8,85.455,86.19,85.43820000000001,86.2068,63.34607097472119
2741,3960.82,85.52,86.185,85.44200000000001,86.205,63.351610357807
2742,3960.84,85.505,86.18,85.44859999999998,86.2036,63.36268915290845
2743,3960.86,85.49,86.17,85.4544,86.2024,63.36737886190695
2744,3960.88,85.485,86.16,85.45980000000002,86.2008,63.37249411069185
2745,3960.9,85.48,86.25999999999999,85.46400000000001,86.2032,63.37845781041535
2746,3960.92,85.52000000000001,86.36,85.46880000000002,86.2084,63.37334291138738
2747,3960.94,85.56,86.37,85.4756,86.2128,63.37334289392581
2748,3960.96,85.56,86.38,85.48280000000001,86.2154,63.37845775808714
2749,3960.98,85.56,86.39,85.48559999999999,86.21620000000001,63.383149326989475
2750,3961.0,85.58,86.4,85.48479999999999,86.2208,63.39380516217875
2751,3961.02,85.6,86.385,85.4842,86.2282,63.40488438468332
2752,3961.04,85.63,86.37,85.4842,86.2368,63.40488436781866
2753,3961.06,85.66,86.28999999999999,85.48859999999999,86.24400000000001,63.4053075755133
2754,3961.08,85.58500000000001,86.21,85.4932,86.24759999999998,63.417234203915626
2755,3961.1,85.51,86.21,85.4954,86.2508,63.42277370867125
2756,3961.12,85.465,86.21,85.49640000000001,86.25299999999999,63.421926299590844
2757,3961.14,85.42,86.28,85.495,86.257,63.4215031678777
2758,3961.16,85.46000000000001,86.35,85.49459999999999,86.26199999999999,63.421080424375425
2759,3961.18,85.5,86.35499999999999,85.4982,86.26539999999999,63.42619777815313
2760,3961.2,85.575,86.36,85.50720000000001,86.2718,63.43727719082809
2761,3961.22,85.65,86.345,85.51820000000002,86.28039999999999,63.442816893767834
2762,3961.24,85.635,86.33,85.5276,86.28659999999999,63.43727715672076
2763,3961.26,85.62,86.28999999999999,85.53659999999999,86.28939999999999,63.442816859374304
2764,3961.28,85.58500000000001,86.25,85.54440000000001,86.29119999999999,63.459014331012156
2765,3961.3,85.55,86.24000000000001,85.5482,86.2932,63.45859300864466
2766,3961.32,85.625,86.23,85.55239999999999,86.295,63.45347452959227
2767,3961.34,85.7,86.20500000000001,85.56020000000001,86.296,63.45943597312484
2768,3961.36,85.685,86.18,85.568,86.29639999999999,63.459435955174115
2769,3961.38,85.67,86.15,85.57539999999999,86.296,63.45985801865035
2770,3961.4,85.68,86.12,85.5834,86.29039999999999,63.46582012992921
2771,3961.42,85.69,86.155,85.59019999999998,86.28219999999999,63.46539768146732
2772,3961.44,85.715,86.19,85.59639999999999,86.275,63.46455396506734
2773,3961.46,85.74,86.24000000000001,85.6036,86.26939999999999,63.464553947945284
2774,3961.48,85.68,86.29,85.6084,86.26540000000001,63.470937331133555
2775,3961.5,85.62,86.305,85.61,86.2616,63.487556437772206
2776,3961.52,85.61,86.32,85.61040000000001,86.25900000000001,63.503332391504365
2777,3961.54,85.6,86.26499999999999,85.6092,86.25479999999999,63.50887217336146
2778,3961.56,85.63,86.21,85.608,86.2516,63.5041755416995
2779,3961.58,85.66,86.195,85.611,86.25099999999999,63.5041755240814
2780,3961.6,85.63499999999999,86.18,85.616,86.24980000000001,63.50929348381279
2781,3961.62,85.61,86.14,85.62179999999998,86.24700000000001,63.50971521517477
2782,3961.64,85.67,86.1,85.6318,86.2398,63.515677026127165
2783,3961.66,85.73,86.19,85.6426,86.2334,63.521216704293614
2784,3961.68,85.72,86.28,85.65140000000001,86.2304,63.51525489244721
2785,3961.7,85.71,86.255,85.6568,86.22619999999999,63.50929339864099
2786,3961.72,85.685,86.23,85.6582,86.2216,63.509293381361495
2787,3961.74,85.66,86.155,85.6592,86.2146,63.50929336421986
2788,3961.76,85.69,86.08,85.662,86.20620000000001,63.50971509571429
2789,3961.78,85.72,86.18,85.6674,86.2034,63.515254807279696
2790,3961.8,85.72,86.28,85.6742,86.205,63.52549136954605
2791,3961.82,85.72,86.255,85.678,86.206,63.53657098147332
2792,3961.84,85.755,86.23,85.6802,86.20700000000001,63.53145236192007
2793,3961.86,85.79,86.195,85.68440000000001,86.2076,63.52037279595291
2794,3961.88,85.76,86.16,85.68800000000002,86.20800000000001,63.52633418942224
2795,3961.9,85.73,86.125,85.69,86.20820000000002,63.53783560635723
2796,3961.92,85.72,86.09,85.69120000000001,86.20559999999999,63.54891501198906
2797,3961.94,85.71,86.11500000000001,85.691,86.2026,63.554032870608474
2798,3961.96,85.725,86.14,85.6904,86.1986,63.553611399546114
2799,3961.98,85.74,86.19,85.6928,86.19460000000001,63.559151176105544
2800,3962.0,85.71000000000001,86.24,85.6964,86.192,63.558730128651845
2801,3962.02,85.68,86.245,85.6992,86.189,63.55319028050543
2802,3962.04,85.685,86.25,85.7026,86.1884,63.55403278448263
2803,3962.06,85.69,86.25,85.705,86.19,63.55445460817447
2804,3962.08,85.715,86.25,85.70720000000001,86.19220000000001,63.55999431113131
2805,3962.1,85.74,86.21000000000001,85.7114,86.1934,63.57107374523803
2806,3962.12,85.75999999999999,86.17,85.71740000000001,86.1946,63.565534000460765
2807,3962.14,85.78,86.095,85.7218,86.1944,63.56041645045009
2808,3962.16,85.84,86.02,85.7262,86.1876,63.571918314367984
2809,3962.18,85.9,86.08500000000001,85.7334,86.1798,63.57745795416725
2810,3962.2,85.89500000000001,86.15,85.7408,86.17560000000002,63.577457937729704
2811,3962.22,85.89,86.135,85.749,86.1718,63.577457920235005
2812,3962.24,85.9,86.12,85.7586,86.17039999999999,63.5719182456852
2813,3962.26,85.91,86.215,85.7674,86.1758,63.57149572473317
2814,3962.28,85.91499999999999,86.31,85.7752,86.181,63.576613321061956
2815,3962.3,85.92,86.25,85.7832,86.1798,63.57703538442779
2816,3962.32,85.91,86.19,85.7908,86.1772,63.57788068696653
2817,3962.34,85.9,86.17,85.7966,86.17479999999999,63.5834202939191
2818,3962.36,85.805,86.15,85.79719999999999,86.17300000000002,63.59407679170129
2819,3962.38,85.71,86.21000000000001,85.79519999999998,86.175,63.600039151670785
2820,3962.4,85.675,86.27,85.79299999999999,86.1808,63.59492262999884
2821,3962.42,85.64,86.25,85.7898,86.18720000000002,63.59492261203016
2822,3962.44,85.63,86.23,85.78659999999999,86.1918,63.600462192290294
2823,3962.46,85.62,86.14,85.7824,86.1918,63.600462175198615
2824,3962.48,85.625,86.05,85.77779999999998,86.18620000000001,63.600462157999246
2825,3962.5,85.63,86.06,85.77459999999999,86.17900000000002,63.59492254368678
2826,3962.52,85.69,86.07,85.775,86.17199999999998,63.58895976620794
2827,3962.54,85.75,86.115,85.7776,86.1666,63.59919398867782
2828,3962.56,85.745,86.16,85.7798,86.163,63.6158131158506
2829,3962.58,85.74,86.22,85.7808,86.1618,63.61665790310575
2830,3962.6,85.765,86.28,85.7818,86.1646,63.60600165588427
2831,3962.62,85.79,86.28999999999999,85.78299999999999,86.16940000000001,63.611118224091726
2832,3962.64,85.815,86.3,85.7844,86.1776,63.616657851232034
2833,3962.66,85.84,86.24000000000001,85.7844,86.18639999999999,63.61238840434934
2834,3962.68,85.87,86.18,85.7832,86.1902,63.613662081368396
2835,3962.7,85.9,86.17500000000001,85.7834,86.1912,63.60812264456312
2836,3962.72,85.855,86.17,85.78200000000001,86.1926,63.60258321130194
2837,3962.74,85.81,86.16499999999999,85.7784,86.1944,63.6145130906567
2838,3962.76,85.855,86.16,85.7762,86.19220000000001,63.62516612478801
2839,3962.78,85.9,86.19999999999999,85.7756,86.18780000000001,63.61835197606802
2840,3962.8,85.88,86.24,85.774,86.1874,63.61835195897945
2841,3962.82,85.86,86.21000000000001,85.772,86.1882,63.6238914420472
2842,3962.84,85.91,86.18,85.7724,86.18860000000001,63.61792778358762
2843,3962.86,85.96,86.185,85.77860000000001,86.19,63.61877643426513
2844,3962.88,85.955,86.19,85.7884,86.1892,63.61962663040734
2845,3962.9,85.95,86.235,85.7994,86.18779999999998,63.614087227303635
2846,3962.92,85.86500000000001,86.28,85.8084,86.189,63.6200522823613
2847,3962.94,85.78,86.265,85.8144,86.1904,63.63709629533854
2848,3962.96,85.75999999999999,86.25,85.82,86.1948,63.64774904671385
2849,3962.98,85.74,86.25999999999999,85.8246,86.2032,63.641358972184776
2850,3963.0,85.79499999999999,86.27,85.83120000000001,86.2116,63.635819517642304
2851,3963.02,85.85,86.27,85.83760000000001,86.21960000000001,63.64774899448769
2852,3963.04,85.94,86.27,85.8452,86.22579999999999,63.65967973389794
2853,3963.06,86.03,86.28999999999999,85.8566,86.23100000000001,63.654140416764236
2854,3963.08,86.06,86.31,85.86939999999998,86.23459999999999,63.642209574785085
2855,3963.1,86.09,86.31,85.8824,86.2358,63.647748924692024
2856,3963.12,86.02000000000001,86.31,85.8916,86.2366,63.65925346467365
2857,3963.14,85.95,86.285,85.89699999999999,86.236,63.653714110124135
2858,3963.16,85.95,86.26,85.9014,86.2368,63.648601032653964
2859,3963.18,85.95,86.245,85.90459999999999,86.23939999999999,63.6486010148294
2860,3963.2,85.88,86.23,85.90379999999999,86.2416,63.648174724493636
2861,3963.22,85.81,86.235,85.90199999999999,86.2442,63.654140276592486
2862,3963.24,85.83,86.24,85.90279999999998,86.2472,63.660106144199844
2863,3963.26,85.85,86.27,85.90259999999998,86.25160000000001,63.65967954143936
2864,3963.28,85.85,86.3,85.90060000000001,86.2556,63.6596795239702
2865,3963.3,85.85,86.31,85.8994,86.2584,63.65967950685337
2866,3963.32,85.945,86.32,85.90279999999998,86.26280000000001,63.65286263931817
2867,3963.34,86.04,86.32,85.90800000000002,86.2684,63.6524375442008
2868,3963.36,85.95500000000001,86.32,85.90780000000001,86.2738,63.658827441841744
2869,3963.38,85.87,86.33,85.90440000000001,86.27939999999998,63.65925323676845
2870,3963.4,85.805,86.34,85.89859999999999,86.2836,63.66479256011534
2871,3963.42,85.74,86.37,85.8936,86.2872,63.67587123469172
2872,3963.44,85.815,86.4,85.895,86.29260000000001,63.67587121716448
2873,3963.46,85.89,86.41,85.9002,86.29899999999999,63.68141055089216
2874,3963.48,85.88,86.42,85.9058,86.30539999999999,63.69291522257872
2875,3963.5,85.87,86.375,85.90879999999999,86.30959999999999,63.69291520547099
2876,3963.52,85.92500000000001,86.33,85.9118,86.31199999999998,63.686524225821756
2877,3963.54,85.98,86.38499999999999,85.9134,86.3166,63.68652420822128
2878,3963.56,86.03999999999999,86.44,85.91380000000001,86.32260000000001,63.69291515222389
2879,3963.58,86.1,86.455,85.9154,86.3284,63.69291513476379
2880,3963.6,86.10499999999999,86.47,85.916,86.3348,63.686524155580365
2881,3963.62,86.11,86.45,85.9196,86.3404,63.68013457633921
2882,3963.64,86.035,86.43,85.92300000000002,86.3462,63.680134558298114
2883,3963.66,85.96,86.42,85.9234,86.3526,63.68652410318351
2884,3963.68,85.97,86.41,85.9242,86.3592,63.692489071053615
2885,3963.7,85.98,86.41,85.9282,86.36640000000001,63.692489053625245
2886,3963.72,85.92500000000001,86.41,85.9328,86.3734,63.69802839809059
2887,3963.74,85.87,86.465,85.93440000000001,86.38240000000002,63.70868163578973
2888,3963.76,85.89,86.52,85.936,86.3924,63.70868161890009
2889,3963.78,85.91,86.515,85.9384,86.40100000000001,63.70314219515733
2890,3963.8,86.09,86.51,85.948,86.40899999999999,63.69717760801312
2891,3963.82,86.27,86.41499999999999,85.961,86.41279999999999,63.697602757358304
2892,3963.84,86.255,86.32,85.96959999999999,86.4128,63.697602739869104
2893,3963.86,86.24,86.305,85.98100000000001,86.4122,63.691213301813875
2894,3963.88,86.145,86.29,85.992,86.41060000000002,63.691213284480504
2895,3963.9,86.05,86.39,86.0018,86.4126,63.70229221630859
2896,3963.92,86.02,86.49,86.01299999999999,86.4174,63.71848640202998
2897,3963.94,85.99,86.53,86.02,86.4226,63.71891063221748
2898,3963.96,86.05,86.57,86.0264,86.42900000000002,63.70825635152573
2899,3963.98,86.11,86.60499999999999,86.03559999999999,86.43639999999999,63.71379578016843
2900,3964.0,86.03,86.64,86.042,86.447,63.72487466639836
2901,3964.02,85.95,86.535,86.04299999999999,86.4552,63.7248746487981
2902,3964.04,86.005,86.43,86.044,86.457,63.71976019621303
2903,3964.06,86.06,86.39,86.0448,86.455,63.71976017897404
2904,3964.08,86.08,86.35,86.044,86.4508,63.72529957803097
2905,3964.1,86.1,86.375,86.04379999999999,86.447,63.725724928473895
2906,3964.12,86.13499999999999,86.4,86.0448,86.445,63.71976012695678
2907,3964.14,86.17,86.43,86.0502,86.445,63.71337097086169
2908,3964.16,86.155,86.46,86.05799999999999,86.4466,63.71337095318194
2909,3964.18,86.14,86.49,86.06479999999999,86.4498,63.725299490336035
2910,3964.2,86.2,86.52,86.0736,86.45419999999999,63.73637831696791
2911,3964.22,86.26,86.525,86.08699999999999,86.4588,63.74106837111494
2912,3964.24,86.235,86.53,86.1016,86.4614,63.740644254378104
2913,3964.26,86.21,86.47,86.1144,86.45939999999999,63.73510469912948
2914,3964.28,86.22999999999999,86.41,86.12719999999999,86.4552,63.73510468137947
2915,3964.3,86.25,86.37,86.1336,86.4496,63.7406442023123
2916,3964.32,86.245,86.33,86.1326,86.4462,63.74064418517539
2917,3964.34,86.24,86.345,86.132,86.4472,63.73468087952119
2918,3964.36,86.195,86.36,86.13019999999999,86.44940000000001,63.734680862262984
2919,3964.38,86.15,86.39500000000001,86.1304,86.4536,63.7346808446524
2920,3964.4,86.215,86.43,86.137,86.4552,63.72829483963023
2921,3964.42,86.28,86.44,86.1474,86.4532,63.728294822693556
2922,3964.44,86.24000000000001,86.45,86.1574,86.45,63.734257428494395
2923,3964.46,86.2,86.485,86.1634,86.44660000000002,63.73383443284995
2924,3964.48,86.13,86.52,86.1642,86.44320000000002,63.733411822593695
2925,3964.5,86.06,86.57,86.16539999999999,86.4404,63.738529320589734
2926,3964.52,86.07,86.62,86.17020000000001,86.44380000000001,63.74960875764174
2927,3964.54,86.08,86.595,86.1732,86.4504,63.766649933937714
2928,3964.56,86.11500000000001,86.57,86.1754,86.4576,63.77261195863782
2929,3964.58,86.15,86.53999999999999,86.1782,86.46520000000001,63.76153260609563
2930,3964.6,86.22,86.51,86.183,86.47059999999999,63.74960868883965
2931,3964.62,86.29,86.52000000000001,86.1892,86.4754,63.749186960340445
2932,3964.64,86.30000000000001,86.53,86.19439999999999,86.4794,63.754726712292126
2933,3964.66,86.31,86.495,86.2006,86.4808,63.760266467724506
2934,3964.68,86.27000000000001,86.46,86.20580000000001,86.4796,63.759845198384404
2935,3964.7,86.23,86.47999999999999,86.207,86.47800000000001,63.753463952542845
2936,3964.72,86.135,86.5,86.20200000000001,86.477,63.75304380427104
2937,3964.74,86.04,86.555,86.1942,86.478,63.76454368613776
2938,3964.76,86.02000000000001,86.61,86.1866,86.48360000000001,63.770503965063796
2939,3964.78,86.0,86.515,86.17739999999999,86.4878,63.770083540450706
2940,3964.8,86.02000000000001,86.42,86.1682,86.4898,63.781163311996266
2941,3964.82,86.04,86.435,86.16,86.494,63.781583629387654
2942,3964.84,86.12,86.45,86.15520000000001,86.49820000000001,63.770503896845895
2943,3964.86,86.2,86.405,86.15540000000001,86.5,63.7700834729244
2944,3964.88,86.21000000000001,86.36,86.15780000000001,86.49860000000001,63.76924379758353
2945,3964.9,86.22,86.375,86.15799999999999,86.4964,63.768824530426855
2946,3964.92,86.205,86.39,86.155,86.4944,63.774364515512104
2947,3964.94,86.19,86.41,86.15299999999999,86.49279999999999,63.77436449871755
2948,3964.96,86.22,86.43,86.1538,86.4906,63.76882447952241
2949,3964.98,86.25,86.475,86.1586,86.4888,63.768824462316616
2950,3965.0,86.275,86.52,86.16720000000001,86.4868,63.77394561976056
2951,3965.02,86.3,86.5,86.1764,86.48200000000001,63.77352715995305
2952,3965.04,86.31,86.48,86.1856,86.4774,63.7679870682878
2953,3965.06,86.32,86.47,86.19380000000001,86.4734,63.768405530021
2954,3965.08,86.255,86.46,86.19800000000001,86.47019999999999,63.774364379164226
2955,3965.1,86.19,86.44,86.1968,86.4674,63.77394553512489
2956,3965.12,86.18,86.42,86.19239999999999,86.46340000000001,63.773527075580276
2957,3965.14,86.17,86.45,86.18720000000002,86.4602,63.77864911572531
2958,3965.16,86.13,86.48,86.18000000000002,86.4596,63.77823146431302
2959,3965.18,86.09,86.565,86.17280000000001,86.46379999999999,63.77823144734286
2960,3965.2,86.065,86.65,86.1662,86.47059999999999,63.78889456518616
2961,3965.22,86.04,86.59,86.16239999999999,86.4742,63.799558227449054
2962,3965.24,86.09,86.53,86.1644,86.47319999999999,63.794017973886284
2963,3965.26,86.14,86.53999999999999,86.1692,86.47040000000001,63.79401795678911
2964,3965.28,86.19,86.55,86.1768,86.4718,63.80509841652053
2965,3965.3,86.24,86.47999999999999,86.18560000000001,86.4742,63.79997487865677
2966,3965.32,86.27,86.41,86.19480000000001,86.47319999999999,63.788894464313266
2967,3965.34,86.3,86.475,86.20199999999998,86.4742,63.79360151991506
2968,3965.36,86.305,86.54,86.20620000000001,86.4796,63.80385061522609
2969,3965.38,86.31,86.55000000000001,86.2102,86.48719999999999,63.803435458142864
2970,3965.4,86.305,86.56,86.2136,86.49459999999999,63.80385058200057
2971,3965.42,86.3,86.575,86.21740000000001,86.50200000000001,63.80980640677826
2972,3965.44,86.24000000000001,86.59,86.21940000000001,86.5092,63.8098063902949
2973,3965.46,86.18,86.55000000000001,86.21779999999998,86.514,63.80980637335333
2974,3965.48,86.215,86.51,86.2164,86.51540000000001,63.81493122185572
2975,3965.5,86.25,86.505,86.21539999999999,86.5148,63.82005653168096
2976,3965.52,86.25,86.5,86.21340000000001,86.5148,63.82005651491068
2977,3965.54,86.25,86.475,86.211,86.51460000000002,63.81451610350315
2978,3965.56,86.255,86.45,86.2084,86.5138,63.81451608692419
2979,3965.58,86.26,86.545,86.20859999999999,86.51720000000002,63.82047149713257
2980,3965.6,86.225,86.64,86.21,86.5252,63.82005644821506
2981,3965.62,86.19,86.65,86.2104,86.5344,63.8243541533809
2982,3965.64,86.19,86.66,86.21119999999999,86.54279999999999,63.835021775455274
2983,3965.66,86.19,86.615,86.21359999999999,86.54820000000001,63.83502175935787
2984,3965.68,86.27,86.57,86.2208,86.5484,63.82948119414178
2985,3965.7,86.35,86.53999999999999,86.2322,86.544,63.82394063250903
2986,3965.72,86.39,86.51,86.2462,86.5408,63.81798696915422
2987,3965.74,86.43,86.515,86.2598,86.5402,63.817574233410376
2988,3965.76,86.435,86.52,86.27159999999999,86.5394,63.81757421682714
2989,3965.78,86.44,86.495,86.2816,86.5372,63.82352749672417
2990,3965.8,86.46000000000001,86.47,86.29039999999999,86.5368,63.83502164306123
2991,3965.82,86.48,86.495,86.29879999999999,86.5402,63.83502162706895
2992,3965.84,86.465,86.52,86.3054,86.54199999999999,63.82948106148889
2993,3965.86,86.45,86.60499999999999,86.31119999999999,86.54459999999999,63.82948104474115
2994,3965.88,86.4,86.69,86.31479999999999,86.5502,63.83460857977757
2995,3965.9,86.35,86.66,86.3166,86.5542,63.84527720172953
2996,3965.92,86.35,86.63,86.31859999999999,86.5564,63.85040569581919
2997,3965.94,86.35,86.53,86.32300000000001,86.55400000000002,63.83891254572417
2998,3965.96,86.345,86.43,86.32960000000001,86.5492,63.82783114300987
2999,3965.98,86.34,86.43,86.33460000000001,86.54599999999999,63.8222904379043
3000,3966.0,86.30000000000001,86.43,86.3366,86.543,63.816749736320396
3001,3966.02,86.26,86.505,86.337,86.5432,63.82270231742551
3002,3966.04,86.26,86.58,86.3374,86.5474,63.839736459055985
3003,3966.06,86.26,86.60499999999999,86.33760000000001,86.5536,63.84527706907343
3004,3966.08,86.265,86.63,86.3378,86.55699999999999,63.83378357632053
3005,3966.1,86.27,86.66499999999999,86.33959999999999,86.55799999999999,63.82783102730463
3006,3966.12,86.375,86.7,86.347,86.56,63.833371702782955
3007,3966.14,86.48,86.63499999999999,86.35860000000001,86.559,63.84527700357902
3008,3966.16,86.5,86.57,86.37100000000001,86.5572,63.85123012095641
3009,3966.18,86.52,86.585,86.381,86.5578,63.84486481524973
3010,3966.2,86.55,86.6,86.38900000000001,86.56020000000001,63.833371636820374
3011,3966.22,86.58,86.62,86.39659999999999,86.56459999999998,63.827830928299804
3012,3966.24,86.515,86.64,86.4,86.56960000000001,63.83296014804792
3013,3966.26,86.45,86.685,86.40060000000001,86.57620000000001,63.83808982835428
3014,3966.28,86.41499999999999,86.73,86.3996,86.58560000000001,63.84321996840266
3015,3966.3,86.38,86.655,86.3964,86.59299999999999,63.84876076082082
3016,3966.32,86.38499999999999,86.58,86.3926,86.59639999999999,63.84917132196711
3017,3966.34,86.39,86.56,86.38959999999999,86.598,63.849582268293794
3018,3966.36,86.4,86.54,86.3876,86.59540000000001,63.85553430480716
3019,3966.38,86.41,86.49000000000001,86.38799999999999,86.5874,63.85594598583344
3020,3966.4,86.345,86.44,86.38780000000001,86.57860000000001,63.85040530039971
3021,3966.42,86.28,86.44999999999999,86.385,86.5714,63.844864618070346
3022,3966.44,86.355,86.46,86.38519999999998,86.56859999999999,63.83460811551882
3023,3966.46,86.43,86.535,86.38860000000001,86.5728,63.82906751494216
3024,3966.48,86.41,86.61,86.39139999999999,86.58,63.83378324658096
3025,3966.5,86.39,86.555,86.395,86.585,63.839323889730906
3026,3966.52,86.455,86.5,86.40279999999998,86.5848,63.83932387272716
3027,3966.54,86.52,86.545,86.4132,86.5834,63.83891205107581
3028,3966.56,86.5,86.59,86.4228,86.58279999999999,63.84445273310931
3029,3966.58,86.48,86.59,86.4314,86.58120000000001,63.85594582043967
3030,3966.6,86.515,86.59,86.44120000000001,86.57820000000001,63.85635788635774
3031,3966.62,86.55,86.6,86.4482,86.5742,63.839323789889946
3032,3966.64,86.525,86.61,86.45,86.5732,63.83295981982047
3033,3966.66,86.5,86.61,86.45,86.5748,63.83850053449861
3034,3966.68,86.485,86.61,86.4486,86.5758,63.838911936199835
3035,3966.7,86.47,86.59,86.44539999999999,86.5754,63.839323723836785
3036,3966.72,86.45,86.57,86.4402,86.5734,63.844452601834035
3037,3966.74,86.43,86.525,86.4368,86.5688,63.849170977639396
3038,3966.76,86.39,86.48,86.43439999999998,86.5606,63.84958192331766
3039,3966.78,86.35,86.515,86.43180000000001,86.55199999999999,63.850404986831826
3040,3966.8,86.35499999999999,86.55,86.4308,86.54780000000001,63.844864304389844
3041,3966.82,86.36,86.55,86.4298,86.5466,63.83932362445298
3042,3966.84,86.35,86.55,86.4282,86.54619999999998,63.8452764240444
3043,3966.86,86.34,86.485,86.4258,86.544,63.85081703795885
3044,3966.88,86.38,86.42,86.42460000000001,86.5412,63.85594557287734
3045,3966.9,86.42,86.45,86.4276,86.5416,63.855122549128524
3046,3966.92,86.45,86.48,86.43440000000001,86.5428,63.84958179184383
3047,3966.94,86.48,86.49000000000001,86.4394,86.54400000000001,63.85594552354568
3048,3966.96,86.49000000000001,86.5,86.4418,86.54259999999998,63.86148617960362
3049,3966.98,86.5,86.50999999999999,86.4454,86.5386,63.8504048217758
3050,3967.0,86.45,86.52,86.4478,86.5372,63.839735666078035
3051,3967.02,86.4,86.505,86.44560000000001,86.53739999999999,63.845688815008586
3052,3967.04,86.43,86.49,86.44200000000001,86.5352,63.85122939200159
3053,3967.06,86.46,86.55,86.44040000000001,86.5336,63.845276242173526
3054,3967.08,86.425,86.61,86.43820000000001,86.5344,63.84486407316706
3055,3967.1,86.39,86.535,86.4332,86.53219999999999,63.85594539218836
3056,3967.12,86.405,86.46,86.42739999999999,86.5266,63.86231052474128
3057,3967.14,86.42,86.46,86.4232,86.52060000000002,63.85205547003231
3058,3967.16,86.465,86.46,86.4218,86.51460000000002,63.84138814143719
3059,3967.18,86.51,86.44999999999999,86.42280000000001,86.5082,63.84734268739002
3060,3967.2,86.48,86.44,86.4232,86.50219999999999,63.85842357551132
3061,3967.22,86.45,86.465,86.4232,86.498,63.85800955157254
3062,3967.24,86.4,86.49,86.42200000000001,86.4966,63.85205538661738
3063,3967.26,86.35,86.44,86.42040000000001,86.495,63.852469028031074
3064,3967.28,86.33,86.39,86.41959999999999,86.49,63.853297482227774
3065,3967.3,86.31,86.445,86.4178,86.4858,63.84775705122592
3066,3967.32,86.36,86.5,86.4178,86.48380000000002,63.84775703430298
3067,3967.34,86.41,86.495,86.42020000000001,86.4816,63.85329743268035
3068,3967.36,86.405,86.49,86.42280000000001,86.4818,63.85329741591864
3069,3967.38,86.4,86.47,86.42360000000001,86.48379999999999,63.853712212431525
3070,3967.4,86.44,86.45,86.42439999999999,86.48379999999999,63.8537121952861
3071,3967.42,86.48,86.42500000000001,86.42559999999999,86.4816,63.85371217863434
3072,3967.44,86.44,86.4,86.42399999999999,86.47800000000001,63.85454294356536
3073,3967.46,86.4,86.4,86.42039999999999,86.47399999999999,63.849835014190255
3074,3967.48,86.4,86.4,86.4164,86.46959999999999,63.849834997112495
3075,3967.5,86.4,86.465,86.4144,86.4674,63.8549588619267
3076,3967.52,86.385,86.53,86.4138,86.4684,63.85495884493385
3077,3967.54,86.37,86.535,86.41140000000001,86.4702,63.85537518155476
3078,3967.56,86.36,86.54,86.4074,86.46979999999999,63.86091540273818
3079,3967.58,86.35,86.49000000000001,86.40439999999998,86.465,63.86091538612171
3080,3967.6,86.315,86.44,86.4014,86.46119999999999,63.85579186983735
3081,3967.62,86.28,86.46000000000001,86.39640000000001,86.46119999999999,63.85579185253515
3082,3967.64,86.305,86.48,86.3918,86.46199999999999,63.86133203743336
3083,3967.66,86.33,86.42500000000001,86.3864,86.4606,63.86770671388764
3084,3967.68,86.38,86.37,86.38119999999999,86.45739999999999,63.86300266363691
3085,3967.7,86.43,86.405,86.37920000000003,86.456,63.851922536012154
3086,3967.72,86.405,86.44,86.3774,86.455,63.857044294039866
3087,3967.74,86.38,86.435,86.3766,86.45280000000001,63.86812446705097
3088,3967.76,86.41,86.43,86.37899999999999,86.4524,63.863421223445904
3089,3967.78,86.44,86.37,86.3834,86.4516,63.858719668099276
3090,3967.8,86.38499999999999,86.31,86.38640000000001,86.4462,63.86979955033979
3091,3967.82,86.33,86.295,86.3852,86.43799999999999,63.87533948857305
3092,3967.84,86.32,86.28,86.38159999999999,86.4294,63.86425956495463
3093,3967.86,86.31,86.31,86.3778,86.42219999999999,63.85276018512891
3094,3967.88,86.295,86.34,86.37359999999998,86.417,63.85830014900261
3095,3967.9,86.28,86.28,86.36720000000001,86.4102,63.8693801044039
3096,3967.92,86.285,86.22,86.35940000000001,86.402,63.869799448230886
3097,3967.94,86.29,86.24000000000001,86.35340000000001,86.3956,63.865099429768385
3098,3967.96,86.35,86.26,86.3514,86.39,63.85955953726766
3099,3967.98,86.41,86.33000000000001,86.3518,86.3872,63.86509939484443
3100,3968.0,86.43,86.4,86.353,86.3846,63.877020482245044
3101,3968.02,86.45,86.42,86.35560000000001,86.3802,63.87190194214176
3102,3968.04,86.39500000000001,86.44,86.3566,86.37639999999999,63.860401031662214
3103,3968.06,86.34,86.38499999999999,86.3558,86.37020000000001,63.86594081582973
3104,3968.08,86.355,86.33,86.35600000000001,86.3638,63.87744166246886
3105,3968.1,86.37,86.36500000000001,86.3582,86.36080000000001,63.87744164569592
3106,3968.12,86.345,86.4,86.3608,86.3584,63.8719018555578
3107,3968.14,86.32,86.355,86.36140000000002,86.35340000000001,63.872323508633464
3108,3968.16,86.34,86.31,86.3618,86.34880000000001,63.87274554716803
3109,3968.18,86.36,86.315,86.361,86.3466,63.86166614178074
3110,3968.2,86.33500000000001,86.32,86.35719999999999,86.3432,63.85570427088559
3111,3968.22,86.31,86.285,86.35340000000001,86.33699999999999,63.86166610739539
3112,3968.24,86.255,86.25,86.3484,86.32959999999999,63.86293478528893
3113,3968.26,86.2,86.245,86.34,86.32220000000001,63.86378249025471
3114,3968.28,86.245,86.24,86.3322,86.31700000000001,63.86378247224229
3115,3968.3,86.29,86.21000000000001,86.3284,86.31299999999999,63.85866742536491
3116,3968.32,86.36000000000001,86.18,86.32959999999999,86.3084,63.85397812177104
3117,3968.34,86.43,86.25,86.33400000000002,86.3072,63.85355282208212
3118,3968.36,86.38,86.32,86.3368,86.30760000000001,63.859092232472435
3119,3968.38,86.33,86.35,86.33820000000001,86.30799999999999,63.865482448207665
3120,3968.4,86.315,86.38,86.33959999999999,86.31200000000001,63.865908408238276
3121,3968.42,86.3,86.38499999999999,86.34020000000001,86.31859999999999,63.86079547023836
3122,3968.44,86.32,86.39,86.34140000000001,86.3246,63.86036905253351
3123,3968.46,86.34,86.265,86.34100000000001,86.3248,63.865056784409084
3124,3968.48,86.32,86.14,86.3374,86.3172,63.86548236010463
3125,3968.5,86.3,86.18,86.33220000000001,86.3084,63.86036899973098
3126,3968.52,86.3,86.22,86.32619999999999,86.3004,63.85440361283869
3127,3968.54,86.3,86.225,86.3224,86.29179999999998,63.848864244450134
3128,3968.56,86.225,86.23,86.3178,86.28559999999999,63.8492903158898
3129,3968.58,86.15,86.25,86.3096,86.2824,63.85525604891466
3130,3968.6,86.11,86.27,86.29919999999998,86.27859999999998,63.860795311435666
3131,3968.62,86.07,86.27,86.2882,86.2734,63.860795294002166
3132,3968.64,86.15,86.27,86.28139999999999,86.27,63.86164923018366
3133,3968.66,86.23,86.27,86.277,86.26839999999999,63.86761593937708
3134,3968.68,86.31,86.27,86.275,86.2666,63.86164919421056
3135,3968.7,86.39,86.25999999999999,86.2772,86.2642,63.85057076802046
3136,3968.72,86.38,86.25,86.28,86.26280000000001,63.850998379387406
3137,3968.74,86.37,86.24000000000001,86.2846,86.2624,63.85653752707937
3138,3968.76,86.315,86.23,86.2892,86.26179999999998,63.8565375089917
3139,3968.78,86.26,86.245,86.28980000000001,86.262,63.85142633877272
3140,3968.8,86.225,86.26,86.2872,86.264,63.850998308062515
3141,3968.82,86.19,86.19,86.28040000000001,86.26440000000001,63.85653745540826
3142,3968.84,86.22,86.12,86.27199999999999,86.2592,63.85782252139323
3143,3968.86,86.25,86.1,86.2668,86.25040000000001,63.85314217072811
3144,3968.88,86.28999999999999,86.08,86.2652,86.23960000000001,63.85314215292784
3145,3968.9,86.33,86.175,86.2658,86.2314,63.852283414228104
3146,3968.92,86.245,86.27,86.26360000000001,86.2268,63.85185461366209
3147,3968.94,86.16,86.28999999999999,86.2572,86.22279999999999,63.85228337840311
3148,3968.96,86.16499999999999,86.31,86.2502,86.2246,63.847173515410596
3149,3968.98,86.17,86.265,86.2442,86.2296,63.84717349743411
3150,3969.0,86.215,86.22,86.2408,86.23119999999999,63.85185454197143
3151,3969.02,86.26,86.3,86.2392,86.23440000000001,63.851426126585814
3152,3969.04,86.285,86.38,86.23859999999999,86.24060000000001,63.846744238825245
3153,3969.06,86.31,86.32,86.242,86.2442,63.84760301622562
3154,3969.08,86.25,86.26,86.24600000000001,86.2446,63.85314197420633
3155,3969.1,86.19,86.265,86.2492,86.2444,63.85314195675837
3156,3969.12,86.245,86.27,86.2562,86.2444,63.842494002744985
3157,3969.14,86.3,86.235,86.26219999999999,86.24300000000001,63.83695505310806
3158,3969.16,86.255,86.2,86.2632,86.2402,63.84760292648602
3159,3969.18,86.21,86.21000000000001,86.2592,86.23780000000001,63.852712331964895
3160,3969.2,86.185,86.22,86.251,86.2362,63.852283146836484
3161,3969.22,86.16,86.25999999999999,86.2422,86.2366,63.86336124128698
3162,3969.24,86.175,86.3,86.23440000000001,86.23900000000002,63.86932934006562
3163,3969.26,86.19,86.32,86.2294,86.2426,63.85868079282503
3164,3969.28,86.21000000000001,86.34,86.2274,86.2464,63.85357173324779
3165,3969.3,86.23,86.28,86.2276,86.24719999999999,63.85357171541545
3166,3969.32,86.265,86.22,86.2306,86.2484,63.8471731939002
3167,3969.34,86.3,86.13499999999999,86.23380000000002,86.249,63.847173175571356
3168,3969.36,86.305,86.05,86.236,86.24700000000001,63.84292418400549
3169,3969.38,86.31,86.11,86.2368,86.2482,63.83184638149236
3170,3969.4,86.325,86.17,86.2366,86.248,63.831415892328394
3171,3969.42,86.34,86.2,86.2404,86.24520000000001,63.842924130692104
3172,3969.44,86.285,86.23,86.2454,86.2428,63.8488937542423
3173,3969.46,86.23,86.295,86.24799999999999,86.24220000000001,63.83781601939073
3174,3969.48,86.255,86.36,86.25139999999999,86.24599999999998,63.831415820206985
3175,3969.5,86.28,86.36500000000001,86.25399999999999,86.2518,63.84163402304867
3176,3969.52,86.265,86.37,86.2542,86.2546,63.85782191500101
3177,3969.54,86.25,86.30000000000001,86.25280000000001,86.25139999999999,63.85782189758153
3178,3969.56,86.28999999999999,86.23,86.252,86.24780000000001,63.84163396949129
3179,3969.58,86.33,86.18,86.25519999999999,86.24459999999999,63.83098564433134
3180,3969.6,86.25999999999999,86.13,86.25800000000001,86.2392,63.836954640638055
3181,3969.62,86.19,86.13,86.2558,86.23360000000001,63.848032489560254
3182,3969.64,86.18,86.13,86.251,86.22939999999998,63.8416338982353
3183,3969.66,86.17,86.19,86.2476,86.229,63.830126555488285
3184,3969.68,86.14,86.25,86.2448,86.2306,63.830126537854916
3185,3969.7,86.11,86.25999999999999,86.2418,86.2322,63.84077574668469
3186,3969.72,86.03999999999999,86.27,86.23700000000001,86.2326,63.851853900906434
3187,3969.74,85.97,86.29499999999999,86.22879999999999,86.2324,63.84674361484445
3188,3969.76,85.97,86.32,86.22,86.2324,63.84206341762333
3189,3969.78,85.97,86.275,86.21039999999999,86.2298,63.842493411137944
3190,3969.8,86.08500000000001,86.23,86.20459999999999,86.2278,63.842063381907025
3191,3969.82,86.2,86.28999999999999,86.20200000000001,86.2306,63.84760233644203
3192,3969.84,86.24000000000001,86.35,86.19959999999999,86.2392,63.84206334599542
3193,3969.86,86.28,86.285,86.1986,86.24860000000001,63.83055569272285
3194,3969.88,86.225,86.22,86.1952,86.25299999999999,63.836094677448926
3195,3969.9,86.17,86.205,86.18900000000002,86.25439999999999,63.84717267588688
3196,3969.92,86.17500000000001,86.19,86.1824,86.25399999999999,63.841204407059564
3197,3969.94,86.18,86.21000000000001,86.1782,86.25319999999999,63.830126305854485
3198,3969.96,86.25,86.23,86.17900000000002,86.25059999999999,63.82458725217281
3199,3969.98,86.32,86.33000000000001,86.1816,86.24939999999998,63.82969734010271
3200,3970.0,86.32,86.43,86.1832,86.25200000000001,63.83480789098093
3201,3970.02,86.32,86.38,86.18540000000002,86.2524,63.82372964830198
3202,3970.04,86.235,86.33,86.1848,86.2536,63.82415821322987
3203,3970.06,86.15,86.31,86.1792,86.2568,63.84077542616731
3204,3970.08,86.095,86.29,86.16980000000001,86.2612,63.84588605942551
3205,3970.1,86.04,86.32,86.161,86.2688,63.83949113420452
3206,3970.12,86.05000000000001,86.35,86.15539999999999,86.2776,63.838636870405125
3207,3970.14,86.06,86.315,86.1506,86.285,63.84417612222838
3208,3970.16,86.07,86.28,86.14659999999999,86.2886,63.8450302762042
3209,3970.18,86.08,86.28999999999999,86.1442,86.2902,63.83991876302645
3210,3970.2,86.11,86.3,86.1442,86.29180000000001,63.83906372999755
3211,3970.22,86.14,86.265,86.1482,86.2916,63.83821023729291
3212,3970.24,86.15,86.23,86.15540000000001,86.289,63.83309749865784
3213,3970.26,86.16,86.15,86.163,86.28220000000002,63.83395180031061
3214,3970.28,86.145,86.07,86.17,86.274,63.83949097430818
3215,3970.3,86.13,86.145,86.1718,86.2706,63.83352441277744
3216,3970.32,86.09,86.22,86.1674,86.26780000000001,63.8275581658557
3217,3970.34,86.05,86.24000000000001,86.15979999999999,86.2634,63.838210131677954
3218,3970.36,86.055,86.26,86.1508,86.2624,63.84417592832899
3219,3970.38,86.06,86.28,86.1442,86.2648,63.833097375088315
3220,3970.4,86.11500000000001,86.3,86.142,86.2686,63.82627939428213
3221,3970.42,86.17,86.315,86.1418,86.2736,63.83693273746008
3222,3970.44,86.195,86.33,86.1424,86.2784,63.842472137662654
3223,3970.46,86.22,86.27,86.14119999999998,86.28,63.830968247355415
3224,3970.48,86.24000000000001,86.21,86.138,86.2752,63.82542878253197
3225,3970.5,86.26,86.305,86.1356,86.27019999999999,63.830968212328685
3226,3970.52,86.20500000000001,86.4,86.13099999999999,86.271,63.83608302687671
3227,3970.54,86.15,86.39500000000001,86.1276,86.27359999999999,63.841198303214
3228,3970.56,86.15,86.39,86.1276,86.27679999999998,63.84077447424449
3229,3970.58,86.15,86.38,86.12979999999999,86.28039999999999,63.83481142810629
3230,3970.6,86.155,86.37,86.13439999999999,86.2824,63.83438833278113
3231,3970.62,86.16,86.37,86.1388,86.2832,63.83950529726662
3232,3970.64,86.14,86.37,86.14200000000001,86.28540000000001,63.839927936617066
3233,3970.66,86.12,86.36,86.14399999999999,86.2886,63.83481135889596
3234,3970.68,86.065,86.35,86.1434,86.291,63.83396557019531
3235,3970.7,86.01,86.34,86.13940000000001,86.29260000000001,63.83866107100665
3236,3970.72,86.0,86.33,86.13380000000001,86.29520000000001,63.849319133247015
3237,3970.74,85.99,86.345,86.1274,86.29979999999999,63.854437905050716
3238,3970.76,86.005,86.36,86.1212,86.3082,63.84931909869136
3239,3970.78,86.02,86.38,86.1162,86.32060000000001,63.8552802679618
3240,3970.8,86.145,86.4,86.1168,86.3308,63.85997768903047
3241,3970.82,86.27,86.39500000000001,86.124,86.33779999999999,63.847637188108806
3242,3970.84,86.215,86.39,86.13060000000002,86.34380000000002,63.83571853487842
3243,3970.86,86.16,86.405,86.1348,86.3496,63.84083975682849
3244,3970.88,86.08,86.42,86.1356,86.35520000000001,63.857878549717775
3245,3970.9,86.0,86.39500000000001,86.131,86.359,63.85829757697603
3246,3970.92,86.00999999999999,86.37,86.12460000000002,86.3612,63.85233849899701
3247,3970.94,86.02,86.325,86.1176,86.361,63.85191978601015
3248,3970.96,86.07499999999999,86.28,86.1118,86.36139999999999,63.84637971882665
3249,3970.98,86.13,86.27000000000001,86.1074,86.36380000000001,63.846379702313065
3250,3971.0,86.195,86.26,86.1048,86.36200000000001,63.851501425841434
3251,3971.02,86.26,86.28,86.10700000000001,86.3572,63.85066594455173
3252,3971.04,86.17500000000001,86.3,86.108,86.35340000000001,63.844291772132436
3253,3971.06,86.09,86.33,86.1056,86.351,63.84941560223362
3254,3971.08,86.1,86.36,86.1036,86.3502,63.86049613096953
3255,3971.1,86.11,86.35,86.1018,86.3494,63.854955840097624
3256,3971.12,86.08500000000001,86.34,86.0988,86.34819999999999,63.84345924955781
3257,3971.14,86.06,86.4,86.09559999999999,86.3494,63.8481686940202
3258,3971.16,86.12,86.46,86.09560000000002,86.35340000000001,63.859249439101625
3259,3971.18,86.18,86.57,86.1002,86.36219999999999,63.87033019765109
3260,3971.2,86.165,86.68,86.1064,86.3758,63.88058210006199
3261,3971.22,86.15,86.625,86.1124,86.3876,63.880168225647296
3262,3971.24,86.16,86.57,86.1192,86.39659999999999,63.8742141972073
3263,3971.26,86.17,86.56,86.1258,86.40459999999999,63.87338831948153
3264,3971.28,86.16499999999999,86.55,86.13159999999999,86.4114,63.87892891417564
3265,3971.3,86.16,86.50999999999999,86.1322,86.41580000000002,63.87934160026132
3266,3971.32,86.245,86.47,86.1312,86.41879999999999,63.868260435804736
3267,3971.34,86.33,86.43,86.1358,86.42039999999999,63.856766439113365
3268,3971.36,86.255,86.39,86.13959999999999,86.41980000000001,63.85594188763758
3269,3971.38,86.18,86.35,86.1436,86.417,63.86702321983123
3270,3971.4,86.18,86.31,86.1508,86.4136,63.87810456609712
3271,3971.42,86.18,86.375,86.1576,86.41380000000001,63.877693003163884
3272,3971.44,86.17500000000001,86.44,86.1638,86.4184,63.87256385059858
3273,3971.46,86.17,86.39,86.16760000000001,86.42280000000001,63.86743515769773
3274,3971.48,86.155,86.34,86.16860000000001,86.42559999999999,63.87256381800689
3275,3971.5,86.14,86.37,86.16640000000001,86.43,63.88282253328227
3276,3971.52,86.16499999999999,86.4,86.1626,86.4348,63.88241177587446
3277,3971.54,86.19,86.42500000000001,86.1632,86.43979999999999,63.87646057505193
3278,3971.56,86.175,86.45,86.1666,86.44460000000001,63.87564093110076
3279,3971.58,86.16,86.42500000000001,86.169,86.44720000000001,63.88672271753333
3280,3971.6,86.14,86.4,86.17020000000001,86.4492,63.893083022413435
3281,3971.62,86.12,86.42500000000001,86.1716,86.4526,63.88754217091226
3282,3971.64,86.065,86.45,86.1718,86.45459999999999,63.88672266913276
3283,3971.66,86.01,86.38499999999999,86.1674,86.4516,63.89144568492696
3284,3971.68,86.03999999999999,86.32,86.1618,86.4416,63.891445668641644
3285,3971.7,86.07,86.38,86.15799999999999,86.4296,63.886722620523834
3286,3971.72,86.13499999999999,86.44,86.1574,86.42219999999999,63.8815912864234
3287,3971.74,86.2,86.435,86.15899999999999,86.41680000000001,63.881591270147005
3288,3971.76,86.23,86.43,86.1614,86.41160000000002,63.88672257096169
3289,3971.78,86.26,86.42,86.1652,86.40639999999999,63.88590461048277
3290,3971.8,86.22,86.41,86.16760000000001,86.4024,63.87954714508735
3291,3971.82,86.18,86.445,86.165,86.4014,63.884273309611245
3292,3971.84,86.18,86.48,86.15899999999999,86.4034,63.90089665928739
3293,3971.86,86.18,86.39500000000001,86.156,86.40359999999998,63.901711295562045
3294,3971.88,86.24000000000001,86.31,86.1584,86.402,63.890629173408946
3295,3971.9,86.3,86.28999999999999,86.1632,86.4012,63.896170208808805
3296,3971.92,86.3,86.27,86.16799999999999,86.397,63.902527438707835
3297,3971.94,86.3,86.31,86.17300000000002,86.3918,63.89698643843433
3298,3971.96,86.245,86.35,86.176,86.39020000000001,63.89657809866557
3299,3971.98,86.19,86.33,86.17739999999999,86.3898,63.89617014429219
3300,3972.0,86.175,86.31,86.1788,86.3874,63.889407464682094
3301,3972.02,86.16,86.43,86.1786,86.38860000000001,63.88818930218108
3302,3972.04,86.095,86.55,86.17479999999999,86.3936,63.89373054979176
3303,3972.06,86.03,86.53999999999999,86.16900000000001,86.3972,63.89454217524081
3304,3972.08,86.09,86.53,86.16619999999999,86.40140000000001,63.889407400526096
3305,3972.1,86.15,86.505,86.1666,86.4056,63.88900095056893
3306,3972.12,86.15,86.48,86.1678,86.40780000000001,63.888594886180556
3307,3972.14,86.15,86.45,86.17120000000001,86.40780000000001,63.883053645389055
3308,3972.16,86.165,86.42,86.17739999999999,86.4092,63.88264793054488
3309,3972.18,86.18,86.41,86.18299999999999,86.4128,63.89332519399227
3310,3972.2,86.195,86.4,86.18800000000002,86.4136,63.89927168756457
3311,3972.22,86.21,86.355,86.191,86.4102,63.888189142769
3312,3972.24,86.195,86.31,86.1908,86.40520000000001,63.88183762502711
3313,3972.26,86.18,86.37,86.18880000000001,86.40279999999998,63.8933251302254
3314,3972.28,86.23,86.43,86.1876,86.40320000000001,63.89927162424042
3315,3972.3,86.28,86.43,86.19,86.404,63.892920240965545
3316,3972.32,86.275,86.43,86.1938,86.4034,63.88697438318164
3317,3972.34,86.27,86.41,86.1974,86.40060000000001,63.8869743668808
3318,3972.36,86.25,86.39,86.20020000000001,86.4004,63.89846152929465
3319,3972.38,86.23,86.38,86.1998,86.4032,63.90440764049755
3320,3972.4,86.255,86.37,86.19800000000001,86.40639999999999,63.89292016117383
3321,3972.42,86.28,86.345,86.1972,86.40939999999999,63.88697430370372
3322,3972.44,86.255,86.32,86.19539999999999,86.40979999999999,63.89846146575767
3323,3972.46,86.23,86.335,86.1948,86.4092,63.904002789600455
3324,3972.48,86.245,86.35,86.19699999999999,86.41,63.892920097381776
3325,3972.5,86.26,86.37,86.2004,86.41239999999999,63.882242346643736
3326,3972.52,86.30000000000001,86.39,86.206,86.4108,63.881432859564114
3327,3972.54,86.34,86.4,86.2158,86.4048,63.886166348321105
3328,3972.56,86.285,86.41,86.226,86.3996,63.88657007029633
3329,3972.58,86.23,86.41499999999999,86.23160000000001,86.395,63.8929200177811
3330,3972.6,86.245,86.42,86.23540000000001,86.3916,63.90400267831374
3331,3972.62,86.26,86.445,86.2398,86.3902,63.90319424276741
3332,3972.64,86.23,86.47,86.243,86.391,63.897652816928925
3333,3972.66,86.2,86.455,86.2444,86.3924,63.898056853373795
3334,3972.68,86.21000000000001,86.44,86.24560000000001,86.3936,63.90319419485656
3335,3972.7,86.22,86.41499999999999,86.2466,86.3942,63.90279054640428
3336,3972.72,86.205,86.39,86.2464,86.3956,63.89724908604119
3337,3972.74,86.19,86.37,86.2462,86.398,63.89684578833489
3338,3972.76,86.235,86.35,86.2484,86.39720000000001,63.896040363228046
3339,3972.78,86.28,86.41,86.25039999999998,86.3964,63.89009663910274
3340,3972.8,86.31,86.47,86.25160000000001,86.398,63.88495724242097
3341,3972.82,86.34,86.43,86.2542,86.39800000000001,63.89130424888301
3342,3972.84,86.385,86.39,86.25880000000001,86.3972,63.9023871889105
3343,3972.86,86.43,86.44,86.266,86.39920000000001,63.90158183378132
3344,3972.88,86.36500000000001,86.49,86.27140000000001,86.40359999999998,63.89604026857941
3345,3972.9,86.3,86.47999999999999,86.2732,86.40799999999999,63.896442764976385
3346,3972.92,86.245,86.47,86.2718,86.41300000000001,63.901581787188796
3347,3972.94,86.19,86.485,86.2692,86.41959999999999,63.90117967937804
3348,3972.96,86.19,86.5,86.2676,86.4262,63.90672125142133
3349,3972.98,86.19,86.49000000000001,86.26540000000001,86.43180000000001,63.917402818452665
3350,3973.0,86.24000000000001,86.48,86.26460000000002,86.43620000000001,63.91105905487013
3351,3973.02,86.29,86.48,86.2642,86.43979999999999,63.9055173438319
3352,3973.04,86.225,86.48,86.2596,86.44300000000001,63.911861142159175
3353,3973.06,86.16,86.38,86.2546,86.4418,63.91780435769423
3354,3973.08,86.175,86.28,86.2524,86.43639999999999,63.91740273946239
3355,3973.1,86.19,86.33500000000001,86.2502,86.43299999999999,63.906319470071345
3356,3973.12,86.22999999999999,86.39,86.24900000000001,86.4308,63.89523621301689
3357,3973.14,86.27,86.41,86.25060000000002,86.4284,63.89997555876993
3358,3973.16,86.255,86.43,86.2528,86.42739999999999,63.91065844789891
3359,3973.18,86.24,86.41,86.25399999999999,86.4262,63.91065843208787
3360,3973.2,86.24,86.39,86.25479999999999,86.4252,63.91105889880408
3361,3973.22,86.24,86.38,86.2562,86.42479999999999,63.91660058145024
3362,3973.24,86.285,86.37,86.26,86.42480000000002,63.91025828918887
3363,3973.26,86.33,86.375,86.26379999999999,86.4258,63.899174747169916
3364,3973.28,86.305,86.38,86.26480000000001,86.4246,63.904716493222224
3365,3973.3,86.28,86.395,86.26359999999998,86.4216,63.92134178113101
3366,3973.32,86.245,86.41,86.2598,86.4208,63.92174179272123
3367,3973.34,86.21,86.41499999999999,86.2528,86.4218,63.9047164466446
3368,3973.36,86.235,86.42,86.245,86.421,63.89917466955236
3369,3973.38,86.26,86.39,86.2408,86.417,63.911058757975674
3370,3973.4,86.21000000000001,86.36,86.23720000000002,86.41220000000001,63.91660044080642
3371,3973.42,86.16,86.375,86.23380000000002,86.4084,63.90471638456556
3372,3973.44,86.245,86.39,86.236,86.40460000000002,63.89283360361407
3373,3973.46,86.33,86.36500000000001,86.2416,86.39920000000001,63.897976404757294
3374,3973.48,86.33500000000001,86.34,86.2474,86.3932,63.90351825466571
3375,3973.5,86.34,86.41499999999999,86.25139999999999,86.39059999999999,63.89717950728643
3376,3973.52,86.33,86.49,86.25299999999999,86.391,63.90192617059238
3377,3973.54,86.32,86.44999999999999,86.2568,86.3898,63.91340753801407
3378,3973.56,86.315,86.41,86.263,86.39099999999999,63.91380527461848
3379,3973.58,86.31,86.395,86.2684,86.3956,63.90826331873595
3380,3973.6,86.295,86.38,86.27259999999998,86.3974,63.902323545233855
3381,3973.62,86.28,86.4,86.27459999999999,86.3978,63.89678156105916
3382,3973.64,86.25,86.42,86.2738,86.3982,63.89203574367859
3383,3973.66,86.22,86.355,86.27240000000002,86.3952,63.89203572818679
3384,3973.68,86.245,86.29,86.2726,86.39040000000001,63.89678151439035
3385,3973.7,86.27,86.37,86.27380000000001,86.38959999999999,63.907071023499974
3386,3973.72,86.25,86.45,86.27420000000001,86.3924,63.91221645566343
3387,3973.74,86.23,86.515,86.272,86.3982,63.907070992764254
3388,3973.76,86.26,86.58,86.2692,86.40639999999999,63.90707097732145
3389,3973.78,86.29,86.525,86.26859999999999,86.41220000000001,63.91182019874466
3390,3973.8,86.28,86.47,86.2686,86.4152,63.91182018379043
3391,3973.82,86.27,86.435,86.26960000000001,86.41619999999999,63.90667430111908
3392,3973.84,86.29499999999999,86.4,86.27300000000001,86.4156,63.906278039971454
3393,3973.86,86.32,86.39,86.2764,86.41439999999999,63.91657105506146
3394,3973.88,86.32,86.38,86.27879999999999,86.414,63.921718240204015
3395,3973.9,86.32,86.41499999999999,86.2832,86.41619999999999,63.91657102537554
3396,3973.92,86.33,86.45,86.29,86.4192,63.91142426593598
3397,3973.94,86.34,86.465,86.2938,86.42219999999999,63.91657099372579
3398,3973.96,86.305,86.48,86.2928,86.4268,63.927260403767356
3399,3973.98,86.27,86.46000000000001,86.2902,86.4316,63.92686582096907
3400,3974.0,86.215,86.44,86.2852,86.43260000000001,63.926077824961794
3401,3974.02,86.16,86.445,86.2784,86.4308,63.925291368854054
3402,3974.04,86.115,86.45,86.27019999999999,86.4308,63.92529135360975
3403,3974.06,86.07,86.405,86.26039999999999,86.43060000000001,63.93122673116373
3404,3974.08,86.185,86.36,86.2554,86.4292,63.92529132347993
3405,3974.1,86.3,86.33,86.25560000000002,86.42720000000001,63.91342148312995
3406,3974.12,86.31,86.3,86.2568,86.4232,63.918180500007274
3407,3974.14,86.32,86.32,86.25959999999999,86.4192,63.92887448269878
3408,3974.16,86.31,86.34,86.2632,86.41859999999998,63.92333189858533
3409,3974.18,86.3,86.30000000000001,86.26539999999999,86.419,63.918180455163395
3410,3974.2,86.27,86.26,86.26539999999999,86.41460000000001,63.92450633295384
3411,3974.22,86.24,86.285,86.265,86.40800000000002,63.92450631812058
3412,3974.24,86.25,86.31,86.2658,86.3998,63.929265476952615
3413,3974.26,86.26,86.315,86.2658,86.3892,63.9344169647476
3414,3974.28,86.28999999999999,86.32,86.2658,86.381,63.92926544740544
3415,3974.3,86.32,86.29499999999999,86.2674,86.374,63.92965688656054
3416,3974.32,86.255,86.27,86.2668,86.3674,63.929265417867256
3417,3974.34,86.19,86.28,86.2626,86.3626,63.92887433432517
3418,3974.36,86.235,86.29,86.2592,86.35860000000001,63.929265387976486
3419,3974.38,86.28,86.27000000000001,86.2576,86.3542,63.92926537267854
3420,3974.4,86.275,86.25,86.2558,86.3476,63.92887428912545
3421,3974.42,86.27,86.34,86.2534,86.3432,63.92887427456213
3422,3974.44,86.235,86.43,86.24919999999999,86.3418,63.93402618181213
3423,3974.46,86.2,86.42,86.245,86.33940000000001,63.93878869852122
3424,3974.48,86.17,86.41,86.241,86.3374,63.9435528927933
3425,3974.5,86.14,86.345,86.238,86.3336,63.943164221288015
3426,3974.52,86.195,86.28,86.2394,86.32699999999998,63.9435528639552
3427,3974.54,86.25,86.245,86.24480000000001,86.31880000000001,63.949874000397614
3428,3974.56,86.195,86.21,86.2498,86.31099999999998,63.94987398547601
3429,3974.58,86.14,86.245,86.24799999999999,86.30640000000001,63.94394186165793
3430,3974.6,86.22999999999999,86.28,86.24519999999998,86.30439999999999,63.944331274720255
3431,3974.62,86.32,86.35,86.2456,86.3064,63.944331259714296
3432,3974.64,86.315,86.42,86.2454,86.31039999999999,63.93839910508378
3433,3974.66,86.31,86.435,86.24539999999999,86.3142,63.9383990902881
3434,3974.68,86.34,86.45,86.24700000000001,86.3202,63.93801000008445
3435,3974.7,86.37,86.39500000000001,86.251,86.3256,63.94277580293235
3436,3974.72,86.38,86.34,86.25659999999999,86.32780000000001,63.95347360472799
3437,3974.74,86.39,86.4,86.26219999999999,86.33139999999999,63.95386140975263
3438,3974.76,86.35,86.46,86.2658,86.3372,63.94831857545405
3439,3974.78,86.31,86.41999999999999,86.2666,86.34119999999999,63.94754323924384
3440,3974.8,86.27000000000001,86.38,86.26459999999999,86.34460000000001,63.94715614078658
3441,3974.82,86.23,86.285,86.26359999999998,86.3452,63.94754320924516
3442,3974.84,86.255,86.19,86.26619999999998,86.3416,63.953473516410604
3443,3974.86,86.28,86.205,86.26800000000001,86.3382,63.95308606743928
3444,3974.88,86.255,86.22,86.267,86.3362,63.95231233828069
3445,3974.9,86.23,86.245,86.2652,86.336,63.951540149137465
3446,3974.92,86.28,86.27,86.26559999999999,86.33319999999999,63.945611570059945
3447,3974.94,86.33,86.3,86.2694,86.32800000000002,63.94599709982603
3448,3974.96,86.285,86.33,86.27279999999999,86.32440000000001,63.95192600040624
3449,3974.98,86.24,86.275,86.2756,86.31900000000002,63.957083114966174
3450,3975.0,86.235,86.22,86.27940000000001,86.314,63.95669762459559
3451,3975.02,86.23,86.155,86.2808,86.30900000000001,63.95192595760469
3452,3975.04,86.22,86.09,86.27959999999999,86.30279999999999,63.952698887263374
3453,3975.06,86.21,86.11500000000001,86.28020000000001,86.29900000000002,63.957855164880435
3454,3975.08,86.22,86.14,86.2834,86.2948,63.957468903986445
3455,3975.1,86.23,86.225,86.2834,86.29260000000001,63.95708302813417
3456,3975.12,86.23,86.31,86.2798,86.291,63.956697536977565
3457,3975.14,86.23,86.33500000000001,86.2764,86.2876,63.950769340974375
3458,3975.16,86.27000000000001,86.36,86.2748,86.28460000000001,63.94445707744706
3459,3975.18,86.31,86.33,86.27359999999999,86.2798,63.94445706277814
3460,3975.2,86.34,86.3,86.2724,86.27600000000001,63.95038455783091
3461,3975.22,86.37,86.21000000000001,86.27199999999999,86.2708,63.950000188730094
3462,3975.24,86.36,86.12,86.2708,86.2596,63.94368939860176
3463,3975.26,86.35,86.195,86.2708,86.24900000000001,63.94292330329099
3464,3975.28,86.37,86.27,86.2732,86.24300000000001,63.94254082558047
3465,3975.3,86.39,86.33500000000001,86.278,86.24119999999999,63.942923274244194
3466,3975.32,86.28,86.4,86.28,86.2458,63.94884936253332
3467,3975.34,86.17,86.325,86.2766,86.25120000000001,63.942923245720834
3468,3975.36,86.19,86.25,86.273,86.25300000000001,63.9366153402392
3469,3975.38,86.21,86.275,86.27120000000001,86.2552,63.94693909620413
3470,3975.4,86.22,86.3,86.2708,86.2574,63.95210164769417
3471,3975.42,86.23,86.295,86.2688,86.2584,63.95210163354215
3472,3975.44,86.285,86.29,86.26700000000001,86.258,63.95210161894062
3473,3975.46,86.34,86.305,86.2692,86.25699999999999,63.946939039026596
3474,3975.48,86.325,86.32,86.2726,86.2588,63.94693902510458
3475,3975.5,86.31,86.345,86.2756,86.26379999999999,63.951721105205706
3476,3975.52,86.245,86.37,86.27619999999999,86.2724,63.95726458282676
3477,3975.54,86.18,86.325,86.2746,86.2818,63.9572645692196
3478,3975.56,86.24000000000001,86.28,86.2758,86.2884,63.95096127544707
3479,3975.58,86.3,86.235,86.27900000000001,86.2922,63.94541770675062
3480,3975.6,86.32499999999999,86.19,86.28280000000001,86.2908,63.9402539086307
3481,3975.62,86.35,86.18,86.2876,86.28560000000002,63.940634047139746
3482,3975.64,86.345,86.17,86.29220000000001,86.27900000000001,63.94101457003697
3483,3975.66,86.34,86.23,86.295,86.2738,63.93509053541431
3484,3975.68,86.30000000000001,86.29,86.2946,86.27220000000001,63.93433053609164
3485,3975.7,86.26,86.275,86.2914,86.2712,63.939494688993
3486,3975.72,86.16499999999999,86.26,86.28320000000002,86.2732,63.93873706621846
3487,3975.74,86.07,86.28,86.27159999999999,86.27959999999999,63.932059781119406
3488,3975.76,86.10499999999999,86.3,86.26180000000001,86.28380000000001,63.9313059445421
3489,3975.78,86.14,86.31,86.2526,86.2854,63.93684974202125
3490,3975.8,86.155,86.32,86.2432,86.28480000000002,63.94277019575095
3491,3975.82,86.17,86.245,86.23880000000001,86.27860000000001,63.94314722073917
3492,3975.84,86.17,86.17,86.23880000000001,86.2724,63.9439024395593
3493,3975.86,86.17,86.1,86.238,86.26639999999999,63.94465919806532
3494,3975.88,86.205,86.03,86.23780000000001,86.25660000000002,63.93949456395487
3495,3975.9,86.24,86.11,86.2386,86.249,63.93395096844316
3496,3975.92,86.29499999999999,86.19,86.2412,86.2448,63.928028312483804
3497,3975.94,86.35,86.19,86.2438,86.2408,63.927649620842104
3498,3975.96,86.33,86.19,86.24340000000001,86.23620000000001,63.922105965378144
3499,3975.98,86.31,86.18,86.24279999999999,86.2306,63.91101867557557
3500,3976.0,86.305,86.17,86.2426,86.2236,63.91656229808172
3501,3976.02,86.3,86.155,86.2448,86.215,63.9221059238049
3502,3976.04,86.33,86.14,86.25079999999998,86.2076,63.916562270940666
3503,3976.06,86.36,86.19,86.2556,86.204,63.91618389902856
3504,3976.08,86.35499999999999,86.24,86.25779999999999,86.2042,63.9154283257656
3505,3976.1,86.35,86.185,86.2588,86.20400000000001,63.910262197230146
3506,3976.12,86.21,86.13,86.25319999999999,86.20199999999998,63.911397354624974
3507,3976.14,86.07,86.09,86.2422,86.1988,63.917320071893
3508,3976.16,86.06,86.05,86.23100000000001,86.19160000000002,63.91694092998593
3509,3976.18,86.05,86.03999999999999,86.221,86.1816,63.916562173348815
3510,3976.2,86.095,86.03,86.21440000000001,86.1718,63.92802811716124
3511,3976.22,86.14,86.06,86.21339999999998,86.1638,63.933950744723575
3512,3976.24,86.185,86.09,86.21799999999999,86.15620000000001,63.928028090001284
3513,3976.26,86.23,86.18,86.223,86.1514,63.922105757028795
3514,3976.28,86.225,86.27,86.22640000000001,86.1498,63.91656210370111
3515,3976.3,86.22,86.28,86.229,86.1482,63.91618373283474
3516,3976.32,86.255,86.29,86.2324,86.15,63.91580574689909
3517,3976.34,86.29,86.215,86.23719999999999,86.15180000000001,63.91064003539085
3518,3976.36,86.25,86.14,86.24040000000001,86.1534,63.91026201688503
3519,3976.38,86.21,86.14500000000001,86.2406,86.15799999999999,63.91542811876884
3520,3976.4,86.24,86.15,86.2406,86.15960000000001,63.92172733568227
3521,3976.42,86.27,86.18,86.2396,86.1592,63.92210564603669
3522,3976.44,86.28,86.21,86.2368,86.16,63.91618363566652
3523,3976.46,86.29,86.22,86.2352,86.16120000000001,63.91542806312728
3524,3976.48,86.265,86.23,86.2334,86.16320000000002,63.92097178698289
3525,3976.5,86.24,86.225,86.2308,86.1654,63.92172726637405
3526,3976.52,86.185,86.22,86.2262,86.16799999999999,63.92210557668308
3527,3976.54,86.13,86.245,86.2182,86.17219999999999,63.932814590596784
3528,3976.56,86.14,86.27,86.2094,86.17540000000001,63.93798041654013
3529,3976.58,86.15,86.265,86.20120000000001,86.17640000000002,63.9272708852827
3530,3976.6,86.195,86.26,86.195,86.17939999999999,63.915805553151486
3531,3976.62,86.24,86.27000000000001,86.1962,86.185,63.92097169060435
3532,3976.64,86.285,86.28,86.20479999999999,86.1926,63.93281452133234
3533,3976.66,86.33,86.25999999999999,86.2156,86.20099999999998,63.933192765482744
3534,3976.68,86.315,86.24,86.22619999999999,86.209,63.92727081581999
3535,3976.7,86.3,86.215,86.23440000000001,86.21640000000001,63.92651537516722
3536,3976.72,86.275,86.19,86.2398,86.2216,63.93205910424746
3537,3976.74,86.25,86.205,86.24240000000002,86.2262,63.932814451138356
3538,3976.76,86.21000000000001,86.22,86.2416,86.2278,63.92764905127199
3539,3976.78,86.17,86.21000000000001,86.23939999999999,86.22540000000001,63.9224841043297
3540,3976.8,86.17,86.2,86.2374,86.22219999999999,63.92248409002671
3541,3976.82,86.17,86.2,86.234,86.21860000000001,63.927649009285076
3542,3976.84,86.13499999999999,86.2,86.22779999999999,86.21799999999999,63.93281438264348
3543,3976.86,86.1,86.24000000000001,86.2218,86.22200000000001,63.93281436814309
3544,3976.88,86.1,86.28,86.2174,86.2274,63.933571255537046
3545,3976.9,86.1,86.21000000000001,86.2118,86.2298,63.9391148565292
3546,3976.92,86.155,86.14,86.20720000000001,86.2282,63.93873623265027
3547,3976.94,86.21,86.21000000000001,86.20439999999999,86.2282,63.93281431344329
3548,3976.96,86.335,86.28,86.2062,86.2306,63.92651519584461
3549,3976.98,86.46,86.255,86.214,86.2316,63.92651518168821
3550,3977.0,86.38,86.23,86.21959999999999,86.2318,63.927270593443055
