,Time,Speed Follower,Speed Leader,Smooth Speed Follower,Smooth Speed Leader,Spacing
0,4029.0,86.27000000000001,86.12,86.12700000000001,86.15640000000002,37.10457779926111
1,4029.02,86.23,86.08500000000001,86.13040000000001,86.15100000000001,37.09237178502881
2,4029.04,86.2,86.05,86.13159999999999,86.1446,37.09731318802282
3,4029.06,86.17,86.10499999999999,86.1332,86.1408,37.10835688844447
4,4029.08,86.13,86.16,86.13480000000001,86.13939999999998,37.10835686902682
5,4029.1,86.09,86.175,86.135,86.13879999999999,37.10225539491573
6,4029.12,86.07,86.19,86.1346,86.1384,37.10167644457753
7,4029.14,86.05,86.25,86.131,86.14,37.10662027628614
8,4029.16,86.07499999999999,86.31,86.126,86.14119999999998,37.11651048304027
9,4029.18,86.1,86.235,86.1248,86.1366,37.12640405278533
10,4029.2,86.12,86.16,86.12719999999999,86.131,37.13192655697112
11,4029.22,86.14,86.16499999999999,86.131,86.1276,37.126404016416274
12,4029.24,86.14,86.17,86.1354,86.12559999999999,37.10868753555075
13,4029.26,86.14,86.15,86.13939999999998,86.124,37.10316486754735
14,4029.28,86.13499999999999,86.13,86.14280000000001,86.12460000000002,37.114784224004126
15,4029.3,86.13,86.145,86.1472,86.12880000000001,37.12088142986809
16,4029.32,86.065,86.16,86.15019999999998,86.133,37.11593429276296
17,4029.34,86.0,86.19,86.14859999999999,86.13780000000001,37.11535889220097
18,4029.36,86.065,86.22,86.1476,86.1438,37.12030673581094
19,4029.38,86.13,86.2,86.1476,86.14900000000002,37.11973273678529
20,4029.4,86.15,86.18,86.1468,86.1532,37.11973271833204
21,4029.42,86.17,86.125,86.145,86.155,37.12088131855664
22,4029.44,86.185,86.07,86.14200000000001,86.15520000000001,37.11535879962985
23,4029.46,86.2,86.10499999999999,86.13860000000001,86.15740000000001,37.11973266289443
24,4029.48,86.14500000000001,86.14,86.13199999999999,86.15960000000001,37.135727658656116
25,4029.5,86.09,86.16,86.1248,86.1612,37.13572764046766
26,4029.52,86.105,86.18,86.1198,86.165,37.11858662231905
27,4029.54,86.12,86.17,86.1166,86.1698,37.11192023919129
28,4029.56,86.17,86.16,86.1166,86.17200000000001,37.1168725444024
29,4029.58,86.22,86.16499999999999,86.12019999999998,86.17220000000002,37.11744321425828
30,4029.6,86.205,86.17,86.12480000000001,86.17200000000001,37.112491616196436
31,4029.62,86.19,86.14500000000001,86.1296,86.17020000000001,37.107540856663256
32,4029.64,86.14,86.12,86.1332,86.165,37.10868716410209
33,4029.66,86.09,86.14500000000001,86.1338,86.1584,37.11420980603719
34,4029.68,86.08,86.17,86.13300000000001,86.1558,37.12410932739878
35,4029.7,86.07,86.16,86.131,86.1558,37.12906033820413
36,4029.72,86.065,86.15,86.12799999999999,86.15520000000001,37.12906031988396
37,4029.74,86.06,86.185,86.1248,86.1558,37.14067789679561
38,4029.76,86.13,86.22,86.12440000000001,86.15859999999999,37.1467730127016
39,4029.78,86.2,86.22999999999999,86.127,86.16259999999998,37.14067785930298
40,4029.8,86.245,86.24,86.13160000000002,86.1664,37.12906024525446
41,4029.82,86.29,86.19,86.1406,86.16760000000001,37.1174429935849
42,4029.84,86.21000000000001,86.14,86.14900000000002,86.1656,37.116302257691146
43,4029.86,86.13,86.22,86.1516,86.1656,37.11630223984409
44,4029.88,86.15,86.3,86.1524,86.16959999999999,37.12239535918823
45,4029.9,86.17,86.32,86.1532,86.1752,37.13401202249271
46,4029.92,86.125,86.34,86.1514,86.18379999999999,37.1345830950302
47,4029.94,86.08,86.285,86.1472,86.19239999999999,37.12906011693848
48,4029.96,86.08,86.23,86.1424,86.1974,37.129060098969624
49,4029.98,86.08,86.17500000000001,86.1398,86.19879999999999,37.12848890403737
50,4030.0,86.08500000000001,86.12,86.13959999999999,86.19720000000001,37.12791836770272
51,4030.02,86.09,86.19,86.139,86.19759999999998,37.139534968595825
52,4030.04,86.03999999999999,86.26,86.1358,86.20120000000001,37.14562893809632
53,4030.06,85.99,86.235,86.1286,86.2042,37.13401187579385
54,4030.08,86.065,86.21,86.12240000000001,86.206,37.127348434933296
55,4030.1,86.14,86.245,86.1198,86.209,37.132871631242956
56,4030.12,86.2,86.28,86.12020000000001,86.21439999999998,37.13401182019883
57,4030.14,86.26,86.285,86.125,86.221,37.13458289317572
58,4030.16,86.22,86.29,86.1302,86.2268,37.140105845632675
59,4030.18,86.18,86.275,86.1342,86.23100000000001,37.14067749059638
60,4030.2,86.2,86.26,86.13940000000001,86.235,37.13572699302542
61,4030.22,86.22,86.315,86.1456,86.2416,37.13515456754833
62,4030.24,86.2,86.37,86.1512,86.249,37.140105771451
63,4030.26,86.18,86.27000000000001,86.1532,86.251,37.14067741694625
64,4030.28,86.18,86.17,86.15240000000001,86.24860000000001,37.146200295714586
65,4030.3,86.18,86.17500000000001,86.1498,86.24600000000001,37.157246104581404
66,4030.32,86.18,86.18,86.1454,86.2456,37.152295317929784
67,4030.34,86.18,86.23,86.1442,86.2492,37.141249664020954
68,4030.36,86.2,86.28,86.147,86.25160000000001,37.14124964582676
69,4030.38,86.22,86.24000000000001,86.14980000000001,86.2492,37.146772438764394
70,4030.4,86.15,86.2,86.149,86.2444,37.15781807771465
71,4030.42,86.08,86.24000000000001,86.14720000000001,86.24040000000001,37.16391354245784
72,4030.44,86.09,86.28,86.1476,86.2402,37.15896414474221
73,4030.46,86.1,86.28,86.1484,86.2422,37.15896412625591
74,4030.48,86.085,86.28,86.1486,86.24640000000001,37.164486782347794
75,4030.5,86.07,86.265,86.14800000000001,86.25219999999999,37.164486763522454
76,4030.52,86.13,86.25,86.1496,86.25460000000001,37.15953810811326
77,4030.54,86.19,86.275,86.1556,86.2552,37.160688138258614
78,4030.56,86.185,86.3,86.1634,86.25779999999999,37.1656352709165
79,4030.58,86.18,86.305,86.16799999999999,86.2616,37.17000937468629
80,4030.6,86.20500000000001,86.31,86.1706,86.2642,37.176105835166034
81,4030.62,86.23,86.255,86.1718,86.26320000000001,37.18277780459695
82,4030.64,86.23,86.2,86.1706,86.2598,37.18277778549411
83,4030.66,86.23,86.185,86.171,86.2556,37.17725531470332
84,4030.68,86.27000000000001,86.17,86.1746,86.25139999999999,37.17840745949071
85,4030.7,86.31,86.18,86.179,86.2482,37.17840744080847
86,4030.72,86.27000000000001,86.19,86.181,86.2432,37.17173281776854
87,4030.74,86.23,86.215,86.1822,86.23700000000001,37.16621036990627
88,4030.76,86.18,86.24,86.18220000000001,86.23580000000001,37.16678627569658
89,4030.78,86.13,86.315,86.18019999999999,86.2416,37.178407365996286
90,4030.8,86.125,86.39,86.178,86.2502,37.1845066095277
91,4030.82,86.12,86.41499999999999,86.17560000000002,86.2596,37.17288505883145
92,4030.84,86.055,86.44,86.1706,86.26800000000001,37.16621027646284
93,4030.86,85.99,86.35499999999999,86.16220000000001,86.271,37.17115750625765
94,4030.88,86.03,86.27,86.15459999999999,86.27220000000001,37.182777561297904
95,4030.9,86.07,86.19999999999999,86.15140000000001,86.2722,37.19002872152377
96,4030.92,86.12,86.13,86.15299999999999,86.26780000000001,37.19060625558306
97,4030.94,86.17,86.21000000000001,86.15620000000001,86.265,37.19002868472961
98,4030.96,86.16499999999999,86.29,86.15880000000001,86.26540000000001,37.17956198843686
99,4030.98,86.16,86.295,86.1618,86.266,37.18071938734376
100,4031.0,86.175,86.3,86.166,86.2674,37.19728521426995
101,4031.02,86.19,86.295,86.1684,86.2692,37.19670641598009
102,4031.04,86.16,86.29,86.1672,86.26979999999999,37.19118435102417
103,4031.06,86.13,86.285,86.165,86.2692,37.201650398359895
104,4031.08,86.175,86.28,86.1648,86.2682,37.206018600116344
105,4031.1,86.22,86.28999999999999,86.1654,86.2674,37.19555075120303
106,4031.12,86.25999999999999,86.3,86.1666,86.2692,37.180719254484394
107,4031.14,86.3,86.24000000000001,86.16940000000001,86.2708,37.18129892973427
108,4031.16,86.27,86.18,86.171,86.27060000000002,37.1978644986127
109,4031.18,86.24,86.20500000000001,86.1698,86.272,37.20338636493514
110,4031.2,86.215,86.23,86.166,86.27400000000002,37.20280699615384
111,4031.22,86.19,86.285,86.1628,86.27780000000001,37.202806977016266
112,4031.24,86.14,86.34,86.1592,86.28280000000001,37.20338630812976
113,4031.26,86.09,86.39,86.15559999999999,86.2888,37.20832892223358
114,4031.28,86.09,86.44,86.15400000000001,86.2938,37.20775029586559
115,4031.3,86.09,86.4,86.1526,86.2942,37.21385087762363
116,4031.32,86.17,86.36,86.15459999999999,86.29199999999999,37.22489487987663
117,4031.34,86.25,86.32,86.16239999999999,86.2872,37.2187944095671
118,4031.36,86.33,86.28,86.17599999999999,86.2842,37.207750219945616
119,4031.38,86.41,86.28999999999999,86.19120000000001,86.285,37.213272280251054
120,4031.4,86.365,86.3,86.20299999999999,86.289,37.21327226101962
121,4031.42,86.32,86.33,86.211,86.29699999999998,37.20222809424071
122,4031.44,86.245,86.36,86.214,86.303,37.206594899533684
123,4031.46,86.17,86.35,86.2142,86.30539999999999,37.21038944591395
124,4031.48,86.155,86.34,86.214,86.3072,37.210389427333794
125,4031.5,86.14,86.36500000000001,86.21260000000001,86.3098,37.21763935664162
126,4031.52,86.14,86.39,86.2106,86.31360000000001,37.22431634124504
127,4031.54,86.14,86.38499999999999,86.2098,86.31739999999999,37.22431632225205
128,4031.56,86.185,86.38,86.21199999999999,86.3212,37.21879420141599
129,4031.58,86.23,86.395,86.2142,86.3258,37.218216403361424
130,4031.6,86.285,86.41,86.2168,86.33059999999999,37.21154044812574
131,4031.62,86.34,86.32,86.22,86.33139999999999,37.20049576762671
132,4031.64,86.325,86.23,86.221,86.331,37.20659471099446
133,4031.66,86.31,86.275,86.2226,86.33480000000002,37.21763920592091
134,4031.68,86.325,86.32,86.226,86.33939999999998,37.21211692511397
135,4031.7,86.34,86.37,86.23100000000001,86.345,37.20049569221416
136,4031.72,86.275,86.42,86.23440000000001,86.3504,37.20544201908528
137,4031.74,86.21,86.36,86.23720000000002,86.35119999999999,37.22316140399496
138,4031.76,86.16499999999999,86.3,86.2402,86.3476,37.23536035214421
139,4031.78,86.12,86.32,86.2414,86.34279999999998,37.22983820909584
140,4031.8,86.14,86.34,86.24340000000001,86.34039999999999,37.22373838453204
141,4031.82,86.16,86.36,86.24300000000001,86.3404,37.23420590959115
142,4031.84,86.18,86.38,86.2402,86.34280000000001,37.239152073279875
143,4031.86,86.2,86.405,86.235,86.34779999999999,37.23247921268577
144,4031.88,86.22,86.43,86.2274,86.35339999999998,37.2324791944679
145,4031.9,86.24,86.445,86.2224,86.3592,37.23915201745859
146,4031.92,86.225,86.46,86.21859999999998,86.3644,37.23915199873632
147,4031.94,86.21,86.50999999999999,86.21719999999999,86.3704,37.233054034708125
148,4031.96,86.26499999999999,86.56,86.221,86.37880000000001,37.23305401594986
149,4031.98,86.32,86.49000000000001,86.2276,86.3848,37.24467434614595
150,4032.0,86.31,86.42,86.2344,86.387,37.250772694005796
151,4032.02,86.3,86.435,86.2408,86.38879999999999,37.23972802827903
152,4032.04,86.3,86.45,86.2472,86.39139999999999,37.23362949419618
153,4032.06,86.3,86.44,86.2518,86.3938,37.24409888935732
154,4032.08,86.37,86.43,86.2574,86.3952,37.244674252032816
155,4032.1,86.44,86.36500000000001,86.26359999999998,86.3934,37.22926029996105
156,4032.12,86.445,86.3,86.26780000000001,86.3926,37.22373808206639
157,4032.14,86.45,86.39,86.27279999999999,86.399,37.234205608755154
158,4032.16,86.38499999999999,86.48,86.2758,86.40719999999999,37.23972789603567
159,4032.18,86.32,86.41,86.2756,86.4108,37.229260224054386
160,4032.2,86.375,86.34,86.27699999999999,86.4096,37.22316097141994
161,4032.22,86.43,86.32,86.2832,86.4056,37.2324788762812
162,4032.24,86.30000000000001,86.3,86.28679999999999,86.4032,37.2380014202604
163,4032.26,86.17,86.35,86.28699999999999,86.40520000000001,37.23420549505575
164,4032.28,86.17,86.4,86.289,86.4084,37.23535986037007
165,4032.3,86.17,86.42,86.2902,86.41159999999999,37.241460067805086
166,4032.32,86.155,86.44,86.28999999999998,86.4148,37.24756077050327
167,4032.34,86.14,86.495,86.2884,86.41939999999998,37.24814006783837
168,4032.36,86.215,86.55,86.289,86.4252,37.243198216942496
169,4032.38,86.29,86.595,86.29180000000001,86.43180000000001,37.24814002893899
170,4032.4,86.295,86.64,86.294,86.43960000000001,37.25802619046795
171,4032.42,86.3,86.555,86.29700000000001,86.4434,37.25250408805585
172,4032.44,86.31,86.47,86.301,86.44179999999999,37.24203868107625
173,4032.46,86.32,86.38499999999999,86.3032,86.4348,37.237096186099066
174,4032.48,86.26499999999999,86.3,86.301,86.42720000000001,37.23767630979892
175,4032.5,86.21,86.3,86.29700000000001,86.4224,37.24319808361284
176,4032.52,86.25999999999999,86.3,86.29539999999999,86.417,37.2431980644398
177,4032.54,86.31,86.37,86.29580000000001,86.41380000000001,37.23825705189399
178,4032.56,86.295,86.44,86.2956,86.41380000000001,37.238838488885726
179,4032.58,86.28,86.44999999999999,86.292,86.4146,37.25046365889503
180,4032.6,86.305,86.46,86.28659999999999,86.4184,37.25656770302382
181,4032.62,86.33,86.465,86.28199999999998,86.425,37.25162946270728
182,4032.64,86.39,86.47,86.27960000000002,86.4282,37.246108070957156
183,4032.66,86.45,86.545,86.28219999999999,86.4308,37.24552471615879
184,4032.68,86.45,86.62,86.28740000000002,86.4392,37.245524696959194
185,4032.7,86.45,86.46000000000001,86.2904,86.444,37.24058665197892
186,4032.72,86.465,86.3,86.29180000000001,86.44319999999999,37.23012819635076
187,4032.74,86.48,86.35,86.29900000000002,86.4452,37.22519193037293
188,4032.76,86.48,86.4,86.3114,86.4472,37.23681970470728
189,4032.78,86.48,86.36500000000001,86.3238,86.4458,37.2423407747074
190,4032.8,86.42,86.33,86.3338,86.44220000000001,37.23129858759221
191,4032.82,86.36,86.36,86.34200000000001,86.439,37.226950768463084
192,4032.84,86.33500000000001,86.39,86.3498,86.4348,37.23916808585332
193,4032.86,86.31,86.305,86.3536,86.425,37.24527747460746
194,4032.88,86.25999999999999,86.22,86.3524,86.41,37.24034621024477
195,4032.9,86.21,86.225,86.34900000000002,86.3934,37.23541578782243
196,4032.92,86.245,86.23,86.3468,86.3804,37.23048620772507
197,4032.94,86.28,86.275,86.34559999999999,86.3726,37.236598019046134
198,4032.96,86.31,86.32,86.3452,86.37,37.24211829171557
199,4032.98,86.34,86.335,86.34819999999999,86.3714,37.23659797948608
200,4033.0,86.385,86.35,86.35520000000001,86.3734,37.237190078338436
201,4033.02,86.43,86.3,86.36200000000001,86.3734,37.23719005844219
202,4033.04,86.45500000000001,86.25,86.36779999999999,86.3686,37.22614966515991
203,4033.06,86.48,86.25999999999999,86.3752,86.36139999999999,37.215702444397515
204,4033.08,86.48,86.27,86.3832,86.3542,37.221816187470544
205,4033.1,86.48,86.235,86.39020000000001,86.3452,37.234045167119874
206,4033.12,86.495,86.2,86.3968,86.3346,37.229717118095614
207,4033.14,86.51,86.255,86.4016,86.32600000000001,37.21927488990296
208,4033.16,86.465,86.31,86.40220000000001,86.3166,37.21987258648235
209,4033.18,86.42,86.36500000000001,86.40099999999998,86.30640000000001,37.230313941690966
210,4033.2,86.39,86.42,86.3986,86.3048,37.235833484349165
211,4033.22,86.36,86.39500000000001,86.39439999999999,86.30860000000001,37.22599025879875
212,4033.24,86.33500000000001,86.37,86.38859999999998,86.30940000000001,37.22047087610406
213,4033.26,86.31,86.33500000000001,86.3818,86.30680000000001,37.23210844173259
214,4033.28,86.325,86.3,86.37559999999999,86.3042,37.238827205356635
215,4033.3,86.34,86.31,86.37240000000001,86.30339999999998,37.22838986189435
216,4033.32,86.345,86.32,86.37180000000001,86.3018,37.22347248367904
217,4033.34,86.35,86.31,86.3724,86.2986,37.23511243561159
218,4033.36,86.39,86.3,86.37560000000002,86.2984,37.23571519557494
219,4033.38,86.43,86.315,86.3824,86.30220000000001,37.225281299734355
220,4033.4,86.45500000000001,86.33,86.39219999999999,86.3064,37.23140410920099
221,4033.42,86.48,86.34,86.4016,86.31080000000001,37.236922659976294
222,4033.44,86.435,86.35,86.40780000000001,86.31380000000001,37.225885507805295
223,4033.46,86.39,86.35,86.41100000000002,86.315,37.22097195493886
224,4033.48,86.31,86.35,86.40980000000002,86.31559999999999,37.22709597218292
225,4033.5,86.23,86.41499999999999,86.40360000000001,86.31819999999999,37.23873878018231
226,4033.52,86.28,86.48,86.3976,86.32539999999999,37.24425707369341
227,4033.54,86.33,86.52000000000001,86.3926,86.33619999999999,37.23322043559719
228,4033.56,86.345,86.56,86.3872,86.34819999999999,37.22830901583717
229,4033.58,86.36,86.5,86.3824,86.3574,37.239345407409004
230,4033.6,86.41499999999999,86.44,86.37980000000002,86.3656,37.244863612005
231,4033.62,86.47,86.375,86.37880000000001,86.3726,37.234434609012965
232,4033.64,86.445,86.31,86.37620000000001,86.3748,37.22952467845924
233,4033.66,86.42,86.31,86.37439999999998,86.3748,37.23626086414387
234,4033.68,86.405,86.31,86.37379999999999,86.3726,37.231353169338476
235,4033.7,86.39,86.285,86.37379999999999,86.36720000000001,37.22583541131351
236,4033.72,86.33,86.26,86.37259999999998,86.36179999999999,37.23809299222729
237,4033.74,86.27,86.235,86.37,86.3564,37.23931770647226
238,4033.76,86.28999999999999,86.21,86.3692,86.3514,37.223379185420555
239,4033.78,86.31,86.25,86.3686,86.3494,37.2233791633794
240,4033.8,86.275,86.29,86.36599999999999,86.3486,37.2344136955903
241,4033.82,86.24,86.31,86.3618,86.34819999999999,37.235027769840464
242,4033.84,86.305,86.33,86.36,86.34899999999999,37.22951055573094
243,4033.86,86.37,86.36500000000001,86.3592,86.3516,37.229510534946165
244,4033.88,86.385,86.4,86.3574,86.355,37.2356424557613
245,4033.9,86.4,86.42500000000001,86.35520000000001,86.35879999999999,37.23625783883884
246,4033.92,86.4,86.45,86.352,86.36320000000002,37.22584005212399
247,4033.94,86.4,86.38,86.35060000000001,86.36439999999999,37.22032313757875
248,4033.96,86.415,86.31,86.3516,86.36280000000001,37.23074076481504
249,4033.98,86.43,86.265,86.3564,86.35940000000001,37.23625775322553
250,4034.0,86.435,86.22,86.3646,86.3516,37.22583996680878
251,4034.02,86.44,86.22,86.37100000000001,86.34120000000001,37.21542325134826
252,4034.04,86.4,86.22,86.37380000000002,86.3292,37.215423229251016
253,4034.06,86.36,86.255,86.37440000000001,86.31700000000001,37.22093999683246
254,4034.08,86.305,86.29,86.3722,86.30860000000001,37.22155761863838
255,4034.1,86.25,86.32,86.3656,86.30380000000001,37.22707430648298
256,4034.12,86.21000000000001,86.35,86.35520000000001,86.3028,37.236873661558
257,4034.14,86.17,86.335,86.3442,86.30380000000001,37.23074057143854
258,4034.16,86.235,86.32,86.3368,86.3042,37.22645669135156
259,4034.18,86.3,86.365,86.3326,86.3064,37.23934438032758
260,4034.2,86.33,86.41,86.3302,86.31139999999999,37.246720607515115
261,4034.22,86.36,86.395,86.33140000000002,86.3168,37.24244754136151
262,4034.24,86.37,86.38,86.3354,86.32260000000001,37.2424475197324
263,4034.26,86.38,86.31,86.339,86.3266,37.24120425266641
264,4034.28,86.34,86.24,86.34020000000001,86.32620000000001,37.234447142254005
265,4034.3,86.3,86.255,86.34120000000001,86.3248,37.235067198797786
266,4034.32,86.27,86.27,86.3424,86.3232,37.24244743175925
267,4034.34,86.24,86.265,86.33980000000001,86.32060000000001,37.24369327294324
268,4034.36,86.21000000000001,86.26,86.3334,86.31639999999999,37.23203800428018
269,4034.38,86.18,86.26,86.32520000000001,86.3108,37.22589912585584
270,4034.4,86.20500000000001,86.26,86.31739999999999,86.3042,37.2381772984903
271,4034.42,86.23,86.28,86.3106,86.2974,37.255973150481175
272,4034.44,86.255,86.3,86.3048,86.2942,37.261488890832375
273,4034.46,86.28,86.31,86.29939999999999,86.29419999999999,37.24983288238949
274,4034.48,86.255,86.32,86.2924,86.29639999999999,37.24369311911685
275,4034.5,86.23,86.33,86.2842,86.3008,37.25472495230915
276,4034.52,86.275,86.34,86.2776,86.3056,37.26148880247017
277,4034.54,86.32,86.36500000000001,86.2744,86.31139999999999,37.25722374409197
278,4034.56,86.3,86.39,86.27199999999999,86.3168,37.25108237532335
279,4034.58,86.28,86.33,86.271,86.3184,37.24431692110633
280,4034.6,86.28999999999999,86.27,86.2726,86.31639999999999,37.244941465518956
281,4034.62,86.3,86.25999999999999,86.27619999999999,86.31279999999998,37.251708091042865
282,4034.64,86.28999999999999,86.25,86.28099999999999,86.30939999999998,37.25170806853256
283,4034.66,86.28,86.255,86.28280000000001,86.30680000000001,37.25597288538716
284,4034.68,86.25999999999999,86.26,86.28120000000001,86.3026,37.26700440168378
285,4034.7,86.24,86.21000000000001,86.2776,86.2946,37.26336539494906
286,4034.72,86.22999999999999,86.16,86.2724,86.2852,37.25784988823483
287,4034.74,86.22,86.19,86.26639999999999,86.2776,37.262739099960456
288,4034.76,86.235,86.22,86.2606,86.274,37.26273907764827
289,4034.78,86.25,86.205,86.25699999999999,86.27259999999998,37.25597275307946
290,4034.8,86.215,86.19,86.2536,86.27,37.25597273076245
291,4034.82,86.18,86.185,86.25,86.2666,37.26273901103308
292,4034.84,86.225,86.18,86.24939999999998,86.2632,37.262738988210764
293,4034.86,86.27,86.17500000000001,86.25179999999999,86.2598,37.25784973281922
294,4034.88,86.25,86.17,86.2546,86.25619999999999,37.25973266445304
295,4034.9,86.23,86.195,86.2556,86.2536,37.26587671416124
296,4034.92,86.24000000000001,86.22,86.256,86.25119999999998,37.265876691422726
297,4034.94,86.25,86.14,86.2558,86.24480000000001,37.26650618859706
298,4034.96,86.22,86.06,86.2534,86.2348,37.272021199571235
299,4034.98,86.19,86.015,86.2508,86.2226,37.26587662464853
300,4035.0,86.205,85.97,86.2498,86.20819999999999,37.25421733715898
301,4035.02,86.22,86.005,86.2476,86.1948,37.25296117245224
302,4035.04,86.245,86.04,86.24459999999999,86.18180000000001,37.25847652929136
303,4035.06,86.27,86.08000000000001,86.24340000000001,86.16939999999998,37.259732463371144
304,4035.08,86.275,86.12,86.2432,86.161,37.25484629977297
305,4035.1,86.28,86.11500000000001,86.24279999999999,86.1548,37.25484627721848
306,4035.12,86.275,86.11,86.2418,86.14880000000001,37.25421720279285
307,4035.14,86.27,86.06,86.241,86.14120000000001,37.24870200030258
308,4035.16,86.205,86.01,86.238,86.13140000000001,37.24318681156915
309,4035.18,86.14,85.93,86.2332,86.1182,37.238300966803244
310,4035.2,86.16499999999999,85.85,86.23020000000001,86.10379999999999,37.24444589703064
311,4035.22,86.19,85.79499999999999,86.2286,86.0892,37.24933105607057
312,4035.24,86.16,85.74,86.2262,86.07119999999999,37.243815959740814
313,4035.26,86.13,85.75,86.22200000000001,86.05239999999999,37.24318670019461
314,4035.28,86.155,85.76,86.2182,86.03460000000001,37.248701844532896
315,4035.3,86.18,85.845,86.2168,86.0208,37.24381589327754
316,4035.32,86.2,85.93,86.2176,86.01060000000001,37.23767148008768
317,4035.34,86.22,85.965,86.2174,86.002,37.248701777426454
318,4035.36,86.245,86.0,86.21640000000001,85.995,37.255475691041816
319,4035.38,86.27,85.925,86.2172,85.9852,37.25059112763105
320,4035.4,86.305,85.85,86.2202,85.97139999999999,37.238930705721025
321,4035.42,86.34,85.835,86.2242,85.956,37.22727061799817
322,4035.44,86.245,85.82,86.22399999999999,85.94319999999999,37.227270595495824
323,4035.46,86.15,85.79499999999999,86.22120000000001,85.93260000000001,37.22790074485046
324,4035.48,86.11500000000001,85.77,86.2182,85.92280000000001,37.22790072198066
325,4035.5,86.08,85.75999999999999,86.21320000000001,85.9144,37.232785562339664
326,4035.52,86.19,85.75,86.21199999999999,85.9042,37.23341561725399
327,4035.54,86.3,85.655,86.2142,85.8888,37.22364822026691
328,4035.56,86.28,85.56,86.2146,85.86800000000001,37.212618758269585
329,4035.58,86.26,85.6,86.214,85.84719999999999,37.20584098287943
330,4035.6,86.19,85.64,86.2104,85.8282,37.204580525556416
331,4035.62,86.12,85.69,86.2042,85.81139999999999,37.20458050343831
332,4035.64,86.105,85.74,86.19760000000001,85.79860000000001,37.210725351150685
333,4035.66,86.09,85.645,86.19300000000001,85.78399999999999,37.216240323125746
334,4035.68,86.13,85.55,86.1926,85.7688,37.204580436763585
335,4035.7,86.17,85.555,86.19279999999999,85.757,37.18740575880669
336,4035.72,86.12,85.56,86.19,85.7476,37.181890622534326
337,4035.74,86.07,85.59,86.18639999999999,85.7416,37.181890600449634
338,4035.76,86.085,85.62,86.18459999999999,85.73640000000002,37.18677683244236
339,4035.78,86.1,85.59,86.1824,85.72959999999999,37.191663919747604
340,4035.8,86.185,85.56,86.18260000000001,85.7182,37.18614858395252
341,4035.82,86.27,85.6,86.18540000000002,85.705,37.1861485618976
342,4035.84,86.22999999999999,85.64,86.18580000000001,85.69200000000001,37.1861485396516
343,4035.86,86.19,85.555,86.18359999999998,85.6742,37.18126151422237
344,4035.88,86.145,85.47,86.17859999999999,85.656,37.180633195246564
345,4035.9,86.1,85.46000000000001,86.17040000000001,85.64040000000001,37.18000553085468
346,4035.92,86.115,85.45,86.1614,85.625,37.18063315027312
347,4035.94,86.13,85.42,86.1568,85.609,37.18063312796182
348,4035.96,86.175,85.39,86.1578,85.59279999999998,37.17511781892969
349,4035.98,86.22,85.35499999999999,86.162,85.57619999999999,37.164715839275296
350,4036.0,86.25,85.32,86.16879999999999,85.55860000000001,37.15368552279033
351,4036.02,86.28,85.285,86.1724,85.54,37.146913315791636
352,4036.04,86.32,85.25,86.1732,85.5238,37.14014337265945
353,4036.06,86.36,85.22,86.1764,85.5102,37.12848590452223
354,4036.08,86.28999999999999,85.19,86.1776,85.4938,37.122970342264736
355,4036.1,86.22,85.175,86.1788,85.4752,37.1223443717777
356,4036.12,86.12,85.16,86.17880000000001,85.454,37.12109442283566
357,4036.14,86.02,85.17,86.17540000000001,85.43119999999999,37.110062802048716
358,4036.16,86.09,85.18,86.1754,85.4126,37.094766336048856
359,4036.18,86.16,85.08500000000001,86.1766,85.39400000000002,37.09050443016819
360,4036.2,86.24,84.99,86.1794,85.3714,37.084989053455814
361,4036.22,86.32,85.05,86.1874,85.351,37.07947368964515
362,4036.24,86.27,85.11,86.1954,85.3318,37.07947366725484
363,4036.26,86.22,85.06,86.2008,85.30940000000001,37.07270408779759
364,4036.28,86.195,85.01,86.20460000000001,85.2862,37.06104676056329
365,4036.3,86.17,84.945,86.204,85.2616,37.0506421164058
366,4036.32,86.17500000000001,84.88,86.20019999999998,85.23280000000001,37.04512664609773
367,4036.34,86.18,84.905,86.1982,85.2034,37.04450002939834
368,4036.36,86.14,84.93,86.1962,85.1784,37.04387407061023
369,4036.38,86.1,84.81,86.1944,85.15199999999999,37.032217352778204
370,4036.4,86.125,84.69,86.19539999999999,85.1212,37.01504521793633
371,4036.42,86.15,84.735,86.1968,85.0926,36.99849800826946
372,4036.44,86.17,84.78,86.1984,85.06700000000001,36.988718357782695
373,4036.46,86.19,84.745,86.19900000000001,85.0412,36.98320284630606
374,4036.48,86.185,84.71,86.19760000000001,85.01540000000001,36.97154539301618
375,4036.5,86.18,84.6,86.1948,84.9866,36.966656412322266
376,4036.52,86.20500000000001,84.49,86.1918,84.95479999999999,36.966656390371995
377,4036.54,86.23,84.44,86.1882,84.9224,36.94948323323196
378,4036.56,86.255,84.39,86.184,84.8892,36.92679474946762
379,4036.58,86.28,84.37,86.18360000000001,84.8564,36.92065318325994
380,4036.6,86.2,84.35,86.1828,84.8234,36.92127917472868
381,4036.62,86.12,84.38,86.18279999999999,84.7922,36.91024813084133
382,4036.64,86.06,84.41,86.18439999999998,84.76180000000001,36.89733995830868
383,4036.66,86.0,84.36,86.1808,84.729,36.89119969150398
384,4036.68,86.045,84.31,86.1762,84.698,36.8869336919284
385,4036.7,86.09,84.2,86.17020000000001,84.6664,36.882044052255445
386,4036.72,86.17,84.09,86.1642,84.62799999999999,36.870386811915104
387,4036.74,86.25,83.995,86.1634,84.5834,36.853214257848784
388,4036.76,86.21000000000001,83.9,86.16300000000001,84.537,36.84155762954586
389,4036.78,86.17,83.85,86.162,84.4906,36.82990134229106
390,4036.8,86.1,83.8,86.1592,84.4448,36.81886978688461
391,4036.82,86.03,83.81,86.1534,84.40199999999999,36.80294789820034
392,4036.84,86.045,83.82,86.148,84.35860000000001,36.78640107577011
393,4036.86,86.06,83.68,86.14479999999999,84.30860000000001,36.774744116553805
394,4036.88,86.105,83.54,86.145,84.25779999999999,36.75757178907812
395,4036.9,86.15,83.47,86.146,84.209,36.73977530402414
396,4036.92,86.165,83.4,86.14659999999999,84.15559999999999,36.72322779379151
397,4036.94,86.18,83.36,86.14699999999999,84.0988,36.70241537220947
398,4036.96,86.17500000000001,83.32,86.1464,84.04180000000001,36.68586870425351
399,4036.98,86.17,83.3,86.1458,83.98540000000001,36.66932215744045
400,4037.0,86.16,83.28,86.145,83.93260000000001,36.65340294060146
401,4037.02,86.15,83.25999999999999,86.14280000000001,83.8834,36.642372237545516
402,4037.04,86.125,83.24,86.13860000000001,83.8354,36.62519861144904
403,4037.06,86.1,83.15,86.1324,83.7858,36.60250977719809
404,4037.08,86.03,83.06,86.1224,83.7334,36.579194625423405
405,4037.1,85.96,82.955,86.11280000000001,83.6776,36.55588084147886
406,4037.12,85.96,82.85,86.10640000000001,83.6164,36.54484946148383
407,4037.14,85.96,82.725,86.10240000000002,83.54899999999999,36.528302501999676
408,4037.16,85.965,82.6,86.101,83.4786,36.506240083429205
409,4037.18,85.97,82.455,86.09800000000001,83.40440000000001,36.484177879098205
410,4037.2,86.06,82.31,86.0968,83.32880000000002,36.461489463842604
411,4037.22,86.15,82.33500000000001,86.096,83.2586,36.44369140843625
412,4037.24,86.17500000000001,82.36,86.09299999999999,83.19319999999999,36.421003575576684
413,4037.26,86.2,82.28999999999999,86.0926,83.1288,36.39467675343605
414,4037.28,86.16,82.22,86.0922,83.06360000000001,36.37324214266422
415,4037.3,86.12,82.195,86.09299999999999,82.99939999999998,36.35544169678047
416,4037.32,86.09,82.17,86.09540000000001,82.93379999999999,36.33826874853593
417,4037.34,86.06,82.125,86.096,82.866,36.31683352619655
418,4037.36,86.07,82.08,86.09640000000002,82.80199999999999,36.29539995360839
419,4037.38,86.08,81.9,86.09540000000001,82.73639999999999,36.267823852035654
420,4037.4,86.08500000000001,81.72,86.09280000000001,82.6664,36.234103993800154
421,4037.42,86.09,81.625,86.0898,82.59539999999998,36.20589936624422
422,4037.44,86.075,81.53,86.08560000000001,82.5222,36.183838559644094
423,4037.46,86.06,81.445,86.081,82.4472,36.15689252261227
424,4037.48,86.05000000000001,81.36,86.07620000000001,82.3696,36.13057995094758
425,4037.5,86.04,81.32,86.07140000000001,82.29119999999999,36.103639029218876
426,4037.52,86.075,81.28,86.0684,82.212,36.07480071022204
427,4037.54,86.11,81.125,86.0678,82.1274,36.045963505123495
428,4037.56,86.15,80.97,86.06980000000001,82.0402,36.012874775413195
429,4037.58,86.19,80.91499999999999,86.07619999999999,81.9544,35.97978654441337
430,4037.6,86.11,80.86,86.0822,81.8706,35.9522133960774
431,4037.62,86.03,80.75,86.085,81.78659999999999,35.91912608272703
432,4037.64,86.025,80.64,86.08760000000001,81.70320000000001,35.8854055493612
433,4037.66,86.02,80.5,86.08980000000001,81.6192,35.85783309943762
434,4037.68,86.05,80.36,86.09299999999999,81.5354,35.82474662562968
435,4037.7,86.08,80.235,86.09379999999999,81.4524,35.78551158310058
436,4037.72,86.02,80.11,86.08859999999999,81.3634,35.75242561816236
437,4037.74,85.96,80.015,86.08,81.2696,35.71870486830489
438,4037.76,85.895,79.92,86.06779999999999,81.17479999999999,35.684984130713175
439,4037.78,85.83,79.825,86.0546,81.079,35.64702018067946
440,4037.8,85.85,79.73,86.0438,80.9804,35.60905898566462
441,4037.82,85.87,79.69,86.035,80.88119999999999,35.57597574068478
442,4037.84,85.82,79.65,86.0254,80.78219999999999,35.54225456440555
443,4037.86,85.77,79.5,86.0134,80.679,35.50301955349926
444,4037.88,85.78999999999999,79.35,86.0018,80.577,35.46506215322813
445,4037.9,85.81,79.21,85.9908,80.4766,35.42774875631324
446,4037.92,85.75999999999999,79.07,85.9776,80.37440000000001,35.38851379363579
447,4037.94,85.71,78.94,85.963,80.2708,35.3479970363167
448,4037.96,85.66,78.81,85.94699999999999,80.1654,35.3142755948987
449,4037.98,85.61,78.63,85.92939999999999,80.0562,35.27632224892742
450,4038.0,85.61500000000001,78.45,85.91239999999999,79.9414,35.23901495863075
451,4038.02,85.62,78.305,85.8942,79.8224,35.19555580070397
452,4038.04,85.555,78.16,85.87199999999999,79.70379999999999,35.14465032743729
453,4038.06,85.49,78.05,85.84559999999999,79.587,35.10477113894007
454,4038.08,85.47999999999999,77.94,85.81720000000001,79.46799999999999,35.0661805228695
455,4038.1,85.47,77.82499999999999,85.7916,79.3466,35.01105233794171
456,4038.12,85.46000000000001,77.71,85.7688,79.225,34.95527930649509
457,4038.14,85.45,77.57499999999999,85.74579999999997,79.1024,34.910531750149744
458,4038.16,85.38,77.44,85.72019999999999,78.97999999999999,34.87259051804529
459,4038.18,85.31,77.33,85.69059999999999,78.8588,34.8291398976876
460,4038.2,85.2,77.22,85.65540000000001,78.7382,34.7899051076008
461,4038.22,85.09,77.15,85.6182,78.6198,34.74515808446528
462,4038.24,85.06,77.08,85.58220000000001,78.5024,34.68938669551151
463,4038.26,85.03,76.965,85.5476,78.3842,34.64528973543643
464,4038.28,84.955,76.85,85.5126,78.2652,34.61838082660151
465,4038.3,84.88,76.63499999999999,85.4738,78.14139999999999,34.585309822811745
466,4038.32,84.815,76.42,85.4316,78.0106,34.54056335920285
467,4038.34,84.75,76.255,85.38879999999999,77.8748,34.490305179589015
468,4038.36,84.625,76.09,85.34299999999999,77.7384,34.44004707660012
469,4038.38,84.5,75.98,85.2914,77.6036,34.38493086265218
470,4038.4,84.455,75.87,85.23720000000002,77.47,34.33598271184545
471,4038.42,84.41,75.755,85.1832,77.3374,34.29189281732832
472,4038.44,84.33,75.64,85.12800000000001,77.2054,34.247147121884275
473,4038.46,84.25,75.56,85.0716,77.0754,34.19137922135514
474,4038.48,84.13,75.48,85.0124,76.94940000000001,34.135611490031344
475,4038.5,84.01,75.345,84.9482,76.8252,34.0908659530771
476,4038.52,83.855,75.21,84.8776,76.70139999999999,34.051631458009815
477,4038.54,83.7,75.10499999999999,84.8034,76.5792,34.00688595258754
478,4038.56,83.605,75.0,84.728,76.4572,33.962798416010095
479,4038.58,83.51,74.88499999999999,84.64920000000001,76.335,33.913201158556596
480,4038.6,83.445,74.77,84.56819999999999,76.2128,33.85743464029363
481,4038.62,83.38,74.63,84.485,76.0896,33.80717893223064
482,4038.64,83.305,74.49,84.39920000000001,75.9662,33.76243392328649
483,4038.66,83.23,74.38499999999999,84.3132,75.84400000000001,33.71217835015385
484,4038.68,83.14,74.28,84.2264,75.722,33.66258373022077
485,4038.7,83.05,74.195,84.14039999999999,75.601,33.60748014101914
486,4038.72,82.975,74.11,84.0558,75.4794,33.55788830036336
487,4038.74,82.9,73.945,83.96940000000001,75.354,33.519317780878865
488,4038.76,82.76,73.78,83.8786,75.2266,33.48074806682031
489,4038.78,82.62,73.62,83.7852,75.0974,33.431159626344524
490,4038.8,82.51,73.46,83.69040000000001,74.9704,33.38024039505969
491,4038.82,82.4,73.345,83.59379999999999,74.8474,33.334166971806944
492,4038.84,82.325,73.23,83.49680000000001,74.7264,33.28324888657692
493,4038.86,82.25,73.15,83.40180000000001,74.60879999999999,33.228148806796156
494,4038.88,82.22,73.07,83.3106,74.4924,33.1785601521962
495,4038.9,82.19,73.03999999999999,83.22,74.3792,33.128306567623376
496,4038.92,82.13499999999999,73.01,83.12899999999999,74.26939999999999,33.08489637973166
497,4038.94,82.08,72.87,83.039,74.15859999999999,33.03598054754955
498,4038.96,81.9,72.73,82.945,74.04539999999999,32.98639818437746
499,4038.98,81.72,72.625,82.8486,73.93119999999999,32.942326126074335
500,4039.0,81.66,72.52,82.7546,73.81819999999999,32.892074551626
501,4039.02,81.6,72.345,82.6644,73.7036,32.835642769942446
502,4039.04,81.445,72.17,82.5742,73.5862,32.79090008189552
503,4039.06,81.29,72.00999999999999,82.4816,73.4666,32.74682921595058
504,4039.08,81.19,71.85,82.3888,73.34519999999999,32.697250811478504
505,4039.1,81.09,71.755,82.29459999999999,73.2246,32.64216534132384
506,4039.12,80.955,71.66,82.19760000000001,73.1058,32.59191493758692
507,4039.14,80.82,71.57,82.09819999999999,72.98899999999999,32.54717302078323
508,4039.16,80.725,71.48,81.99799999999999,72.8728,32.49759820012684
509,4039.18,80.63,71.39500000000001,81.8976,72.7574,32.44184017358965
510,4039.2,80.47,71.31,81.7944,72.642,32.39709861489545
511,4039.22,80.31,71.225,81.6878,72.5266,32.35303399750044
512,4039.24,80.28999999999999,71.14,81.5834,72.4144,32.308970513070086
513,4039.26,80.27,70.975,81.48379999999999,72.3022,32.264908165550224
514,4039.28,80.11,70.81,81.3834,72.1898,32.209151931021175
515,4039.3,79.95,70.715,81.281,72.08,32.14720865137372
516,4039.32,79.83500000000001,70.62,81.1784,71.971,32.09696015133674
517,4039.34,79.72,70.5,81.07419999999999,71.8618,32.052899526755404
518,4039.36,79.58,70.38,80.9674,71.75099999999999,32.00884005588348
519,4039.38,79.44,70.25999999999999,80.85619999999999,71.6386,31.948260185169566
520,4039.4,79.36,70.14,80.743,71.5226,31.88768251890378
521,4039.42,79.28,69.985,80.6288,71.4016,31.837435879385588
522,4039.44,79.175,69.83,80.51259999999999,71.28,31.792012074574494
523,4039.46,79.07,69.75,80.3994,71.1608,31.746588710911997
524,4039.48,78.91999999999999,69.67,80.28739999999999,71.04260000000001,31.702532548020862
525,4039.5,78.77,69.58,80.17179999999999,70.925,31.658477564731466
526,4039.52,78.69,69.49,80.0554,70.8108,31.60754632164041
527,4039.54,78.61,69.41499999999999,79.942,70.7006,31.55798523795305
528,4039.56,78.545,69.34,79.8322,70.5938,31.51324592112374
529,4039.58,78.48,69.18,79.7238,70.48700000000001,31.456122294111058
530,4039.6,78.34,69.02,79.6138,70.3776,31.400369156312433
531,4039.62,78.2,68.895,79.50359999999999,70.26700000000001,31.35080888164003
532,4039.64,78.02000000000001,68.77,79.3916,70.155,31.306756577863958
533,4039.66,77.84,68.65,79.2762,70.0418,31.256511220981032
534,4039.68,77.715,68.53,79.1596,69.9272,31.20626598927753
535,4039.7,77.59,68.41,79.0444,69.8112,31.156709473377774
536,4039.72,77.385,68.29,78.92739999999999,69.6938,31.112660528279836
537,4039.74,77.18,68.16,78.803,69.5746,31.067922264899693
538,4039.76,77.04,68.03,78.6738,69.4568,31.017678082284807
539,4039.78,76.9,67.985,78.5454,69.34379999999999,30.96812521341032
540,4039.8,76.75,67.94,78.4174,69.2328,30.923387360467576
541,4039.82,76.6,67.815,78.288,69.1206,30.872452141579142
542,4039.84,76.59,67.69,78.1628,69.0082,30.82151719549094
543,4039.86,76.58,67.58,78.0428,68.8962,30.7705825240847
544,4039.88,76.44,67.47,77.92280000000001,68.7846,30.720338438033835
545,4039.9,76.3,67.305,77.8004,68.6712,30.670785908978715
546,4039.92,76.19,67.14,77.6768,68.5574,30.620542414678265
547,4039.94,76.08,66.97999999999999,77.553,68.4434,30.569606977559825
548,4039.96,75.895,66.82,77.426,68.3262,30.5241776680663
549,4039.98,75.71,66.715,77.2976,68.208,30.473933872563087
550,4040.0,75.5,66.61,77.16680000000001,68.0892,30.430580810899535
551,4040.02,75.29,66.545,77.0308,67.9714,30.38653719821803
552,4040.04,75.155,66.48,76.8926,67.854,30.335600548725935
553,4040.06,75.02,66.41499999999999,76.7516,67.737,30.29016969957007
554,4040.08,74.945,66.35,76.6102,67.62379999999999,30.250937768774207
555,4040.1,74.87,66.235,76.4714,67.5124,30.20689419078449
556,4040.12,74.78999999999999,66.12,76.335,67.4014,30.1573466916955
557,4040.14,74.71,65.85,76.2026,67.2846,30.09609445992182
558,4040.16,74.59,65.58,76.0726,67.1618,30.04034767319929
559,4040.18,74.47,65.435,75.94279999999999,67.038,29.98529848039198
560,4040.2,74.425,65.29,75.81620000000001,66.9132,29.92955271040875
561,4040.22,74.38,65.245,75.696,66.79140000000001,29.89032130687291
562,4040.24,74.185,65.2,75.5762,66.673,29.857293290226764
563,4040.26,73.99,65.17,75.4542,66.5586,29.81255740026391
564,4040.28,73.75,65.14,75.3282,66.4448,29.76712247957812
565,4040.3,73.51,65.075,75.1986,66.3302,29.721687996102755
566,4040.32,73.47,65.01,75.0734,66.218,29.67695184559252
567,4040.34,73.43,64.905,74.947,66.1066,29.632914682874056
568,4040.36,73.295,64.8,74.8156,65.9954,29.588878839016346
569,4040.38,73.16,64.64,74.6844,65.8822,29.53934010066211
570,4040.4,72.99,64.48,74.55199999999999,65.7692,29.50010907102701
571,4040.42,72.82,64.34,74.4172,65.6572,29.454672423284748
572,4040.44,72.675,64.2,74.281,65.546,29.398928607414458
573,4040.46,72.53,64.13,74.1464,65.4384,29.348689224636363
574,4040.48,72.465,64.06,74.0166,65.3322,29.30395410514701
575,4040.5,72.4,63.985,73.8926,65.2272,29.26472314116255
576,4040.52,72.275,63.91,73.77199999999999,65.12180000000001,29.230996287209955
577,4040.54,72.15,63.724999999999994,73.65180000000001,65.0116,29.187667721649575
578,4040.56,72.055,63.54,73.53320000000001,64.89659999999999,29.138839975255834
579,4040.58,71.96,63.435,73.4138,64.78,29.089309473769593
580,4040.6,71.82499999999999,63.33,73.292,64.6638,29.039780711024022
581,4040.62,71.69,63.16,73.168,64.5454,28.989544397464012
582,4040.64,71.505,62.99,73.0398,64.431,28.95031424810819
583,4040.66,71.32,62.89,72.909,64.3234,28.905581120405124
584,4040.68,71.185,62.79,72.7776,64.2176,28.854635947385578
585,4040.7,71.05,62.695,72.64259999999999,64.1138,28.809902755021835
586,4040.72,70.955,62.6,72.5056,64.008,28.772092527413843
587,4040.74,70.86,62.504999999999995,72.3726,63.9002,28.733573949017448
588,4040.76,70.735,62.41,72.2424,63.78980000000001,28.694344167169735
589,4040.78,70.61,62.34,72.1168,63.6778,28.650324402372643
590,4040.8,70.53999999999999,62.27,71.998,63.565599999999996,28.600803863052345
591,4040.82,70.47,62.2,71.878,63.453199999999995,28.551285127830454
592,4040.84,70.33500000000001,62.13,71.7542,63.342200000000005,28.512055838117526
593,4040.86,70.2,61.91,71.6304,63.2266,28.466609263651616
594,4040.88,70.11500000000001,61.69,71.5086,63.108599999999996,28.41637587570073
595,4040.9,70.03,61.595,71.39020000000001,62.993199999999995,28.37164460978731
596,4040.92,69.84,61.5,71.271,62.8796,28.33241534393189
597,4040.94,69.65,61.425,71.15,62.7686,28.28911783441624
598,4040.96,69.475,61.35,71.0278,62.657399999999996,28.25132617272845
599,4040.98,69.3,61.230000000000004,70.9012,62.544200000000004,28.21209745527319
600,4041.0,69.175,61.11,70.7722,62.4292,28.16808782655126
601,4041.02,69.05,61.045,70.64320000000001,62.31459999999999,28.124801993505415
602,4041.04,68.97999999999999,60.98,70.51639999999999,62.2048,28.080796451119646
603,4041.06,68.91,60.795,70.39059999999999,62.095,28.031292000434906
604,4041.08,68.75999999999999,60.61,70.26259999999999,61.982000000000006,27.987289634685975
605,4041.1,68.61,60.5,70.134,61.8688,27.94806192674628
606,4041.12,68.505,60.39,70.00659999999999,61.758,27.908834240000395
607,4041.14,68.4,60.325,69.8824,61.6514,27.86483373532575
608,4041.16,68.26,60.26,69.76,61.5462,27.82633453769867
609,4041.18,68.12,60.14,69.6374,61.440200000000004,27.787836506951802
610,4041.2,67.99000000000001,60.02,69.515,61.333200000000005,27.74384019689279
611,4041.22,67.86,59.92,69.39120000000001,61.22599999999999,27.699113808810324
612,4041.24,67.66,59.82,69.2632,61.11860000000001,27.665386254458834
613,4041.26,67.46,59.730000000000004,69.1322,61.011399999999995,27.626159317160678
614,4041.28,67.4,59.64,69.0038,60.903400000000005,27.5814330699714
615,4041.3,67.34,59.475,68.8758,60.791599999999995,27.538172463914115
616,4041.32,67.2,59.31,68.745,60.676,27.50115129502769
617,4041.34,67.06,59.17,68.61399999999999,60.557599999999994,27.462662268148538
618,4041.36,66.88499999999999,59.03,68.48140000000001,60.442400000000006,27.41720074757635
619,4041.38,66.71,58.995000000000005,68.3452,60.3346,27.37247636065733
620,4041.4,66.505,58.96,68.20419999999999,60.2292,27.340224965464174
621,4041.42,66.3,58.885000000000005,68.0626,60.1246,27.30797713655951
622,4041.44,66.13499999999999,58.81,67.922,60.02,27.269493172005134
623,4041.46,65.97,58.644999999999996,67.7818,59.9118,27.22551301222492
624,4041.48,65.905,58.48,67.646,59.8018,27.181534472654484
625,4041.5,65.84,58.394999999999996,67.5126,59.6932,27.142309785120993
626,4041.52,65.735,58.31,67.38,59.58379999999999,27.10858229838622
627,4041.54,65.63,58.205,67.24600000000001,59.47280000000001,27.070102619808406
628,4041.56,65.58,58.1,67.1128,59.365,27.03162419707989
629,4041.58,65.53,58.015,66.9836,59.2612,26.993147034460776
630,4041.6,65.35,57.93,66.8532,59.15839999999999,26.954671139000613
631,4041.62,65.17,57.769999999999996,66.71979999999999,59.0536,26.905204004959455
632,4041.64,65.005,57.61,66.584,58.945,26.861234992350767
633,4041.66,64.84,57.535,66.4472,58.836000000000006,26.833003666188244
634,4041.68,64.715,57.46,66.311,58.7288,26.805523765750582
635,4041.7,64.59,57.25,66.175,58.617999999999995,26.762310850065337
636,4041.72,64.435,57.04,66.038,58.50280000000001,26.718347322858587
637,4041.74,64.28,57.03,65.9028,58.3912,26.685375792029383
638,4041.76,64.08500000000001,57.02,65.7678,58.28280000000001,26.657900249099526
639,4041.78,63.89,56.95,65.6274,58.175200000000004,26.62417305467235
640,4041.8,63.695,56.88,65.4816,58.071400000000004,26.59044586015946
641,4041.82,63.5,56.69,65.33359999999999,57.9666,26.55198130605161
642,4041.84,63.425,56.5,65.1882,57.85980000000001,26.513518076454712
643,4041.86,63.35,56.42,65.0468,57.7554,26.47505617598239
644,4041.88,63.14,56.34,64.904,57.6492,26.44285160480862
645,4041.9,62.93,56.175,64.76100000000001,57.5378,26.409887258517113
646,4041.92,62.805,56.01,64.6212,57.422799999999995,26.376923902890248
647,4041.94,62.68,55.91,64.48299999999999,57.3068,26.339233563013114
648,4041.96,62.575,55.81,64.3472,57.193400000000004,26.30001328733834
649,4041.98,62.47,55.705,64.2098,57.0824,26.266286452109885
650,4042.0,62.355000000000004,55.6,64.0704,56.970600000000005,26.2333264707466
651,4042.02,62.24,55.54,63.930600000000005,56.85980000000001,26.200367497863844
652,4042.04,62.025000000000006,55.48,63.7864,56.7508,26.172902458097223
653,4042.06,61.81,55.4,63.635600000000004,56.642799999999994,26.139175754136968
654,4042.08,61.71,55.32,63.482800000000005,56.535,26.106218688565935
655,4042.1,61.61,55.175,63.3332,56.424800000000005,26.074034180545198
656,4042.12,61.425,55.03,63.1834,56.3152,26.041080138018387
657,4042.14,61.24,54.955,63.032799999999995,56.208999999999996,26.007353634416592
658,4042.16,61.095,54.88,62.883,56.102799999999995,25.97911938279392
659,4042.18,60.95,54.760000000000005,62.7324,55.994800000000005,25.95165841103755
660,4042.2,60.8,54.64,62.580799999999996,55.89040000000001,25.91948138006903
661,4042.22,60.65,54.510000000000005,62.42940000000001,55.7892,25.881039601834328
662,4042.24,60.51,54.38,62.278600000000004,55.6832,25.847313316793464
663,4042.26,60.37,54.260000000000005,62.13,55.5728,25.814364414146493
664,4042.28,60.265,54.14,61.985,55.4604,25.787686940183168
665,4042.3,60.16,54.05,61.84360000000001,55.3472,25.760231887652164
666,4042.32,60.0,53.96,61.70360000000001,55.238,25.72650582947947
667,4042.34,59.84,53.8,61.5602,55.13,25.688070078541404
668,4042.36,59.71,53.64,61.4146,55.01879999999999,25.655126304990862
669,4042.38,59.58,53.495000000000005,61.272200000000005,54.905,25.615909883978535
670,4042.4,59.4,53.35,61.131,54.792,25.582183990074373
671,4042.42,59.22,53.22,60.9876,54.6804,25.559439105748687
672,4042.44,59.04,53.09,60.842000000000006,54.5676,25.53747719897791
673,4042.46,58.86,53.045,60.693400000000004,54.457,25.511595816635797
674,4042.48,58.7,53.0,60.5426,54.348800000000004,25.49042360206383
675,4042.5,58.54,52.89,60.39,54.2404,25.468465293614297
676,4042.52,58.349999999999994,52.78,60.234399999999994,54.13,25.436318659315617
677,4042.54,58.16,52.69,60.0798,54.0184,25.404176124158063
678,4042.56,58.065,52.6,59.93,53.906400000000005,25.382221142766124
679,4042.58,57.97,52.47,59.7804,53.7924,25.354778115545297
680,4042.6,57.8,52.34,59.628,53.678999999999995,25.32813110015851
681,4042.62,57.63,52.215,59.4762,53.5664,25.30069049030993
682,4042.64,57.495000000000005,52.09,59.32640000000001,53.451800000000006,25.273250662503784
683,4042.66,57.36,52.07,59.177,53.3394,25.24661040377561
684,4042.68,57.230000000000004,52.05,59.0282,53.231,25.218373366380902
685,4042.7,57.1,51.894999999999996,58.8802,53.12120000000001,25.19013633623395
686,4042.72,57.0,51.74,58.7342,53.0104,25.16818623596913
687,4042.74,56.9,51.615,58.5898,52.899800000000006,25.145436640814342
688,4042.76,56.7,51.49,58.443000000000005,52.78900000000001,25.12268711633071
689,4042.78,56.5,51.36,58.2924,52.6778,25.095249734020246
690,4042.8,56.394999999999996,51.23,58.141799999999996,52.565,25.068614639870667
691,4042.82,56.29,51.08,57.993399999999994,52.449799999999996,25.03649635704706
692,4042.84,56.129999999999995,50.93,57.845,52.335,25.009063293921123
693,4042.86,55.97,50.84,57.6954,52.223,24.986312324888086
694,4042.88,55.905,50.75,57.5484,52.1132,24.958879833440058
695,4042.9,55.84,50.625,57.40599999999999,52.0042,24.92676896432973
696,4042.92,55.650000000000006,50.5,57.2632,51.8954,24.90563377043369
697,4042.94,55.46,50.4,57.12,51.7878,24.889986934306506
698,4042.96,55.355000000000004,50.3,56.979800000000004,51.678000000000004,24.868045361598814
699,4042.98,55.25,50.129999999999995,56.841800000000006,51.56320000000001,24.83513400176701
700,4043.0,55.095,49.96,56.70399999999999,51.446000000000005,24.80303790451689
701,4043.02,54.94,49.865,56.5676,51.32939999999999,24.7756145818418
702,4043.04,54.739999999999995,49.77,56.4308,51.2126,24.752860833542954
703,4043.06,54.54,49.715,56.28979999999999,51.0972,24.73010715030284
704,4043.08,54.47,49.66,56.1498,50.98480000000001,24.708168720203368
705,4043.1,54.4,49.525,56.0138,50.8722,24.682381559440717
706,4043.12,54.25,49.39,55.878600000000006,50.7592,24.66126554701473
707,4043.14,54.1,49.35,55.742799999999995,50.6496,24.644814624255435
708,4043.16,54.019999999999996,49.31,55.6092,50.5392,24.62288054368237
709,4043.18,53.94,49.175,55.4776,50.4242,24.59464177325793
710,4043.2,53.785,49.04,55.345,50.31,24.578191533306274
711,4043.22,53.63,48.89,55.21019999999999,50.196,24.551598576149612
712,4043.24,53.55,48.74,55.0762,50.080999999999996,24.513218400146823
713,4043.26,53.47,48.620000000000005,54.946999999999996,49.9662,24.491287626431873
714,4043.28,53.3,48.5,54.818999999999996,49.851800000000004,24.47566688563829
715,4043.3,53.13,48.41,54.6884,49.739,24.449084546374127
716,4043.32,52.980000000000004,48.32,54.556000000000004,49.628600000000006,24.42798755403856
717,4043.34,52.83,48.235,54.424,49.5208,24.406893603738578
718,4043.36,52.675,48.15,54.292199999999994,49.4132,24.384968616239302
719,4043.38,52.52,48.03,54.156800000000004,49.30440000000001,24.36304419751304
720,4043.4,52.425,47.91,54.0202,49.1958,24.341955939481256
721,4043.42,52.33,47.745,53.8874,49.08560000000001,24.314552880317205
722,4043.44,52.195,47.58,53.75679999999999,48.9728,24.291793791252246
723,4043.46,52.06,47.465,53.625,48.85940000000001,24.276190100625364
724,4043.48,51.91,47.35,53.49139999999999,48.7482,24.26058886138358
725,4043.5,51.76,47.245000000000005,53.358000000000004,48.639599999999994,24.237829091298465
726,4043.52,51.75,47.14,53.2304,48.53060000000001,24.21042946612233
727,4043.54,51.74,47.045,53.1104,48.4216,24.183872827082336
728,4043.56,51.61,46.95,52.99320000000001,48.31100000000001,24.162799109064654
729,4043.58,51.48,46.83,52.8736,48.1978,24.141728506936147
730,4043.6,51.3,46.71,52.7496,48.08520000000001,24.12613948739701
731,4043.62,51.12,46.575,52.624399999999994,47.9726,24.104225863958373
732,4043.64,50.985,46.44,52.49980000000001,47.8562,24.075985772639584
733,4043.66,50.85,46.285,52.373000000000005,47.735200000000006,24.049444424725994
734,4043.68,50.72,46.13,52.2442,47.61339999999999,24.029237188999314
735,4043.7,50.59,46.09,52.11639999999999,47.4954,24.00818224387833
736,4043.72,50.495000000000005,46.05,51.99100000000001,47.381800000000005,23.986274259791287
737,4043.74,50.4,46.019999999999996,51.865,47.273,23.96351089794171
738,4043.76,50.265,45.99,51.7368,47.1678,23.940747585565994
739,4043.78,50.13,45.885000000000005,51.61,47.063199999999995,23.918839867798066
740,4043.8,50.07,45.78,51.4876,46.958,23.902409476792446
741,4043.82,50.01,45.650000000000006,51.3688,46.8512,23.885979430946904
742,4043.84,49.894999999999996,45.52,51.251400000000004,46.7426,23.86493176314197
743,4043.86,49.78,45.435,51.135600000000004,46.63399999999999,23.838411398692333
744,4043.88,49.6,45.35,51.01879999999999,46.5268,23.816508185053376
745,4043.9,49.42,45.25,50.898599999999995,46.42040000000001,23.79460559431591
746,4043.92,49.295,45.15,50.7772,46.3166,23.779042757404895
747,4043.94,49.17,45.025,50.6562,46.214400000000005,23.762617169311053
748,4043.96,49.120000000000005,44.9,50.538599999999995,46.111799999999995,23.740716940653474
749,4043.98,49.07,44.84,50.425,46.0114,23.719684247332314
750,4044.0,49.015,44.78,50.315200000000004,45.9128,23.697786081948756
751,4044.02,48.96,44.69,50.20360000000001,45.814800000000005,23.6704142731523
752,4044.04,48.795,44.6,50.0858,45.717,23.649388069751744
753,4044.06,48.63,44.53,49.9666,45.6202,23.633838689687924
754,4044.08,48.525000000000006,44.46,49.84839999999999,45.5254,23.61829190030976
755,4044.1,48.42,44.394999999999996,49.7332,45.4328,23.60274770569056
756,4044.12,48.235,44.33,49.61780000000001,45.34299999999999,23.59267873457298
757,4044.14,48.05,44.2,49.5004,45.2534,23.577139419937676
758,4044.16,47.989999999999995,44.07,49.386,45.16479999999999,23.556130744138006
759,4044.18,47.93,43.980000000000004,49.27439999999999,45.0788,23.534243262119418
760,4044.2,47.715,43.89,49.159400000000005,44.9908,23.517828079794175
761,4044.22,47.5,43.83,49.0396,44.902,23.495941753741114
762,4044.24,47.44,43.77,48.921200000000006,44.812,23.47229039329962
763,4044.26,47.38,43.650000000000006,48.8058,44.7184,23.455875342350637
764,4044.28,47.305,43.53,48.692800000000005,44.6242,23.440344238722563
765,4044.3,47.23,43.46,48.5792,44.531400000000005,23.418459414383463
766,4044.32,47.144999999999996,43.39,48.4646,44.441,23.39746150898199
767,4044.34,47.06,43.285,48.3512,44.3516,23.370996610556627
768,4044.36,46.915000000000006,43.18,48.236599999999996,44.2614,23.34911562780615
769,4044.38,46.77,43.22,48.123400000000004,44.1762,23.331815559600024
770,4044.4,46.64,43.26,48.0122,44.096599999999995,23.315405018687844
771,4044.42,46.51,43.14,47.9008,44.0162,23.3062475255316
772,4044.44,46.33,43.02,47.787200000000006,43.93599999999999,23.30167100668875
773,4044.46,46.15,42.97,47.6684,43.8588,23.289838863513403
774,4044.48,46.03,42.92,47.546800000000005,43.782,23.27889997340759
775,4044.5,45.91,42.835,47.4226,43.7042,23.26885559662219
776,4044.52,45.76,42.75,47.2946,43.626599999999996,23.25791747012213
777,4044.54,45.61,42.65,47.1672,43.54859999999999,23.241510609333595
778,4044.56,45.6,42.55,47.04599999999999,43.46940000000001,23.220532673652805
779,4044.58,45.59,42.53,46.9286,43.3922,23.20502629014322
780,4044.6,45.480000000000004,42.51,46.81100000000001,43.3168,23.194090047285684
781,4044.62,45.37,42.465,46.6964,43.242200000000004,23.177686016350748
782,4044.64,45.22,42.42,46.5832,43.17100000000001,23.162184046304308
783,4044.66,45.07,42.425,46.46639999999999,43.1052,23.15124892758113
784,4044.68,44.945,42.43,46.34700000000001,43.043200000000006,23.144879121122138
785,4044.7,44.82,42.315,46.2312,42.9802,23.133943840170932
786,4044.72,44.685,42.2,46.118599999999994,42.915,23.123008734114222
787,4044.74,44.55,42.115,46.00299999999999,42.848800000000004,23.11207380481545
788,4044.76,44.385,42.03,45.883199999999995,42.784,23.102948116558558
789,4044.78,44.22,41.965,45.7598,42.7214,23.087454341784998
790,4044.8,44.099999999999994,41.9,45.6346,42.659,23.07561415720218
791,4044.82,43.98,41.86,45.508,42.5978,23.071054865401774
792,4044.84,43.84,41.82,45.3792,42.5392,23.067406751107296
793,4044.86,43.7,41.785,45.250600000000006,42.4834,23.062851737700218
794,4044.88,43.620000000000005,41.75,45.1246,42.4246,23.057386066066755
795,4044.9,43.54,41.68,45.00059999999999,42.361399999999996,23.046454872880073
796,4044.92,43.445,41.61,44.878,42.3002,23.036436897737595
797,4044.94,43.35,41.545,44.7588,42.2412,23.03188596136611
798,4044.96,43.205,41.48,44.64099999999999,42.181599999999996,23.026420994243725
799,4044.98,43.06,41.425,44.522200000000005,42.1218,23.010026393914178
800,4045.0,42.92,41.37,44.40259999999999,42.063199999999995,23.000013520642728
801,4045.02,42.78,41.355000000000004,44.28339999999999,42.0074,23.006395472574155
802,4045.04,42.67,41.34,44.1658,41.955,23.011859793906616
803,4045.06,42.56,41.335,44.044200000000004,41.906400000000005,23.006395443728817
804,4045.08,42.485,41.33,43.92,41.8584,23.001849856182833
805,4045.1,42.41,41.25,43.7972,41.808,22.997305790694117
806,4045.12,42.355,41.17,43.6766,41.7562,22.9927632487396
807,4045.14,42.3,41.085,43.5598,41.702799999999996,22.98729973763404
808,4045.16,42.135,41.0,43.442400000000006,41.6458,22.985457860436927
809,4045.18,41.97,40.995000000000005,43.32339999999999,41.5884,22.98545784642614
810,4045.2,41.855000000000004,40.99,43.2048,41.5354,22.98183624546037
811,4045.22,41.74,41.0,43.086999999999996,41.4874,22.970909469984726
812,4045.24,41.59,41.01,42.96860000000001,41.4432,22.965446144403153
813,4045.26,41.44,40.935,42.8508,41.39939999999999,22.97183259224175
814,4045.28,41.33,40.86,42.735200000000006,41.355199999999996,22.983682652105262
815,4045.3,41.22,40.82,42.62,41.312,22.989145648995887
816,4045.32,41.165,40.78,42.5074,41.2688,22.988222103096444
817,4045.34,41.11,40.760000000000005,42.398199999999996,41.226400000000005,22.98368260897739
818,4045.36,40.965,40.74,42.2888,41.1846,22.98007069324037
819,4045.38,40.82,40.69,42.1768,41.1422,22.98099777036495
820,4045.4,40.745000000000005,40.64,42.065,41.10060000000001,22.98738797188971
821,4045.42,40.67,40.66,41.95400000000001,41.0626,22.988316907598808
822,4045.44,40.525000000000006,40.68,41.841,41.028,22.98831689353091
823,4045.46,40.38,40.625,41.728,40.9938,22.993778790033673
824,4045.48,40.290000000000006,40.57,41.617200000000004,40.9596,23.00563206423335
825,4045.5,40.2,40.61,41.5084,40.9292,23.012024026458725
826,4045.52,40.115,40.65,41.4018,40.900999999999996,23.012024012104025
827,4045.54,40.03,40.61,41.2962,40.8718,23.017485654482172
828,4045.56,39.975,40.57,41.1928,40.8412,23.023878085277513
829,4045.58,39.92,40.54,41.090199999999996,40.8096,23.029339600541512
830,4045.6,39.82,40.51,40.986599999999996,40.78,23.0348011624578
831,4045.62,39.72,40.515,40.8812,40.7538,23.03480114877941
832,4045.64,39.599999999999994,40.52,40.7732,40.7312,23.040262758363287
833,4045.66,39.48,40.525000000000006,40.667,40.7122,23.05304851886468
834,4045.68,39.42,40.53,40.565,40.6936,23.064903503590852
835,4045.7,39.36,40.445,40.4652,40.671800000000005,23.075825929875116
836,4045.72,39.275,40.36,40.3666,40.6462,23.09767136001612
837,4045.74,39.19,40.3,40.2706,40.6178,23.10859435018405
838,4045.76,39.2,40.24,40.181,40.59,23.10406460881071
839,4045.78,39.21,40.25,40.096199999999996,40.565599999999996,23.104064594002672
840,4045.8,39.06,40.26,40.009800000000006,40.5432,23.10859430864924
841,4045.82,38.91,40.29,39.9196,40.5236,23.120448622325874
842,4045.84,38.805,40.32,39.827400000000004,40.506,23.13869713839268
843,4045.86,38.7,40.254999999999995,39.7368,40.4866,23.156013618341518
844,4045.88,38.615,40.19,39.6486,40.4666,23.173330231803877
845,4045.9,38.53,40.144999999999996,39.56,40.446799999999996,23.185186116644818
846,4045.92,38.480000000000004,40.1,39.4724,40.4244,23.196107874026342
847,4045.94,38.43,40.1,39.388600000000004,40.401199999999996,23.207029818625678
848,4045.96,38.379999999999995,40.1,39.3086,40.3802,23.217951950178104
849,4045.98,38.33,40.035,39.230199999999996,40.3588,23.228874269588797
850,4046.0,38.3,39.97,39.1542,40.333200000000005,23.23526842057361
851,4046.02,38.27,40.004999999999995,39.0804,40.3074,23.24166320796242
852,4046.04,38.24,40.04,39.008799999999994,40.2846,23.258046010053633
853,4046.06,38.21,40.0,38.938199999999995,40.2618,23.279890404872774
854,4046.08,38.14,39.96,38.867,40.2386,23.29174566804192
855,4046.1,38.07,39.985,38.797000000000004,40.217600000000004,23.291745654140197
856,4046.12,37.96,40.01,38.7266,40.1974,23.30266787398568
857,4046.14,37.85,39.974999999999994,38.6566,40.175599999999996,23.32637892264677
858,4046.16,37.8,39.94,38.5894,40.1522,23.350091316156156
859,4046.18,37.75,39.945,38.522600000000004,40.1288,23.36647350003576
860,4046.2,37.730000000000004,39.95,38.4574,40.108999999999995,23.376461573312955
861,4046.22,37.71,39.93,38.394800000000004,40.091800000000006,23.387383879826764
862,4046.24,37.64,39.91,38.3328,40.0762,23.40470021713745
863,4046.26,37.57,39.864999999999995,38.2676,40.0612,23.416555659911534
864,4046.28,37.65,39.82,38.2052,40.044,23.428411438292514
865,4046.3,37.73,39.815,38.152,40.026199999999996,23.445728327663982
866,4046.32,37.705,39.81,38.1038,40.007,23.457584649083625
867,4046.34,37.68,39.745000000000005,38.0588,39.983999999999995,23.46944130522042
868,4046.36,37.56,39.68,38.0132,39.961,23.479427697778064
869,4046.38,37.44,39.59,37.9662,39.937,23.483955014325577
870,4046.4,37.33,39.5,37.9182,39.9112,23.50127148893096
871,4046.42,37.22,39.54,37.867799999999995,39.8888,23.523116034690172
872,4046.44,37.114999999999995,39.58,37.8152,39.867999999999995,23.53856853608355
873,4046.46,37.01,39.65,37.7604,39.85,23.55588422941844
874,4046.48,36.995,39.72,37.707,39.837399999999995,23.574132176150066
875,4046.5,36.98,39.724999999999994,37.6542,39.8276,23.590516013339453
876,4046.52,37.015,39.73,37.604,39.8166,23.61143116596679
877,4046.54,37.05,39.73,37.556400000000004,39.8042,23.628746579391947
878,4046.56,37.084999999999994,39.73,37.5114,39.7934,23.636070797745283
879,4046.58,37.12,39.675,37.4706,39.782,23.646993453632525
880,4046.6,37.07,39.62,37.4306,39.767399999999995,23.66790884650949
881,4046.62,37.02,39.575,37.393,39.75,23.683365544083923
882,4046.64,36.875,39.53,37.354,39.732200000000006,23.688827682444565
883,4046.66,36.73,39.515,37.3112,39.7152,23.700680297306423
884,4046.68,36.69,39.5,37.2688,39.697399999999995,23.7234571943564
885,4046.7,36.65,39.515,37.22559999999999,39.68,23.741701863047794
886,4046.72,36.705,39.53,37.1854,39.663999999999994,23.753555686954275
887,4046.74,36.76,39.545,37.1502,39.6494,23.769011043033696
888,4046.76,36.72,39.56,37.1162,39.6372,23.785397098958875
889,4046.78,36.68,39.535,37.0774,39.6258,23.796321357661085
890,4046.8,36.625,39.51,37.033199999999994,39.6136,23.81178115171326
891,4046.82,36.57,39.55,36.9878,39.6032,23.8345577067828
892,4046.84,36.54,39.59,36.9422,39.597,23.857334285147342
893,4046.86,36.51,39.545,36.9002,39.5916,23.872796259895583
894,4046.88,36.45,39.5,36.8606,39.588,23.888260908026037
895,4046.9,36.39,39.510000000000005,36.823,39.5884,23.909191749308388
896,4046.92,36.345,39.52,36.788000000000004,39.587599999999995,23.931046271513956
897,4046.94,36.3,39.53,36.7554,39.58560000000001,23.949279934579707
898,4046.96,36.28,39.54,36.7262,39.581199999999995,23.9611291097419
899,4046.98,36.26,39.535,36.696799999999996,39.5738,23.976597634097605
900,4047.0,36.254999999999995,39.53,36.6678,39.566,23.998452597687137
901,4047.02,36.25,39.555,36.6372,39.559,24.02030826622306
902,4047.04,36.22,39.58,36.604,39.553,24.041246544895163
903,4047.06,36.19,39.605000000000004,36.568200000000004,39.547999999999995,24.068569040143302
904,4047.08,36.16,39.63,36.5298,39.5462,24.096808636199636
905,4047.1,36.13,39.55,36.4922,39.5434,24.114119060343572
906,4047.12,36.095,39.47,36.4552,39.539199999999994,24.1305128735015
907,4047.14,36.06,39.455,36.422599999999996,39.5362,24.152371902952513
908,4047.16,36.075,39.44,36.3964,39.5332,24.180611551354588
909,4047.18,36.09,39.459999999999994,36.3724,39.5316,24.19700630390539
910,4047.2,36.09,39.48,36.35,39.5302,24.207936349556828
911,4047.22,36.09,39.5,36.3254,39.529,24.22979697189057
912,4047.24,36.025000000000006,39.52,36.296,39.528,24.244369056521972
913,4047.26,35.96,39.540000000000006,36.2656,39.5272,24.253481634978606
914,4047.28,36.019999999999996,39.56,36.239200000000004,39.5282,24.275347083941966
915,4047.3,36.08,39.545,36.217400000000005,39.5296,24.304495230984376
916,4047.32,36.09,39.53,36.1982,39.528800000000004,24.3208941680744
917,4047.34,36.1,39.555,36.1806,39.5274,24.34094748831222
918,4047.36,36.019999999999996,39.58,36.161,39.528800000000004,24.3682827830477
919,4047.38,35.94,39.59,36.1406,39.532399999999996,24.390151770381866
920,4047.4,35.97,39.6,36.1238,39.536,24.417488948196006
921,4047.42,36.0,39.585,36.11,39.5386,24.439359437864045
922,4047.44,36.004999999999995,39.57,36.0982,39.5402,24.453962637270596
923,4047.46,36.01,39.59,36.0874,39.5422,24.47404131868291
924,4047.48,35.915,39.61,36.0736,39.5452,24.4959168394204
925,4047.5,35.82,39.67,36.056200000000004,39.5508,24.51779301378694
926,4047.52,35.78,39.73,36.037400000000005,39.5578,24.539669840381404
927,4047.54,35.74,39.709999999999994,36.0182,39.563,24.556971688089728
928,4047.56,35.86,39.69,36.005,39.5664,24.578848856276792
929,4047.58,35.98,39.635,35.9978,39.5666,24.60530421751818
930,4047.6,36.05,39.58,35.9946,39.5678,24.61624383899052
931,4047.62,36.12,39.585,35.995599999999996,39.5724,24.62260512472641
932,4047.64,36.105000000000004,39.59,35.9974,39.5778,24.64448423438765
933,4047.66,36.09,39.585,35.998,39.5836,24.671834030549615
934,4047.68,36.075,39.58,35.9974,39.5884,24.694604409782198
935,4047.7,36.06,39.59,35.9962,39.592800000000004,24.711014652339944
936,4047.72,36.05,39.6,35.9946,39.5968,24.726536611722047
937,4047.74,36.04,39.66,35.9952,39.6024,24.747531874947537
938,4047.76,36.08,39.72,36.0,39.6096,24.76853030867401
939,4047.78,36.12,39.775,36.004,39.6182,24.791299649619752
940,4047.8,36.175,39.83,36.007799999999996,39.6296,24.808597949618346
941,4047.82,36.23,39.879999999999995,36.013400000000004,39.6436,24.82959851925581
942,4047.84,36.23,39.93,36.0186,39.6586,24.856956038165578
943,4047.86,36.23,39.85,36.027,39.6694,24.8788427558916
944,4047.88,36.269999999999996,39.77,36.0402,39.6766,24.89984962807838
945,4047.9,36.31,39.815,36.053799999999995,39.6852,24.92085963159301
946,4047.92,36.305,39.86,36.066,39.6962,24.93639997393421
947,4047.94,36.3,39.84,36.077799999999996,39.707,24.948222378140247
948,4047.96,36.285,39.82,36.0888,39.7162,24.96639583736854
949,4047.98,36.27,39.785,36.103,39.7232,24.98828565923001
950,4048.0,36.295,39.75,36.122,39.7264,25.003826619409192
951,4048.02,36.32,39.760000000000005,36.1436,39.7276,25.01389690410071
952,4048.04,36.4,39.77,36.17,39.73,25.030316397182837
953,4048.06,36.48,39.825,36.194799999999994,39.7354,25.052209592366854
954,4048.08,36.48,39.88,36.2148,39.7452,25.067757289119825
955,4048.1,36.48,39.915000000000006,36.232,39.7586,25.09512616246298
956,4048.12,36.56,39.95,36.2496,39.7732,25.12249597952995
957,4048.14,36.64,39.97,36.271,39.788399999999996,25.138049145712607
958,4048.16,36.675,39.99,36.2944,39.8046,25.15447238807655
959,4048.18,36.71,39.955,36.3198,39.8196,25.171764004193843
960,4048.2,36.735,39.92,36.3468,39.8328,25.18818735389072
961,4048.22,36.76,39.875,36.3752,39.8438,25.19913643608336
962,4048.24,36.82,39.83,36.4064,39.8506,25.20461102652531
963,4048.26,36.88,39.785,36.438399999999994,39.8532,25.214693802387387
964,4048.28,36.900000000000006,39.74,36.4696,39.8518,25.236593625474274
965,4048.3,36.92,39.765,36.4994,39.8492,25.253018878660516
966,4048.32,36.915,39.79,36.5268,39.845600000000005,25.263105339459102
967,4048.34,36.91,39.9,36.553999999999995,39.8444,25.280395035208432
968,4048.36,36.94499999999999,40.01,36.5826,39.8508,25.297684890116006
969,4048.38,36.98,40.01,36.611,39.8604,25.3132476442194
970,4048.4,37.004999999999995,40.01,36.6388,39.8682,25.3187231982865
971,4048.42,37.03,40.004999999999995,36.6678,39.874,25.329674430056112
972,4048.44,37.09,40.0,36.6994,39.8804,25.357053171232234
973,4048.46,37.15,39.975,36.734,39.8866,25.379817739651944
974,4048.48,37.144999999999996,39.95,36.769,39.8932,25.396245297658034
975,4048.5,37.14,39.975,36.8028,39.9022,25.411813377220835
976,4048.52,37.230000000000004,40.0,36.8392,39.9118,25.42190735676611
977,4048.54,37.32,39.94,36.876,39.9186,25.427383825997214
978,4048.56,37.32,39.88,36.9096,39.9208,25.43371845319866
979,4048.58,37.32,39.915000000000006,36.943200000000004,39.9222,25.445529912038097
980,4048.6,37.405,39.95,36.980199999999996,39.9236,25.456482449101053
981,4048.62,37.49,40.0,37.017399999999995,39.9256,25.477530378739495
982,4048.64,37.47,40.05,37.0506,39.9288,25.49858130195096
983,4048.66,37.45,40.084999999999994,37.0816,39.9326,25.510390838589416
984,4048.68,37.5,40.12,37.1132,39.9392,25.528534362672065
985,4048.7,37.55,40.07,37.1458,39.9452,25.539487612642045
986,4048.72,37.515,40.02,37.176,39.951,25.538631092289894
987,4048.74,37.48,40.040000000000006,37.202400000000004,39.9594,25.543252565715985
988,4048.76,37.515,40.06,37.2278,39.9704,25.565161119761203
989,4048.78,37.55,40.065,37.2538,39.9834,25.588779018987506
990,4048.8,37.635,40.07,37.282399999999996,39.995599999999996,25.600588486035974
991,4048.82,37.72,40.055,37.3146,40.0062,25.61068723633537
992,4048.84,37.7,40.04,37.346199999999996,40.0118,25.621641558252843
993,4048.86,37.68,40.045,37.3756,40.013200000000005,25.63807331522548
994,4048.88,37.69,40.05,37.404,40.0148,25.653652724132034
995,4048.9,37.7,40.03,37.431799999999996,40.0156,25.66460797893814
996,4048.92,37.730000000000004,40.01,37.4598,40.0158,25.67556337425242
997,4048.94,37.76,40.03,37.486599999999996,40.016999999999996,25.686518910374517
998,4048.96,37.79,40.05,37.5122,40.02,25.698325801266137
999,4048.98,37.82,40.135,37.5392,40.0274,25.70928125634608
1000,4049.0,37.86,40.22,37.568000000000005,40.037200000000006,25.71938636478026
1001,4049.02,37.9,40.235,37.5948,40.046600000000005,25.741298715702644
1002,4049.04,37.925,40.25,37.619,40.059,25.7522550929725
1003,4049.06,37.95,40.17,37.6442,40.0706,25.747626450051598
1004,4049.08,38.025000000000006,40.09,37.672399999999996,40.077600000000004,25.760283779358186
1005,4049.1,38.1,40.095,37.7002,40.0834,25.776717095108214
1006,4049.12,38.075,40.1,37.723600000000005,40.087399999999995,25.782194928235665
1007,4049.14,38.05,40.1,37.7468,40.0894,25.78304621167549
1008,4049.16,38.084999999999994,40.1,37.772200000000005,40.09,25.79400163562111
1009,4049.18,38.12,40.144999999999996,37.797000000000004,40.091,25.820540793999847
1010,4049.2,38.12,40.19,37.8198,40.0958,25.83697526306915
1011,4049.22,38.12,40.224999999999994,37.844,40.104,25.8424534809658
1012,4049.24,38.09,40.26,37.868399999999994,40.1128,25.858040526844388
1013,4049.26,38.06,40.28,37.8902,40.1216,25.874476266425287
1014,4049.28,38.075,40.3,37.9112,40.131,25.879954906384363
1015,4049.3,38.09,40.28,37.9294,40.1394,25.885433581012038
1016,4049.32,38.165000000000006,40.26,37.9472,40.1476,25.89639104723394
1017,4049.34,38.24,40.14,37.9688,40.1516,25.91282751227674
1018,4049.36,38.245000000000005,40.02,37.991400000000006,40.1506,25.924631014796375
1019,4049.38,38.25,40.05500000000001,38.0138,40.1508,25.93095622666038
1020,4049.4,38.254999999999995,40.09,38.036,40.1532,25.941913530064692
1021,4049.42,38.26,40.135000000000005,38.0572,40.1582,25.95202524597218
1022,4049.44,38.25,40.18,38.076800000000006,40.164199999999994,25.950336561766118
1023,4049.46,38.24,40.235,38.094800000000006,40.1716,25.949493603477062
1024,4049.48,38.22,40.29,38.1108,40.177800000000005,25.96677457874168
1025,4049.5,38.2,40.275,38.1244,40.18,25.995014436735854
1026,4049.52,38.245000000000005,40.26,38.138200000000005,40.181,26.01229559370582
1027,4049.54,38.29,40.275,38.1528,40.181999999999995,26.01777491442306
1028,4049.56,38.295,40.29,38.1666,40.1868,26.02325426960536
1029,4049.58,38.3,40.295,38.177600000000005,40.195,26.024097667033537
1030,4049.6,38.315,40.3,38.1862,40.2032,26.035900116297633
1031,4049.62,38.33,40.305,38.1964,40.211400000000005,26.063296019797505
1032,4049.64,38.305,40.31,38.2066,40.2198,26.078891405576453
1033,4049.66,38.28,40.275000000000006,38.2144,40.2268,26.083529497068273
1034,4049.68,38.28,40.24,38.2208,40.2306,26.094489068946142
1035,4049.7,38.28,40.315,38.227199999999996,40.235600000000005,26.105448776427732
1036,4049.72,38.345,40.39,38.2362,40.242200000000004,26.10925028179514
1037,4049.74,38.41,40.35,38.249,40.2458,26.113056210270695
1038,4049.76,38.394999999999996,40.31,38.2624,40.247,26.124017593626135
1039,4049.78,38.38,40.31,38.2746,40.2474,26.142132526400058
1040,4049.8,38.295,40.31,38.2828,40.2486,26.153930872226955
1041,4049.82,38.21,40.34,38.2846,40.2518,26.158574094862182
1042,4049.84,38.260000000000005,40.37,38.2854,40.261,26.169535312002218
1043,4049.86,38.31,40.315,38.288000000000004,40.2728,26.181333115568556
1044,4049.88,38.375,40.26,38.293,40.281,26.186813658846415
1045,4049.9,38.44,40.29,38.300399999999996,40.289,26.191458133170247
1046,4049.92,38.415,40.32,38.306599999999996,40.2964,26.20706595446276
1047,4049.94,38.39,40.385000000000005,38.3122,40.3046,26.23447163518882
1048,4049.96,38.32,40.45,38.315400000000004,40.3132,26.25174870108468
1049,4049.98,38.25,40.525000000000006,38.3166,40.322599999999994,26.257229850869194
1050,4050.0,38.265,40.6,38.3192,40.3356,26.262711034044315
1051,4050.02,38.28,40.59,38.3206,40.348800000000004,26.268192250938036
1052,4050.04,38.28,40.58,38.3202,40.361,26.284636123413048
1053,4050.06,38.28,40.474999999999994,38.3196,40.3684,26.306561751538798
1054,4050.08,38.295,40.37,38.3194,40.3714,26.312043230829616
1055,4050.1,38.31,40.37,38.3192,40.3742,26.31287548927868
1056,4050.12,38.375,40.37,38.321,40.376799999999996,26.31918983993398
1057,4050.14,38.44,40.4,38.32640000000001,40.3804,26.33563355991559
1058,4050.16,38.45,40.43,38.3332,40.3866,26.36137808610622
1059,4050.18,38.46,40.455,38.3404,40.3952,26.376165977558106
1060,4050.2,38.465,40.48,38.3478,40.4018,26.38164822762394
1061,4050.22,38.47,40.465,38.3528,40.4048,26.387130509770486
1062,4050.24,38.485,40.45,38.3558,40.4088,26.392612823977522
1063,4050.26,38.5,40.41,38.36000000000001,40.412800000000004,26.3980951705736
1064,4050.28,38.435,40.37,38.3622,40.4152,26.407408031607133
1065,4050.3,38.37,40.364999999999995,38.3652,40.4174,26.422209244724332
1066,4050.32,38.34,40.36,38.370400000000004,40.4182,26.438659040271503
1067,4050.34,38.31,40.445,38.3724,40.4212,26.44962572678393
1068,4050.36,38.33,40.53,38.373200000000004,40.4298,26.459771465922525
1069,4050.38,38.35,40.535,38.3722,40.440799999999996,26.480886682433688
1070,4050.4,38.355000000000004,40.54,38.3688,40.4508,26.49733854640937
1071,4050.42,38.36,40.485,38.3666,40.4574,26.50446107769979
1072,4050.44,38.415,40.43,38.3676,40.4592,26.51158659745239
1073,4050.46,38.47,40.45,38.373599999999996,40.4592,26.517069991794997
1074,4050.48,38.455,40.47,38.3818,40.457,26.532699707249574
1075,4050.5,38.44,40.465,38.3888,40.4516,26.548331632464908
1076,4050.52,38.435,40.46,38.395,40.4464,26.552997396048635
1077,4050.54,38.43,40.455,38.401,40.4414,26.55766443665072
1078,4050.56,38.45,40.45,38.4078,40.4404,26.563148792712756
1079,4050.58,38.47,40.485,38.4148,40.445,26.574117610613293
1080,4050.6,38.465,40.52,38.42100000000001,40.451,26.590571078341842
1081,4050.62,38.46,40.510000000000005,38.4244,40.4566,26.607024827214694
1082,4050.64,38.504999999999995,40.5,38.427,40.4606,26.617994144238818
1083,4050.66,38.55,40.495000000000005,38.431,40.4632,26.634448360220066
1084,4050.68,38.575,40.49,38.4356,40.4646,26.650902857005523
1085,4050.7,38.6,40.480000000000004,38.441,40.4646,26.65253226124478
1086,4050.72,38.57,40.47,38.445,40.4648,26.665133768220617
1087,4050.74,38.54,40.495000000000005,38.447199999999995,40.4666,26.692555515396837
1088,4050.76,38.56,40.52,38.449600000000004,40.471,26.701894410579357
1089,4050.78,38.58,40.49,38.4554,40.4758,26.70108074433854
1090,4050.8,38.56,40.46,38.463,40.4796,26.712864101594935
1091,4050.82,38.54,40.47,38.471,40.484,26.723833929764176
1092,4050.84,38.575,40.48,38.4816,40.4854,26.734803880894553
1093,4050.86,38.61,40.45,38.492799999999995,40.482200000000006,26.7465871745989
1094,4050.88,38.67,40.42,38.5056,40.4776,26.752886038819565
1095,4050.9,38.73,40.435,38.5206,40.4734,26.763855631870644
1096,4050.92,38.754999999999995,40.45,38.5364,40.472,26.769340468044714
1097,4050.94,38.78,40.480000000000004,38.551,40.474000000000004,26.76934045593097
1098,4050.96,38.825,40.51,38.565200000000004,40.4764,26.774825322970493
1099,4050.98,38.87,40.47,38.5818,40.476400000000005,26.78112424109476
1100,4051.0,38.86,40.43,38.5986,40.475,26.785795151276695
1101,4051.02,38.85,40.445,38.6152,40.4744,26.800626139198815
1102,4051.04,38.870000000000005,40.46,38.632799999999996,40.4746,26.817082409467023
1103,4051.06,38.89,40.475,38.6504,40.47560000000001,26.822567886749937
1104,4051.08,38.91,40.49,38.668,40.4758,26.83272928285336
1105,4051.1,38.93,40.575,38.6866,40.478,26.84289236094023
1106,4051.12,38.945,40.66,38.706,40.484,26.848378321162325
1107,4051.14,38.96,40.62,38.7242,40.4888,26.864836406805143
1108,4051.16,39.025000000000006,40.58,38.743199999999995,40.492200000000004,26.875808611780375
1109,4051.18,39.09,40.58,38.7638,40.4958,26.87193858623666
1110,4051.2,39.135000000000005,40.58,38.7852,40.4998,26.871938574535882
1111,4051.22,39.18,40.635,38.8096,40.5064,26.88210200618385
1112,4051.24,39.230000000000004,40.69,38.8372,40.5142,26.888396022092785
1113,4051.26,39.28,40.68,38.866,40.5206,26.899367809400054
1114,4051.28,39.269999999999996,40.67,38.8936,40.5278,26.915825724842165
1115,4051.3,39.26,40.665,38.9216,40.536,26.921311748944074
1116,4051.32,39.315,40.66,38.952600000000004,40.5436,26.92131173660804
1117,4051.34,39.37,40.655,38.9844,40.5506,26.93228388758753
1118,4051.36,39.45,40.65,39.018,40.5586,26.948742347174257
1119,4051.38,39.53,40.599999999999994,39.0524,40.565799999999996,26.95503548181746
1120,4051.4,39.519999999999996,40.55,39.084,40.5704,26.9558432937016
1121,4051.42,39.51,40.65,39.114200000000004,40.5784,26.961329200512345
1122,4051.44,39.489999999999995,40.75,39.1426,40.5892,26.972301116830227
1123,4051.46,39.47,40.685,39.1684,40.596199999999996,26.977787114626878
1124,4051.48,39.5,40.62,39.193599999999996,40.602199999999996,26.976173662493515
1125,4051.5,39.53,40.715,39.2204,40.6136,26.985537205098712
1126,4051.52,39.58,40.81,39.2496,40.6282,27.00119477292936
1127,4051.54,39.63,40.835,39.28,40.6432,27.007484380319518
1128,4051.56,39.71,40.86,39.3128,40.6586,26.99731454011612
1129,4051.58,39.79,40.845,39.348,40.672799999999995,26.996510695526105
1130,4051.6,39.81,40.83,39.3832,40.683,27.007484342722282
1131,4051.62,39.83,40.765,39.4186,40.687200000000004,27.007484330481553
1132,4051.64,39.864999999999995,40.7,39.4548,40.6904,27.0074843178918
1133,4051.66,39.9,40.735,39.4898,40.6966,27.01377452165832
1134,4051.68,39.915,40.77,39.522800000000004,40.70419999999999,27.02006532117974
1135,4051.7,39.93,40.865,39.5546,40.7156,27.025551916777253
1136,4051.72,40.004999999999995,40.96,39.587599999999995,40.7286,27.035721628823612
1137,4051.74,40.08,40.99,39.6216,40.7406,27.05218228677121
1138,4051.76,40.065,41.02,39.653,40.7542,27.05298536616302
1139,4051.78,40.05,41.065,39.684200000000004,40.77,27.04749859611427
1140,4051.8,40.055,41.11,39.716,40.7878,27.052985341346222
1141,4051.82,40.06,41.1,39.7458,40.8054,27.064762589585783
1142,4051.84,40.05,41.09,39.772999999999996,40.8228,27.075735973825743
1143,4051.86,40.04,41.07,39.7966,40.8396,27.082026763903027
1144,4051.88,40.085,41.05,39.8188,40.857600000000005,27.08912382483369
1145,4051.9,40.13,41.065,39.843199999999996,40.8782,27.094610126633643
1146,4051.92,40.13,41.08,39.867999999999995,40.8954,27.09929110707861
1147,4051.94,40.13,41.095,39.8936,40.9092,27.103973333279768
1148,4051.96,40.25,41.11,39.9248,40.9262,27.10946004957033
1149,4051.98,40.37,41.19,39.9596,40.949,27.115750768211313
1150,4052.0,40.39,41.27,39.994,40.971199999999996,27.115750755920594
1151,4052.02,40.41,41.275000000000006,40.0272,40.989799999999995,27.120433559723878
1152,4052.04,40.44499999999999,41.28,40.0598,41.007600000000004,27.12592036560883
1153,4052.06,40.48,41.315,40.0906,41.0258,27.13140720084255
1154,4052.08,40.435,41.35,40.1164,41.04600000000001,27.141578702159908
1155,4052.1,40.39,41.39,40.139599999999994,41.068400000000004,27.14706578935981
1156,4052.12,40.425,41.43,40.1634,41.095,27.147867885309704
1157,4052.14,40.46,41.415,40.1872,41.1236,27.154157674698087
1158,4052.16,40.504999999999995,41.4,40.2114,41.150200000000005,27.15964449578276
1159,4052.18,40.55,41.394999999999996,40.236799999999995,41.175200000000004,27.159644482610076
1160,4052.2,40.599999999999994,41.39,40.263600000000004,41.1962,27.160448030753557
1161,4052.22,40.65,41.480000000000004,40.2894,41.217,27.166739005552817
1162,4052.24,40.605000000000004,41.57,40.3104,41.240199999999994,27.178517008028475
1163,4052.26,40.56,41.64,40.3302,41.265,27.1894899568157
1164,4052.28,40.59,41.71,40.3518,41.2908,27.189489943814696
1165,4052.3,40.62,41.835,40.3744,41.31980000000001,27.196587837513942
1166,4052.32,40.635,41.96,40.3974,41.3542,27.21466055476524
1167,4052.34,40.65,41.935,40.4214,41.388000000000005,27.225632560854038
1168,4052.36,40.635,41.91,40.4452,41.4216,27.225632547403553
1169,4052.38,40.62,41.89,40.4666,41.455200000000005,27.22014650970102
1170,4052.4,40.655,41.87,40.4876,41.4874,27.22563252147544
1171,4052.42,40.69,41.925,40.51,41.5212,27.242898250138474
1172,4052.44,40.685,41.98,40.532199999999996,41.556599999999996,27.258549268177912
1173,4052.46,40.68,42.015,40.5494,41.5928,27.267911048118485
1174,4052.48,40.66,42.05,40.561,41.6272,27.27259378902854
1175,4052.5,40.64,42.155,40.571,41.662600000000005,27.28356742130659
1176,4052.52,40.629999999999995,42.26,40.5798,41.702,27.30083115353203
1177,4052.54,40.62,42.33,40.5868,41.744,27.312608374207134
1178,4052.56,40.61,42.4,40.592,41.7874,27.318095052907974
1179,4052.58,40.6,42.45,40.598600000000005,41.8314,27.328265380512715
1180,4052.6,40.665,42.5,40.6096,41.8758,27.339239279979566
1181,4052.62,40.73,42.53,40.6218,41.919799999999995,27.351819152349826
1182,4052.64,40.709999999999994,42.56,40.631800000000005,41.9656,27.364401379554543
1183,4052.66,40.69,42.575,40.6392,42.0126,27.36988783987843
1184,4052.68,40.735,42.59,40.6466,42.0604,27.374569843547366
1185,4052.7,40.78,42.685,40.6538,42.112199999999994,27.39022687738178
1186,4052.72,40.85,42.78,40.6618,42.1642,27.405886020579075
1187,4052.74,40.92,42.915,40.6744,42.218,27.416059860508184
1188,4052.76,40.870000000000005,43.05,40.6868,42.27439999999999,27.427034696902872
1189,4052.78,40.82,43.055,40.696,42.328199999999995,27.43332223141343
1190,4052.8,40.8,43.06,40.703199999999995,42.3772,27.439610353932043
1191,4052.82,40.78,43.015,40.708999999999996,42.4194,27.45687324392853
1192,4052.84,40.775000000000006,42.97,40.714,42.4608,27.473334719826997
1193,4052.86,40.77,43.075,40.7194,42.5074,27.48899622175945
1194,4052.88,40.825,43.18,40.7276,42.559,27.505458701705866
1195,4052.9,40.88,43.31,40.7366,42.6166,27.51723326790455
1196,4052.92,40.870000000000005,43.44,40.7438,42.6772,27.534495540841295
1197,4052.94,40.86,43.485,40.7508,42.7374,27.5564452288501
1198,4052.96,40.81,43.53,40.756,42.797999999999995,27.57290779579851
1199,4052.98,40.76,43.510000000000005,40.76,42.8564,27.59016974307375
1200,4053.0,40.705,43.49,40.7626,42.9098,27.60583371000618
1201,4053.02,40.65,43.57,40.763400000000004,42.9622,27.620703341729627
1202,4053.04,40.629999999999995,43.65,40.7638,43.015,27.641861227222268
1203,4053.06,40.61,43.72,40.7638,43.0678,27.663815116989554
1204,4053.08,40.675,43.79,40.766799999999996,43.121399999999994,27.68028082967537
1205,4053.1,40.74,43.864999999999995,40.769800000000004,43.175999999999995,27.697540137265133
1206,4053.12,40.795,43.94,40.7724,43.2324,27.710105936267233
1207,4053.14,40.85,43.965,40.778,43.288599999999995,27.721082555191103
1208,4053.16,40.85,43.99,40.7844,43.3452,27.737547704444697
1209,4053.18,40.85,44.015,40.789,43.4022,27.748524608362974
1210,4053.2,40.885000000000005,44.04,40.7932,43.456399999999995,27.75870827286204
1211,4053.22,40.92,44.09,40.796,43.5088,27.786152113829875
1212,4053.24,40.915,44.14,40.79580000000001,43.5578,27.814388447492867
1213,4053.26,40.91,44.245000000000005,40.7974,43.6056,27.8363439637876
1214,4053.28,40.915,44.35,40.8012,43.657399999999996,27.8582999290806
1215,4053.3,40.92,44.400000000000006,40.806000000000004,43.711000000000006,27.874767194736638
1216,4053.32,40.875,44.45,40.8098,43.7684,27.895145909417614
1217,4053.34,40.83,44.555,40.812,43.8318,27.921807085112917
1218,4053.36,40.83,44.66,40.8144,43.8952,27.943766696731636
1219,4053.38,40.83,44.72,40.8146,43.9568,27.96572674968873
1220,4053.4,40.91,44.78,40.815799999999996,44.015600000000006,27.98219707495946
1221,4053.42,40.99,44.845,40.8206,44.0718,27.99866764722838
1222,4053.44,41.09,44.91,40.8298,44.1288,28.02141296900305
1223,4053.46,41.19,44.97,40.845,44.186400000000006,28.049648523225482
1224,4053.48,41.195,45.03,40.8624,44.24719999999999,28.07160943251269
1225,4053.5,41.2,45.105000000000004,40.8822,44.311800000000005,28.08259004491783
1226,4053.52,41.165000000000006,45.18,40.9028,44.3762,28.09906117482223
1227,4053.54,41.13,45.254999999999995,40.9228,44.4404,28.13122221584513
1228,4053.56,41.13,45.33,40.9436,44.5048,28.164167116848596
1229,4053.58,41.13,45.415,40.961800000000004,44.56980000000001,28.19162194145912
1230,4053.6,41.16,45.5,40.9786,44.635200000000005,28.212807455375767
1231,4053.62,41.19,45.57,40.994400000000006,44.7004,28.223012414880134
1232,4053.64,41.215,45.64,41.00900000000001,44.76740000000001,28.239487019290497
1233,4053.66,41.24,45.72,41.0246,44.836600000000004,28.27399043518486
1234,4053.68,41.245000000000005,45.8,41.0404,44.908,28.308494604830454
1235,4053.7,41.25,45.81,41.055,44.9788,28.33595140268407
1236,4053.72,41.22,45.82,41.067,45.047999999999995,28.363408867715748
1237,4053.74,41.19,45.905,41.078,45.118599999999994,28.390866995896882
1238,4053.76,41.185,45.99,41.089,45.188399999999994,28.405792517772866
1239,4053.78,41.18,46.125,41.0996,45.2594,28.422268843274736
1240,4053.8,41.22,46.26,41.111599999999996,45.33379999999999,28.45599528146763
1241,4053.82,41.26,46.355000000000004,41.126999999999995,45.41,28.4999333932095
1242,4053.84,41.26,46.45,41.1442,45.4858,28.533659897997786
1243,4053.86,41.26,46.505,41.1614,45.5596,28.555629605333188
1244,4053.88,41.28,46.56,41.17940000000001,45.633199999999995,28.576829090136833
1245,4053.9,41.3,46.665000000000006,41.195,45.7086,28.609017042967366
1246,4053.92,41.415,46.77,41.211999999999996,45.785599999999995,28.647468923026732
1247,4053.94,41.53,46.92,41.2296,45.86600000000001,28.686688906148426
1248,4053.96,41.55,47.07,41.244,45.95,28.720415660891003
1249,4053.98,41.57,47.11,41.25900000000001,46.03320000000001,28.74238887929367
1250,4054.0,41.515,47.15,41.2716,46.115,28.764362506192644
1251,4054.02,41.46,47.25,41.2834,46.1978,28.792595860951188
1252,4054.04,41.515,47.35,41.2988,46.281600000000005,28.825556957634593
1253,4054.06,41.57,47.405,41.316399999999994,46.3646,28.863248877255852
1254,4054.08,41.58,47.46,41.334399999999995,46.446400000000004,28.896212819716332
1255,4054.1,41.59,47.57,41.3516,46.5292,28.929177667378795
1256,4054.12,41.64,47.68,41.3696,46.613600000000005,28.96138300907528
1257,4054.14,41.69,47.71,41.3886,46.6964,29.00060459306819
1258,4054.16,41.745,47.74,41.4088,46.77719999999999,29.039826213996506
1259,4054.18,41.8,47.905,41.431000000000004,46.8614,29.077530597188634
1260,4054.2,41.815,48.07,41.453599999999994,46.951800000000006,29.109743832457344
1261,4054.22,41.83,48.129999999999995,41.478,47.044200000000004,29.136465037633446
1262,4054.24,41.864999999999995,48.19,41.505,47.135600000000004,29.168684827057444
1263,4054.26,41.9,48.18,41.5336,47.223200000000006,29.202412102283066
1264,4054.28,41.945,48.17,41.5642,47.30500000000001,29.240882838756733
1265,4054.3,41.99,48.22,41.595,47.3834,29.272358285575255
1266,4054.32,42.035,48.27,41.626000000000005,47.46,29.29434379318105
1267,4054.34,42.08,48.45,41.6588,47.54,29.339064072128078
1268,4054.36,42.08,48.63,41.6916,47.625,29.38928099960703
1269,4054.38,42.08,48.735,41.723600000000005,47.711999999999996,29.42775743745062
1270,4054.4,42.065,48.84,41.7542,47.79900000000001,29.46548931834897
1271,4054.42,42.05,48.895,41.7796,47.88400000000001,29.497727805988742
1272,4054.44,42.12,48.95,41.8032,47.9652,29.525214600118595
1273,4054.46,42.19,48.975,41.8288,48.0414,29.55968542637595
1274,4054.48,42.239999999999995,49.0,41.8556,48.117,29.5989101790305
1275,4054.5,42.29,49.114999999999995,41.8866,48.195600000000006,29.647644914864134
1276,4054.52,42.349999999999994,49.23,41.922200000000004,48.274800000000006,29.690886830398686
1277,4054.54,42.41,49.28,41.958,48.352,29.723136675119726
1278,4054.56,42.45,49.33,41.993199999999995,48.428999999999995,29.755389796606593
1279,4054.58,42.49,49.489999999999995,42.0296,48.5102,29.789117314288504
1280,4054.6,42.56,49.65,42.068400000000004,48.5934,29.823581613051548
1281,4054.62,42.63,49.730000000000004,42.108000000000004,48.675399999999996,29.873068029734018
1282,4054.64,42.620000000000005,49.81,42.145199999999996,48.75940000000001,29.92732088021472
1283,4054.66,42.61,49.95,42.17979999999999,48.84780000000001,29.965814101074457
1284,4054.68,42.620000000000005,50.09,42.2126,48.935199999999995,29.998809161699633
1285,4054.7,42.63,50.14,42.2452,49.018,30.04207324749879
1286,4054.72,42.71,50.19,42.2804,49.1004,30.080570680421776
1287,4054.74,42.79,50.144999999999996,42.3174,49.1786,30.10879848514236
1288,4054.76,42.875,50.1,42.3564,49.2554,30.141797006183445
1289,4054.78,42.96,50.155,42.397,49.334799999999994,30.185069149537217
1290,4054.8,42.945,50.21,42.435199999999995,49.41440000000001,30.228345612056703
1291,4054.82,42.93,50.29,42.471000000000004,49.495200000000004,30.26684918260099
1292,4054.84,42.915,50.37,42.5044,49.57200000000001,30.305353811974648
1293,4054.86,42.9,50.4,42.537200000000006,49.642799999999994,30.348638827601643
1294,4054.88,42.9,50.43,42.57,49.71060000000001,30.39192810265081
1295,4054.9,42.9,50.58,42.6034,49.780199999999994,30.436658195051372
1296,4054.92,42.97,50.73,42.64019999999999,49.8536,30.476606318287754
1297,4054.94,43.04,50.769999999999996,42.677,49.926399999999994,30.520617150270514
1298,4054.96,43.105000000000004,50.81,42.7136,49.99979999999999,30.57013095455427
1299,4054.98,43.17,50.905,42.7508,50.076,30.614144653754735
1300,4055.0,43.2,51.0,42.787200000000006,50.151399999999995,30.645725864388435
1301,4055.02,43.23,51.09,42.822399999999995,50.2258,30.682816636701048
1302,4055.04,43.215,51.18,42.8546,50.3018,30.73234068358266
1303,4055.06,43.2,51.165,42.8846,50.37520000000001,30.77228143941559
1304,4055.08,43.225,51.15,42.913999999999994,50.4416,30.81701394143994
1305,4055.1,43.25,51.269999999999996,42.9416,50.50639999999999,30.876835551329375
1306,4055.12,43.36,51.39,42.9708,50.5728,30.914649779002115
1307,4055.14,43.47,51.435,43.004799999999996,50.6378,30.947669993894394
1308,4055.16,43.489999999999995,51.48,43.04,50.699,31.002705305184058
1309,4055.18,43.51,51.525,43.075599999999994,50.756400000000006,31.046031228585115
1310,4055.2,43.555,51.57,43.1126,50.813599999999994,31.078352840103218
1311,4055.22,43.6,51.725,43.148199999999996,50.875,31.132695207304028
1312,4055.24,43.695,51.88,43.184400000000004,50.944399999999995,31.182236326203377
1313,4055.26,43.79,51.945,43.221000000000004,51.0182,31.21666212028848
1314,4055.28,43.835,52.01,43.256,51.0924,31.25038881203039
1315,4055.3,43.88,52.06,43.2934,51.166399999999996,31.293727412981692
1316,4055.32,43.915000000000006,52.11,43.3328,51.239200000000004,31.347384775022405
1317,4055.34,43.95,52.105000000000004,43.3742,51.3086,31.395546375149227
1318,4055.36,43.97,52.1,43.417,51.376599999999996,31.434086421289773
1319,4055.38,43.99,52.165,43.46060000000001,51.446,31.47813332824394
1320,4055.4,44.06,52.23,43.507,51.512,31.526998445978975
1321,4055.42,44.13,52.29,43.5534,51.574400000000004,31.571737022221054
1322,4055.44,44.155,52.35,43.598,51.6376,31.610969365527737
1323,4055.46,44.18,52.45,43.641000000000005,51.70320000000001,31.659839565181024
1324,4055.48,44.235,52.55,43.6836,51.769000000000005,31.708714187500792
1325,4055.5,44.29,52.655,43.727199999999996,51.83519999999999,31.752086090773236
1326,4055.52,44.394999999999996,52.76,43.7738,51.902,31.80165082415938
1327,4055.54,44.5,52.86,43.825199999999995,51.9692,31.84570960473073
1328,4055.56,44.53,52.96,43.8784,52.041,31.882903068410553
1329,4055.58,44.56,52.955,43.9318,52.113200000000006,31.932473838907605
1330,4055.6,44.575,52.95,43.98480000000001,52.1804,31.983400774450722
1331,4055.62,44.59,53.02,44.034000000000006,52.2456,32.03297235058089
1332,4055.64,44.575,53.09,44.07820000000001,52.311800000000005,32.081869733573214
1333,4055.66,44.56,53.17,44.121,52.379400000000004,32.11975426171414
1334,4055.68,44.57,53.25,44.1634,52.4484,32.16382321998732
1335,4055.7,44.58,53.295,44.20440000000001,52.517399999999995,32.2250917606424
1336,4055.72,44.67,53.34,44.2472,52.58200000000001,32.274000530952975
1337,4055.74,44.76,53.400000000000006,44.28979999999999,52.642799999999994,32.3057170064058
1338,4055.76,44.815,53.46,44.330799999999996,52.7034,32.3436159219178
1339,4055.78,44.87,53.545,44.3722,52.76480000000001,32.39871284492145
1340,4055.8,44.92,53.63,44.4138,52.82759999999999,32.453811475012806
1341,4055.82,44.97,53.635000000000005,44.456,52.8886,32.5027386106966
1342,4055.84,45.08,53.64,44.5012,52.95,32.54549872318138
1343,4055.86,45.19,53.69,44.55,53.013600000000004,32.5834139681651
1344,4055.88,45.25,53.74,44.6004,53.076600000000006,32.62264835355095
1345,4055.9,45.31,53.795,44.6504,53.1392,32.666735321443205
1346,4055.92,45.32,53.85,44.698,53.201600000000006,32.71016674000503
1347,4055.94,45.33,53.97,44.745,53.266400000000004,32.759113154614994
1348,4055.96,45.405,54.09,44.794,53.332,32.808716755536906
1349,4055.98,45.48,54.120000000000005,44.8438,53.394800000000004,32.8541166967265
1350,4056.0,45.53,54.15,44.8934,53.4546,32.89820917473456
1351,4056.02,45.58,54.18,44.940799999999996,53.5114,32.94651142234375
1352,4056.04,45.56,54.21,44.983200000000004,53.56540000000001,33.001632107053844
1353,4056.06,45.54,54.275000000000006,45.02360000000001,53.618,33.05675438900551
1354,4056.08,45.565,54.34,45.0638,53.6734,33.10507200142118
1355,4056.1,45.59,54.42,45.1044,53.732200000000006,33.14917382931029
1356,4056.12,45.6,54.5,45.1448,53.791399999999996,33.19456702151976
1357,4056.14,45.61,54.655,45.1862,53.854000000000006,33.24418197698956
1358,4056.16,45.705,54.81,45.232,53.9196,33.29315457579893
1359,4056.18,45.8,54.83,45.2812,53.9828,33.34213107995442
1360,4056.2,45.89,54.85,45.3336,54.045,33.39047195050974
1361,4056.22,45.98,54.900000000000006,45.386,54.1074,33.43882077415824
1362,4056.24,46.004999999999995,54.95,45.4358,54.1694,33.47741937066677
1363,4056.26,46.03,54.975,45.484399999999994,54.23,33.51665435640588
1364,4056.28,46.06,55.0,45.532,54.288199999999996,33.56564751081566
1365,4056.3,46.09,55.144999999999996,45.5788,54.348800000000004,33.6250416305671
1366,4056.32,46.145,55.29,45.6258,54.415000000000006,33.68570478560543
1367,4056.34,46.2,55.364999999999995,45.67060000000001,54.483999999999995,33.73596964954979
1368,4056.36,46.295,55.44,45.714800000000004,54.553999999999995,33.773945275840894
1369,4056.38,46.39,55.480000000000004,45.7604,54.623599999999996,33.82295451533096
1370,4056.4,46.510000000000005,55.52,45.8084,54.6926,33.88425115562378
1371,4056.42,46.63,55.55,45.8608,54.7606,33.93514413696472
1372,4056.44,46.650000000000006,55.58,45.913599999999995,54.825,33.97437913256605
1373,4056.46,46.67,55.67,45.9642,54.8882,34.02339183111161
1374,4056.48,46.605000000000004,55.76,46.0092,54.953799999999994,34.08281629591133
1375,4056.5,46.54,55.9,46.0496,55.0238,34.13673347340937
1376,4056.52,46.64,56.04,46.092000000000006,55.0982,34.180864313072824
1377,4056.54,46.74,56.05,46.1392,55.17179999999999,34.23051258338143
1378,4056.56,46.745000000000005,56.06,46.1874,55.24320000000001,34.289960690933135
1379,4056.58,46.75,56.150000000000006,46.23479999999999,55.315599999999996,34.33899788855364
1380,4056.6,46.730000000000004,56.24,46.2804,55.388400000000004,34.38926693907509
1381,4056.62,46.71,56.25,46.3248,55.458400000000005,34.45547358017209
1382,4056.64,46.785,56.26,46.3718,55.52259999999999,34.50329472011546
1383,4056.66,46.86,56.385,46.418,55.58559999999999,34.54621856621149
1384,4056.68,46.945,56.51,46.4638,55.6528,34.60200727627674
1385,4056.7,47.03,56.459999999999994,46.50940000000001,55.71719999999999,34.646152155593995
1386,4056.72,47.06,56.41,46.552600000000005,55.7776,34.690297885504606
1387,4056.74,47.09,56.47,46.596000000000004,55.8384,34.751605587278924
1388,4056.76,47.24,56.53,46.644400000000005,55.900600000000004,34.807395108092294
1389,4056.78,47.39,56.61,46.6976,55.965,34.85827255237344
1390,4056.8,47.435,56.69,46.751400000000004,56.0268,34.902419217682024
1391,4056.82,47.48,56.775,46.80480000000001,56.0862,34.939839385421436
1392,4056.84,47.525,56.86,46.8578,56.145999999999994,34.9827846118613
1393,4056.86,47.57,56.945,46.9088,56.206199999999995,35.03677502926758
1394,4056.88,47.64,57.03,46.958800000000004,56.2682,35.091370533363346
1395,4056.9,47.71,57.095,47.006800000000005,56.331199999999995,35.140450166362314
1396,4056.92,47.74,57.16,47.0512,56.3956,35.194459046530106
1397,4056.94,47.77,57.205,47.096000000000004,56.46059999999999,35.25518005143704
1398,4056.96,47.795,57.25,47.141000000000005,56.5238,35.30604712461877
1399,4056.98,47.82,57.305,47.1896,56.58560000000001,35.35572840189569
1400,4057.0,47.855000000000004,57.36,47.242200000000004,56.644,35.40974937673619
1401,4057.02,47.89,57.46,47.2922,56.7008,35.45825721054803
1402,4057.04,47.985,57.56,47.342,56.76120000000001,35.502423992805696
1403,4057.06,48.08,57.565,47.3954,56.8214,35.55211255073871
1404,4057.08,48.065,57.57,47.448,56.87820000000001,35.606738094225754
1405,4057.1,48.05,57.635000000000005,47.5008,56.934000000000005,35.66195085971993
1406,4057.12,48.06,57.7,47.55480000000001,56.992,35.71222676302832
1407,4057.14,48.07,57.695,47.6062,57.049400000000006,35.761919422791685
1408,4057.16,48.14,57.69,47.657399999999996,57.1016,35.81597192641684
1409,4057.18,48.21,57.815,47.708,57.153800000000004,35.870610661969
1410,4057.2,48.285,57.94,47.75820000000001,57.213,35.9197308641427
1411,4057.22,48.36,58.084999999999994,47.810199999999995,57.28,35.97932339603749
1412,4057.24,48.43,58.23,47.8638,57.3504,36.040071173137534
1413,4057.26,48.5,58.3,47.9142,57.4212,36.090348779879555
1414,4057.28,48.635000000000005,58.37,47.964,57.4916,36.13947960243506
1415,4057.3,48.77,58.480000000000004,48.017399999999995,57.563199999999995,36.199088830663335
1416,4057.32,48.8,58.59,48.07019999999999,57.635799999999996,36.25432030596427
1417,4057.34,48.83,58.595,48.122400000000006,57.705200000000005,36.29964533950606
1418,4057.36,48.855000000000004,58.6,48.1738,57.7714,36.34878478251326
1419,4057.38,48.88,58.66,48.2234,57.836600000000004,36.396794098863126
1420,4057.4,48.885000000000005,58.72,48.2704,57.9016,36.44650752029197
1421,4057.42,48.89,58.83,48.3164,57.9684,36.50174569522116
1422,4057.44,48.985,58.94,48.365,58.0378,36.555859345349596
1423,4057.46,49.08,58.93,48.4164,58.105,36.61550458214259
1424,4057.48,49.14,58.92,48.4692,58.1696,36.67627405125638
1425,4057.5,49.2,58.92,48.523,58.232000000000006,36.73207857302505
1426,4057.52,49.185,58.92,48.574799999999996,58.2904,36.77627553273302
1427,4057.54,49.17,58.99,48.6222,58.34759999999999,36.81991607476049
1428,4057.56,49.24,59.06,48.668600000000005,58.407399999999996,36.87405437622529
1429,4057.58,49.31,59.17,48.7184,58.471399999999996,36.93427776857657
1430,4057.6,49.375,59.28,48.7714,58.53719999999999,36.995609130716616
1431,4057.62,49.44,59.315,48.8266,58.601800000000004,37.05086294434468
1432,4057.64,49.485,59.35,48.883199999999995,58.66799999999999,37.0939654564531
1433,4057.66,49.53,59.400000000000006,48.9388,58.7364,37.1481257480705
1434,4057.68,49.56,59.45,48.99280000000001,58.8018,37.214437797571605
1435,4057.7,49.59,59.58,49.045,58.867399999999996,37.27577141530727
1436,4057.72,49.72,59.71,49.0994,58.9324,37.319434822726215
1437,4057.74,49.85,59.82,49.1562,58.995999999999995,37.363100814924294
1438,4057.76,49.894999999999996,59.93,49.211999999999996,59.0612,37.42443543989452
1439,4057.78,49.94,59.989999999999995,49.2642,59.126000000000005,37.47970035649372
1440,4057.8,49.95,60.05,49.311400000000006,59.1888,37.523370962996616
1441,4057.82,49.96,60.07,49.357800000000005,59.24799999999999,37.57863844075749
1442,4057.84,49.985,60.09,49.403999999999996,59.30780000000001,37.633367102020046
1443,4057.86,50.01,60.040000000000006,49.450199999999995,59.3654,37.68203404056295
1444,4057.88,50.075,59.99,49.498000000000005,59.4186,37.73623465642529
1445,4057.9,50.14,60.065,49.54820000000001,59.47240000000001,37.79596967812877
1446,4057.92,50.21,60.14,49.60099999999999,59.5248,37.85124744736274
1447,4057.94,50.28,60.17,49.652800000000006,59.574000000000005,37.900998238791594
1448,4057.96,50.325,60.2,49.70259999999999,59.62480000000001,37.950219068843616
1449,4057.98,50.37,60.345,49.7518,59.6818,38.005500218169175
1450,4058.0,50.364999999999995,60.49,49.7984,59.7446,38.06578209396841
1451,4058.02,50.36,60.595,49.8454,59.8116,38.12606740696009
1452,4058.04,50.455,60.7,49.896800000000006,59.88,38.18740775974493
1453,4058.06,50.55,60.695,49.9492,59.94540000000001,38.24874817323286
1454,4058.08,50.629999999999995,60.69,50.001999999999995,60.0062,38.29903149079316
1455,4058.1,50.71,60.79,50.0554,60.0666,38.34878896632117
1456,4058.12,50.74,60.89,50.1074,60.1296,38.403027641758634
1457,4058.14,50.77,61.004999999999995,50.1588,60.195800000000006,38.45727277419423
1458,4058.16,50.785,61.12,50.209,60.2646,38.51705370605935
1459,4058.18,50.8,61.18,50.258599999999994,60.333800000000004,38.57684152003624
1460,4058.2,50.864999999999995,61.24,50.3096,60.400200000000005,38.62660844284232
1461,4058.22,50.93,61.25,50.358000000000004,60.461800000000004,38.687435633160874
1462,4058.24,50.965,61.26,50.4026,60.519400000000005,38.75327914701355
1463,4058.26,51.0,61.285,50.4468,60.5736,38.80857925223343
1464,4058.28,51.085,61.31,50.4926,60.626400000000004,38.857837486822525
1465,4058.3,51.17,61.39,50.541399999999996,60.68,38.912118105847206
1466,4058.32,51.24,61.47,50.59259999999999,60.736000000000004,38.96742283876874
1467,4058.34,51.31,61.51,50.6456,60.7928,39.02323755355982
1468,4058.36,51.400000000000006,61.55,50.7012,60.853199999999994,39.0780347959658
1469,4058.38,51.49,61.675,50.757799999999996,60.92059999999999,39.13232847078525
1470,4058.4,51.57,61.8,50.815,60.99,39.18662832927225
1471,4058.42,51.65,61.769999999999996,50.872600000000006,61.055200000000006,39.24646570360564
1472,4058.44,51.665,61.74,50.92799999999999,61.118,39.307311158196434
1473,4058.46,51.68,61.855000000000004,50.982200000000006,61.184200000000004,39.362626045599434
1474,4058.48,51.685,61.97,51.0348,61.2492,39.417941728452774
1475,4058.5,51.69,62.085,51.087799999999994,61.312999999999995,39.479289399694295
1476,4058.52,51.78,62.2,51.1446,61.3772,39.540137751168224
1477,4058.54,51.87,62.22,51.2012,61.438,39.594957218636864
1478,4058.56,51.925,62.24,51.2562,61.49979999999999,39.64928336893996
1479,4058.58,51.98,62.255,51.3102,61.562400000000004,39.70914782982563
1480,4058.6,52.099999999999994,62.27,51.3658,61.6216,39.764471199367634
1481,4058.62,52.22,62.28,51.425,61.6772,39.820288074221864
1482,4058.64,52.224999999999994,62.29,51.4832,61.7286,39.875120227900595
1483,4058.66,52.23,62.370000000000005,51.541,61.7786,39.92393223534063
1484,4058.68,52.239999999999995,62.45,51.5986,61.82939999999999,39.979259922858326
1485,4058.7,52.25,62.585,51.653999999999996,61.883199999999995,40.045654136583195
1486,4058.72,52.355000000000004,62.72,51.71099999999999,61.942,40.105056157632745
1487,4058.74,52.46,62.79,51.7708,62.0032,40.15893553829795
1488,4058.76,52.525000000000006,62.86,51.8318,62.06620000000001,40.214270424436876
1489,4058.78,52.59,62.92,51.891999999999996,62.130599999999994,40.27513963451664
1490,4058.8,52.645,62.98,51.951,62.1942,40.335048492079935
1491,4058.82,52.7,62.915,52.00940000000001,62.251999999999995,40.39038699822953
1492,4058.84,52.81,62.85,52.069399999999995,62.305600000000005,40.44115098580299
1493,4058.86,52.92,62.894999999999996,52.1302,62.35940000000001,40.485421761790654
1494,4058.88,53.015,62.94,52.1912,62.41,40.52969299182846
1495,4058.9,53.11,63.055,52.2528,62.46019999999999,40.585032667416904
1496,4058.92,53.129999999999995,63.17,52.312,62.5162,40.64495322936699
1497,4058.94,53.15,63.31,52.3714,62.57899999999999,40.70487990256932
1498,4058.96,53.195,63.45,52.431999999999995,62.642799999999994,40.7602244027696
1499,4058.98,53.24,63.52,52.4942,62.7048,40.8160430305486
1500,4059.0,53.28,63.59,52.5578,62.765,40.87138826246821
1501,4059.02,53.32,63.59,52.619400000000006,62.820600000000006,40.93179671182251
1502,4059.04,53.39,63.59,52.68019999999999,62.8754,40.992678781596446
1503,4059.06,53.46,63.695,52.7416,62.9336,41.04802682726547
1504,4059.08,53.57,63.8,52.80519999999999,62.9954,41.102437086858245
1505,4059.1,53.68,63.805,52.8684,63.056799999999996,41.15685292628527
1506,4059.12,53.725,63.81,52.928599999999996,63.118,41.21127432343844
1507,4059.14,53.77,63.93,52.99040000000001,63.1836,41.271700278543115
1508,4059.16,53.80500000000001,64.05,53.0534,63.2508,41.33305503984014
1509,4059.18,53.84,64.06,53.1174,63.315200000000004,41.388874248136915
1510,4059.2,53.895,64.07,53.18320000000001,63.3746,41.43915789616682
1511,4059.22,53.95,64.055,53.24700000000001,63.428000000000004,41.488978177560675
1512,4059.24,54.035,64.04,53.31,63.478,41.54387249955036
1513,4059.26,54.12,64.075,53.3738,63.5266,41.59876928439078
1514,4059.28,54.265,64.11,53.440799999999996,63.5742,41.64213726332538
1515,4059.3,54.41,64.17,53.5114,63.6218,41.69150373297668
1516,4059.32,54.545,64.23,53.58520000000001,63.674400000000006,41.74732316664607
1517,4059.34,54.68,64.35,53.66,63.734399999999994,41.80314260056126
1518,4059.36,54.66,64.47,53.7296,63.797399999999996,41.858047616140716
1519,4059.38,54.64,64.57,53.7946,63.86259999999999,41.906963440194254
1520,4059.4,54.635000000000005,64.67,53.855599999999995,63.9272,41.9623283589679
1521,4059.42,54.63,64.685,53.915600000000005,63.9878,42.02922095591006
1522,4059.44,54.74,64.7,53.9792,64.0434,42.08413333948248
1523,4059.46,54.85,64.75,54.0454,64.0954,42.13351133171733
1524,4059.48,54.905,64.8,54.11200000000001,64.14659999999999,42.189330919498715
1525,4059.5,54.96,64.91,54.1792,64.19940000000001,42.25068728442509
1526,4059.52,55.019999999999996,65.02,54.24719999999999,64.25659999999999,42.30605538032865
1527,4059.54,55.08,65.11,54.314800000000005,64.31739999999999,42.36142407741097
1528,4059.56,55.195,65.2,54.3842,64.3776,42.41724368672034
1529,4059.58,55.31,65.205,54.4538,64.43379999999999,42.467526397224525
1530,4059.6,55.39,65.21,54.522200000000005,64.49,42.51690886246766
1531,4059.62,55.47,65.305,54.592000000000006,64.54979999999999,42.57138246526793
1532,4059.64,55.605000000000004,65.4,54.665400000000005,64.60860000000001,42.620323936736895
1533,4059.66,55.74,65.415,54.74280000000001,64.6632,42.66417756004739
1534,4059.68,55.855000000000004,65.43,54.8234,64.718,42.71445976838277
1535,4059.7,55.97,65.465,54.90639999999999,64.7738,42.775372084801724
1536,4059.72,56.04,65.5,54.99,64.8316,42.83074752212799
1537,4059.74,56.11,65.575,55.073,64.893,42.88147390193659
1538,4059.76,56.14,65.65,55.153800000000004,64.95599999999999,42.93729356695354
1539,4059.78,56.17,65.70500000000001,55.23,65.0198,42.98668761736955
1540,4059.8,56.155,65.76,55.2998,65.0834,43.03098874511786
1541,4059.82,56.14,65.82,55.3636,65.14699999999999,43.08636566950474
1542,4059.84,56.2,65.88,55.424400000000006,65.2082,43.146398418304294
1543,4059.86,56.26,65.935,55.4884,65.2668,43.207315618958795
1544,4059.88,56.394999999999996,65.99,55.558600000000006,65.3236,43.25803773216905
1545,4059.9,56.53,66.02,55.63440000000001,65.3776,43.3027816076218
1546,4059.92,56.595,66.05,55.713,65.43220000000001,43.35218276376938
1547,4059.94,56.66,66.095,55.78979999999999,65.488,43.401585949078985
1548,4059.96,56.715,66.14,55.8644,65.54360000000001,43.45186749413351
1549,4059.98,56.77,66.21000000000001,55.93899999999999,65.6,43.50768713388685
1550,4060.0,56.84,66.28,56.0142,65.6548,43.557092209648786
1551,4060.02,56.91,66.31,56.089800000000004,65.7064,43.60606296709615
1552,4060.04,56.935,66.34,56.163999999999994,65.7556,43.65590838593604
1553,4060.06,56.96,66.445,56.2346,65.8054,43.70575424424532
1554,4060.08,57.08,66.55,56.3054,65.8592,43.755600540169745
1555,4060.1,57.2,66.61,56.3778,65.9152,43.80544727291887
1556,4060.12,57.24,66.67,56.4486,65.9698,43.854861152062206
1557,4060.14,57.28,66.75,56.51559999999999,66.0238,43.90514204188776
1558,4060.16,57.33,66.83,56.5792,66.0804,43.96650023274227
1559,4060.18,57.38,66.785,56.64019999999999,66.1346,44.02785842696722
1560,4060.2,57.495000000000005,66.74,56.70120000000001,66.18560000000001,44.06706202823226
1561,4060.22,57.61,66.755,56.763999999999996,66.2358,44.10583261631834
1562,4060.24,57.739999999999995,66.77,56.8292,66.28359999999999,44.15568089957322
1563,4060.26,57.87,66.88499999999999,56.898399999999995,66.333,44.2106369025978
1564,4060.28,57.9,67.0,56.967600000000004,66.3848,44.266025454008755
1565,4060.3,57.93,67.09,57.0386,66.43799999999999,44.31119824670833
1566,4060.32,57.989999999999995,67.18,57.1126,66.4924,44.344431229717706
1567,4060.34,58.05,67.285,57.1866,66.5486,44.39342109751345
1568,4060.36,58.095,67.39,57.26,66.60679999999999,44.4543504237054
1569,4060.38,58.14,67.47,57.3298,66.666,44.50974126234708
1570,4060.4,58.155,67.55,57.3948,66.7272,44.564705117041896
1571,4060.42,58.17,67.57499999999999,57.4578,66.7882,44.614985270603235
1572,4060.44,58.21,67.6,57.519800000000004,66.8484,44.65461479237729
1573,4060.46,58.25,67.66,57.581199999999995,66.9092,44.704895051778166
1574,4060.48,58.42,67.72,57.647200000000005,66.9696,44.76071444717397
1575,4060.5,58.59,67.725,57.717200000000005,67.0274,44.81099471870657
1576,4060.52,58.56,67.73,57.783199999999994,67.0842,44.866386183025284
1577,4060.54,58.53,67.785,57.847,67.142,44.92731738237685
1578,4060.56,58.595,67.84,57.9124,67.1978,44.977597515737905
1579,4060.58,58.66,67.89,57.97560000000001,67.25139999999999,45.021911441218265
1580,4060.6,58.75,67.94,58.037600000000005,67.3046,45.065799649803346
1581,4060.62,58.84,67.955,58.1016,67.356,45.11054026180553
1582,4060.64,58.955,67.97,58.168600000000005,67.4048,45.16039453938048
1583,4060.66,59.07,68.08500000000001,58.2382,67.455,45.21493993848776
1584,4060.68,59.155,68.2,58.309200000000004,67.5116,45.2643729269464
1585,4060.7,59.24,68.25999999999999,58.379,67.5724,45.31465247211008
1586,4060.72,59.22,68.32,58.443400000000004,67.635,45.37089483369984
1587,4060.74,59.2,68.405,58.5018,67.7004,45.42671404100285
1588,4060.76,59.32,68.49,58.5598,67.7646,45.47657039940722
1589,4060.78,59.44,68.49,58.6214,67.8242,45.52046516597894
1590,4060.8,59.425,68.49,58.6812,67.8802,45.558821810163614
1591,4060.82,59.41,68.485,58.73799999999999,67.9324,45.60356133377377
1592,4060.84,59.495,68.48,58.7958,67.9802,45.65426229747082
1593,4060.86,59.58,68.605,58.855199999999996,68.0288,45.699424304587154
1594,4060.88,59.665,68.73,58.916199999999996,68.0792,45.73862451997228
1595,4060.9,59.75,68.77000000000001,58.98,68.12799999999999,45.78848149632752
1596,4060.92,59.805,68.81,59.0454,68.17739999999999,45.849418337400664
1597,4060.94,59.86,68.86,59.1114,68.2278,45.91035576498115
1598,4060.96,59.875,68.91,59.1764,68.27780000000001,45.966174862576786
1599,4060.98,59.89,68.96000000000001,59.23519999999999,68.3274,46.01645417538706
1600,4061.0,59.99,69.01,59.291199999999996,68.3788,46.06077258900902
1601,4061.02,60.09,69.08500000000001,59.352399999999996,68.433,46.10551204171144
1602,4061.04,60.175,69.16,59.418200000000006,68.488,46.15025152544513
1603,4061.06,60.26,69.225,59.48480000000001,68.5434,46.199689482465004
1604,4061.08,60.41,69.29,59.55479999999999,68.5994,46.2380493051612
1605,4061.1,60.56,69.36500000000001,59.6272,68.65639999999999,46.27724840655499
1606,4061.12,60.495000000000005,69.44,59.693400000000004,68.7158,46.33860737073262
1607,4061.14,60.43,69.525,59.752399999999994,68.778,46.39954720574684
1608,4061.16,60.495000000000005,69.61,59.8094,68.839,46.44428617117607
1609,4061.18,60.56,69.63499999999999,59.8656,68.8964,46.489444556443246
1610,4061.2,60.67,69.66,59.922799999999995,68.9524,46.534183714319845
1611,4061.22,60.78,69.72999999999999,59.98519999999999,69.00880000000001,46.57808414079738
1612,4061.24,60.83,69.8,60.050399999999996,69.0646,46.62752629489178
1613,4061.26,60.88,69.75999999999999,60.1128,69.1154,46.678223335243636
1614,4061.28,60.995000000000005,69.72,60.175,69.16460000000001,46.729340428197325
1615,4061.3,61.11,69.81,60.242399999999996,69.2174,46.785159444116616
1616,4061.32,61.175,69.9,60.313,69.274,46.82947908915433
1617,4061.34,61.24,69.935,60.382799999999996,69.3322,46.868259022931916
1618,4061.36,61.215,69.97,60.44820000000001,69.38680000000001,46.9181192778988
1619,4061.38,61.19,70.00999999999999,60.5092,69.438,46.96839818414506
1620,4061.4,61.31,70.05,60.57160000000001,69.4892,47.00801601501657
1621,4061.42,61.43,70.095,60.6366,69.5406,47.046795956359034
1622,4061.44,61.47,70.14,60.70099999999999,69.5918,47.09028022235851
1623,4061.46,61.51,70.27000000000001,60.7664,69.64620000000001,47.14609911491664
1624,4061.48,61.575,70.4,60.833800000000004,69.7038,47.20787587622493
1625,4061.5,61.64,70.42,60.899800000000006,69.7602,47.263694800094825
1626,4061.52,61.685,70.44,60.96360000000001,69.8144,47.3084335570433
1627,4061.54,61.73,70.5,61.0258,69.868,47.34679667724539
1628,4061.56,61.79,70.56,61.086999999999996,69.9214,47.3907014695425
1629,4061.58,61.85,70.61500000000001,61.1446,69.9744,47.44652029729551
1630,4061.6,61.935,70.67,61.199600000000004,70.0266,47.49638266212103
1631,4061.62,62.02,70.67,61.260600000000004,70.0758,47.54070507180561
1632,4061.64,62.075,70.67,61.32640000000001,70.1216,47.58585919151551
1633,4061.66,62.13,70.755,61.3918,70.1674,47.624641114007346
1634,4061.68,62.135000000000005,70.84,61.4548,70.21560000000001,47.668548341687305
1635,4061.7,62.14,70.94,61.513600000000004,70.2668,47.729907456833836
1636,4061.72,62.25,71.04,61.57240000000001,70.3192,47.78531144983257
1637,4061.74,62.36,71.11000000000001,61.633599999999994,70.3716,47.82368061332595
1638,4061.76,62.435,71.18,61.6958,70.4284,47.86841827541012
1639,4061.78,62.51,71.255,61.75639999999999,70.4898,47.92465099469843
1640,4061.8,62.599999999999994,71.33,61.816,70.5506,47.968974637693655
1641,4061.82,62.69,71.35,61.87660000000001,70.6086,48.01883907883305
1642,4061.84,62.69,71.37,61.9346,70.666,48.07507151455405
1643,4061.86,62.69,71.345,61.993599999999994,70.721,48.114268830851145
1644,4061.88,62.730000000000004,71.32,62.055200000000006,70.7734,48.147511584080895
1645,4061.9,62.77,71.43,62.1136,70.82860000000001,48.19778978615862
1646,4061.92,62.795,71.54,62.168200000000006,70.88640000000001,48.25402277424525
1647,4061.94,62.82,71.61500000000001,62.2222,70.9454,48.29917562106363
1648,4061.96,62.885000000000005,71.69,62.2772,71.0022,48.34945402451589
1649,4061.98,62.95,71.735,62.3322,71.0556,48.410398113930675
1650,4062.0,63.06,71.78,62.388999999999996,71.11,48.459847776290864
1651,4062.02,63.17,71.72,62.4484,71.1612,48.50417178259071
1652,4062.04,63.25,71.66,62.5092,71.2076,48.548083251390565
1653,4062.06,63.33,71.745,62.5708,71.255,48.59753694602932
1654,4062.08,63.535,71.83,62.638200000000005,71.3036,48.63714548672597
1655,4062.1,63.74,71.9,62.7104,71.3528,48.676754948418626
1656,4062.12,63.7,71.97,62.7776,71.40480000000001,48.72703299912074
1657,4062.14,63.66,71.965,62.840999999999994,71.4566,48.76581697253791
1658,4062.16,63.72,71.96,62.9046,71.50479999999999,48.80501383755308
1659,4062.18,63.78,72.085,62.9704,71.5546,48.850164628620384
1660,4062.2,63.81,72.21,63.03719999999999,71.6054,48.89531621214756
1661,4062.22,63.84,72.32,63.1008,71.6566,48.946008977638584
1662,4062.24,63.870000000000005,72.43,63.1612,71.7094,48.99587270834298
1663,4062.26,63.9,72.505,63.219800000000006,71.7624,49.05127726971127
1664,4062.28,63.870000000000005,72.58,63.2742,71.8154,49.11222279212407
1665,4062.3,63.84,72.60499999999999,63.3238,71.8664,49.1680414234682
1666,4062.32,63.965,72.63,63.37479999999999,71.91760000000001,49.21360709045054
1667,4062.34,64.09,72.555,63.430800000000005,71.965,49.2579305684732
1668,4062.36,64.2,72.48,63.4912,72.0104,49.29630025405977
1669,4062.38,64.31,72.52000000000001,63.55440000000001,72.0584,49.3354973211006
1670,4062.4,64.33500000000001,72.56,63.617000000000004,72.1036,49.385362113183746
1671,4062.42,64.36,72.64,63.6796,72.1476,49.435227254936834
1672,4062.44,64.445,72.72,63.7446,72.1918,49.46847087290223
1673,4062.46,64.53,72.785,63.8104,72.23559999999999,49.50684346587743
1674,4062.48,64.66499999999999,72.85,63.879,72.2802,49.56183973680275
1675,4062.5,64.8,72.94,63.948600000000006,72.3266,49.61724776188655
1676,4062.52,64.87,73.03,64.0166,72.37899999999999,49.662395066293854
1677,4062.54,64.94,73.125,64.0842,72.43759999999999,49.70200244913836
1678,4062.56,65.07499999999999,73.22,64.15400000000001,72.4966,49.74161073475584
1679,4062.58,65.21,73.265,64.22099999999999,72.554,49.79188864051839
1680,4062.6,65.185,73.31,64.2788,72.6104,49.84729519773187
1681,4062.62,65.16,73.31,64.3372,72.664,49.89203237378616
1682,4062.64,65.175,73.31,64.3978,72.71780000000001,49.93635782922846
1683,4062.66,65.19,73.355,64.4566,72.7736,49.98622429169086
1684,4062.68,65.25,73.4,64.5154,72.8262,50.03137276900252
1685,4062.7,65.31,73.465,64.5754,72.87639999999999,50.07056926968339
1686,4062.72,65.345,73.53,64.6356,72.9248,50.104225183841464
1687,4062.74,65.38,73.58,64.696,72.9708,50.14937492796312
1688,4062.76,65.4,73.63,64.756,73.0158,50.21032163450815
1689,4062.78,65.42,73.78,64.818,73.06379999999999,50.26572817509019
1690,4062.8,65.495,73.93,64.8842,73.1168,50.305336874827
1691,4062.82,65.57,73.935,64.9484,73.169,50.350074224122814
1692,4062.84,65.675,73.94,65.0118,73.2244,50.399939813522224
1693,4062.86,65.78,73.985,65.075,73.2846,50.44467709113191
1694,4062.88,65.78999999999999,74.03,65.13419999999999,73.345,50.48900225112686
1695,4062.9,65.8,74.075,65.1928,73.4056,50.538868378193285
1696,4062.92,65.88,74.12,65.25359999999999,73.4648,50.583194108043706
1697,4062.94,65.96,74.14,65.3142,73.5216,50.62197933927824
1698,4062.96,66.03999999999999,74.16,65.3746,73.5766,50.661586763415364
1699,4062.98,66.12,74.235,65.4328,73.632,50.711864563302534
1700,4063.0,66.17500000000001,74.31,65.4878,73.6868,50.7668608439657
1701,4063.02,66.23,74.355,65.54220000000001,73.7398,50.81631805411607
1702,4063.04,66.275,74.4,65.59559999999999,73.7908,50.861054709003824
1703,4063.06,66.32,74.48,65.6454,73.84120000000001,50.90107159862228
1704,4063.08,66.44999999999999,74.56,65.695,73.893,50.928775373258915
1705,4063.1,66.58,74.63,65.7508,73.9458,50.960790678687715
1706,4063.12,66.62,74.7,65.8092,74.0014,51.00430175408264
1707,4063.14,66.66,74.725,65.8686,74.05799999999999,51.05417133481665
1708,4063.16,66.64,74.75,65.9266,74.1138,51.11039713806923
1709,4063.18,66.62,74.765,65.98140000000001,74.1684,51.1662153575061
1710,4063.2,66.655,74.78,66.03519999999999,74.221,51.216084804518374
1711,4063.22,66.69,74.83500000000001,66.089,74.2732,51.25527981610865
1712,4063.24,66.78,74.89,66.145,74.32560000000001,51.2940672779056
1713,4063.26,66.87,74.925,66.20379999999999,74.37740000000001,51.34393716618296
1714,4063.28,66.92,74.96,66.2638,74.42460000000001,51.38908043394983
1715,4063.3,66.97,75.07499999999999,66.3228,74.4704,51.43340905074003
1716,4063.32,67.045,75.19,66.3818,74.5206,51.48246633839935
1717,4063.34,67.12,75.215,66.4396,74.5716,51.5267962015533
1718,4063.36,67.17500000000001,75.24,66.4954,74.6218,51.565585039778995
1719,4063.38,67.23,75.255,66.553,74.6708,51.609510740753365
1720,4063.4,67.215,75.27,66.6096,74.7186,51.65424597456577
1721,4063.42,67.2,75.33,66.66239999999999,74.767,51.699386140680346
1722,4063.44,67.245,75.39,66.7138,74.817,51.74966285031883
1723,4063.46,67.29,75.49000000000001,66.7638,74.87020000000001,51.79912991499512
1724,4063.48,67.38,75.59,66.8142,74.92439999999999,51.831570877881965
1725,4063.5,67.47,75.61,66.866,74.9764,51.87036123462721
1726,4063.52,67.56,75.63,66.9192,75.0274,51.92658214430669
1727,4063.54,67.65,75.66999999999999,66.9742,75.0782,51.9768585339801
1728,4063.56,67.755,75.71,67.0316,75.1274,52.016052082986825
1729,4063.58,67.86,75.76499999999999,67.08800000000001,75.17559999999999,52.06673246202676
1730,4063.6,67.89500000000001,75.82,67.14059999999999,75.22319999999999,52.12214638208913
1731,4063.62,67.93,75.91499999999999,67.193,75.2718,52.166477797747326
1732,4063.64,67.945,76.01,67.2444,75.3232,52.210406634659
1733,4063.66,67.96,76.01,67.2972,75.37360000000001,52.25907593433743
1734,4063.68,68.085,76.01,67.3558,75.4234,52.297067723316964
1735,4063.7,68.21,76.05000000000001,67.418,75.4742,52.32991946368092
1736,4063.72,68.26499999999999,76.09,67.481,75.5244,52.36911131893586
1737,4063.74,68.32,76.13,67.54260000000001,75.574,52.408303238017794
1738,4063.76,68.41,76.17,67.6042,75.62379999999999,52.44669744745753
1739,4063.78,68.5,76.23,67.6674,75.6746,52.49063486540585
1740,4063.8,68.58,76.29,67.7318,75.7232,52.529826265748305
1741,4063.82,68.66,76.33000000000001,67.79639999999999,75.7688,52.57495782207286
1742,4063.84,68.695,76.37,67.8594,75.815,52.61969139425906
1743,4063.86,68.73,76.43,67.9216,75.8626,52.653341264470974
1744,4063.88,68.785,76.49,67.9838,75.91199999999999,52.69847403418876
1745,4063.9,68.84,76.63499999999999,68.04879999999999,75.9666,52.75943418518428
1746,4063.92,68.91,76.78,68.1172,76.0246,52.81485289837436
1747,4063.94,68.98,76.71000000000001,68.1866,76.0774,52.85404461067381
1748,4063.96,69.095,76.64,68.25880000000001,76.1234,52.88255178995694
1749,4063.98,69.21,76.62,68.332,76.16460000000001,52.91700209268025
1750,4064.0,69.24,76.6,68.4028,76.2042,52.96173625288525
1751,4064.02,69.27,76.63499999999999,68.4712,76.2444,53.012012135731446
1752,4064.04,69.34,76.67,68.5388,76.28439999999999,53.05714742405892
1753,4064.06,69.41,76.66,68.605,76.3224,53.09674188737094
1754,4064.08,69.455,76.65,68.6688,76.35780000000001,53.13553301127837
1755,4064.1,69.5,76.78,68.733,76.39620000000001,53.17946488039625
1756,4064.12,69.515,76.91,68.79639999999999,76.436,53.224199138390055
1757,4064.14,69.53,77.00999999999999,68.8598,76.476,53.26339178010805
1758,4064.16,69.6,77.11,68.9254,76.52,53.29664173188705
1759,4064.18,69.67,77.195,68.9888,76.56739999999999,53.336235633810524
1760,4064.2,69.745,77.28,69.05019999999999,76.6166,53.37583039711993
1761,4064.22,69.82,77.295,69.1124,76.6648,53.419761382642896
1762,4064.24,69.91,77.31,69.17599999999999,76.712,53.469235438551436
1763,4064.26,70.0,77.43,69.2396,76.76240000000001,53.50802745441227
1764,4064.28,70.0,77.55,69.2996,76.8152,53.54641994156675
1765,4064.3,70.0,77.60499999999999,69.3564,76.8678,53.595498966840005
1766,4064.32,70.06,77.66,69.41239999999999,76.92099999999999,53.63429244840928
1767,4064.34,70.12,77.74,69.46940000000001,76.97579999999999,53.667942032760116
1768,4064.36,70.095,77.82,69.524,77.0314,53.71187995303833
1769,4064.38,70.07,77.94999999999999,69.5754,77.0898,53.760965011912056
1770,4064.4,70.145,78.08,69.6276,77.1476,53.804906479784286
1771,4064.42,70.22,78.145,69.68,77.2022,53.849243996749074
1772,4064.44,70.27,78.21,69.7316,77.2622,53.89872963815231
1773,4064.46,70.32,78.19,69.78059999999999,77.32419999999999,53.947823692036465
1774,4064.48,70.375,78.17,69.82719999999999,77.3862,53.99770535091395
1775,4064.5,70.43,78.23,69.8748,77.45139999999999,54.047979637871094
1776,4064.52,70.46000000000001,78.29,69.9224,77.51759999999999,54.0863845637856
1777,4064.54,70.49,78.34,69.9684,77.5844,54.12439981214919
1778,4064.56,70.58,78.39,70.0152,77.6536,54.1687405978275
1779,4064.58,70.67,78.42,70.0638,77.7244,54.213471837311005
1780,4064.6,70.7,78.45,70.1118,77.7912,54.25188017457409
1781,4064.62,70.73,78.53999999999999,70.16040000000001,77.85640000000001,54.29028969425534
1782,4064.64,70.755,78.63,70.2094,77.9212,54.34017439778211
1783,4064.66,70.78,78.695,70.25659999999999,77.98459999999999,54.389671330013
1784,4064.68,70.86,78.76,70.3042,78.04719999999999,54.42254101287037
1785,4064.7,70.94,78.755,70.352,78.1062,54.45541174499019
1786,4064.72,71.03999999999999,78.75,70.4008,78.1644,54.49936955599676
1787,4064.74,71.14,78.8,70.45,78.22399999999999,54.548871751311765
1788,4064.76,71.17,78.85,70.49680000000001,78.2808,54.59321655915299
1789,4064.78,71.2,78.965,70.5448,78.3374,54.64348916846246
1790,4064.8,71.23,79.08,70.594,78.3964,54.69853635036074
1791,4064.82,71.26,79.185,70.64200000000001,78.45739999999999,54.74249859849775
1792,4064.84,71.22,79.29,70.68599999999999,78.5194,54.780918821564775
1793,4064.86,71.18,79.245,70.7294,78.57639999999999,54.81895879880929
1794,4064.88,71.225,79.2,70.7756,78.6264,54.857382046169974
1795,4064.9,71.27,79.235,70.8206,78.67259999999999,54.90134997460725
1796,4064.92,71.35499999999999,79.27,70.866,78.7176,54.95124190880783
1797,4064.94,71.44,79.35499999999999,70.9128,78.76339999999999,55.001513342719235
1798,4064.96,71.5,79.44,70.96,78.8134,55.040697714011706
1799,4064.98,71.56,79.44999999999999,71.0074,78.8646,55.08504612723927
1800,4065.0,71.6,79.46,71.0542,78.9138,55.128637584292605
1801,4065.02,71.64,79.54499999999999,71.1014,78.964,55.16114471859192
1802,4065.04,71.78999999999999,79.63,71.1534,79.01559999999999,55.194407347203594
1803,4065.06,71.94,79.66499999999999,71.20779999999999,79.0666,55.24467818127521
1804,4065.08,71.895,79.7,71.2568,79.1178,55.31158035031328
1805,4065.1,71.85,79.80000000000001,71.30279999999999,79.17179999999999,55.36147444054352
1806,4065.12,71.88499999999999,79.9,71.349,79.2262,55.39473730732653
1807,4065.14,71.92,79.89500000000001,71.3956,79.27680000000001,55.43354413279271
1808,4065.16,71.935,79.89,71.4418,79.3246,55.47160041674316
1809,4065.18,71.95,79.97999999999999,71.48539999999998,79.3734,55.515952044214295
1810,4065.2,72.075,80.07,71.5308,79.42599999999999,55.560678401923056
1811,4065.22,72.2,80.10499999999999,71.5772,79.4802,55.61019992463988
1812,4065.24,72.28,80.14,71.6228,79.5338,55.65972281588958
1813,4065.26,72.36,80.2,71.6704,79.5878,55.69815877443243
1814,4065.28,72.47999999999999,80.26,71.7216,79.6396,55.73696785714487
1815,4065.3,72.6,80.30000000000001,71.77640000000001,79.6884,55.78132128241799
1816,4065.32,72.66499999999999,80.34,71.8326,79.7346,55.82530348617916
1817,4065.34,72.73,80.39500000000001,71.893,79.77879999999999,55.87483123468203
1818,4065.36,72.655,80.45,71.952,79.827,55.92473021023095
1819,4065.38,72.58,80.53999999999999,72.00619999999999,79.8806,55.96354069326208
1820,4065.4,72.63,80.63,72.0606,79.9364,56.001613038978455
1821,4065.42,72.68,80.6,72.1136,79.9896,56.04523287125292
1822,4065.44,72.69,80.57,72.1636,80.0382,56.088855816397775
1823,4065.46,72.7,80.695,72.2116,80.08840000000001,56.138392001914724
1824,4065.48,72.74000000000001,80.82,72.25880000000001,80.1432,56.18829457322378
1825,4065.5,72.78,80.85,72.306,80.19879999999999,56.23228784579294
1826,4065.52,72.745,80.88,72.3502,80.2522,56.27591871558653
1827,4065.54,72.71,80.85,72.387,80.30099999999999,56.31955266865601
1828,4065.56,72.75,80.82,72.41940000000001,80.3472,56.363189698284614
1829,4065.58,72.79,80.82499999999999,72.4552,80.39219999999999,56.41273507443706
1830,4065.6,72.825,80.83,72.4942,80.4334,56.45155118560254
1831,4065.62,72.86,80.92,72.5332,80.4742,56.489648677102686
1832,4065.64,72.99000000000001,81.01,72.57600000000001,80.5188,56.539197720623385
1833,4065.66,73.12,81.065,72.6234,80.5658,56.58982234136438
1834,4065.68,73.235,81.12,72.6748,80.6114,56.63454331983626
1835,4065.7,73.35,81.215,72.72579999999999,80.6572,56.67300179330725
1836,4065.72,73.47,81.31,72.7766,80.7054,56.706273750234274
1837,4065.74,73.59,81.38,72.82900000000001,80.755,56.74509116284383
1838,4065.76,73.56,81.45,72.877,80.805,56.78909682350209
1839,4065.78,73.53,81.42,72.91900000000001,80.8514,56.82755818544297
1840,4065.8,73.625,81.39,72.96,80.895,56.8608310326145
1841,4065.82,73.72,81.445,73.0022,80.9392,56.90519498845018
1842,4065.84,73.72999999999999,81.5,73.04220000000001,80.9834,56.959939967507786
1843,4065.86,73.74,81.58,73.0856,81.0286,57.009142635271616
1844,4065.88,73.77,81.66,73.1332,81.0734,57.043124312956344
1845,4065.9,73.8,81.625,73.18,81.11319999999999,57.07710699032619
1846,4065.92,73.89,81.59,73.22840000000001,81.1528,57.126309276158906
1847,4065.94,73.98,81.635,73.28,81.19539999999999,57.17551474455768
1848,4065.96,74.07,81.68,73.3348,81.23479999999999,57.20843740515583
1849,4065.98,74.16,81.715,73.3916,81.2706,57.24206426825823
1850,4066.0,74.15,81.75,73.4464,81.3066,57.28713527877049
1851,4066.02,74.14,81.785,73.50219999999999,81.3428,57.33150147608656
1852,4066.04,74.13499999999999,81.82,73.5592,81.38159999999999,57.37032203856591
1853,4066.06,74.13,81.78999999999999,73.61439999999999,81.4204,57.40914273329032
1854,4066.08,74.215,81.76,73.67139999999999,81.4578,57.44761211204368
1855,4066.1,74.3,81.805,73.7304,81.4968,57.497174391099726
1856,4066.12,74.375,81.85,73.791,81.534,57.552633865673926
1857,4066.14,74.45,81.87,73.8494,81.5684,57.59700163492574
1858,4066.16,74.485,81.89,73.904,81.6014,57.62992809363016
1859,4066.18,74.52,81.96000000000001,73.9554,81.635,57.66285547826426
1860,4066.2,74.61,82.03,74.0058,81.66760000000001,57.69613200797602
1861,4066.22,74.7,82.07,74.055,81.69800000000001,57.7353031590188
1862,4066.24,74.7,82.11,74.0994,81.7272,57.78521799944524
1863,4066.26,74.7,82.13,74.145,81.75439999999999,57.82958692389033
1864,4066.28,74.765,82.15,74.1944,81.7836,57.86910636853617
1865,4066.3,74.83,82.14500000000001,74.2426,81.8138,57.91382369364309
1866,4066.32,74.955,82.14,74.292,81.8416,57.94675170859505
1867,4066.34,75.08,82.195,74.34599999999999,81.8694,57.979680642033586
1868,4066.36,75.16499999999999,82.25,74.40299999999999,81.89620000000001,58.01850384650898
1869,4066.38,75.25,82.22999999999999,74.4622,81.919,58.052128342742606
1870,4066.4,75.315,82.21,74.5228,81.94239999999999,58.08505820413051
1871,4066.42,75.38,82.24,74.58239999999999,81.9684,58.12318915802142
1872,4066.44,75.4,82.27,74.6392,81.99380000000001,58.16721421530435
1873,4066.46,75.42,82.34,74.69319999999999,82.0202,58.21193023234847
1874,4066.48,75.44,82.41,74.7444,82.04799999999999,58.25144573489952
1875,4066.5,75.46,82.44999999999999,74.7968,82.07599999999998,58.29581613501645
1876,4066.52,75.535,82.49,74.8526,82.1042,58.340186697898694
1877,4066.54,75.61,82.50999999999999,74.91159999999999,82.1318,58.37346472546306
1878,4066.56,75.67,82.53,74.97319999999999,82.1614,58.401196484021504
1879,4066.58,75.73,82.545,75.0338,82.19279999999999,58.43447467961967
1880,4066.6,75.755,82.56,75.092,82.223,58.47295491994495
1881,4066.62,75.78,82.61,75.1482,82.2534,58.511436162805275
1882,4066.64,75.83,82.66,75.2034,82.285,58.550261546136944
1883,4066.66,75.88,82.68,75.2592,82.3166,58.595320586908166
1884,4066.68,75.925,82.7,75.3154,82.3462,58.63517878047208
1885,4066.7,75.97,82.745,75.3698,82.3748,58.668802006099725
1886,4066.72,76.05,82.79,75.4238,82.40360000000001,58.702080148376005
1887,4066.74,76.13,82.825,75.481,82.4322,58.73535838144218
1888,4066.76,76.25,82.86,75.54299999999999,82.4614,58.768981517732946
1889,4066.78,76.37,82.92,75.6072,82.4922,58.80815112113039
1890,4066.8,76.485,82.98,75.67339999999999,82.5256,58.84732081153313
1891,4066.82,76.6,82.975,75.7392,82.559,58.88129010675845
1892,4066.84,76.77,82.97,75.80680000000001,82.59,58.90971415144041
1893,4066.86,76.94,82.96000000000001,75.87780000000001,82.61840000000001,58.93813927932924
1894,4066.88,77.025,82.95,75.9488,82.64720000000001,58.966217634597754
1895,4066.9,77.11,82.99000000000001,76.0206,82.6784,59.00504080337956
1896,4066.92,77.0,83.03,76.08539999999999,82.71,59.04975765831079
1897,4066.94,76.89,83.055,76.145,82.7414,59.07818416014886
1898,4066.96,76.91499999999999,83.08,76.20479999999999,82.771,59.1062630338753
1899,4066.98,76.94,83.13499999999999,76.2648,82.8,59.145085735348616
1900,4067.0,76.985,83.19,76.32579999999999,82.82960000000001,59.18390856264844
1901,4067.02,77.03,83.19999999999999,76.38560000000001,82.85799999999999,59.22342797060294
1902,4067.04,77.025,83.21,76.4422,82.88600000000001,59.257402221835164
1903,4067.06,77.02,83.16499999999999,76.4962,82.9114,59.285132399801235
1904,4067.08,77.115,83.12,76.5516,82.93440000000001,59.31286264265286
1905,4067.1,77.21,83.07,76.60979999999999,82.95479999999999,59.34059294924172
1906,4067.12,77.32499999999999,83.02,76.6716,82.97120000000001,59.36832331947798
1907,4067.14,77.44,83.115,76.736,82.9894,59.40159985037471
1908,4067.16,77.425,83.21,76.7978,83.0106,59.440074590656664
1909,4067.18,77.41,83.255,76.85719999999999,83.0328,59.4792454498179
1910,4067.2,77.39,83.3,76.914,83.055,59.51321867808253
1911,4067.22,77.37,83.41499999999999,76.96679999999999,83.08,59.546495217120025
1912,4067.24,77.37,83.53,77.0164,83.1082,59.58496998223792
1913,4067.26,77.37,83.57,77.0612,83.1366,59.63453814122641
1914,4067.28,77.525,83.61,77.1074,83.1642,59.67336162329151
1915,4067.3,77.68,83.59,77.15520000000001,83.18860000000001,59.69034724497557
1916,4067.32,77.76,83.57,77.2016,83.2124,59.70698583785381
1917,4067.34,77.84,83.565,77.2444,83.23620000000001,59.74061017914181
1918,4067.36,77.745,83.56,77.2766,83.2602,59.78532698355661
1919,4067.38,77.65,83.485,77.3016,83.2816,59.8182570347152
1920,4067.4,77.75,83.41,77.32719999999999,83.2984,59.8404419364993
1921,4067.42,77.85,83.44999999999999,77.3612,83.3152,59.86817312327686
1922,4067.44,77.91999999999999,83.49,77.4024,83.3326,59.896250960412644
1923,4067.46,77.99,83.58500000000001,77.4454,83.3528,59.92502386143856
1924,4067.48,78.035,83.68,77.4892,83.37459999999999,59.953450826481806
1925,4067.5,78.08,83.72,77.533,83.3958,59.986727403707675
1926,4067.52,78.28999999999999,83.76,77.5834,83.4182,60.009260245497074
1927,4067.54,78.5,83.78,77.6424,83.44099999999999,60.026247220666214
1928,4067.56,78.61,83.8,77.706,83.4664,60.05432650986022
1929,4067.58,78.72,83.795,77.7702,83.49340000000001,60.082755582012496
1930,4067.6,78.875,83.79,77.8368,83.5222,60.11118571234345
1931,4067.62,79.03,83.82,77.905,83.5542,60.13961689891091
1932,4067.64,78.98,83.85,77.9666,83.5836,60.16769753396194
1933,4067.66,78.93,83.875,78.0268,83.6102,60.20132416434458
1934,4067.68,78.915,83.9,78.087,83.63600000000001,60.23495090793409
1935,4067.7,78.9,83.845,78.1474,83.65780000000001,60.26857776365718
1936,4067.72,78.92500000000001,83.79,78.20960000000001,83.67280000000001,60.3025571951726
1937,4067.74,78.95,83.83500000000001,78.2728,83.685,60.33099186298686
1938,4067.76,79.015,83.88,78.3386,83.6974,60.353881920389526
1939,4067.78,79.08,83.91499999999999,78.4008,83.7096,60.382318734313216
1940,4067.8,79.09,83.95,78.4572,83.72399999999999,60.41630214786397
1941,4067.82,79.1,83.945,78.5108,83.73899999999999,60.44474099855124
1942,4067.84,79.08,83.94,78.5604,83.75399999999999,60.467279027560984
1943,4067.86,79.06,83.94999999999999,78.613,83.7696,60.484271787257306
1944,4067.88,79.13,83.96,78.6722,83.7886,60.50162181448296
1945,4067.9,79.2,83.97999999999999,78.73020000000001,83.81139999999999,60.529706104539635
1946,4067.92,79.285,84.0,78.7876,83.8334,60.55779053950355
1947,4067.94,79.37,83.97999999999999,78.8456,83.853,60.58659186380986
1948,4067.96,79.465,83.96,78.9046,83.868,60.61503629760286
1949,4067.98,79.56,83.94999999999999,78.96560000000001,83.8788,60.6431218929334
1950,4068.0,79.605,83.94,79.0266,83.8876,60.67120763274819
1951,4068.02,79.65,83.985,79.081,83.89659999999999,60.69374835432778
1952,4068.04,79.67,84.03,79.12780000000001,83.9066,60.716289261521105
1953,4068.06,79.69,84.11,79.171,83.919,60.738830353846744
1954,4068.08,79.735,84.19,79.2116,83.9348,60.75618777918838
1955,4068.1,79.78,84.16499999999999,79.2478,83.9498,60.778729535287745
1956,4068.12,79.815,84.14,79.2792,83.96260000000001,60.806454736070755
1957,4068.14,79.85,84.07,79.314,83.97139999999999,60.83490358921102
1958,4068.16,79.845,84.0,79.3506,83.9764,60.862990829095295
1959,4068.18,79.84,83.965,79.3876,83.979,60.88480864469528
1960,4068.2,79.82,83.93,79.4244,83.9824,60.90144370730972
1961,4068.22,79.8,83.93,79.4594,83.988,60.91325803882292
1962,4068.24,79.87,83.93,79.4962,83.9918,60.93061864287787
1963,4068.26,79.94,84.055,79.5332,83.99879999999999,60.958706507036744
1964,4068.28,79.97999999999999,84.18,79.5692,84.0094,60.98124964191064
1965,4068.3,80.02,84.26,79.6064,84.0218,61.00933780688661
1966,4068.32,80.035,84.34,79.6438,84.0376,61.04851577740184
1967,4068.34,80.05,84.36500000000001,79.68260000000001,84.0546,61.08214900140597
1968,4068.36,80.14,84.39,79.72579999999999,84.07220000000001,61.0984193781636
1969,4068.38,80.23,84.325,79.76979999999999,84.0868,61.11505395646187
1970,4068.4,80.26,84.26,79.81219999999999,84.098,61.137961532364315
1971,4068.42,80.29,84.33000000000001,79.8524,84.11120000000001,61.16050531143765
1972,4068.44,80.32,84.4,79.8904,84.12799999999999,61.18859404078912
1973,4068.46,80.35,84.385,79.9258,84.145,61.21113816034802
1974,4068.48,80.4,84.37,79.9594,84.1618,61.22259301418473
1975,4068.5,80.45,84.33500000000001,79.9932,84.1776,61.23959284249033
1976,4068.52,80.5,84.3,80.02720000000001,84.1902,61.26213757138665
1977,4068.54,80.55,84.33500000000001,80.0624,84.2024,61.28431627566977
1978,4068.56,80.58500000000001,84.37,80.09819999999999,84.2128,61.312039719971125
1979,4068.58,80.62,84.35,80.1336,84.2192,61.32940609696654
1980,4068.6,80.58000000000001,84.33,80.1656,84.22579999999999,61.335684547990155
1981,4068.62,80.54,84.36,80.1946,84.23460000000001,61.35231827797918
1982,4068.64,80.54,84.39,80.2222,84.2474,61.37376326910809
1983,4068.66,80.54,84.38,80.25,84.2626,61.40185291356928
1984,4068.68,80.555,84.37,80.2786,84.2788,61.4362215534629
1985,4068.7,80.57,84.42500000000001,80.3086,84.29860000000001,61.46467987690711
1986,4068.72,80.68,84.48,80.3438,84.3206,61.4816816505426
1987,4068.74,80.79,84.515,80.3806,84.344,61.4979469434738
1988,4068.76,80.83500000000001,84.55,80.41640000000001,84.36380000000001,61.520125046814265
1989,4068.78,80.88,84.555,80.45240000000001,84.37880000000001,61.54303937046623
1990,4068.8,80.89,84.56,80.4872,84.3908,61.560410384846065
1991,4068.82,80.9,84.535,80.5218,84.3986,61.577782625155784
1992,4068.84,80.97,84.51,80.55860000000001,84.40440000000001,61.601071149250494
1993,4068.86,81.04,84.56,80.59460000000001,84.41120000000001,61.62399069430809
1994,4068.88,81.05000000000001,84.61,80.62740000000001,84.4226,61.64062334899952
1995,4068.9,81.06,84.6,80.6594,84.43620000000001,61.65688480862536
1996,4068.92,81.14,84.59,80.6934,84.4466,61.67832091706186
1997,4068.94,81.22,84.605,80.7294,84.45479999999999,61.7004983107479
1998,4068.96,81.265,84.62,80.766,84.4642,61.71787189063548
1999,4068.98,81.31,84.58000000000001,80.8024,84.4726,61.735246691528744
2000,4069.0,81.31,84.54,80.8368,84.4808,61.75262271220742
2001,4069.02,81.31,84.565,80.8692,84.4914,61.76925525883692
2002,4069.04,81.35,84.59,80.9012,84.5016,61.79697623408916
2003,4069.06,81.39,84.685,80.9334,84.5142,61.830613279382824
2004,4069.08,81.43,84.78,80.9658,84.53140000000002,61.85316208640526
2005,4069.1,81.47,84.78999999999999,81.0014,84.54979999999999,61.87053966678124
2006,4069.12,81.53999999999999,84.8,81.04140000000001,84.56739999999999,61.87683037115007
2007,4069.14,81.61,84.785,81.0842,84.58319999999999,61.882374403287805
2008,4069.16,81.62,84.77,81.12740000000001,84.59880000000001,61.89826020060422
2009,4069.18,81.63,84.805,81.1704,84.61619999999999,61.9152654362977
2010,4069.2,81.705,84.84,81.2158,84.6328,61.93301842399646
2011,4069.22,81.78,84.845,81.2598,84.6474,61.95002469778739
2012,4069.24,81.765,84.85,81.2988,84.6608,61.966282476305274
2013,4069.26,81.75,84.87,81.33539999999999,84.67360000000001,61.98254087835988
2014,4069.28,81.735,84.89,81.3696,84.68700000000001,61.99954663069042
2015,4069.3,81.72,84.9,81.40280000000001,84.7006,62.0224708415749
2016,4069.32,81.72,84.91,81.4356,84.7156,62.050940078013824
2017,4069.34,81.72,84.845,81.4656,84.729,62.0731158077876
2018,4069.36,81.735,84.78,81.49340000000001,84.7378,62.089373016452896
2019,4069.38,81.75,84.84,81.5214,84.74700000000001,62.10637948004906
2020,4069.4,81.85,84.9,81.553,84.759,62.112673576752016
2021,4069.42,81.95,84.905,81.58539999999999,84.77159999999999,62.11859309493571
2022,4069.44,82.075,84.91,81.6196,84.78379999999999,62.12930524545271
2023,4069.46,82.2,84.91,81.65700000000001,84.79540000000001,62.14039304340027
2024,4069.48,82.25999999999999,84.91,81.695,84.80859999999998,62.157775966417965
2025,4069.5,82.32,84.94999999999999,81.7354,84.825,62.17440751538598
2026,4069.52,82.28,84.99,81.77420000000001,84.84199999999998,62.19103909025038
2027,4069.54,82.24,84.97,81.80980000000001,84.85719999999999,62.21951049054146
2028,4069.56,82.13499999999999,84.95,81.8396,84.8678,62.2472295817944
2029,4069.58,82.03,84.995,81.86359999999999,84.87639999999999,62.26348511416639
2030,4069.6,82.08,85.04,81.88799999999999,84.8864,62.28049257626534
2031,4069.62,82.13,85.0,81.91159999999999,84.89439999999999,62.2978767991973
2032,4069.64,82.175,84.96,81.9342,84.9014,62.30417477561264
2033,4069.66,82.22,85.0,81.95819999999999,84.91059999999999,62.31526221292467
2034,4069.68,82.295,85.04,81.98479999999999,84.92,62.33151626645872
2035,4069.7,82.37,85.06,82.0114,84.92880000000001,62.342980862587744
2036,4069.72,82.43,85.08,82.03739999999999,84.9382,62.35406833974598
2037,4069.74,82.49,85.08500000000001,82.06639999999999,84.94760000000001,62.36515582891355
2038,4069.76,82.56,85.09,82.0988,84.95639999999999,62.37145454591084
2039,4069.78,82.63,85.16,82.13459999999999,84.96719999999999,62.38254191706643
2040,4069.8,82.675,85.23,82.17280000000001,84.9804,62.39917300301868
2041,4069.82,82.72,85.295,82.2128,84.9958,62.411016485766275
2042,4069.84,82.72,85.36,82.25280000000001,85.01639999999999,62.427647412863095
2043,4069.86,82.72,85.305,82.2922,85.03739999999999,62.44906641257415
2044,4069.88,82.71000000000001,85.25,82.33059999999999,85.05380000000001,62.4593999608922
2045,4069.9,82.7,85.215,82.3646,85.06639999999999,62.46494375134598
2046,4069.92,82.67500000000001,85.18,82.3936,85.0774,62.47678505601351
2047,4069.94,82.65,85.22,82.4166,85.0898,62.5000931453267
2048,4069.96,82.77000000000001,85.26,82.4394,85.1038,62.52894758705889
2049,4069.98,82.89,85.275,82.46459999999999,85.11840000000001,62.54557829071231
2050,4070.0,82.95,85.29,82.4898,85.132,62.54444243395214
2051,4070.02,83.01,85.28,82.51899999999999,85.1436,62.549608305235274
2052,4070.04,83.01,85.27,82.54979999999999,85.1556,62.57253888302658
2053,4070.06,83.01,85.3,82.5848,85.1696,62.58954820376606
2054,4070.08,83.045,85.33,82.62540000000001,85.18299999999999,62.58916984380961
2055,4070.1,83.08,85.275,82.6654,85.19239999999999,62.588791877434716
2056,4070.12,83.055,85.22,82.7024,85.20120000000001,62.600257156380515
2057,4070.14,83.03,85.185,82.7366,85.2102,62.612480309575666
2058,4070.16,83.075,85.15,82.7708,85.21620000000001,62.624326498591785
2059,4070.18,83.12,85.27000000000001,82.8038,85.22540000000001,62.65204410202063
2060,4070.2,83.195,85.39,82.8368,85.2386,62.673838817705914
2061,4070.22,83.27,85.37,82.8704,85.2502,62.67900339245351
2062,4070.24,83.3,85.35,82.90280000000001,85.2608,62.6849259477454
2063,4070.26,83.33,85.4,82.93360000000001,85.2732,62.69715212260854
2064,4070.28,83.28,85.45,82.95960000000001,85.28480000000002,62.71416293817953
2065,4070.3,83.23,85.485,82.9818,85.295,62.72448966511608
2066,4070.32,83.24000000000001,85.52,83.0026,85.304,62.741120267474095
2067,4070.34,83.25,85.46000000000001,83.02380000000001,85.30799999999999,62.769597655395636
2068,4070.36,83.25,85.4,83.045,85.3118,62.78622812460402
2069,4070.38,83.25,85.44,83.0666,85.3194,62.78584819040997
2070,4070.4,83.285,85.48,83.09,85.33,62.79139171069759
2071,4070.42,83.32,85.36,83.1158,85.33720000000001,62.80285859331869
2072,4070.44,83.375,85.24,83.14479999999999,85.338,62.80878226731677
2073,4070.46,83.43,85.28,83.17120000000001,85.3388,62.82579316646128
2074,4070.48,83.51,85.32,83.196,85.3406,62.83649965922694
2075,4070.5,83.59,85.395,83.2216,85.34479999999999,62.84128357552633
2076,4070.52,83.61500000000001,85.47,83.2458,85.3524,62.85237068894347
2077,4070.54,83.64,85.555,83.271,85.3638,62.8686223615873
2078,4070.56,83.58,85.64,83.29379999999999,85.3774,62.89041830405151
2079,4070.58,83.52,85.6,83.31280000000001,85.38820000000001,62.90704926393517
2080,4070.6,83.57,85.56,83.33239999999999,85.3996,62.91775863681115
2081,4070.62,83.62,85.55000000000001,83.355,85.41279999999999,62.92368023513806
2082,4070.64,83.64500000000001,85.54,83.37960000000001,85.42699999999999,62.92368022214967
2083,4070.66,83.67,85.53,83.4034,85.4422,62.92330229857342
2084,4070.68,83.75,85.52,83.4286,85.45219999999999,62.92960213493358
2085,4070.7,83.83,85.595,83.454,85.4604,62.951776703976556
2086,4070.72,83.875,85.67,83.4782,85.4724,62.97357331658622
2087,4070.74,83.92,85.64500000000001,83.50300000000001,85.4842,62.979117000450934
2088,4070.76,83.97,85.62,83.52860000000001,85.49300000000001,62.97911698712165
2089,4070.78,84.02,85.515,83.5582,85.4956,62.97949494220398
2090,4070.8,84.055,85.41,83.59119999999999,85.4926,62.979873287708614
2091,4070.82,84.09,85.475,83.6252,85.4908,62.98579562404401
2092,4070.84,84.11500000000001,85.54,83.65979999999999,85.49400000000001,62.99133921344627
2093,4070.86,84.14,85.595,83.69539999999999,85.5018,63.00166957210671
2094,4070.88,84.13499999999999,85.65,83.7308,85.5102,63.02308927484733
2095,4070.9,84.13,85.755,83.76460000000002,85.52120000000001,63.038967286287075
2096,4070.92,84.19999999999999,85.86,83.79979999999999,85.54119999999999,63.04413509603493
2097,4070.94,84.27,85.89,83.83560000000001,85.56720000000001,63.055222818166875
2098,4070.96,84.265,85.92,83.869,85.59279999999998,63.071854429495005
2099,4070.98,84.26,85.78,83.899,85.61120000000001,63.083317955625304
2100,4071.0,84.225,85.64,83.9244,85.62100000000001,63.088486052679805
2101,4071.02,84.19,85.675,83.9474,85.6292,63.08811068631723
2102,4071.04,84.145,85.71,83.9676,85.6354,63.09402991492832
2103,4071.06,84.1,85.745,83.9884,85.63960000000002,63.10474243413101
2104,4071.08,84.1,85.78,84.0116,85.6468,63.11545548606533
2105,4071.1,84.1,85.78,84.0328,85.65559999999999,63.132462086499366
2106,4071.12,84.16499999999999,85.78,84.05460000000001,85.66480000000001,63.14317533103825
2107,4071.14,84.23,85.735,84.07800000000002,85.6726,63.14797126906446
2108,4071.16,84.22,85.69,84.1,85.679,63.158685995350794
2109,4071.18,84.21,85.725,84.11840000000001,85.68719999999999,63.16385712910126
2110,4071.2,84.27,85.76,84.13600000000001,85.69380000000001,63.157940408463965
2111,4071.22,84.33,85.715,84.1542,85.69560000000001,63.16311238636378
2112,4071.24,84.36500000000001,85.67,84.17200000000001,85.6966,63.17345772999231
2113,4071.26,84.4,85.765,84.1892,85.7024,63.17863108151685
2114,4071.28,84.405,85.86,84.20459999999999,85.71619999999999,63.184917481028585
2115,4071.3,84.41,85.85499999999999,84.21879999999999,85.734,63.18491746835914
2116,4071.32,84.44999999999999,85.85,84.2332,85.74900000000001,63.184546202318074
2117,4071.34,84.49,85.89,84.2482,85.76299999999999,63.20117899602476
2118,4071.36,84.5,85.93,84.2626,85.7764,63.22298546107144
2119,4071.38,84.51,85.87,84.2776,85.7852,63.22815955245634
2120,4071.4,84.58500000000001,85.81,84.2958,85.78739999999999,63.227789715096684
2121,4071.42,84.66,85.83500000000001,84.3142,85.78640000000001,63.23296468512224
2122,4071.44,84.65,85.86,84.3294,85.78519999999999,63.23814011175284
2123,4071.46,84.64,85.89,84.3444,85.78400000000002,63.24922901266561
2124,4071.48,84.60499999999999,85.92,84.3582,85.7896,63.26623120919789
2125,4071.5,84.57,85.91499999999999,84.37200000000001,85.80060000000002,63.27695131832599
2126,4071.52,84.59,85.91,84.38799999999999,85.81,63.28212744661702
2127,4071.54,84.61,85.93,84.4066,85.8188,63.288040243612244
2128,4071.56,84.58,85.95,84.4258,85.82700000000001,63.29321644140626
2129,4071.58,84.55,85.92500000000001,84.4438,85.83279999999999,63.30320318248041
2130,4071.6,84.55,85.9,84.4618,85.83760000000001,63.3139258215277
2131,4071.62,84.55,85.875,84.4772,85.8414,63.31392580847922
2132,4071.64,84.645,85.85,84.4938,85.846,63.3135596014068
2133,4071.66,84.74,85.83,84.51459999999999,85.8516,63.31837311522096
2134,4071.68,84.765,85.81,84.5368,85.855,63.32318831560672
2135,4071.7,84.79,85.83500000000001,84.55760000000001,85.85799999999999,63.333913821643954
2136,4071.72,84.915,85.86,84.581,85.8638,63.339822756361976
2137,4071.74,85.04,85.83,84.60799999999999,85.87020000000001,63.34018722280074
2138,4071.76,85.035,85.8,84.6334,85.8716,63.340552078207004
2139,4071.78,85.03,85.85,84.6584,85.8712,63.34128296792704
2140,4071.8,85.00999999999999,85.9,84.6824,85.873,63.34682765395973
2141,4071.82,84.99,85.91,84.704,85.87539999999998,63.3516415690758
2142,4071.84,85.015,85.92,84.725,85.8766,63.35682155242241
2143,4071.86,85.04,85.965,84.7466,85.87800000000001,63.36200199091907
2144,4071.88,85.01,86.01,84.7666,85.88359999999999,63.36718288480678
2145,4071.9,84.98,86.005,84.7824,85.89139999999999,63.37827261862398
2146,4071.92,85.045,86.0,84.7978,85.898,63.37827260545567
2147,4071.94,85.11,86.03999999999999,84.81620000000001,85.90520000000001,63.37236420733712
2148,4071.96,85.09,86.08,84.8342,85.91279999999999,63.377183309301685
2149,4071.98,85.07,86.055,84.8528,85.91820000000001,63.387910994008784
2150,4072.0,85.10499999999999,86.03,84.8742,85.9228,63.404546016933224
2151,4072.02,85.14,86.03,84.89620000000001,85.9276,63.41527433857622
2152,4072.04,85.16499999999999,86.03,84.9184,85.9316,63.41455208470057
2153,4072.06,85.19,85.99000000000001,84.9428,85.9332,63.414191534509335
2154,4072.08,85.11500000000001,85.95,84.9654,85.9342,63.419376552443495
2155,4072.1,85.04,85.955,84.985,85.93639999999999,63.43010724116939
2156,4072.12,85.02000000000001,85.96,85.0038,85.93979999999999,63.44083845339598
2157,4072.14,85.0,85.935,85.01799999999999,85.94319999999999,63.446024900525465
2158,4072.16,85.03,85.91,85.02959999999999,85.94640000000001,63.44638368433335
2159,4072.18,85.06,85.94999999999999,85.04140000000001,85.95200000000001,63.440838416646756
2160,4072.2,85.17,85.99,85.0566,85.95820000000002,63.434934292418696
2161,4072.22,85.28,86.04499999999999,85.07119999999999,85.9656,63.44638364787511
2162,4072.24,85.295,86.1,85.08139999999999,85.97640000000001,63.452288045706034
2163,4072.26,85.31,86.14,85.0924,85.99,63.440838366925185
2164,4072.28,85.265,86.18,85.1018,86.00319999999999,63.43976303726529
2165,4072.3,85.22,86.16,85.1102,86.01360000000001,63.45532753895817
2166,4072.32,85.2,86.14,85.1186,86.0228,63.471607575732214
2167,4072.34,85.18,86.065,85.1252,86.02860000000001,63.477153052853325
2168,4072.36,85.125,85.99,85.1286,86.02959999999999,63.48234267228056
2169,4072.38,85.07,86.025,85.131,86.03020000000001,63.481987187580216
2170,4072.4,85.115,86.06,85.1364,86.0324,63.482342647846316
2171,4072.42,85.16,86.045,85.141,86.0342,63.49343368913125
2172,4072.44,85.195,86.03,85.1444,86.03380000000001,63.5038144314059
2173,4072.46,85.23,86.065,85.15,86.0332,63.50900547501409
2174,4072.48,85.21000000000001,86.1,85.15559999999999,86.035,63.50865130936932
2175,4072.5,85.19,86.1,85.15899999999999,86.0378,63.51384322405512
2176,4072.52,85.15,86.1,85.1594,86.0406,63.525288277657104
2177,4072.54,85.11,86.14,85.15719999999999,86.045,63.531187964834565
2178,4072.56,85.12,86.18,85.15440000000001,86.0526,63.53708798055999
2179,4072.58,85.13,86.185,85.155,86.06200000000001,63.54817919515918
2180,4072.6,85.11,86.19,85.1578,86.07140000000001,63.55820879312332
2181,4072.62,85.09,86.17,85.16059999999999,86.07979999999999,63.568594523451786
2182,4072.64,85.09,86.15,85.1642,86.08840000000001,63.57933387414336
2183,4072.66,85.09,86.11500000000001,85.1666,86.0966,63.57898204746125
2184,4072.68,85.05000000000001,86.08,85.1662,86.1018,63.57343619064186
2185,4072.7,85.01,86.055,85.15979999999999,86.10439999999998,63.57863059663972
2186,4072.72,84.95500000000001,86.03,85.1468,86.1038,63.59526822647449
2187,4072.74,84.9,86.095,85.131,86.10359999999999,63.606711261427485
2188,4072.76,84.92500000000001,86.16,85.1156,86.1044,63.617451758633386
2189,4072.78,84.95,86.19999999999999,85.10300000000001,86.10520000000001,63.633738705558784
2190,4072.8,85.055,86.24,85.09640000000002,86.10839999999999,63.63338834657933
2191,4072.82,85.16,86.19,85.09479999999999,86.11039999999998,63.62714278123351
2192,4072.84,85.16499999999999,86.14,85.0942,86.1134,63.63199080807967
2193,4072.86,85.17,86.185,85.096,86.1212,63.64273461933853
2194,4072.88,85.225,86.23,85.10220000000001,86.1294,63.64862904758716
2195,4072.9,85.28,86.215,85.10880000000002,86.1356,63.649326836635446
2196,4072.92,85.28,86.2,85.1136,86.1418,63.649326825163335
2197,4072.94,85.28,86.22,85.117,86.1494,63.64862901288815
2198,4072.96,85.24000000000001,86.24,85.1174,86.15640000000002,63.65382680411461
2199,4072.98,85.2,86.22,85.117,86.1612,63.664571203132304
2200,4073.0,85.11,86.2,85.11380000000001,86.1652,63.6749691125898
2201,4073.02,85.02,86.195,85.10860000000001,86.169,63.68016873694851
2202,4073.04,84.975,86.19,85.1032,86.171,63.68536881023548
2203,4073.06,84.93,86.21000000000001,85.09559999999999,86.17219999999999,63.69611565597677
2204,4073.08,85.03,86.23,85.0916,86.17399999999999,63.7072082970588
2205,4073.1,85.13,86.22,85.0924,86.17519999999999,63.71275461547575
2206,4073.12,85.16999999999999,86.21,85.09560000000002,86.1768,63.71275460433804
2207,4073.14,85.21,86.275,85.1004,86.18180000000001,63.718300924434246
2208,4073.16,85.185,86.34,85.1042,86.1908,63.729393584501054
2209,4073.18,85.16,86.33,85.10860000000001,86.2008,63.73493991210048
2210,4073.2,85.19,86.32,85.1158,86.21140000000001,63.73528541583112
2211,4073.22,85.22,86.35,85.12639999999999,86.2242,63.73528540467161
2212,4073.24,85.16499999999999,86.38,85.137,86.23560000000002,63.740486219595425
2213,4073.26,85.11,86.32499999999999,85.14439999999999,86.2422,63.7519243233263
2214,4073.28,85.12,86.27,85.1512,86.245,63.763362702114954
2215,4073.3,85.13,86.235,85.1542,86.24480000000001,63.76856326260706
2216,4073.32,85.13,86.2,85.15299999999999,86.24520000000001,63.768217916788075
2217,4073.34,85.13,86.195,85.1516,86.2474,63.77376426060847
2218,4073.36,85.13,86.19,85.15,86.2476,63.78451210904018
2219,4073.38,85.13,86.25,85.1462,86.2484,63.789714048079624
2220,4073.4,85.11,86.31,85.13940000000001,86.25220000000002,63.79491643604279
2221,4073.42,85.09,86.305,85.1318,86.2564,63.80532256757833
2222,4073.44,85.065,86.3,85.1232,86.2596,63.81086907742311
2223,4073.46,85.04,86.315,85.1152,86.26259999999998,63.811212229521146
2224,4073.48,85.045,86.33,85.109,86.26700000000001,63.81675871239163
2225,4073.5,85.05,86.265,85.1066,86.2696,63.82264868720076
2226,4073.52,85.1,86.2,85.10979999999999,86.26979999999999,63.8229925524336
2227,4073.54,85.15,86.275,85.1168,86.2732,63.82819513284792
2228,4073.56,85.19,86.35,85.12719999999999,86.27879999999999,63.83928806574074
2229,4073.58,85.23,86.35,85.1352,86.2836,63.844834529847375
2230,4073.6,85.2,86.35,85.138,86.28880000000001,63.84414816313691
2231,4073.62,85.17,86.3,85.13799999999999,86.2924,63.84935212042805
2232,4073.64,85.16,86.25,85.13600000000001,86.2914,63.860103126595
2233,4073.66,85.15,86.275,85.13459999999999,86.2888,63.8653080109923
2234,4073.68,85.1,86.3,85.1322,86.2876,63.87640127384721
2235,4073.7,85.05,86.315,85.1266,86.28739999999999,63.89304119045991
2236,4073.72,85.11,86.33,85.1222,86.28659999999999,63.89338273886505
2237,4073.74,85.17,86.44999999999999,85.1224,86.28939999999999,63.89372467304402
2238,4073.76,85.09,86.57,85.1216,86.2992,63.90413445312326
2239,4073.78,85.01,86.52,85.11720000000001,86.3092,63.914205737709004
2240,4073.8,85.09,86.47,85.1156,86.31859999999999,63.92009272626074
2241,4073.82,85.17,86.405,85.11720000000001,86.3268,63.92111579318398
2242,4073.84,85.17500000000001,86.34,85.119,86.33259999999999,63.927346330696714
2243,4073.86,85.18,86.32,85.12100000000001,86.33779999999999,63.93878194381224
2244,4073.88,85.195,86.3,85.12360000000001,86.3398,63.94398603034605
2245,4073.9,85.21,86.32499999999999,85.1276,86.34039999999999,63.94330227726031
2246,4073.92,85.27,86.35,85.1348,86.34219999999999,63.94850764116078
2247,4073.94,85.33,86.3,85.1454,86.34219999999999,63.95994217598215
2248,4073.96,85.31,86.25,85.15619999999998,86.33959999999999,63.96583036865082
2249,4073.98,85.29,86.49000000000001,85.166,86.34599999999999,63.971035445141254
2250,4074.0,85.23,86.73,85.1732,86.3646,63.986993662228905
2251,4074.02,85.17,86.70500000000001,85.176,86.3848,64.00329360658338
2252,4074.04,85.11500000000001,86.68,85.1746,86.40100000000001,64.01438710100183
2253,4074.06,85.06,86.62,85.16940000000001,86.4118,64.01993384624538
2254,4074.08,85.08500000000001,86.56,85.1636,86.42019999999998,64.0202739435484
2255,4074.1,85.11,86.43,85.16,86.4234,64.02616112555069
2256,4074.12,85.05,86.3,85.15520000000001,86.4234,64.0372545197968
2257,4074.14,84.99,86.195,85.1484,86.42120000000001,64.0428012149892
2258,4074.16,85.015,86.09,85.14299999999999,86.41380000000001,64.04314196383912
2259,4074.18,85.04,86.17,85.1406,86.40859999999999,64.04314195258712
2260,4074.2,85.045,86.25,85.14039999999999,86.40599999999999,64.04834788937463
2261,4074.22,85.05,86.35,85.13799999999999,86.4068,64.0591010148128
2262,4074.24,85.08,86.45,85.1344,86.4068,64.06985465178148
2263,4074.26,85.11,86.47,85.1352,86.40279999999998,64.08128798538678
2264,4074.28,85.09,86.49,85.1384,86.4016,64.09306208867169
2265,4074.3,85.07,86.475,85.1376,86.40180000000001,64.10415547847752
2266,4074.32,85.095,86.46,85.1346,86.404,64.10936176482471
2267,4074.34,85.12,86.47,85.1324,86.4092,64.10970216037538
2268,4074.36,85.17,86.48,85.132,86.4156,64.11004293952627
2269,4074.38,85.22,86.445,85.13300000000001,86.42139999999999,64.115248843478
2270,4074.4,85.215,86.41,85.1332,86.42479999999999,64.12600193336786
2271,4074.42,85.21,86.445,85.1308,86.4286,64.13743566821312
2272,4074.44,85.225,86.48,85.1266,86.4358,64.14332298820308
2273,4074.46,85.24,86.44,85.12379999999999,86.4434,64.14332297685642
2274,4074.48,85.215,86.4,85.1208,86.43980000000002,64.14886965567341
2275,4074.5,85.19,86.42,85.1192,86.42739999999999,64.1596225059835
2276,4074.52,85.21000000000001,86.44,85.1208,86.41679999999998,64.16482910943485
2277,4074.54,85.23,86.445,85.12539999999998,86.4074,64.17003615763716
2278,4074.56,85.275,86.45,85.134,86.4006,64.17558293667662
2279,4074.58,85.32,86.5,85.1434,86.3982,64.18735611564404
2280,4074.6,85.255,86.55,85.14920000000001,86.40299999999999,64.20399632446474
2281,4074.62,85.19,86.505,85.1548,86.41120000000001,64.20331688504044
2282,4074.64,85.19999999999999,86.46,85.1632,86.4218,64.19777007314583
2283,4074.66,85.21,86.46,85.171,86.4366,64.20954303563144
2284,4074.68,85.25,86.46,85.1794,86.4482,64.2209767209987
2285,4074.7,85.29,86.485,85.1892,86.4576,64.22063650776636
2286,4074.72,85.21000000000001,86.51,85.1956,86.464,64.23139024248518
2287,4074.74,85.13,86.565,85.19760000000001,86.46860000000001,64.25323812672669
2288,4074.76,85.13,86.62,85.1984,86.47460000000001,64.25844609259876
2289,4074.78,85.13,86.515,85.2,86.4756,64.25289922863159
2290,4074.8,85.11,86.41,85.2016,86.473,64.25844607040857
2291,4074.82,85.09,86.455,85.20139999999999,86.4728,64.26987855814457
2292,4074.84,85.105,86.5,85.2008,86.47400000000002,64.28165081636512
2293,4074.86,85.12,86.435,85.1988,86.47220000000002,64.28719758099315
2294,4074.88,85.2,86.37,85.19800000000001,86.4692,64.28719756943097
2295,4074.9,85.28,86.45,85.2006,86.4708,64.2927443368779
2296,4074.92,85.33,86.53,85.2054,86.4742,64.29795169896742
2297,4074.94,85.38,86.55,85.2116,86.47699999999999,64.30938466237602
2298,4074.96,85.345,86.57,85.2158,86.48219999999999,64.32636466276642
2299,4074.98,85.31,86.59,85.21960000000001,86.4898,64.33157180102818
2300,4075.0,85.275,86.61,85.223,86.49740000000001,64.32568573517658
2301,4075.02,85.24,86.59,85.2242,86.5034,64.3260249847398
2302,4075.04,85.22999999999999,86.57,85.2242,86.5084,64.33745814886392
2303,4075.06,85.22,86.54499999999999,85.22200000000001,86.5122,64.34855167756855
2304,4075.08,85.195,86.52,85.21699999999998,86.513,64.35998506669775
2305,4075.1,85.17,86.535,85.2136,86.5124,64.37107855516466
2306,4075.12,85.24000000000001,86.55,85.2156,86.5142,64.38183231910101
2307,4075.14,85.31,86.545,85.22,86.51759999999999,64.39813341142222
2308,4075.16,85.27000000000001,86.54,85.2224,86.52079999999998,64.40854978635387
2309,4075.18,85.23,86.475,85.2216,86.52140000000001,64.40300289156279
2310,4075.2,85.215,86.41,85.21860000000001,86.5184,64.40368020099139
2311,4075.22,85.2,86.41499999999999,85.2182,86.51459999999999,64.4203206719787
2312,4075.24,85.13,86.42,85.2182,86.5088,64.43073729754474
2313,4075.26,85.06,86.44,85.21539999999999,86.5016,64.43073728614422
2314,4075.28,85.11500000000001,86.46,85.2148,86.49940000000001,64.4310755976399
2315,4075.3,85.17,86.49,85.2172,86.5026,64.43628415800885
2316,4075.32,85.205,86.52,85.2218,86.50519999999999,64.44183104374908
2317,4075.34,85.24,86.50999999999999,85.2272,86.5056,64.4421692973667
2318,4075.36,85.35,86.5,85.23639999999999,86.5082,64.44771615560909
2319,4075.38,85.46,86.515,85.24680000000001,86.514,64.46401861884354
2320,4075.4,85.38999999999999,86.53,85.25120000000001,86.51720000000002,64.48065933795668
2321,4075.42,85.32,86.565,85.2508,86.51859999999999,64.48688268707507
2322,4075.44,85.24,86.6,85.24520000000001,86.52060000000002,64.49276830134718
2323,4075.46,85.16,86.615,85.23780000000001,86.5224,64.50352324720248
2324,4075.48,85.24,86.63,85.235,86.524,64.50352323590079
2325,4075.5,85.32,86.6,85.2368,86.52359999999999,64.50974783088208
2326,4075.52,85.31,86.57,85.2396,86.5228,64.52672760933679
2327,4075.54,85.3,86.505,85.2424,86.52019999999999,64.52638824196895
2328,4075.56,85.25999999999999,86.44,85.244,86.51599999999999,64.53193504690718
2329,4075.58,85.22,86.44,85.245,86.51279999999998,64.54857549663761
2330,4075.6,85.31,86.44,85.25059999999999,86.509,64.54789815142045
2331,4075.62,85.4,86.495,85.257,86.50679999999998,64.5478981397737
2332,4075.64,85.34,86.55,85.2582,86.507,64.55412228647174
2333,4075.66,85.28,86.52,85.25859999999999,86.5062,64.56555508275542
2334,4075.68,85.31,86.49,85.26180000000001,86.50679999999998,64.58219548470547
2335,4075.7,85.34,86.5,85.2668,86.51039999999999,64.58185640936829
2336,4075.72,85.35,86.51,85.27279999999999,86.5142,64.5815177159107
2337,4075.74,85.36,86.515,85.28200000000001,86.51799999999999,64.59849690755871
2338,4075.76,85.275,86.52,85.2906,86.5212,64.61581559719764
2339,4075.78,85.19,86.52,85.29359999999998,86.52359999999999,64.62136237895336
2340,4075.8,85.15,86.52,85.2928,86.5248,64.62623111896467
2341,4075.82,85.11,86.5,85.289,86.524,64.63732482150803
2342,4075.84,85.155,86.48,85.28559999999999,86.52279999999999,64.63766358335496
2343,4075.86,85.2,86.52000000000001,85.27959999999999,86.52359999999999,64.63732479964082
2344,4075.88,85.215,86.56,85.26979999999999,86.52539999999999,64.65396537520962
2345,4075.9,85.23,86.55000000000001,85.2634,86.52619999999999,64.66505909967846
2346,4075.92,85.21000000000001,86.54,85.259,86.5252,64.65951221989715
2347,4075.94,85.19,86.52000000000001,85.257,86.52199999999999,64.65985086458244
2348,4075.96,85.185,86.5,85.258,86.5174,64.6702677193478
2349,4075.98,85.18,86.47999999999999,85.2556,86.5114,64.68102373725591
2350,4076.0,85.18,86.46,85.25,86.5058,64.69245532035131
2351,4076.02,85.18,86.445,85.24480000000001,86.5008,64.69766452868785
2352,4076.04,85.19,86.43,85.2404,86.49780000000001,64.69732720686319
2353,4076.06,85.2,86.5,85.238,86.5002,64.70321144889581
2354,4076.08,85.325,86.57,85.2422,86.50540000000001,64.7153192854543
2355,4076.1,85.45,86.57,85.24780000000001,86.5106,64.7267516893663
2356,4076.12,85.435,86.57,85.2492,86.51360000000001,64.72641298976758
2357,4076.14,85.42,86.595,85.2524,86.51539999999999,64.72607466987549
2358,4076.16,85.435,86.62,85.2586,86.5194,64.73128365543107
2359,4076.18,85.45,86.57,85.2642,86.5226,64.74271534044429
2360,4076.2,85.49000000000001,86.52,85.2702,86.5234,64.75969417642494
2361,4076.22,85.53,86.405,85.2774,86.5192,64.76524104520375
2362,4076.24,85.515,86.29,85.2836,86.5102,64.76557951938521
2363,4076.26,85.5,86.305,85.29260000000001,86.5016,64.76557950815743
2364,4076.28,85.515,86.32,85.3056,86.4936,64.77078789325418
2365,4076.3,85.53,86.38,85.3208,86.48800000000001,64.77667319387574
2366,4076.32,85.53,86.44,85.33760000000001,86.48560000000002,64.77146516503687
2367,4076.34,85.53,86.50999999999999,85.35260000000002,86.4868,64.7766731715158
2368,4076.36,85.465,86.58,85.36319999999999,86.4892,64.79297539839855
2369,4076.38,85.4,86.535,85.3706,86.48819999999999,64.80440745836998
2370,4076.4,85.375,86.49,85.37639999999999,86.4858,64.81029294889734
2371,4076.42,85.35,86.495,85.382,86.484,64.8099543040323
2372,4076.44,85.4,86.5,85.39040000000001,86.4832,64.81516293873678
2373,4076.46,85.45,86.41,85.40100000000001,86.4796,64.82591894711021
2374,4076.48,85.42500000000001,86.32,85.4108,86.47319999999999,64.83735053670513
2375,4076.5,85.4,86.33,85.4196,86.46799999999999,64.84357397609732
2376,4076.52,85.485,86.34,85.43180000000001,86.46379999999999,64.83281915973363
2377,4076.54,85.57,86.455,85.447,86.4648,64.83349808483605
2378,4076.56,85.63999999999999,86.57,85.46459999999999,86.4676,64.84493158251858
2379,4076.58,85.71,86.595,85.48,86.46859999999998,64.84459159115352
2380,4076.6,85.685,86.62,85.48939999999999,86.47059999999999,64.85013834769524
2381,4076.62,85.66,86.53,85.4984,86.469,64.8619120443913
2382,4076.64,85.62,86.44,85.5064,86.4628,64.87368703623248
2383,4076.66,85.58,86.405,85.51219999999999,86.45419999999999,64.87923368773075
2384,4076.68,85.58,86.37,85.5174,86.4462,64.87368701340765
2385,4076.7,85.58,86.39500000000001,85.52099999999999,86.44120000000001,64.87437008936934
2386,4076.72,85.59,86.42,85.5234,86.4418,64.87991668228855
2387,4076.74,85.6,86.465,85.52679999999998,86.44879999999999,64.88478030648817
2388,4076.76,85.59,86.51,85.53039999999999,86.45700000000001,64.89553277424366
2389,4076.78,85.58,86.5,85.53299999999999,86.4642,64.90628574750555
2390,4076.8,85.655,86.49,85.53800000000001,86.46859999999998,64.90073900298326
2391,4076.82,85.73,86.445,85.546,86.46879999999999,64.89066819391661
2392,4076.84,85.625,86.4,85.54979999999999,86.46440000000001,64.89655643977515
2393,4076.86,85.52,86.405,85.552,86.45739999999999,64.90696691981307
2394,4076.88,85.435,86.41,85.5534,86.4524,64.917379160531
2395,4076.9,85.35,86.395,85.55239999999999,86.4486,64.92224636236365
2396,4076.92,85.39,86.38,85.554,86.444,64.92190715811941
2397,4076.94,85.43,86.43,85.5552,86.44120000000001,64.92779313900482
2398,4076.96,85.41,86.48,85.5536,86.444,64.93854762559354
2399,4076.98,85.39,86.5,85.5522,86.45120000000001,64.94307949347592
2400,4077.0,85.34,86.52,85.54979999999999,86.45880000000001,64.94862640571206
2401,4077.02,85.29,86.485,85.54199999999999,86.46459999999999,64.96594320510374
2402,4077.04,85.36500000000001,86.45,85.53380000000001,86.46440000000001,64.97182862115544
2403,4077.06,85.44,86.38499999999999,85.52580000000002,86.457,64.96628176465819
2404,4077.08,85.405,86.32,85.51360000000001,86.446,64.97216753153045
2405,4077.1,85.37,86.41,85.501,86.4376,64.98326116038018
2406,4077.12,85.38,86.5,85.4898,86.43639999999999,64.98813065996248
2407,4077.14,85.39,86.41499999999999,85.4806,86.43539999999999,64.98745485314357
2408,4077.16,85.41499999999999,86.33,85.47399999999999,86.43240000000002,64.98745484195408
2409,4077.18,85.44,86.35499999999999,85.4684,86.43180000000001,64.99367750923074
2410,4077.2,85.345,86.38,85.45900000000002,86.43119999999999,65.00443327049365
2411,4077.22,85.25,86.365,85.4454,86.429,65.00896853709634
2412,4077.24,85.35499999999999,86.35,85.43560000000001,86.4244,65.0141791066077
2413,4077.26,85.46,86.32,85.4304,86.41680000000001,65.02493718366641
2414,4077.28,85.44999999999999,86.29,85.4252,86.4084,65.02493717210238
2415,4077.3,85.44,86.29,85.4166,86.4004,65.02560952073827
2416,4077.32,85.47,86.29,85.40619999999998,86.3942,65.03183034174155
2417,4077.34,85.5,86.305,85.40119999999999,86.39039999999999,65.02628337405714
2418,4077.36,85.61500000000001,86.32,85.405,86.387,65.02560948747018
2419,4077.38,85.73,86.38499999999999,85.41680000000001,86.38599999999998,65.04191424146171
2420,4077.4,85.63,86.45,85.428,86.3882,65.05334455629327
2421,4077.42,85.53,86.42,85.43360000000001,86.38980000000001,65.05956510031716
2422,4077.44,85.5,86.39,85.43639999999999,86.3882,65.07099630634897
2423,4077.46,85.47,86.35499999999999,85.43879999999999,86.3832,65.07620599287442
2424,4077.48,85.53999999999999,86.32,85.44480000000001,86.37599999999999,65.0703221104092
2425,4077.5,85.61,86.36,85.45559999999999,86.36959999999999,65.0755326124022
2426,4077.52,85.565,86.4,85.4666,86.3662,65.08629061562836
2427,4077.54,85.52,86.415,85.47279999999999,86.3648,65.0810796226373
2428,4077.56,85.54499999999999,86.43,85.477,86.3666,65.08141607256803
2429,4077.58,85.57,86.45500000000001,85.48360000000001,86.37200000000001,65.09772071358903
2430,4077.6,85.625,86.48,85.49380000000001,86.37480000000001,65.10847884923467
2431,4077.62,85.68,86.435,85.5058,86.3722,65.1088147779554
2432,4077.64,85.725,86.39,85.5192,86.3712,65.10360406899711
2433,4077.66,85.77,86.345,85.5334,86.37179999999998,65.10360405728468
2434,4077.68,85.68,86.3,85.543,86.36959999999999,65.11436179032196
2435,4077.7,85.59,86.295,85.55279999999999,86.3662,65.11923744294893
2436,4077.72,85.58500000000001,86.29,85.5662,86.36319999999999,65.12478454008735
2437,4077.74,85.58,86.24000000000001,85.57519999999998,86.35879999999999,65.13654996454468
2438,4077.76,85.545,86.19,85.5786,86.35359999999999,65.142097010378
2439,4077.78,85.51,86.225,85.581,86.35099999999998,65.14142584304207
2440,4077.8,85.51,86.26,85.5838,86.3498,65.14663796636911
2441,4077.82,85.51,86.28,85.5854,86.3494,65.1518505275573
2442,4077.84,85.61500000000001,86.3,85.59,86.3492,65.14075616706225
2443,4077.86,85.72,86.245,85.5942,86.3462,65.13587868434074
2444,4077.88,85.715,86.19,85.59359999999998,86.33840000000001,65.1473082643914
2445,4077.9,85.71,86.22999999999999,85.5968,86.32959999999999,65.15252001204226
2446,4077.92,85.685,86.27,85.603,86.32359999999998,65.15185047241815
2447,4077.94,85.66,86.28999999999999,85.60940000000001,86.3196,65.1626106791732
2448,4077.96,85.66499999999999,86.31,85.61720000000001,86.31779999999999,65.1792523064996
2449,4077.98,85.67,86.30000000000001,85.6224,86.31700000000001,65.17925229556131
2450,4078.0,85.65,86.29,85.624,86.3142,65.16849196800679
2451,4078.02,85.63,86.285,85.6266,86.30959999999999,65.17437360242805
2452,4078.04,85.60499999999999,86.28,85.63,86.3042,65.19068069605608
2453,4078.06,85.58,86.245,85.6314,86.2968,65.19001306794003
2454,4078.08,85.61500000000001,86.21,85.6332,86.28699999999999,65.18446580930943
2455,4078.1,85.65,86.285,85.6342,86.2792,65.19622785546782
2456,4078.12,85.61,86.36,85.6314,86.27619999999999,65.21253555206556
2457,4078.14,85.57,86.325,85.6252,86.2736,65.21708347167899
2458,4078.16,85.59,86.29,85.61800000000001,86.27140000000001,65.20598883342845
2459,4078.18,85.61,86.29,85.61519999999999,86.271,65.20110750300357
2460,4078.2,85.625,86.29,85.6166,86.2708,65.21220200173732
2461,4078.22,85.64,86.27000000000001,85.61880000000001,86.27,65.21708342782597
2462,4078.24,85.755,86.25,85.6258,86.27040000000001,65.21708341692607
2463,4078.26,85.87,86.215,85.6388,86.27140000000001,65.22296341682528
2464,4078.28,85.825,86.18,85.6514,86.26960000000001,65.22296340506871
2465,4078.3,85.78,86.14500000000001,85.66220000000001,86.265,65.21741610550089
2466,4078.32,85.75,86.11,85.6718,86.2582,65.22296338357395
2467,4078.34,85.72,86.13499999999999,85.676,86.2516,65.22851066341725
2468,4078.36,85.71000000000001,86.16,85.67559999999999,86.24820000000001,65.22817798711054
2469,4078.38,85.7,86.235,85.675,86.25,65.23339303871232
2470,4078.4,85.68,86.31,85.67380000000001,86.25319999999999,65.24481993504365
2471,4078.42,85.66,86.35,85.67280000000001,86.25640000000001,65.25591458136877
2472,4078.44,85.625,86.39,85.67139999999999,86.2604,65.25558242449905
2473,4078.46,85.59,86.35499999999999,85.6684,86.2622,65.25558241385694
2474,4078.48,85.53999999999999,86.32,85.6632,86.263,65.26634541331765
2475,4078.5,85.49,86.28999999999999,85.6568,86.263,65.27156148932941
2476,4078.52,85.57499999999999,86.26,85.65460000000002,86.26199999999999,65.27156147807595
2477,4078.54,85.66,86.245,85.6568,86.2606,65.27677798958902
2478,4078.56,85.72999999999999,86.23,85.6628,86.26,65.28232543181134
2479,4078.58,85.8,86.195,85.67020000000001,86.2594,65.27744014624945
2480,4078.6,85.735,86.16,85.6736,86.25439999999999,65.2774401352668
2481,4078.62,85.67,86.175,85.676,86.24700000000001,65.2878728548842
2482,4078.64,85.74000000000001,86.19,85.6828,86.2416,65.28754237781223
2483,4078.66,85.81,86.175,85.6916,86.237,65.2819948837317
2484,4078.68,85.795,86.16,85.69900000000001,86.2318,65.28199487296655
2485,4078.7,85.78,86.21000000000001,85.7052,86.2286,65.28721225639674
2486,4078.72,85.75,86.26,85.7096,86.2282,65.2868825345246
2487,4078.74,85.72,86.285,85.70820000000002,86.22959999999999,65.28688252360121
2488,4078.76,85.7,86.31,85.70139999999999,86.2334,65.29243005439515
2489,4078.78,85.68,86.25999999999999,85.6956,86.2366,65.29275972624814
2490,4078.8,85.85,86.21,85.6984,86.2392,65.293089775901
2491,4078.82,86.02,86.19,85.7092,86.2424,65.29830722018187
2492,4078.84,85.94,86.17,85.71799999999999,86.24380000000001,65.30940224663344
2493,4078.86,85.86,86.11500000000001,85.72399999999999,86.24199999999999,65.32082720050896
2494,4078.88,85.77000000000001,86.06,85.7268,86.235,65.3208271896251
2495,4078.9,85.68,86.06,85.7268,86.22499999999998,65.31527968338297
2496,4078.92,85.665,86.06,85.727,86.21340000000001,65.32049724820506
2497,4078.94,85.65,86.05000000000001,85.728,86.1998,65.32016769460073
2498,4078.96,85.65,86.04,85.73039999999999,86.18719999999999,65.31462013260229
2499,4078.98,85.65,86.155,85.73479999999999,86.1806,65.31983850828428
2500,4079.0,85.6,86.27,85.7392,86.1798,65.33060493003569
2501,4079.02,85.55,86.33500000000001,85.73819999999999,86.1828,65.34137184976608
2502,4079.04,85.63499999999999,86.4,85.73719999999999,86.18900000000002,65.34071637293054
2503,4079.06,85.72,86.37,85.7368,86.19460000000001,65.33516866326062
2504,4079.08,85.745,86.34,85.73459999999999,86.2004,65.3358241743141
2505,4079.1,85.77,86.33,85.736,86.20720000000001,65.34170010637911
2506,4079.12,85.815,86.32,85.7418,86.213,65.34724771321821
2507,4079.14,85.86,86.21,85.7466,86.21379999999999,65.34724770256236
2508,4079.16,85.85,86.1,85.7482,86.2108,65.34170007411772
2509,4079.18,85.84,86.14,85.75,86.21,65.34137176448299
2510,4079.2,85.87,86.18,85.7536,86.2088,65.34691939965775
2511,4079.22,85.9,86.165,85.7596,86.205,65.3472476603133
2512,4079.24,85.86,86.15,85.7652,86.1996,65.3417000313264
2513,4079.26,85.82,86.14500000000001,85.77,86.193,65.33648110855871
2514,4079.28,85.78999999999999,86.14,85.7744,86.1882,65.34202868561803
2515,4079.3,85.76,86.13499999999999,85.7708,86.18520000000001,65.35246699409976
2516,4079.32,85.76,86.13,85.76039999999999,86.1828,65.35768679509512
2517,4079.34,85.76,86.195,85.75320000000002,86.18379999999999,65.36356227412438
2518,4079.36,85.80000000000001,86.26,85.7508,86.18960000000001,65.37498570479153
2519,4079.38,85.84,86.245,85.7536,86.197,65.38020522060401
2520,4079.4,85.715,86.23,85.755,86.20380000000002,65.37400242024825
2521,4079.42,85.59,86.21000000000001,85.752,86.2098,65.37367540901545
2522,4079.44,85.59,86.19,85.74959999999999,86.2154,65.39064554594512
2523,4079.46,85.59,86.14,85.7472,86.21940000000001,65.40206821546744
2524,4079.48,85.72,86.09,85.75,86.2168,65.39619324435422
2525,4079.5,85.85,86.045,85.76,86.2078,65.39619323400981
2526,4079.52,85.79499999999999,86.0,85.76979999999999,86.1944,65.40206818369691
2527,4079.54,85.74,86.0,85.77400000000002,86.1784,65.40206817282944
2528,4079.56,85.735,86.0,85.77459999999999,86.1636,65.39652046838611
2529,4079.58,85.73,86.045,85.774,86.15179999999998,65.39064547175572
2530,4079.6,85.75,86.09,85.7732,86.14219999999999,65.39031854436642
2531,4079.62,85.77,86.135,85.7714,86.13480000000001,65.40141403064233
2532,4079.64,85.755,86.18,85.76719999999999,86.1336,65.41805728060254
2533,4079.66,85.74,86.15,85.76280000000001,86.13560000000001,65.41838404829977
2534,4079.68,85.72999999999999,86.12,85.7584,86.1348,65.40761579437861
2535,4079.7,85.72,86.08500000000001,85.7524,86.131,65.40206808753025
2536,4079.72,85.75,86.05,85.7464,86.12640000000002,65.40174083883271
2537,4079.74,85.78,86.045,85.7432,86.12219999999999,65.40696171825212
2538,4079.76,85.87,86.04,85.74520000000001,86.11800000000001,65.41250946187068
2539,4079.78,85.96,86.045,85.75200000000001,86.1142,65.41283625692894
2540,4079.8,85.94,86.05,85.7592,86.1108,65.40794331729984
2541,4079.82,85.92,86.05,85.76559999999999,86.1076,65.40827127048378
2542,4079.84,85.86,86.05,85.7696,86.1018,65.41936654735044
2543,4079.86,85.8,86.08500000000001,85.76960000000001,86.09479999999999,65.42491418333806
2544,4079.88,85.77,86.12,85.7668,86.0898,65.42491417252785
2545,4079.9,85.74,86.18,85.7678,86.0878,65.42524241876797
2546,4079.92,85.79499999999999,86.24,85.77600000000001,86.089,65.43111863523602
2547,4079.94,85.85,86.175,85.7864,86.08840000000001,65.4422138165142
2548,4079.96,85.9,86.11,85.79879999999999,86.08720000000001,65.4363376304781
2549,4079.98,85.95,86.11,85.80799999999999,86.088,65.42524237636881
2550,4080.0,85.955,86.11,85.81220000000002,86.0906,65.43144757457056
2551,4080.02,85.96,86.05,85.8188,86.0926,65.44320168386821
2552,4080.04,85.925,85.99,85.82619999999999,86.09219999999999,65.44907921776496
2553,4080.06,85.89,86.06,85.83239999999999,86.09459999999999,65.4438621529149
2554,4080.08,85.815,86.13,85.8358,86.09800000000001,65.44419295175223
2555,4080.1,85.74,86.125,85.8354,86.0994,65.45561893668601
2556,4080.12,85.755,86.12,85.8348,86.0988,65.45561892534657
2557,4080.14,85.77,86.125,85.83539999999999,86.0966,65.45495703008697
2558,4080.16,85.815,86.13,85.83839999999998,86.0958,65.46017413390618
2559,4080.18,85.86,86.11,85.84359999999998,86.09540000000001,65.4608351978164
2560,4080.2,85.82,86.09,85.8476,86.09559999999999,65.46704514889083
2561,4080.22,85.78,86.125,85.8488,86.09859999999999,65.47847167834229
2562,4080.24,85.82,86.16,85.8504,86.10320000000002,65.4788038150052
2563,4080.26,85.86,86.1,85.85,86.1056,65.46804172699841
2564,4080.28,85.83500000000001,86.04,85.845,86.1054,65.46282740340276
2565,4080.3,85.81,86.035,85.8398,86.1048,65.46249440764932
2566,4080.32,85.86,86.03,85.8374,86.104,65.4621617894051
2567,4080.34,85.91,86.08,85.83940000000001,86.10520000000001,65.46837463913708
2568,4080.36,85.865,86.13,85.84199999999998,86.10700000000001,65.48013610145321
2569,4080.38,85.82,86.055,85.844,86.1044,65.49156450207937
2570,4080.4,85.81,85.98,85.8468,86.09639999999999,65.4915644906295
2571,4080.42,85.8,86.01,85.84700000000001,86.08720000000001,65.48601728751007
2572,4080.44,85.78999999999999,86.04,85.84460000000001,86.0818,65.48635165289417
2573,4080.46,85.78,86.035,85.8398,86.07879999999999,65.48668639499651
2574,4080.48,85.73,86.03,85.831,86.07560000000001,65.49223351972374
2575,4080.5,85.68,86.045,85.81999999999998,86.073,65.50332778736201
2576,4080.52,85.71000000000001,86.06,85.81,86.0734,65.5036628203365
2577,4080.54,85.74,86.07,85.8026,86.0766,65.49811569720684
2578,4080.56,85.74,86.08,85.7966,86.0774,65.49744591702395
2579,4080.58,85.74,86.13499999999999,85.79360000000001,86.0776,65.50265878243897
2580,4080.6,85.705,86.19,85.7922,86.0802,65.51375317126549
2581,4080.62,85.67,86.215,85.78880000000001,86.084,65.51930036407353
2582,4080.64,85.735,86.24,85.78740000000002,86.0886,65.51963455979185
2583,4080.66,85.8,86.225,85.7868,86.0924,65.5140873736378
2584,4080.68,85.785,86.21,85.78379999999999,86.09639999999999,65.50299301901977
2585,4080.7,85.77,86.22999999999999,85.78179999999999,86.102,65.50887481769122
2586,4080.72,85.88,86.25,85.7858,86.10700000000001,65.52131119056499
2587,4080.74,85.99,86.245,85.79260000000001,86.11039999999998,65.52265928930277
2588,4080.76,86.03999999999999,86.24,85.79979999999999,86.116,65.51745035596953
2589,4080.78,86.09,86.195,85.80999999999999,86.12219999999999,65.51812746519344
2590,4080.8,86.05000000000001,86.15,85.8196,86.1268,65.52401338236692
2591,4080.82,86.01,86.14,85.82560000000001,86.13119999999999,65.52401337149165
2592,4080.84,85.89,86.13,85.8248,86.1332,65.52989960962672
2593,4080.86,85.77,86.15,85.821,86.134,65.53023941711743
2594,4080.88,85.77,86.17,85.819,86.13860000000001,65.53057960101886
2595,4080.9,85.77,86.21000000000001,85.81739999999999,86.1478,65.5472197629334
2596,4080.92,85.79499999999999,86.25,85.81720000000001,86.1574,65.55831321215408
2597,4080.94,85.82,86.25999999999999,85.81839999999998,86.16619999999999,65.55310692503214
2598,4080.96,85.865,86.27,85.8218,86.17559999999999,65.54269567052278
2599,4080.98,85.91,86.245,85.829,86.18419999999998,65.54892589946046
2600,4081.0,85.97999999999999,86.22,85.84100000000001,86.19120000000001,65.56070404712638
2601,4081.02,86.05,86.185,85.8546,86.1962,65.56173433699325
2602,4081.04,86.07499999999999,86.15,85.868,86.19940000000001,65.55133030648746
2603,4081.06,86.1,86.1,85.8824,86.20020000000001,65.5350362477226
2604,4081.08,86.095,86.05,85.89659999999999,86.1968,65.53572752900921
2605,4081.1,86.09,86.07499999999999,85.91199999999999,86.1922,65.54751277276216
2606,4081.12,86.07,86.1,85.928,86.1876,65.54785966393413
2607,4081.14,86.05,86.16499999999999,85.94059999999999,86.18459999999999,65.542313451034
2608,4081.16,86.1,86.23,85.9526,86.1848,65.5423134390971
2609,4081.18,86.15,86.23,85.9672,86.1856,65.55375308115687
2610,4081.2,86.17,86.23,85.9832,86.1856,65.56519299032914
2611,4081.22,86.19,86.31,85.9956,86.18799999999999,65.56069187346031
2612,4081.24,86.19,86.39,86.00359999999999,86.19380000000001,65.55099863540208
2613,4081.26,86.19,86.38,86.00959999999999,86.19939999999998,65.55689519211923
2614,4081.28,86.18,86.37,86.0132,86.20639999999999,65.56798700326868
2615,4081.3,86.17,86.355,86.01799999999999,86.21459999999999,65.56833793949136
2616,4081.32,86.19,86.34,86.02519999999998,86.2226,65.55794930613881
2617,4081.34,86.21,86.36,86.038,86.2318,65.5531081787289
2618,4081.36,86.16499999999999,86.38,86.0538,86.241,65.56455254409632
2619,4081.38,86.12,86.32499999999999,86.06779999999999,86.24719999999999,65.57080504565606
2620,4081.4,86.095,86.27,86.0808,86.24959999999999,65.56596770136261
2621,4081.42,86.07,86.305,86.09179999999998,86.25179999999999,65.56632242377128
2622,4081.44,86.11,86.34,86.10340000000001,86.255,65.57222307549677
2623,4081.46,86.15,86.32,86.1148,86.257,65.57293435020264
2624,4081.48,86.215,86.3,86.12700000000001,86.2592,65.57364712766946
2625,4081.5,86.28,86.31,86.139,86.26279999999998,65.56845866979698
2626,4081.52,86.28999999999999,86.32,86.14859999999999,86.2682,65.56327065033378
2627,4081.54,86.3,86.33,86.1576,86.27539999999999,65.57471909121665
2628,4081.56,86.22999999999999,86.34,86.1628,86.285,65.58616779631821
2629,4081.58,86.16,86.315,86.16539999999999,86.2956,65.58688495869038
2630,4081.6,86.15,86.29,86.1678,86.3042,65.57651323209596
2631,4081.62,86.14,86.245,86.1706,86.31,65.57132802107402
2632,4081.64,86.18,86.2,86.1758,86.3114,65.57759422047141
2633,4081.66,86.22,86.235,86.1806,86.3116,65.57831676130705
2634,4081.68,86.235,86.27,86.184,86.3132,65.57904080444048
2635,4081.7,86.25,86.32,86.18720000000002,86.3168,65.58494833197312
2636,4081.72,86.215,86.37,86.1882,86.3192,65.58531125465653
2637,4081.74,86.18,86.34,86.18780000000001,86.31720000000001,65.58122194338506
2638,4081.76,86.215,86.31,86.18880000000001,86.3144,65.58195199353601
2639,4081.78,86.25,86.295,86.19160000000002,86.31139999999999,65.58749671499025
2640,4081.8,86.265,86.28,86.1954,86.3084,65.58822820398284
2641,4081.82,86.28,86.32,86.199,86.30760000000001,65.58304986425604
2642,4081.84,86.31,86.36,86.20299999999999,86.30760000000001,65.58415114031078
2643,4081.86,86.34,86.28,86.21,86.30359999999999,65.58562476816216
2644,4081.88,86.385,86.2,86.22060000000002,86.29860000000001,65.57527511279626
2645,4081.9,86.43,86.205,86.234,86.296,65.57047150770735
2646,4081.92,86.42,86.21,86.248,86.29220000000001,65.57601578502337
2647,4081.94,86.41,86.36,86.26,86.29299999999999,65.57638668430491
2648,4081.96,86.35,86.51,86.26799999999999,86.30059999999999,65.57195749665735
2649,4081.98,86.29,86.47,86.271,86.3074,65.57750164736295
2650,4082.0,86.25,86.43,86.26980000000002,86.31220000000002,65.59339063060867
2651,4082.02,86.21,86.4,86.2666,86.31540000000001,65.59339061744573
2652,4082.04,86.215,86.37,86.2632,86.31700000000001,65.57750160642018
2653,4082.06,86.22,86.39500000000001,86.26280000000001,86.3192,65.57824679650216
2654,4082.08,86.195,86.42,86.2642,86.3234,65.595625621002
2655,4082.1,86.17,86.355,86.265,86.32600000000001,65.60154344612701
2656,4082.12,86.16,86.29,86.2658,86.32780000000001,65.60116964293427
2657,4082.14,86.15,86.305,86.26459999999999,86.332,65.60671368155863
2658,4082.16,86.225,86.32,86.2648,86.3354,65.60154340464788
2659,4082.18,86.3,86.365,86.2674,86.3392,65.5908295848645
2660,4082.2,86.25,86.41,86.2674,86.34280000000001,65.59637355460771
2661,4082.22,86.2,86.375,86.2668,86.34300000000002,65.60671362578542
2662,4082.24,86.19,86.34,86.26719999999999,86.34299999999999,65.61151134056234
2663,4082.26,86.18,86.295,86.2658,86.3424,65.61113872620393
2664,4082.28,86.245,86.25,86.26559999999999,86.3406,65.60671358455495
2665,4082.3,86.31,86.265,86.2674,86.34,65.61375478002155
2666,4082.32,86.38,86.28,86.27140000000001,86.33840000000001,65.61450559454488
2667,4082.34,86.45,86.33,86.277,86.3372,65.59787399311034
2668,4082.36,86.41,86.38,86.2798,86.34120000000001,65.59712296101304
2669,4082.38,86.37,86.345,86.2792,86.347,65.61375472415578
2670,4082.4,86.33500000000001,86.31,86.2754,86.35119999999999,65.61450553819644
2671,4082.42,86.3,86.315,86.2706,86.35539999999999,65.6041702528957
2672,4082.44,86.265,86.32,86.2648,86.3538,65.60454702919701
2673,4082.46,86.23,86.33,86.26,86.3466,65.60417022406197
2674,4082.48,86.23,86.34,86.25759999999998,86.34140000000001,65.60896161647638
2675,4082.5,86.23,86.35,86.25679999999998,86.3382,65.61967376587252
2676,4082.52,86.27000000000001,86.36,86.2592,86.3366,65.61450545383657
2677,4082.54,86.31,86.38499999999999,86.263,86.3372,65.6093375823711
2678,4082.56,86.305,86.41,86.26639999999999,86.3378,65.62080155797696
2679,4082.58,86.3,86.405,86.27060000000002,86.3372,65.62672201403919
2680,4082.6,86.32499999999999,86.4,86.27680000000001,86.339,65.61525772582397
2681,4082.62,86.35,86.37,86.2844,86.34219999999999,65.60933752661022
2682,4082.64,86.245,86.34,86.2882,86.34360000000001,65.6148813452918
2683,4082.66,86.14,86.345,86.28480000000002,86.34459999999999,65.6148813316107
2684,4082.68,86.225,86.35,86.2818,86.344,65.60933748443789
2685,4082.7,86.31,86.3,86.2842,86.33959999999999,65.6148813032168
2686,4082.72,86.28999999999999,86.25,86.2878,86.3346,65.62596896376085
2687,4082.74,86.27,86.325,86.291,86.334,65.62596894937683
2688,4082.76,86.285,86.4,86.29519999999998,86.3382,65.62080141638934
2689,4082.78,86.3,86.43,86.2974,86.34540000000001,65.6156343245015
2690,4082.8,86.3,86.46,86.29700000000001,86.35320000000002,65.6152575838717
2691,4082.82,86.3,86.44999999999999,86.29379999999999,86.36,65.62004910998473
2692,4082.84,86.245,86.44,86.28559999999999,86.3644,65.62559296620464
2693,4082.86,86.19,86.46000000000001,86.27680000000001,86.3676,65.63705655047866
2694,4082.88,86.175,86.48,86.26899999999999,86.373,65.6477684465675
2695,4082.9,86.16,86.435,86.26199999999999,86.37800000000001,65.64184910922964
2696,4082.92,86.19,86.39,86.2576,86.381,65.63076127752477
2697,4082.94,86.22,86.37,86.25580000000002,86.383,65.63630517070641
2698,4082.96,86.265,86.35,86.25720000000001,86.38380000000001,65.64222450920897
2699,4082.98,86.31,86.41499999999999,86.2604,86.38680000000001,65.63705646549059
2700,4083.0,86.33500000000001,86.48,86.26460000000002,86.39200000000001,65.63113672682734
2701,4083.02,86.36,86.465,86.26820000000002,86.3962,65.62521730255098
2702,4083.04,86.275,86.45,86.26679999999999,86.39880000000001,65.62559282519402
2703,4083.06,86.19,86.38,86.26219999999999,86.39759999999998,65.63151256473907
2704,4083.08,86.265,86.31,86.2608,86.39380000000001,65.63668054597892
2705,4083.1,86.34,86.33500000000001,86.2614,86.39119999999998,65.63630505782449
2706,4083.12,86.34,86.36,86.26100000000001,86.3908,65.63188877771778
2707,4083.14,86.34,86.405,86.26480000000001,86.3934,65.63264240016676
2708,4083.16,86.31,86.45,86.27159999999999,86.3976,65.63743256223032
2709,4083.18,86.28,86.49000000000001,86.2738,86.40320000000001,65.64814402060924
2710,4083.2,86.27000000000001,86.53,86.2722,86.41239999999999,65.6533121049841
2711,4083.22,86.26,86.565,86.271,86.425,65.64739279658708
2712,4083.24,86.38,86.6,86.2754,86.436,65.64739278252097
2713,4083.26,86.5,86.47,86.28400000000002,86.43880000000001,65.64701773335578
2714,4083.28,86.53,86.34,86.2932,86.43519999999998,65.63518076098785
2715,4083.3,86.56,86.305,86.30359999999999,86.429,65.62963674447391
2716,4083.32,86.45,86.27,86.3096,86.4218,65.63592980506311
2717,4083.34,86.34,86.3,86.3134,86.41619999999999,65.63592979076542
2718,4083.36,86.30000000000001,86.33,86.3178,86.411,65.63518070485092
2719,4083.38,86.26,86.405,86.3212,86.40799999999999,65.64072469663688
2720,4083.4,86.255,86.48,86.325,86.40979999999999,65.64109899880259
2721,4083.42,86.25,86.375,86.3274,86.4092,65.64701762109902
2722,4083.44,86.285,86.27,86.33000000000001,86.40520000000001,65.6581055046395
2723,4083.46,86.32,86.235,86.3322,86.4006,65.65293654351112
2724,4083.48,86.345,86.2,86.3336,86.392,65.64297615099916
2725,4083.5,86.37,86.265,86.335,86.3834,65.64297613642708
2726,4083.52,86.375,86.33,86.3356,86.37800000000001,65.64297612256031
2727,4083.54,86.38,86.47999999999999,86.33980000000001,86.3792,65.64297610798825
2728,4083.56,86.365,86.63,86.3468,86.3892,65.64851991178602
2729,4083.58,86.35,86.63,86.35019999999999,86.40199999999999,65.65444022113863
2730,4083.6,86.365,86.63,86.3512,86.41380000000001,65.65406370345352
2731,4083.62,86.38,86.53,86.3528,86.4206,65.64814371009075
2732,4083.64,86.305,86.43,86.3514,86.4216,65.64776791103736
2733,4083.66,86.23,86.345,86.34819999999999,86.4174,65.64739248744492
2734,4083.68,86.28,86.26,86.34819999999999,86.4082,65.64739247321707
2735,4083.7,86.33,86.275,86.35060000000001,86.39800000000001,65.65293637499809
2736,4083.72,86.305,86.29,86.3524,86.387,65.65256135834153
2737,4083.74,86.28,86.33000000000001,86.3484,86.37620000000001,65.6518124629125
2738,4083.76,86.24000000000001,86.37,86.338,86.37219999999999,65.65735646200467
2739,4083.78,86.2,86.42500000000001,86.3248,86.37560000000002,65.6636492180679
2740,4083.8,86.295,86.48,86.3142,86.3826,65.66364920370935
2741,4083.82,86.39,86.49000000000001,86.3118,86.39139999999999,65.66327462567963
2742,4083.84,86.39500000000001,86.5,86.31400000000002,86.3994,65.66881859848063
2743,4083.86,86.4,86.49000000000001,86.318,86.4058,65.66881858457059
2744,4083.88,86.385,86.48,86.323,86.40880000000001,65.6632745841369
2745,4083.9,86.37,86.385,86.3276,86.405,65.65773058530803
2746,4083.92,86.32,86.29,86.33040000000001,86.4016,65.65218658959057
2747,4083.94,86.27,86.34,86.32979999999999,86.40440000000001,65.65218657561047
2748,4083.96,86.27,86.39,86.32780000000001,86.41059999999999,65.65810513975943
2749,4083.98,86.27,86.475,86.3248,86.4216,65.66402401743579
2750,4084.0,86.22,86.56,86.3188,86.4334,65.6636490636024
2751,4084.02,86.17,86.505,86.3106,86.4404,65.66364904994914
2752,4084.04,86.235,86.45,86.3048,86.4392,65.66994318049822
2753,4084.06,86.3,86.49000000000001,86.30220000000001,86.43360000000001,65.67548706130276
2754,4084.08,86.4,86.53,86.3042,86.42960000000001,65.67473692120078
2755,4084.1,86.5,86.50999999999999,86.30959999999999,86.42479999999999,65.66919294897383
2756,4084.12,86.58500000000001,86.49,86.31779999999999,86.42320000000001,65.65847999817066
2757,4084.14,86.67,86.49,86.33239999999999,86.42559999999999,65.65293606471708
2758,4084.16,86.64500000000001,86.49,86.34899999999999,86.43140000000001,65.6588553146963
2759,4084.18,86.62,86.445,86.3626,86.43879999999999,65.65923102105762
2760,4084.2,86.53,86.4,86.3706,86.4438,65.65331140013005
2761,4084.22,86.44,86.445,86.376,86.45,65.65331138632239
2762,4084.24,86.36500000000001,86.49,86.37939999999999,86.45639999999999,65.65960707372213
2763,4084.26,86.29,86.495,86.3814,86.46140000000001,65.66552732326342
2764,4084.28,86.315,86.5,86.38600000000001,86.46440000000001,65.66515087091636
2765,4084.3,86.34,86.515,86.38780000000001,86.4658,65.65960703142937
2766,4084.32,86.405,86.53,86.3884,86.4674,65.6544396963482
2767,4084.34,86.47,86.505,86.39139999999999,86.4676,65.65406318006276
2768,4084.36,86.515,86.48,86.396,86.46719999999999,65.6536870390982
2769,4084.38,86.56,86.495,86.40299999999999,86.46779999999998,65.65368702481385
2770,4084.4,86.495,86.51,86.40800000000002,86.4728,65.65923086548443
2771,4084.42,86.43,86.525,86.41239999999999,86.4822,65.66515077199723
2772,4084.44,86.37,86.54,86.4164,86.4902,65.67144777392053
2773,4084.46,86.31,86.535,86.41799999999999,86.49600000000001,65.67774615001099
2774,4084.48,86.315,86.53,86.4198,86.49820000000001,65.6777461359414
2775,4084.5,86.32,86.505,86.42380000000001,86.49599999999998,65.67182488655025
2776,4084.52,86.34,86.48,86.43060000000001,86.495,65.6666587017173
2777,4084.54,86.36,86.49000000000001,86.4356,86.4966,65.6670366246462
2778,4084.56,86.45,86.5,86.4416,86.49700000000001,65.6662811112949
2779,4084.58,86.54,86.55,86.44720000000001,86.49779999999998,65.66552709682956
2780,4084.6,86.52000000000001,86.6,86.44800000000001,86.50140000000002,65.66590389482218
2781,4084.62,86.5,86.54499999999999,86.44460000000001,86.50359999999999,65.66628106820272
2782,4084.64,86.515,86.49,86.4384,86.5036,65.67699139941674
2783,4084.66,86.53,86.46000000000001,86.4338,86.5024,65.68253515527638
2784,4084.68,86.47,86.43,86.4278,86.5018,65.67736849493731
2785,4084.7,86.41,86.48,86.42300000000002,86.505,65.67736848073568
2786,4084.72,86.375,86.53,86.42040000000001,86.5084,65.67699134276398
2787,4084.74,86.34,86.52000000000001,86.41940000000001,86.5096,65.67661457901279
2788,4084.76,86.235,86.51,86.4172,86.51019999999998,65.68770217222486
2789,4084.78,86.13,86.45500000000001,86.40980000000002,86.5084,65.69916639771188
2790,4084.8,86.145,86.4,86.402,86.5038,65.7054644679182
2791,4084.82,86.16,86.36,86.39219999999999,86.49700000000001,65.70584216766925
2792,4084.84,86.16499999999999,86.32,86.38,86.48960000000001,65.70546443970323
2793,4084.86,86.17,86.41999999999999,86.3662,86.48720000000002,65.7106308382545
2794,4084.88,86.17500000000001,86.52,86.35080000000002,86.48820000000002,65.71617457894627
2795,4084.9,86.18,86.515,86.3382,86.4884,65.7217183223422
2796,4084.92,86.17500000000001,86.51,86.32800000000002,86.4878,65.7217183084068
2797,4084.94,86.17,86.58500000000001,86.32,86.4896,65.72209553715523
2798,4084.96,86.255,86.66,86.3178,86.4946,65.72285113289051
2799,4084.98,86.34,86.56,86.31880000000001,86.4958,65.71806462856472
2800,4085.0,86.43,86.46,86.3232,86.49400000000001,65.70735663777023
2801,4085.02,86.52,86.49,86.3304,86.4944,65.70181306522902
2802,4085.04,86.525,86.52,86.337,86.4956,65.70697739699861
2803,4085.06,86.53,86.44999999999999,86.34020000000001,86.4936,65.70659854609885
2804,4085.08,86.485,86.38,86.338,86.4868,65.70622006948679
2805,4085.1,86.44,86.395,86.3348,86.47859999999999,65.71138565614183
2806,4085.12,86.36500000000001,86.41,86.3294,86.47320000000002,65.71692933230038
2807,4085.14,86.29,86.455,86.3204,86.4718,65.71730734202723
2808,4085.16,86.24000000000001,86.5,86.30879999999999,86.4734,65.71176366865575
2809,4085.18,86.19,86.49000000000001,86.2976,86.47579999999999,65.71692928977922
2810,4085.2,86.1,86.48,86.28519999999999,86.47579999999999,65.7276390800282
2811,4085.22,86.01,86.465,86.2706,86.47319999999999,65.72726185505626
2812,4085.24,86.16,86.45,86.2634,86.47039999999998,65.72171808078376
2813,4085.26,86.31,86.48,86.26639999999999,86.4692,65.72209530898239
2814,4085.28,86.38499999999999,86.51,86.2766,86.47139999999999,65.72209529466586
2815,4085.3,86.46,86.5,86.2892,86.47540000000001,65.72171803766292
2816,4085.32,86.525,86.49,86.30380000000001,86.4806,65.71655154085136
2817,4085.34,86.59,86.515,86.3208,86.4884,65.71176353901544
2818,4085.36,86.555,86.54,86.3362,86.4932,65.71730718416615
2819,4085.38,86.52,86.54,86.35,86.494,65.72285083229349
2820,4085.4,86.445,86.54,86.36059999999999,86.495,65.72877281651085
2821,4085.42,86.37,86.495,86.36840000000001,86.4944,65.7287728026281
2822,4085.44,86.41499999999999,86.45,86.37820000000002,86.48900000000002,65.72360789582252
2823,4085.46,86.46,86.485,86.3864,86.48199999999999,65.72436648603555
2824,4085.48,86.32499999999999,86.52,86.3858,86.48039999999999,65.72953055130053
2825,4085.5,86.19,86.46000000000001,86.37620000000001,86.48039999999999,65.73431638061729
2826,4085.52,86.13,86.4,86.36060000000002,86.4768,65.74540364549374
2827,4085.54,86.07,86.385,86.3424,86.47140000000002,65.7568694697615
2828,4085.56,86.08,86.37,86.32439999999998,86.4682,65.75724837865836
2829,4085.58,86.09,86.39,86.30860000000001,86.46860000000001,65.75170478157081
2830,4085.6,86.2,86.41,86.29899999999999,86.4692,65.74578220059219
2831,4085.62,86.31,86.43,86.2968,86.47,65.73985993322384
2832,4085.64,86.38,86.45,86.3004,86.46979999999999,65.72839431150287
2833,4085.66,86.45,86.455,86.3088,86.46799999999999,65.72839429651643
2834,4085.68,86.42,86.46,86.318,86.4668,65.73985988951016
2835,4085.7,86.39,86.455,86.32960000000001,86.4658,65.73469491370834
2836,4085.72,86.445,86.45,86.347,86.46520000000001,65.72398680999811
2837,4085.74,86.5,86.45,86.36059999999999,86.46520000000001,65.72953036372634
2838,4085.76,86.47,86.45,86.367,86.46400000000001,65.73507392089482
2839,4085.78,86.44,86.44,86.3692,86.46119999999999,65.73545333148725
2840,4085.8,86.38,86.43,86.36599999999999,86.4584,65.74099685947117
2841,4085.82,86.32,86.42,86.35779999999998,86.45560000000002,65.7409968455059
2842,4085.84,86.26499999999999,86.41,86.34479999999999,86.45139999999999,65.74137659808433
2843,4085.86,86.21,86.39,86.33099999999999,86.44539999999999,65.74099681642093
2844,4085.88,86.18,86.37,86.31739999999999,86.43860000000001,65.7406174091901
2845,4085.9,86.15,86.39,86.3056,86.43260000000001,65.75246358345017
2846,4085.92,86.25,86.41,86.30079999999998,86.4292,65.75876755324849
2847,4085.94,86.35,86.395,86.2982,86.42699999999999,65.74730014847091
2848,4085.96,86.375,86.38,86.2948,86.42280000000001,65.73507377741883
2849,4085.98,86.4,86.37,86.2978,86.41680000000001,65.7406173373337
2850,4086.0,86.36500000000001,86.36,86.3048,86.4128,65.74654026022176
2851,4086.02,86.33,86.34,86.31279999999998,86.41040000000001,65.74061730861519
2852,4086.04,86.34,86.32,86.3236,86.4078,65.74061729387648
2853,4086.06,86.35,86.32,86.3344,86.4058,65.74023826131288
2854,4086.08,86.315,86.32,86.3434,86.40299999999999,65.7398596031944
2855,4086.1,86.28,86.36,86.3466,86.40100000000001,65.74540323005365
2856,4086.12,86.48,86.4,86.35339999999998,86.3998,65.73431593621133
2857,4086.14,86.68,86.375,86.36540000000001,86.3968,65.71806379502137
2858,4086.16,86.47,86.35,86.36619999999999,86.3926,65.72360737873353
2859,4086.18,86.26,86.425,86.35979999999999,86.39120000000001,65.73431589334304
2860,4086.2,86.305,86.5,86.3564,86.39300000000001,65.73469455456176
2861,4086.22,86.35,86.375,86.3526,86.39,65.73545301482152
2862,4086.24,86.25,86.25,86.3426,86.382,65.74099654238293
2863,4086.26,86.15,86.24000000000001,86.32979999999999,86.37359999999998,65.74099652816157
2864,4086.28,86.14,86.23,86.31779999999999,86.36519999999999,65.7417564216489
2865,4086.3,86.13,86.285,86.3078,86.35940000000001,65.74729988807832
2866,4086.32,86.19999999999999,86.34,86.303,86.35619999999999,65.7465400298227
2867,4086.34,86.27,86.41499999999999,86.30320000000002,86.3564,65.74099647036374
2868,4086.36,86.37,86.49,86.3096,86.36040000000001,65.73583271281454
2869,4086.38,86.47,86.445,86.32119999999999,86.36339999999998,65.73545289969906
2870,4086.4,86.47999999999999,86.4,86.3344,86.3638,65.73469441068517
2871,4086.42,86.49,86.33500000000001,86.34400000000001,86.3608,65.72915079322979
2872,4086.44,86.525,86.27,86.35099999999998,86.3558,65.72360717769747
2873,4086.46,86.56,86.24,86.3584,86.3502,65.72877205708816
2874,4086.48,86.49000000000001,86.21,86.36200000000001,86.34380000000002,65.73985931621603
2875,4086.5,86.42,86.285,86.3642,86.3408,65.73985930207924
2876,4086.52,86.285,86.36,86.3624,86.3416,65.73985928810247
2877,4086.54,86.15,86.3,86.3548,86.3408,65.73985927316411
2878,4086.56,86.14,86.24,86.34639999999999,86.33760000000001,65.73985925893103
2879,4086.58,86.13,86.28999999999999,86.339,86.33640000000001,65.75056832469491
2880,4086.6,86.22,86.34,86.3366,86.3356,65.75535676514993
2881,4086.62,86.31,86.36500000000001,86.32980000000002,86.3342,65.74426927019192
2882,4086.64,86.345,86.39,86.31639999999999,86.3348,65.73393726323553
2883,4086.66,86.38,86.33500000000001,86.31280000000001,86.3342,65.74023783084061
2884,4086.68,86.425,86.28,86.31939999999999,86.3284,65.74653977057302
2885,4086.7,86.47,86.23,86.32600000000001,86.3176,65.74099621048347
2886,4086.72,86.345,86.18,86.3258,86.3098,65.74023778746863
2887,4086.74,86.22,86.28,86.3246,86.311,65.74502453469565
2888,4086.76,86.195,86.38,86.32639999999999,86.3166,65.75019036551055
2889,4086.78,86.17,86.345,86.3276,86.3212,65.74464664408596
2890,4086.8,86.235,86.31,86.3318,86.3222,65.73318167119474
2891,4086.82,86.3,86.28,86.33580000000002,86.3198,65.73834824642167
2892,4086.84,86.31,86.25,86.3374,86.3132,65.7438919997733
2893,4086.86,86.32,86.24000000000001,86.33539999999999,86.3032,65.74389198548994
2894,4086.88,86.3,86.23,86.32860000000001,86.2946,65.74943574199537
2895,4086.9,86.28,86.27000000000001,86.3206,86.2894,65.74943572823003
2896,4086.92,86.275,86.31,86.31199999999998,86.2884,65.74943571456059
2897,4086.94,86.27,86.28999999999999,86.3018,86.2892,65.75460279801649
2898,4086.96,86.315,86.27,86.29199999999999,86.29039999999999,65.74830668754068
2899,4086.98,86.36,86.22999999999999,86.2868,86.29119999999999,65.73684329617878
2900,4087.0,86.435,86.19,86.28739999999999,86.28739999999999,65.73129938915017
2901,4087.02,86.51,86.225,86.29639999999999,86.28199999999998,65.72613119625336
2902,4087.04,86.36,86.26,86.3048,86.28040000000001,65.73205109364162
2903,4087.06,86.21,86.265,86.30760000000001,86.28139999999999,65.74276275104566
2904,4087.08,86.235,86.27,86.3118,86.28059999999999,65.74276273684755
2905,4087.1,86.26,86.225,86.31339999999999,86.27600000000001,65.73721885888112
2906,4087.12,86.235,86.18,86.31039999999999,86.2686,65.73646792545024
2907,4087.14,86.21,86.16,86.305,86.2594,65.7420118375064
2908,4087.16,86.29499999999999,86.14,86.3016,86.2516,65.7420118237176
2909,4087.18,86.38,86.09,86.29980000000002,86.244,65.73571846115567
2910,4087.2,86.345,86.04,86.2948,86.23639999999999,65.72980027911285
2911,4087.22,86.31,86.035,86.2934,86.2306,65.72980026550168
2912,4087.24,86.325,86.03,86.2976,86.22059999999999,65.72980025109001
2913,4087.26,86.34,86.08500000000001,86.3034,86.20880000000001,65.72942643049505
2914,4087.28,86.345,86.14,86.31040000000002,86.2006,65.73497046734943
2915,4087.3,86.35,86.13,86.315,86.1934,65.72942640310869
2916,4087.32,86.33,86.12,86.3162,86.18700000000001,65.71759168150571
2917,4087.34,86.31,86.08500000000001,86.3162,86.1804,65.71759166727115
2918,4087.36,86.285,86.05,86.31479999999999,86.17280000000001,65.71796477377413
2919,4087.38,86.26,86.1,86.3132,86.16760000000001,65.71204753416426
2920,4087.4,86.35,86.15,86.316,86.1628,65.71130234151534
2921,4087.42,86.44,86.095,86.32260000000001,86.1542,65.71610287895476
2922,4087.44,86.43,86.04,86.329,86.1442,65.72127588308079
2923,4087.46,86.42,86.01,86.33319999999999,86.13380000000001,65.72127586949904
2924,4087.48,86.39,85.98,86.3344,86.12380000000002,65.71573159069965
2925,4087.5,86.36,86.025,86.33139999999999,86.1172,65.70981641114194
2926,4087.52,86.3,86.07,86.323,86.111,65.70870593565662
2927,4087.54,86.24,86.07,86.31819999999999,86.10340000000001,65.70796748707583
2928,4087.56,86.19999999999999,86.07,86.3178,86.09559999999999,65.70796747311648
2929,4087.58,86.16,86.09,86.31479999999999,86.08840000000001,65.71351190969001
2930,4087.6,86.195,86.11,86.31220000000002,86.08380000000001,65.71905634831005
2931,4087.62,86.23,86.18,86.31200000000001,86.0838,65.71868774180703
2932,4087.64,86.16499999999999,86.25,86.31020000000001,86.0874,65.71240712069425
2933,4087.66,86.1,86.16,86.30239999999999,86.0882,65.7120396068088
2934,4087.68,86.09,86.07,86.2908,86.0874,65.71795163956119
2935,4087.7,86.08,86.055,86.28020000000001,86.088,65.71240708069666
2936,4087.72,86.07499999999999,86.04,86.2708,86.08820000000001,65.70612783707492
2937,4087.74,86.07,86.16,86.2606,86.0934,65.71685031670582
2938,4087.76,86.13499999999999,86.28,86.2524,86.10119999999999,65.72830624521274
2939,4087.78,86.2,86.23,86.2466,86.1048,65.72830623184173
2940,4087.8,86.13499999999999,86.18,86.238,86.1068,65.72757327772086
2941,4087.82,86.07,86.11000000000001,86.2276,86.1064,65.72166265071415
2942,4087.84,86.095,86.04,86.219,86.1046,65.71020760787601
2943,4087.86,86.12,86.04,86.2124,86.1042,65.70393267516349
2944,4087.88,86.195,86.04,86.2098,86.1018,65.70393266195181
2945,4087.9,86.27,86.08500000000001,86.2066,86.0992,65.7094774391846
2946,4087.92,86.25999999999999,86.13,86.19940000000001,86.1006,65.7087487963713
2947,4087.94,86.25,86.19,86.19220000000001,86.1066,65.71356656841186
2948,4087.96,86.245,86.25,86.18520000000001,86.11619999999999,65.72429348253297
2949,4087.98,86.24,86.195,86.17919999999998,86.1248,65.71874851846364
2950,4088.0,86.25999999999999,86.14,86.1752,86.1294,65.70765861020502
2951,4088.02,86.28,86.125,86.17439999999999,86.13159999999999,65.70175099479191
2952,4088.04,86.28,86.11,86.176,86.1332,65.70138869735035
2953,4088.06,86.28,86.10499999999999,86.17919999999998,86.1346,65.70102677475874
2954,4088.08,86.185,86.1,86.1802,86.135,65.70030406788798
2955,4088.1,86.09,86.14,86.17599999999999,86.13619999999999,65.70548839722089
2956,4088.12,86.06,86.18,86.16919999999999,86.1362,65.7106731650821
2957,4088.14,86.03,86.15,86.1638,86.13220000000001,65.71031317792547
2958,4088.16,86.00999999999999,86.12,86.16019999999999,86.13060000000002,65.70995356497875
2959,4088.18,85.99,86.155,86.15619999999998,86.134,65.71478076126365
2960,4088.2,85.99,86.19,86.15259999999998,86.13940000000001,65.72032603434747
2961,4088.22,85.99,86.13499999999999,86.14920000000001,86.1432,65.715139555265
2962,4088.24,85.995,86.08,86.1462,86.14,65.70959428906296
2963,4088.26,86.0,86.10499999999999,86.1408,86.13300000000001,65.72032599611254
2964,4088.28,86.03999999999999,86.13,86.13439999999999,86.12900000000002,65.7251548779949
2965,4088.3,86.08,86.13499999999999,86.1322,86.12719999999999,65.71925185104189
2966,4088.32,86.08500000000001,86.14,86.13279999999999,86.12839999999998,65.72479721778232
2967,4088.34,86.09,86.14,86.1326,86.1324,65.72443994485141
2968,4088.36,86.135,86.14,86.1332,86.1364,65.70744673617368
2969,4088.38,86.18,86.095,86.1326,86.13859999999998,65.69635586150595
2970,4088.4,86.13,86.05,86.12700000000001,86.13719999999999,65.69635584850703
2971,4088.42,86.08,86.095,86.1198,86.1358,65.70154463489646
2972,4088.44,86.00999999999999,86.14,86.11019999999999,86.13380000000001,65.7060225312333
2973,4088.46,85.94,86.185,86.098,86.1312,65.70495833909322
2974,4088.48,86.065,86.23,86.09100000000001,86.1326,65.69941268450944
2975,4088.5,86.19,86.11,86.0882,86.1314,65.69941267190522
2976,4088.52,86.145,85.99,86.0828,86.126,65.70979642745786
2977,4088.54,86.1,85.985,86.0756,86.12100000000001,65.71014998681821
2978,4088.56,86.05,85.98,86.06640000000002,86.116,65.69976701610072
2979,4088.58,86.0,86.075,86.059,86.115,65.69941262197774
2980,4088.6,86.065,86.17,86.058,86.1162,65.70460427490181
2981,4088.62,86.13,86.22,86.0608,86.11779999999999,65.71050388377152
2982,4088.64,86.145,86.27,86.0654,86.12259999999998,65.71050387161229
2983,4088.66,86.16,86.205,86.07140000000001,86.126,65.70425063575055
2984,4088.68,86.19,86.14,86.0794,86.12540000000001,65.70389739658815
2985,4088.7,86.22,86.16,86.0886,86.1242,65.70354453235771
2986,4088.72,86.2,86.18,86.097,86.12599999999999,65.70283994092719
2987,4088.74,86.18,86.155,86.1044,86.12899999999999,65.70838575151716
2988,4088.76,86.095,86.13,86.1082,86.13,65.72018179385816
2989,4088.78,86.01,86.10499999999999,86.10700000000001,86.12899999999999,65.72572755242822
2990,4088.8,85.985,86.08,86.1032,86.1268,65.72018176880611
2991,4088.82,85.96,86.11,86.09819999999999,86.12560000000002,65.71463598824923
2992,4088.84,85.97999999999999,86.14,86.09379999999999,86.12559999999999,65.7139315165914
2993,4088.86,86.0,86.1,86.08840000000001,86.124,65.7191256937925
2994,4088.88,86.11500000000001,86.06,86.0858,86.1226,65.7194773196287
2995,4088.9,86.23,86.025,86.0898,86.1216,65.71463593855924
2996,4088.92,86.12,85.99,86.0914,86.11740000000002,65.71463592620854
2997,4088.94,86.01,86.03999999999999,86.09140000000001,86.1134,65.71393145472538
2998,4088.96,86.02000000000001,86.09,86.09460000000001,86.10959999999999,65.71357977460667
2999,4088.98,86.03,86.05000000000001,86.0932,86.1024,65.71393142986592
3000,4089.0,86.015,86.01,86.08619999999999,86.09839999999998,65.71393141756782
3001,4089.02,86.0,86.07,86.0804,86.1016,65.71877433278955
3002,4089.04,86.005,86.13,86.0766,86.1074,65.72361886822736
3003,4089.06,86.01,86.13,86.075,86.1134,65.7229190125359
3004,4089.08,85.95,86.13,86.073,86.1156,65.72256964118947
3005,4089.1,85.89,86.08,86.06599999999999,86.112,65.72811566901609
3006,4089.12,85.97999999999999,86.03,86.06,86.1044,65.73331277335511
3007,4089.14,86.07,85.975,86.057,86.0926,65.7388588351025
3008,4089.16,86.005,85.92,86.0508,86.0812,65.74995097775604
3009,4089.18,85.94,85.95,86.0408,86.07359999999998,65.75480055507795
3010,4089.2,85.92,85.98,86.02879999999999,86.06639999999999,65.75480054304924
3011,4089.22,85.9,86.02000000000001,86.0168,86.05999999999999,65.75549702241679
3012,4089.24,85.985,86.06,86.009,86.0562,65.75064897826338
3013,4089.26,86.07,86.065,86.00800000000001,86.05359999999999,65.75064896563565
3014,4089.28,86.07,86.07,86.01039999999999,86.0522,65.7561949755698
3015,4089.3,86.07,86.05,86.0138,86.051,65.75689445144964
3016,4089.32,86.13999999999999,86.03,86.021,86.0478,65.75204952174782
3017,4089.34,86.21,86.025,86.03020000000001,86.0432,65.7520495093671
3018,4089.36,86.155,86.02,86.03640000000001,86.04,65.7565444829798
3019,4089.38,86.1,86.035,86.0358,86.039,65.75584573260369
3020,4089.4,86.035,86.05,86.02799999999999,86.04,65.76104299643812
3021,4089.42,85.97,86.03999999999999,86.022,86.042,65.76104298458759
3022,4089.44,86.0,86.03,86.02159999999999,86.0416,65.74995080850825
3023,4089.46,86.03,86.00999999999999,86.02199999999999,86.0384,65.75480038576369
3024,4089.48,86.00999999999999,85.99,86.02120000000001,86.036,65.76519778520232
3025,4089.5,85.99,86.10499999999999,86.0202,86.03980000000001,65.76450439681298
3026,4089.52,85.97,86.22,86.01900000000002,86.0458,65.76415825896459
3027,4089.54,85.95,86.22,86.0168,86.04939999999999,65.77005063619272
3028,4089.56,85.97,86.22,86.0152,86.053,65.77005062430825
3029,4089.58,85.99,86.225,86.0168,86.05680000000001,65.76381247070061
3030,4089.6,85.91499999999999,86.23,86.01780000000001,86.06280000000001,65.76312207946637
3031,4089.62,85.84,86.135,86.0122,86.06700000000001,65.75723103363126
3032,4089.64,85.815,86.04,86.002,86.06960000000001,65.75654283254147
3033,4089.66,85.79,86.11000000000001,85.99340000000001,86.07719999999999,65.77215300834042
3034,4089.68,85.80000000000001,86.18,85.9878,86.08640000000001,65.78324611576066
3035,4089.7,85.81,86.16,85.9834,86.09360000000001,65.77838525354767
3036,4089.72,85.875,86.14,85.9824,86.0984,65.77283874087719
3037,4089.74,85.94,86.205,85.9806,86.10419999999998,65.78324608104053
3038,4089.76,85.91499999999999,86.27,85.97439999999999,86.11240000000002,65.78810853564555
3039,4089.78,85.89,86.18,85.9672,86.1168,65.78256190342289
3040,4089.8,85.89500000000001,86.09,85.9602,86.11840000000001,65.78324604551776
3041,4089.82,85.9,86.16499999999999,85.9506,86.12380000000002,65.77769947336995
3042,4089.84,85.96000000000001,86.24,85.94059999999999,86.1324,65.77112706199983
3043,4089.86,86.02,86.25,85.93519999999998,86.1416,65.78187920153087
3044,4089.88,85.97,86.26,85.93,86.15060000000001,65.79297254834617
3045,4089.9,85.92,86.25,85.92540000000001,86.1586,65.78674475740176
3046,4089.92,85.95,86.24,85.9246,86.1666,65.78119801015669
3047,4089.94,85.98,86.16499999999999,85.92379999999999,86.17199999999998,65.79263180605366
3048,4089.96,85.935,86.09,85.92,86.1752,65.80406586931923
3049,4089.98,85.89,86.08,85.91519999999998,86.1788,65.7992016555154
3050,4090.0,85.965,86.07,85.9142,86.17739999999999,65.78810839561702
3051,4090.02,86.04,86.085,85.917,86.17200000000001,65.78187910904886
3052,4090.04,86.045,86.1,85.9208,86.16720000000001,65.78153833227483
3053,4090.06,86.05,86.205,85.92400000000002,86.1666,65.79229140239059
3054,4090.08,86.09,86.31,85.928,86.17,65.79715864494986
3055,4090.1,86.13,86.345,85.9366,86.1746,65.79715863292208
3056,4090.12,86.1,86.38,85.94699999999999,86.18439999999998,65.80338484963538
3057,4090.14,86.07,86.43,85.95720000000001,86.2,65.80338483848304
3058,4090.16,86.03999999999999,86.48,85.96719999999999,86.21480000000001,65.80270539781571
3059,4090.18,86.01,86.41,85.9756,86.22399999999999,65.80825218816003
3060,4090.2,86.015,86.34,85.98380000000002,86.2312,65.81447829460807
3061,4090.22,86.02,86.305,85.98960000000001,86.23780000000001,65.81481850166396
3062,4090.24,86.04499999999999,86.27,85.99380000000001,86.2404,65.81447827186788
3063,4090.26,86.07,86.315,86.0,86.2422,65.82489256006686
3064,4090.28,86.055,86.36,86.00659999999999,86.24940000000001,65.83564719013522
3065,4090.3,86.04,86.35499999999999,86.0124,86.26,65.83598615989358
3066,4090.32,86.08000000000001,86.35,86.01960000000001,86.2674,65.8311184781068
3067,4090.34,86.12,86.285,86.02600000000001,86.2692,65.82002496274515
3068,4090.36,86.125,86.22,86.03020000000001,86.26799999999999,65.81379888845143
3069,4090.38,86.13,86.265,86.03659999999999,86.2682,65.82489249083048
3070,4090.4,86.08500000000001,86.31,86.0432,86.2706,65.84221194487287
3071,4090.42,86.04,86.28,86.0468,86.2722,65.84221193350815
3072,4090.44,86.02000000000001,86.25,86.0484,86.2756,65.83043926724422
3073,4090.46,86.0,86.21000000000001,86.051,86.28039999999999,65.83077863897884
3074,4090.48,86.06,86.17,86.0578,86.28399999999999,65.83179902475484
3075,4090.5,86.12,86.16499999999999,86.064,86.28779999999999,65.82693451047415
3076,4090.52,86.15,86.16,86.0684,86.2908,65.82207161111016
3077,4090.54,86.18,86.24,86.0738,86.29639999999999,65.82761817798577
3078,4090.56,86.13,86.32,86.07699999999998,86.301,65.83836935485944
3079,4090.58,86.08,86.435,86.0766,86.306,65.8387113180592
3080,4090.6,86.11,86.55,86.0758,86.3142,65.84425789178738
3081,4090.62,86.14,86.5,86.0774,86.319,65.86021430436334
3082,4090.64,86.125,86.45,86.07959999999999,86.3198,65.86507915281037
3083,4090.66,86.11,86.43,86.08239999999999,86.31779999999999,65.8647388066384
3084,4090.68,86.075,86.41,86.08500000000002,86.31779999999999,65.8706258404347
3085,4090.7,86.04,86.4,86.086,86.32019999999999,65.8713075622829
3086,4090.72,86.055,86.39,86.0874,86.3236,65.86644418409446
3087,4090.74,86.07,86.47,86.08840000000001,86.3316,65.86644417231173
3088,4090.76,86.16499999999999,86.55,86.0922,86.34100000000001,65.86576087347669
3089,4090.78,86.26,86.505,86.1004,86.34679999999999,65.86021421007064
3090,4090.8,86.265,86.46,86.10940000000001,86.35099999999998,65.86610230641324
3091,4090.82,86.27,86.38999999999999,86.117,86.35259999999998,65.87719554757767
3092,4090.84,86.29499999999999,86.32,86.124,86.354,65.87199071024153
3093,4090.86,86.32,86.35,86.1318,86.3592,65.86712888451146
3094,4090.88,86.285,86.38,86.13799999999999,86.3638,65.87822195282065
3095,4090.9,86.25,86.4,86.1446,86.3674,65.88931502915817
3096,4090.92,86.275,86.42,86.154,86.373,65.8844545774537
3097,4090.94,86.3,86.405,86.1652,86.3792,65.87336159779
3098,4090.96,86.345,86.39,86.179,86.38640000000001,65.86712882587683
3099,4090.98,86.39,86.36500000000001,86.1922,86.3942,65.86712881448241
3100,4091.0,86.265,86.34,86.19800000000001,86.4012,65.8789080453781
3101,4091.02,86.14,86.26,86.19760000000001,86.40519999999998,65.88479813245993
3102,4091.04,86.22,86.18,86.19919999999998,86.40280000000001,65.87959568089833
3103,4091.06,86.3,86.14,86.206,86.3956,65.88028482327387
3104,4091.08,86.33500000000001,86.1,86.21620000000001,86.3822,65.88062995036978
3105,4091.1,86.37,86.27,86.2266,86.37100000000001,65.87542914149299
3106,4091.12,86.325,86.44,86.23400000000001,86.3686,65.87612133425378
3107,4091.14,86.28,86.46000000000001,86.2402,86.369,65.88721382601054
3108,4091.16,86.225,86.48,86.2448,86.37100000000001,65.89206803924415
3109,4091.18,86.17,86.41499999999999,86.24859999999998,86.3712,65.88686757080004
3110,4091.2,86.22,86.35,86.2558,86.3692,65.88721378987431
3111,4091.22,86.27,86.29499999999999,86.26440000000001,86.3654,65.8924138311842
3112,4091.24,86.305,86.24,86.2738,86.35619999999999,65.89276002119057
3113,4091.26,86.34,86.34,86.2808,86.34779999999999,65.88756035847592
3114,4091.28,86.32,86.44,86.2832,86.3452,65.88166748882243
3115,4091.3,86.3,86.53,86.2846,86.34800000000001,65.88686749833104
3116,4091.32,86.36500000000001,86.62,86.28839999999998,86.3572,65.89275997212206
3117,4091.34,86.43,86.57,86.2938,86.3672,65.88790728888705
3118,4091.36,86.43,86.52,86.2982,86.37400000000001,65.88860235476358
3119,4091.38,86.43,86.49,86.30400000000002,86.3784,65.89484499679101
3120,4091.4,86.35,86.46,86.308,86.3808,65.90628591122851
3121,4091.42,86.27,86.46,86.3078,86.3824,65.91183195639329
3122,4091.44,86.25,86.46,86.3058,86.3846,65.90039104280801
3123,4091.46,86.23,86.5,86.30120000000001,86.389,65.90004261473163
3124,4091.48,86.16499999999999,86.54,86.29220000000001,86.396,65.91633299748497
3125,4091.5,86.1,86.55000000000001,86.28559999999999,86.40439999999998,65.92153158469367
3126,4091.52,86.205,86.56,86.2882,86.41640000000001,65.91078682549225
3127,4091.54,86.31,86.50999999999999,86.29180000000001,86.4296,65.90593706591834
3128,4091.56,86.285,86.46,86.2912,86.44239999999999,65.91218097459424
3129,4091.58,86.26,86.525,86.2882,86.4594,65.91288029113886
3130,4091.6,86.27000000000001,86.59,86.2842,86.47219999999999,65.90803519304984
3131,4091.62,86.28,86.55000000000001,86.2824,86.4766,65.9083861826523
3132,4091.64,86.27000000000001,86.51,86.28200000000001,86.4786,65.91393205115237
3133,4091.66,86.26,86.37,86.2834,86.4742,65.90908928282154
3134,4091.68,86.22,86.23,86.28540000000001,86.4668,65.9038956045491
3135,4091.7,86.18,86.355,86.28379999999999,86.46700000000001,65.9146350800353
3136,4091.72,86.27000000000001,86.48,86.28379999999999,86.4744,65.9205329547201
3137,4091.74,86.36,86.495,86.286,86.48460000000001,65.92088537999389
3138,4091.76,86.4,86.51,86.2884,86.49140000000001,65.92053293014497
3139,4091.78,86.44,86.61,86.29320000000001,86.4982,65.92053291745695
3140,4091.8,86.395,86.71,86.29700000000001,86.5054,65.92678389056063
3141,4091.82,86.35,86.595,86.2964,86.5044,65.92749056198657
3142,4091.84,86.28,86.48,86.29039999999999,86.50080000000001,65.92819872689627
3143,4091.86,86.21,86.595,86.2816,86.5038,65.93928995718097
3144,4091.88,86.205,86.71,86.27259999999998,86.5126,65.94412757096663
3145,4091.9,86.2,86.715,86.2666,86.5228,65.94412755861823
3146,4091.92,86.25,86.72,86.2658,86.5332,65.95038117262465
3147,4091.94,86.3,86.625,86.2678,86.5398,65.95109059365397
3148,4091.96,86.285,86.53,86.27,86.541,65.94590031937898
3149,4091.98,86.27,86.485,86.27420000000001,86.5388,65.94035477067774
3150,4092.0,86.225,86.44,86.2792,86.5344,65.94035475798763
3151,4092.02,86.18,86.53,86.2782,86.5332,65.94554497485015
3152,4092.04,86.195,86.62,86.2736,86.5376,65.95073562762326
3153,4092.06,86.21,86.575,86.2706,86.5422,65.95699133524802
3154,4092.08,86.26499999999999,86.53,86.2708,86.5424,65.95770293571434
3155,4092.1,86.32,86.525,86.2728,86.53980000000001,65.95805928941925
3156,4092.12,86.31,86.52,86.274,86.5386,65.96431852355883
3157,4092.14,86.3,86.525,86.2752,86.5392,65.96986390659058
3158,4092.16,86.31,86.53,86.27720000000001,86.5456,65.9636047041004
3159,4092.18,86.32,86.455,86.28119999999998,86.5546,65.9528705573983
3160,4092.2,86.28999999999999,86.38,86.28559999999999,86.5556,65.95948842633643
3161,4092.22,86.26,86.395,86.2852,86.5522,65.97129580232703
3162,4092.24,86.35,86.41,86.28479999999999,86.54879999999999,65.96646878804097
3163,4092.26,86.44,86.44,86.2864,86.54599999999999,65.95609823991428
3164,4092.28,86.41,86.47,86.28519999999999,86.5404,65.9568196081157
3165,4092.3,86.38,86.515,86.2846,86.5326,65.96236468407783
3166,4092.32,86.365,86.56,86.28519999999999,86.53119999999998,65.9668284323693
3167,4092.34,86.35,86.53,86.28800000000001,86.5332,65.97237360433044
3168,4092.36,86.345,86.5,86.2934,86.52940000000001,65.97899992581303
3169,4092.38,86.34,86.475,86.29880000000001,86.52,65.98490611041726
3170,4092.4,86.325,86.45,86.3038,86.50939999999999,65.98526756899018
3171,4092.42,86.31,86.41499999999999,86.30619999999999,86.49719999999999,65.98044664249198
3172,4092.44,86.27000000000001,86.38,86.30499999999998,86.4874,65.97526430637295
3173,4092.46,86.23,86.41999999999999,86.30279999999999,86.48299999999999,65.9752642926447
3174,4092.48,86.28999999999999,86.46,86.30359999999999,86.48200000000001,65.9808092238098
3175,4092.5,86.35,86.58,86.30860000000001,86.4876,65.98635415772858
3176,4092.52,86.41,86.7,86.3178,86.49439999999998,65.98635414364985
3177,4092.54,86.47,86.63499999999999,86.32879999999999,86.495,65.98671709505827
3178,4092.56,86.45,86.57,86.33840000000001,86.49480000000001,65.98744412992676
3179,4092.58,86.43,86.555,86.345,86.4958,65.98780820029873
3180,4092.6,86.43,86.54,86.34939999999999,86.4964,65.99335301400038
3181,4092.62,86.43,86.475,86.3542,86.49459999999999,65.9933530007646
3182,4092.64,86.46000000000001,86.41,86.36059999999999,86.49,65.9881726176718
3183,4092.66,86.49,86.44999999999999,86.36779999999999,86.4868,65.98817260390078
3184,4092.68,86.435,86.49,86.3724,86.48819999999999,65.98817259048245
3185,4092.7,86.38,86.47,86.376,86.4918,65.98335787724838
3186,4092.72,86.375,86.45,86.3806,86.494,65.98335786428139
3187,4092.74,86.37,86.45,86.3814,86.49560000000001,65.9889025833303
3188,4092.76,86.39,86.45,86.3794,86.49600000000001,65.98963409488992
3189,4092.78,86.41,86.47,86.3794,86.49599999999998,65.99000040356101
3190,4092.8,86.35499999999999,86.49,86.3784,86.495,65.99554503272772
3191,4092.82,86.3,86.53,86.37580000000001,86.4938,66.00108966523646
3192,4092.84,86.375,86.57,86.3768,86.49539999999999,66.00108965123644
3193,4092.86,86.45,86.66,86.381,86.50179999999999,66.00035748903365
3194,4092.88,86.44,86.75,86.385,86.51279999999998,65.99962682001973
3195,4092.9,86.43,86.66499999999999,86.3892,86.5214,65.99962680702167
3196,4092.92,86.41,86.58,86.3932,86.528,65.99999193488148
3197,4092.94,86.39,86.59,86.39800000000001,86.5364,65.99481272911478
3198,4092.96,86.425,86.6,86.4058,86.54360000000001,65.98408928868209
3199,4092.98,86.46,86.53,86.4126,86.54639999999999,65.97891099011554
3200,4093.0,86.41,86.46,86.415,86.5416,65.99036694974974
3201,4093.02,86.36,86.47,86.413,86.5324,66.00182316895965
3202,4093.04,86.32,86.48,86.40700000000001,86.52619999999999,66.00700076671218
3203,4093.06,86.28,86.5,86.4002,86.52339999999998,66.00663415078085
3204,4093.08,86.305,86.52,86.3952,86.52199999999999,66.00108948930371
3205,4093.1,86.33,86.54499999999999,86.39119999999998,86.5222,66.00072321553925
3206,4093.12,86.375,86.57,86.389,86.52600000000001,66.00035731442938
3207,4093.14,86.42,86.535,86.3874,86.53099999999999,65.99444704987434
3208,4093.16,86.39500000000001,86.5,86.3836,86.53299999999999,65.99408186455125
3209,4093.18,86.37,86.515,86.381,86.53399999999999,65.99962661903241
3210,4093.2,86.345,86.53,86.37960000000001,86.5364,66.00517137700095
3211,4093.22,86.32,86.50999999999999,86.3774,86.53880000000001,66.01035143049683
3212,4093.24,86.29499999999999,86.49,86.37440000000001,86.54039999999999,66.00444224919053
3213,4093.26,86.27,86.505,86.36959999999999,86.54260000000001,65.99853338150601
3214,4093.28,86.33,86.52,86.3664,86.5446,66.00407823069024
3215,4093.3,86.39,86.565,86.3678,86.5476,66.00962308273328
3216,4093.32,86.39,86.61,86.3714,86.5508,66.0096230690217
3217,4093.34,86.39,86.505,86.37199999999999,86.5482,66.00444218205433
3218,4093.36,86.315,86.4,86.3666,86.5378,66.00962304287121
3219,4093.38,86.24,86.495,86.35859999999998,86.5276,66.0199860879254
3220,4093.4,86.235,86.59,86.35079999999999,86.5246,66.02480588184703
3221,4093.42,86.23,86.58500000000001,86.34359999999998,86.5248,66.02962729202257
3222,4093.44,86.30000000000001,86.58,86.34,86.5244,66.02926605090356
3223,4093.46,86.37,86.475,86.3378,86.5194,66.02336006453805
3224,4093.48,86.33500000000001,86.37,86.3328,86.51299999999999,66.02336005155236
3225,4093.5,86.3,86.38,86.3284,86.5098,66.02408218170788
3226,4093.52,86.25,86.39,86.32400000000001,86.50659999999999,66.02408216831554
3227,4093.54,86.2,86.455,86.3192,86.50560000000002,66.02926598569452
3228,4093.56,86.195,86.52,86.3158,86.50640000000001,66.02926597262352
3229,4093.58,86.19,86.54499999999999,86.31119999999999,86.5074,66.02854462350932
3230,4093.6,86.22999999999999,86.57,86.3072,86.5084,66.03336997788476
3231,4093.62,86.27,86.47999999999999,86.303,86.50479999999999,66.03891517911602
3232,4093.64,86.22999999999999,86.39,86.29539999999999,86.499,66.03855586386352
3233,4093.66,86.19,86.41,86.2872,86.4954,66.0326516470293
3234,4093.68,86.24000000000001,86.43,86.28200000000001,86.492,66.0326516338273
3235,4093.7,86.29,86.545,86.2798,86.4926,66.04338364595495
3236,4093.72,86.37,86.66,86.2818,86.49860000000001,66.04892894214622
3237,4093.74,86.45,86.64,86.288,86.5046,66.04928742556943
3238,4093.76,86.44,86.62,86.2948,86.5092,66.0496462814367
3239,4093.78,86.43,86.57,86.29880000000001,86.51119999999999,66.04446029132654
3240,4093.8,86.325,86.52,86.29619999999998,86.50939999999999,66.04964625569103
3241,4093.82,86.22,86.465,86.2894,86.5036,66.06037793996413
3242,4093.84,86.245,86.41,86.2836,86.4998,66.06037792697087
3243,4093.86,86.27,86.365,86.2818,86.4984,66.04892885196404
3244,4093.88,86.29499999999999,86.32,86.28400000000002,86.4914,66.0426675968323
3245,4093.9,86.32,86.375,86.28739999999999,86.48279999999998,66.0474985723634
3246,4093.92,86.275,86.43,86.2892,86.4766,66.04714192734508
3247,4093.94,86.23,86.43,86.2864,86.47059999999999,66.04749854610837
3248,4093.96,86.185,86.43,86.279,86.46880000000002,66.0478555376183
3249,4093.98,86.14,86.51,86.2712,86.4744,66.04749852047848
3250,4094.0,86.235,86.59,86.26859999999999,86.48280000000001,66.05304393944283
3251,4094.02,86.33,86.52000000000001,86.27179999999998,86.48800000000001,66.0537582481206
3252,4094.04,86.37,86.45,86.27860000000001,86.4878,66.05375823579952
3253,4094.06,86.41,86.38,86.2872,86.48219999999999,66.05894628039827
3254,4094.08,86.315,86.31,86.29220000000001,86.4728,66.05858932279877
3255,4094.1,86.22,86.25,86.29180000000001,86.46,66.05233104581475
3256,4094.12,86.195,86.19,86.28880000000001,86.4484,66.0523310331565
3257,4094.14,86.17,86.11500000000001,86.28640000000001,86.4374,66.05894622835751
3258,4094.16,86.245,86.04,86.2886,86.4226,66.054473970708
3259,4094.18,86.32,86.105,86.29180000000001,86.4096,66.04374186154371
3260,4094.2,86.285,86.17,86.2916,86.3946,66.04857051039258
3261,4094.22,86.25,86.245,86.2868,86.37800000000001,66.05375811978799
3262,4094.24,86.21000000000001,86.32,86.27720000000001,86.3652,66.04892860776121
3263,4094.26,86.17,86.37,86.26640000000002,86.35519999999998,66.05483237165323
3264,4094.28,86.205,86.42,86.2574,86.3492,66.06556452401573
3265,4094.3,86.24,86.44,86.25399999999999,86.346,66.07039419852612
3266,4094.32,86.265,86.46,86.2558,86.3458,66.06484880650105
3267,4094.34,86.29,86.43,86.2576,86.3466,66.05447385454069
3268,4094.36,86.295,86.4,86.2586,86.348,66.0544738413697
3269,4094.38,86.3,86.33000000000001,86.2588,86.3484,66.04857039451556
3270,4094.4,86.31,86.26,86.2584,86.34380000000002,66.03783788790109
3271,4094.42,86.32,86.295,86.2602,86.33840000000001,66.04410060467781
3272,4094.44,86.3,86.33,86.26299999999999,86.3344,66.05590988695222
3273,4094.46,86.28,86.265,86.2668,86.32780000000001,66.05590987367401
3274,4094.48,86.28,86.2,86.27240000000002,86.31540000000001,66.05000505596439
3275,4094.5,86.28,86.305,86.27420000000001,86.304,66.05036465655324
3276,4094.52,86.28,86.41,86.27220000000001,86.2996,66.05590983468856
3277,4094.54,86.28,86.425,86.26859999999999,86.29860000000001,66.05590982211582
3278,4094.56,86.3,86.44,86.2642,86.301,66.05663009378894
3279,4094.58,86.32,86.4,86.26439999999998,86.30460000000001,66.06289693012553
3280,4094.6,86.365,86.36,86.2702,86.309,66.06289691658922
3281,4094.62,86.41,86.37,86.27879999999999,86.31620000000001,66.05699075612928
3282,4094.64,86.4,86.38,86.288,86.3268,66.04590054500322
3283,4094.66,86.39,86.47,86.29379999999999,86.344,66.04553976933813
3284,4094.68,86.325,86.56,86.294,86.36219999999999,66.05590973038298
3285,4094.7,86.26,86.485,86.29299999999999,86.37480000000001,66.05626967299318
3286,4094.72,86.22,86.41,86.29180000000001,86.3814,66.06289683699349
3287,4094.74,86.18,86.345,86.2906,86.3824,66.07471006188929
3288,4094.76,86.18,86.28,86.29099999999998,86.37880000000001,66.07543462417057
3289,4094.78,86.18,86.235,86.29,86.37140000000001,66.06988965461566
3290,4094.8,86.20500000000001,86.19,86.2886,86.36140000000002,66.06916500551743
3291,4094.82,86.23,86.13499999999999,86.2872,86.3484,66.06361997818331
3292,4094.84,86.225,86.08,86.2846,86.3344,66.04770981619318
3293,4094.86,86.22,86.12,86.2816,86.3232,66.04879991718774
3294,4094.88,86.245,86.16,86.27940000000001,86.31640000000002,66.06579850075038
3295,4094.9,86.27,86.195,86.27780000000001,86.31379999999999,66.06579848765575
3296,4094.92,86.28,86.23,86.27619999999999,86.31119999999999,66.04952848417885
3297,4094.94,86.29,86.295,86.27580000000002,86.3098,66.04989333369423
3298,4094.96,86.315,86.36,86.2772,86.31360000000001,66.06098284825448
3299,4094.98,86.34,86.37,86.27959999999999,86.32039999999999,66.06616283147962
3300,4095.0,86.42,86.38,86.2852,86.3234,66.06098282124377
3301,4095.02,86.5,86.32,86.294,86.31980000000001,66.05062412282086
3302,4095.04,86.47,86.26,86.3016,86.3132,66.056168811206
3303,4095.06,86.44,86.28999999999999,86.3072,86.3072,66.06098278123821
3304,4095.08,86.435,86.32,86.3118,86.304,66.04989323939161
3305,4095.1,86.43,86.31,86.3144,86.302,66.04507937061376
3306,4095.12,86.39500000000001,86.3,86.31380000000001,86.29919999999998,66.05653470719606
3307,4095.14,86.36,86.225,86.31220000000002,86.293,66.0628123246032
3308,4095.16,86.315,86.15,86.3092,86.28020000000001,66.06317934871993
3309,4095.18,86.27,86.17500000000001,86.30699999999999,86.2648,66.06872391827031
3310,4095.2,86.31,86.2,86.30900000000001,86.2534,66.06391451327411
3311,4095.22,86.35,86.185,86.3142,86.2444,66.0535622701016
3312,4095.24,86.25,86.17,86.31700000000001,86.23740000000002,66.05984494745888
3313,4095.26,86.15,86.235,86.31580000000002,86.23559999999999,66.07130334197096
3314,4095.28,86.165,86.3,86.3152,86.23819999999999,66.07093371369245
3315,4095.3,86.18,86.3,86.3142,86.24259999999998,66.0709337000899
3316,4095.32,86.225,86.3,86.314,86.2492,66.07647808720986
3317,4095.34,86.27,86.225,86.3158,86.255,66.0709336726378
3318,4095.36,86.285,86.15,86.3184,86.2562,66.05504026082944
3319,4095.38,86.3,86.12,86.3206,86.2546,66.04949591803953
3320,4095.4,86.22,86.09,86.3186,86.25040000000001,66.05947553382465
3321,4095.42,86.14,86.16,86.31300000000002,86.2476,66.06501994670933
3322,4095.44,86.205,86.23,86.30959999999999,86.245,66.06612886999864
3323,4095.46,86.27,86.24000000000001,86.3078,86.2402,66.07241428443832
3324,4095.48,86.27,86.25,86.305,86.23540000000001,66.07315685247599
3325,4095.5,86.27,86.25,86.29899999999999,86.23020000000001,66.06761262681886
3326,4095.52,86.235,86.25,86.2884,86.2274,66.06686996861643
3327,4095.54,86.2,86.25,86.2776,86.227,66.07832957890861
3328,4095.56,86.195,86.25,86.26780000000001,86.22540000000001,66.07907282966708
3329,4095.58,86.19,86.22999999999999,86.25800000000001,86.2218,66.0683567056192
3330,4095.6,86.21000000000001,86.21,86.2492,86.21780000000001,66.07390084109524
3331,4095.62,86.23,86.16999999999999,86.2426,86.21260000000001,66.07390082749752
3332,4095.64,86.185,86.13,86.23559999999999,86.2088,66.06281251827637
3333,4095.66,86.14,86.12,86.2286,86.20759999999999,66.06835665055301
3334,4095.68,86.13499999999999,86.11,86.22320000000002,86.205,66.074273380348
3335,4095.7,86.13,86.08,86.21599999999998,86.20019999999998,66.06355816355222
3336,4095.72,86.13,86.05,86.2072,86.1948,66.05838750203782
3337,4095.74,86.13,86.055,86.2024,86.19019999999999,66.06393153775484
3338,4095.76,86.125,86.06,86.20139999999999,86.1832,66.06984932024123
3339,4095.78,86.12,86.08,86.19959999999999,86.17439999999999,66.07059791081662
3340,4095.8,86.125,86.1,86.1974,86.16640000000001,66.07097275818535
3341,4095.82,86.13,86.11,86.1936,86.15879999999999,66.0765166738988
3342,4095.84,86.185,86.12,86.1902,86.15460000000002,66.07689186198694
3343,4095.86,86.24,86.08000000000001,86.18839999999999,86.15180000000001,66.07209953502732
3344,4095.88,86.3,86.04,86.1884,86.1486,66.06655568817688
3345,4095.9,86.36,86.06,86.194,86.1474,66.06101184425577
3346,4095.92,86.375,86.08,86.2034,86.1442,66.06138824464509
3347,4095.94,86.39,86.07499999999999,86.2108,86.138,66.06655564560664
3348,4095.96,86.405,86.07,86.21620000000001,86.13119999999999,66.06655563165963
3349,4095.98,86.42,86.07,86.22219999999999,86.124,66.06214214824602
3350,4096.0,86.33,86.07,86.22460000000001,86.11679999999998,66.06327584781565
3351,4096.02,86.24,86.11,86.2248,86.1112,66.05811087821031
3352,4096.04,86.32,86.15,86.2296,86.10719999999999,66.04702366135507
3353,4096.06,86.4,86.11,86.2378,86.1016,66.05256724675198
3354,4096.08,86.38,86.07,86.24539999999999,86.09519999999999,66.05811083460908
3355,4096.1,86.36,86.07,86.25139999999999,86.08959999999999,66.04740273547873
3356,4096.12,86.36,86.07,86.25659999999999,86.08560000000001,66.0422386775471
3357,4096.14,86.36,86.085,86.26359999999998,86.08380000000001,66.04185914153959
3358,4096.16,86.245,86.1,86.26780000000001,86.08300000000001,66.04110120057669
3359,4096.18,86.13,86.10499999999999,86.26759999999999,86.0828,66.04664481525263
3360,4096.2,86.115,86.11,86.26700000000001,86.084,66.04626642910333
3361,4096.22,86.1,86.055,86.2658,86.0842,66.04551078831912
3362,4096.24,86.115,86.0,86.26520000000001,86.08200000000001,66.05697579347746
3363,4096.26,86.13,86.025,86.26539999999999,86.08060000000002,66.0628973842978
3364,4096.28,86.15,86.05,86.2666,86.0794,66.05773200949272
3365,4096.3,86.17,86.06,86.2684,86.07779999999998,66.05256707369882
3366,4096.32,86.205,86.07,86.2714,86.07620000000001,66.04702345988818
3367,4096.34,86.24,85.995,86.2736,86.07119999999999,66.04185899745899
3368,4096.36,86.225,85.92,86.27300000000001,86.06479999999999,66.04261839879219
3369,4096.38,86.21,85.96000000000001,86.2694,86.0616,66.04261838401602
3370,4096.4,86.155,86.0,86.26119999999999,86.0592,66.03593621050705
3371,4096.42,86.1,86.075,86.25019999999999,86.059,66.02925720270294
3372,4096.44,86.12,86.15,86.2394,86.06199999999998,66.03442318581963
3373,4096.46,86.14,86.16,86.22879999999999,86.06559999999999,66.04588824339721
3374,4096.48,86.15,86.17,86.21800000000002,86.0696,66.04626622805831
3375,4096.5,86.16,86.22,86.21119999999999,86.07560000000001,66.04588821500921
3376,4096.52,86.24,86.27,86.2112,86.08200000000001,66.04551057457391
3377,4096.54,86.32,86.19,86.21119999999999,86.0836,66.03996683614413
3378,4096.56,86.275,86.11,86.20620000000001,86.08359999999999,66.04034447957844
3379,4096.58,86.23,86.15,86.20020000000001,86.0868,66.04034446497194
3380,4096.6,86.18,86.19,86.193,86.0916,66.03996679276183
3381,4096.62,86.13,86.155,86.18379999999999,86.095,66.03996677853615
3382,4096.64,86.15,86.12,86.17540000000001,86.09639999999999,66.03958947935739
3383,4096.66,86.17,86.105,86.1724,86.0966,66.04475633967583
3384,4096.68,86.12,86.09,86.17200000000001,86.09599999999999,66.04437981710016
3385,4096.7,86.07,85.98,86.17020000000001,86.0908,66.03291596914143
3386,4096.72,86.07499999999999,85.87,86.1692,86.0834,66.02774833973261
3387,4096.74,86.08,85.99000000000001,86.16779999999999,86.083,66.03366871073581
3388,4096.76,86.12,86.11,86.1674,86.0864,66.03921248124146
3389,4096.78,86.16,86.16,86.1678,86.0908,66.03329211161768
3390,4096.8,86.13,86.21,86.16619999999999,86.0968,66.02182821096949
3391,4096.82,86.1,86.155,86.162,86.1002,66.02182819643161
3392,4096.84,86.12,86.1,86.15719999999999,86.1044,66.03291587027216
3393,4096.86,86.14,86.09,86.15379999999999,86.11120000000001,66.03808391037795
3394,4096.88,86.14500000000001,86.08,86.15119999999999,86.116,66.03770847496585
3395,4096.9,86.15,86.13,86.15100000000001,86.12119999999999,66.04287735768837
3396,4096.92,86.15,86.18,86.153,86.12540000000001,66.0362104883385
3397,4096.94,86.15,86.195,86.1542,86.12720000000002,66.0243755357385
3398,4096.96,86.11,86.21,86.15299999999999,86.1292,66.02991961869982
3399,4096.98,86.07,86.195,86.1498,86.1302,66.04026261731755
3400,4097.0,86.05,86.18,86.14540000000001,86.12859999999999,66.04469187731777
3401,4097.02,86.03,86.07,86.13699999999999,86.1206,66.04432097831803
3402,4097.04,85.99000000000001,85.96,86.12380000000002,86.11139999999999,66.04432096494993
3403,4097.06,85.95,85.955,86.1108,86.10520000000001,66.04395043832776
3404,4097.08,85.93,85.95,86.0988,86.09720000000002,66.04395042428195
3405,4097.1,85.91,85.995,86.08800000000001,86.08940000000001,66.03840608759933
3406,4097.12,85.94999999999999,86.04,86.0808,86.0848,66.0380359024707
3407,4097.14,85.99,86.07,86.07440000000001,86.08279999999999,66.05429925441828
3408,4097.16,86.015,86.1,86.06819999999999,86.0826,66.05947433199269
3409,4097.18,86.04,86.18,86.065,86.0862,66.04801648235701
3410,4097.2,86.1,86.26,86.0662,86.09740000000002,66.0417350936098
3411,4097.22,86.16,86.28,86.0696,86.1138,66.05208879581618
3412,4097.24,86.16,86.3,86.0728,86.12620000000001,66.05763336093143
3413,4097.26,86.16,86.22,86.07440000000001,86.1306,66.04654419272079
3414,4097.28,86.16,86.14,86.07439999999998,86.12979999999999,66.03545503470873
3415,4097.3,86.16,86.16499999999999,86.07560000000001,86.12799999999999,66.03027804431981
3416,4097.32,86.175,86.19,86.0786,86.12939999999999,66.03064599613167
3417,4097.34,86.19,86.16,86.08139999999999,86.1318,66.03619048938579
3418,4097.36,86.095,86.13,86.07960000000001,86.13339999999998,66.04617699840186
3419,4097.38,86.0,86.18,86.0738,86.1374,66.05025693589133
3420,4097.4,86.0,86.23,86.0678,86.14140000000002,66.0495268311956
3421,4097.42,86.0,86.21000000000001,86.0618,86.1426,66.05470715537001
3422,4097.44,85.96000000000001,86.19,86.0542,86.1424,66.05988791646499
3423,4097.46,85.92,86.205,86.0466,86.14220000000002,66.05952422344738
3424,4097.48,85.87,86.22,86.0386,86.1432,66.0536159849325
3425,4097.5,85.82,86.15,86.02939999999998,86.14200000000001,66.04252614246695
3426,4097.52,85.945,86.08,86.02600000000001,86.1424,66.03143630952901
3427,4097.54,86.07,86.05,86.0292,86.146,66.03625546546488
3428,4097.56,86.08,86.02,86.0344,86.1486,66.05252815599066
3429,4097.58,86.09,85.97999999999999,86.0408,86.14980000000001,66.0525281427017
3430,4097.6,86.155,85.94,86.05059999999999,86.1476,66.03553117843765
3431,4097.62,86.22,86.005,86.06139999999999,86.1462,66.0240794821234
3432,4097.64,86.28,86.07,86.073,86.14620000000001,66.01817313136463
3433,4097.66,86.34,86.115,86.086,86.14679999999998,66.02335732492546
3434,4097.68,86.26,86.16,86.09479999999999,86.146,66.03963225945871
3435,4097.7,86.18,86.13499999999999,86.09800000000001,86.14099999999999,66.0392722041394
3436,4097.72,86.185,86.11,86.09900000000002,86.1342,66.03264902634486
3437,4097.74,86.19,86.155,86.1002,86.1284,66.0371197544036
3438,4097.76,86.11500000000001,86.2,86.0984,86.1276,66.04821047834058
3439,4097.78,86.04,86.225,86.09360000000001,86.131,66.05375583762822
3440,4097.8,86.015,86.25,86.08779999999999,86.13439999999999,66.0530415135976
3441,4097.82,85.99,86.16,86.08040000000001,86.1332,66.05823036890342
3442,4097.84,86.005,86.07,86.07300000000001,86.1296,66.0582303559812
3443,4097.86,86.02,86.125,86.07,86.1294,66.05197280534873
3444,4097.88,86.08,86.18,86.0732,86.12939999999999,66.05126220993974
3445,4097.9,86.14,86.19,86.07879999999999,86.1278,66.05126219736084
3446,4097.92,86.17,86.2,86.0856,86.1274,66.04052618832091
3447,4097.94,86.2,86.225,86.09519999999999,86.1288,66.03498062908295
3448,4097.96,86.16499999999999,86.25,86.105,86.1306,66.04536181623094
3449,4097.98,86.13,86.24000000000001,86.1154,86.1314,66.05019906999988
3450,4098.0,86.09,86.23,86.12620000000001,86.13459999999999,66.05539114760639
3451,4098.02,86.05,86.245,86.1304,86.14120000000001,66.06612939636351
3452,4098.04,86.09,86.26,86.13119999999999,86.14959999999999,66.06023083893909
3453,4098.06,86.13,86.245,86.1332,86.15859999999999,66.04878680546115
3454,4098.08,86.16999999999999,86.23,86.13640000000001,86.16859999999998,66.0484346713658
3455,4098.1,86.21,86.18,86.13860000000001,86.1782,66.04253706235345
3456,4098.12,86.215,86.13,86.1384,86.1832,66.03144536038839
3457,4098.14,86.22,86.16,86.13600000000001,86.1868,66.03699119111901
3458,4098.16,86.16,86.19,86.1288,86.18980000000002,66.04738049569909
3459,4098.18,86.1,86.175,86.1224,86.1904,66.04667959710801
3460,4098.2,86.125,86.16,86.12019999999998,86.19140000000002,66.05187569958278
3461,4098.22,86.15,86.155,86.1188,86.19319999999999,66.05152620627679
3462,4098.24,86.125,86.15,86.11619999999999,86.193,66.04008497463386
3463,4098.26,86.1,86.165,86.1156,86.1916,66.04528225258788
3464,4098.28,86.13,86.18,86.1192,86.18979999999999,66.05567812051235
3465,4098.3,86.16,86.16,86.125,86.18620000000001,66.04943710216092
3466,4098.32,86.115,86.14,86.13,86.18540000000002,66.04909021981727
3467,4098.34,86.07,86.175,86.13259999999998,86.18960000000001,66.06538250684173
3468,4098.36,86.04499999999999,86.21,86.13359999999999,86.19300000000001,66.07543821806388
3469,4098.38,86.02,86.245,86.13119999999999,86.19560000000001,66.0695469572253
3470,4098.4,86.1,86.28,86.1296,86.1992,66.05359811972923
3471,4098.42,86.18,86.25,86.13,86.20119999999999,66.04805178601401
3472,4098.44,86.16,86.22,86.1284,86.20100000000001,66.05879909879042
3473,4098.46,86.14,86.255,86.1274,86.20120000000001,66.06954690938717
3474,4098.48,86.045,86.29,86.124,86.20320000000001,66.0692023807871
3475,4098.5,85.95,86.26,86.11840000000001,86.2044,66.05776533997248
3476,4098.52,86.0,86.23,86.11640000000001,86.20379999999999,66.05153154692086
3477,4098.54,86.05,86.245,86.1148,86.2032,66.06228147768418
3478,4098.56,86.06,86.26,86.112,86.20380000000002,66.06782799634934
3479,4098.58,86.07,86.28999999999999,86.10799999999999,86.20620000000001,66.05639221608064
3480,4098.6,86.1,86.32,86.10359999999999,86.2118,66.05084564983787
3481,4098.62,86.13,86.285,86.1002,86.21799999999999,66.06228143053339
3482,4098.64,86.15,86.25,86.0974,86.2216,66.07337448210734
3483,4098.66,86.17,86.185,86.0978,86.22139999999999,66.06748528563065
3484,4098.68,86.095,86.12,86.0976,86.2192,66.05570785793738
3485,4098.7,86.02,86.17,86.0934,86.21959999999999,66.05502503818538
3486,4098.72,86.04499999999999,86.22,86.0892,86.22220000000002,66.0602308819603
3487,4098.74,86.07,86.265,86.08699999999999,86.2268,66.065777573073
3488,4098.76,86.115,86.31,86.08760000000001,86.2326,66.07721170316339
3489,4098.78,86.16,86.34,86.08879999999999,86.23900000000002,66.08275837201435
3490,4098.8,86.16,86.37,86.0888,86.2474,66.07619060899702
3491,4098.82,86.16,86.345,86.0906,86.2556,66.06962603283912
3492,4098.84,86.125,86.32,86.09280000000001,86.2614,66.06996491553642
3493,4098.86,86.09,86.31,86.09460000000001,86.26539999999999,66.07585096304364
3494,4098.88,86.08500000000001,86.3,86.09720000000002,86.2676,66.0755117129276
3495,4098.9,86.08,86.28,86.09640000000002,86.2676,66.0758509399306
3496,4098.92,86.10499999999999,86.26,86.0934,86.26800000000001,66.08139772288091
3497,4098.94,86.13,86.32,86.09219999999999,86.27199999999999,66.08071966520174
3498,4098.96,86.225,86.38,86.09560000000002,86.27699999999999,66.06962595200424
3499,4098.98,86.32,86.41999999999999,86.1066,86.28219999999999,66.0585322478285
3500,4099.0,86.285,86.46,86.11999999999998,86.2902,66.05785545426713
3501,4099.02,86.25,86.35499999999999,86.12999999999998,86.29520000000001,66.06306454198662
3502,4099.04,86.22,86.25,86.13680000000001,86.29540000000001,66.07449614422181
3503,4099.06,86.19,86.3,86.14200000000001,86.29699999999998,66.08038113217083
3504,4099.08,86.15,86.35,86.1452,86.2994,66.07483424036579
3505,4099.1,86.11,86.35,86.1456,86.30059999999999,66.0689492034862
3506,4099.12,86.14500000000001,86.35,86.1462,86.3032,66.0682740158096
3507,4099.14,86.18,86.35,86.1474,86.3072,66.07314733943623
3508,4099.16,86.16,86.35,86.14699999999999,86.31379999999999,66.07281107388172
3509,4099.18,86.14,86.28,86.1488,86.3202,66.0728110620301
3510,4099.2,86.16,86.21,86.15440000000001,86.3218,66.07869432701406
3511,4099.22,86.18,86.25,86.15979999999999,86.323,66.07903091434643
3512,4099.24,86.23,86.29,86.1662,86.324,66.07903090310074
3513,4099.26,86.28,86.245,86.17280000000001,86.3214,66.08457788750513
3514,4099.28,86.265,86.2,86.177,86.3158,66.08424130529517
3515,4099.3,86.25,86.285,86.1806,86.3124,66.07802219092254
3516,4099.32,86.15,86.37,86.1802,86.3134,66.07768669919956
3517,4099.34,86.05,86.30000000000001,86.1772,86.3126,66.0773515807226
3518,4099.36,86.08,86.23,86.17679999999999,86.30940000000001,66.07146967312325
3519,4099.38,86.11,86.245,86.1778,86.3072,66.07180442373773
3520,4099.4,86.12,86.26,86.17939999999999,86.3064,66.07701681287556
3521,4099.42,86.13,86.285,86.18039999999999,86.3074,66.07601483645406
3522,4099.44,86.235,86.31,86.1846,86.307,66.07013430803657
3523,4099.46,86.34,86.33,86.1892,86.305,66.06980140017728
3524,4099.48,86.285,86.35,86.18780000000001,86.3022,66.07534869150597
3525,4099.5,86.23,86.38,86.18560000000001,86.29899999999999,66.08710929169858
3526,4099.52,86.22,86.41,86.18440000000001,86.3012,66.09853729147359
3527,4099.54,86.21,86.365,86.184,86.3058,66.09265652216801
3528,4099.56,86.115,86.32,86.181,86.3066,66.08644325860232
3529,4099.58,86.02,86.305,86.1758,86.3048,66.08644324754775
3530,4099.6,86.07499999999999,86.29,86.1744,86.30239999999999,66.08710923582422
3531,4099.62,86.13,86.265,86.17380000000001,86.29899999999999,66.0874427837541
3532,4099.64,86.175,86.24,86.1736,86.2946,66.08710921353078
3533,4099.66,86.22,86.255,86.176,86.2908,66.0926564556326
3534,4099.68,86.205,86.27,86.1786,86.29039999999999,66.09298997544809
3535,4099.7,86.19,86.315,86.1798,86.29459999999999,66.09820368830538
3536,4099.72,86.19999999999999,86.36,86.1806,86.29899999999999,66.10896511905744
3537,4099.74,86.21,86.345,86.1798,86.3012,66.10375092315567
3538,4099.76,86.24,86.33,86.1782,86.30460000000001,66.09332383483425
3539,4099.78,86.27,86.435,86.1784,86.314,66.09887102205809
3540,4099.8,86.315,86.54,86.18099999999998,86.3242,66.10896507441231
3541,4099.82,86.36,86.48,86.18939999999999,86.32860000000001,66.10830003329977
3542,4099.84,86.375,86.42,86.2024,86.3334,66.09720533816628
3543,4099.86,86.39,86.445,86.2148,86.34199999999998,66.08644309184005
3544,4099.88,86.31,86.47,86.2228,86.351,66.0867758934319
3545,4099.9,86.23,86.41499999999999,86.22720000000001,86.3572,66.09199037840969
3546,4099.92,86.17500000000001,86.36,86.229,86.3602,66.10308499146639
3547,4099.94,86.12,86.295,86.22439999999999,86.35959999999999,66.10996533663877
3548,4099.96,86.2,86.23,86.21879999999999,86.3556,66.09987478466556
3549,4099.98,86.28,86.25,86.21859999999998,86.3516,66.09432765812318
3550,4100.0,86.19,86.27,86.21699999999998,86.34719999999999,66.10542187908713
