,Time,Speed Follower,Speed Leader,Smooth Speed Follower,Smooth Speed Leader,Spacing
0,750.0,85.91,86.19,85.8574,86.2418,29.96240892766559
1,750.02,85.87,86.245,85.8576,86.23880000000001,29.96796231396264
2,750.04,85.885,86.3,85.859,86.23939999999999,29.95685555088468
3,750.06,85.9,86.295,85.8616,86.24119999999999,29.951064479476095
4,750.08,85.96000000000001,86.29,85.8672,86.24279999999999,29.95661790554072
5,750.1,86.02,86.255,85.8742,86.243,29.95685555904991
6,750.12,85.99,86.22,85.87900000000002,86.24240000000002,29.957094037544675
7,750.14,85.96,86.235,85.88380000000001,86.243,29.962647377740648
8,750.16,85.94999999999999,86.25,85.88940000000001,86.24539999999999,29.967962332608078
9,750.18,85.94,86.235,85.8944,86.2484,29.967962334878347
10,750.2,85.905,86.22,85.89779999999999,86.24859999999998,29.968200724767343
11,750.22,85.87,86.24000000000001,85.89820000000002,86.2474,29.973754069833873
12,750.24,85.83000000000001,86.26,85.89540000000001,86.24699999999999,29.979069117340803
13,750.26,85.79,86.245,85.89139999999999,86.24600000000001,29.979069120609346
14,750.28,85.825,86.23,85.8892,86.2444,29.979546545774042
15,750.3,85.86,86.24000000000001,85.89040000000001,86.2432,29.985339753661382
16,750.32,85.86500000000001,86.25,85.89380000000001,86.2426,29.99065315823387
17,750.34,85.87,86.245,85.8986,86.24199999999999,29.99041412581047
18,750.36,85.85,86.24,85.9038,86.24040000000001,29.990175917491587
19,750.38,85.83,86.305,85.9048,86.2406,30.001282713538753
20,750.4,85.89,86.37,85.9048,86.2444,30.007074195519333
21,750.42,85.95,86.31,85.90520000000001,86.24680000000001,29.9962064789326
22,750.44,85.92500000000001,86.25,85.9026,86.24900000000001,29.990653173874605
23,750.46,85.9,86.2,85.8998,86.25139999999999,29.990414141696895
24,750.48,85.935,86.15,85.89920000000001,86.2508,29.990175932564316
25,750.5,85.97,86.255,85.9016,86.2534,29.995729331012377
26,750.52,85.895,86.36,85.9026,86.258,30.001282731519144
27,750.54,85.82,86.35,85.9,86.26000000000002,30.001045434005682
28,750.56,85.87,86.34,85.89880000000001,86.26180000000001,30.001282736699867
29,750.58,85.92,86.295,85.89720000000001,86.262,30.007313121268968
30,750.6,85.815,86.25,85.889,86.26180000000001,30.01262758062232
31,750.62,85.71,86.22,85.8778,86.26180000000001,30.012152335760852
32,750.64,85.755,86.19,85.86959999999999,86.26,30.011915949118613
33,750.66,85.8,86.17,85.8636,86.2568,30.023022939885593
34,750.68,85.85499999999999,86.15,85.8602,86.2534,30.02881269733015
35,750.7,85.91,86.19,85.86040000000001,86.25220000000002,30.017705794801945
36,750.72,85.955,86.23,85.8638,86.2518,30.01215234811369
37,750.74,86.0,86.22,85.8706,86.2502,30.023259251210842
38,750.76,85.985,86.21,85.8784,86.24879999999999,30.028812707609596
39,750.78,85.97,86.185,85.8842,86.24699999999999,30.01794297325487
40,750.8,85.975,86.16,85.88879999999999,86.24380000000001,30.012389571117446
41,750.82,85.98,86.175,85.89339999999999,86.2408,30.01215236117305
42,750.84,86.05000000000001,86.19,85.9006,86.2386,30.00636248427271
43,750.86,86.12,86.175,85.9114,86.236,30.00636248676626
44,750.88,86.08500000000001,86.16,85.9216,86.23020000000001,30.01215236891675
45,750.9,86.05,86.16499999999999,85.92800000000001,86.222,30.012152371458196
46,750.92,86.07,86.17,85.93279999999999,86.2164,30.011915984567693
47,750.94,86.09,86.125,85.9394,86.2114,30.017469480169176
48,750.96,86.015,86.08,85.944,86.2066,30.02302297796445
49,750.98,85.94,86.13,85.9442,86.2058,30.022552846017472
50,751.0,85.85,86.18,85.93939999999999,86.20279999999998,30.027872643134508
51,751.02,85.76,86.17,85.934,86.1952,30.033660021513366
52,751.04,85.74000000000001,86.16,85.9308,86.18759999999999,30.033660023646906
53,751.06,85.72,86.215,85.92479999999999,86.18260000000001,30.039213615343083
54,751.08,85.69,86.27,85.9156,86.1816,30.044533549544116
55,751.1,85.66,86.22999999999999,85.9094,86.1808,30.04406869897897
56,751.12,85.69999999999999,86.19,85.90899999999999,86.17960000000001,30.044068701000462
57,751.14,85.74,86.22,85.9084,86.1808,30.049854398431673
58,751.16,85.8,86.25,85.9084,86.184,30.055640834619968
59,751.18,85.86,86.275,85.90859999999999,86.189,30.05587441083084
60,751.2,85.91,86.3,85.9086,86.1934,30.050320817369144
61,751.22,85.96,86.255,85.90879999999999,86.19439999999999,30.055408090095074
62,751.24,86.025,86.21,85.90979999999999,86.194,30.06096177691347
63,751.26,86.09,86.235,85.914,86.195,30.05032082491213
64,751.28,86.06,86.26,85.91760000000001,86.19800000000001,30.044533574402596
65,751.3,86.03,86.225,85.91980000000001,86.2006,30.044533576399054
66,751.32,85.93,86.19,85.9178,86.20120000000001,30.044767238789795
67,751.34,85.83,86.19,85.90899999999999,86.20120000000001,30.049854423110617
68,751.36,85.775,86.19,85.8952,86.20179999999999,30.0604988399322
69,751.38,85.72,86.16499999999999,85.8806,86.20200000000001,30.06605261441107
70,751.4,85.715,86.14,85.8672,86.20100000000001,30.06605261658979
71,751.42,85.71,86.11500000000001,85.8528,86.19879999999999,30.07137623505621
72,751.44,85.72999999999999,86.09,85.83840000000001,86.1974,30.08248387721216
73,751.46,85.75,86.14500000000001,85.82780000000001,86.2,30.088267732733605
74,751.48,85.72999999999999,86.2,85.8194,86.20279999999998,30.082713954908236
75,751.5,85.71,86.225,85.81380000000001,86.20460000000001,30.08271395740825
76,751.52,85.79499999999999,86.25,85.8152,86.2078,30.088730265021336
77,751.54,85.88,86.235,85.8208,86.2108,30.089196077007106
78,751.56,85.895,86.22,85.82779999999998,86.211,30.083642470339655
79,751.58,85.91,86.2,85.8366,86.20819999999999,30.07762288466906
80,751.6,85.985,86.18,85.8496,86.20620000000001,30.071837394386193
81,751.62,86.06,86.135,85.86400000000002,86.204,30.072301821306972
82,751.64,85.99000000000001,86.09,85.874,86.1988,30.078088872975542
83,751.66,85.92,86.1,85.8788,86.1928,30.077622893812702
84,751.68,85.89500000000001,86.11,85.8802,86.18620000000001,30.077160200888095
85,751.7,85.87,86.125,85.87859999999999,86.1792,30.08271398165352
86,751.72,85.875,86.14,85.8752,86.17460000000001,30.08826776456373
87,751.74,85.88,86.14,85.8694,86.1718,30.088498618935585
88,751.76,85.91499999999999,86.14,85.8624,86.168,30.08294488269264
89,751.78,85.95,86.13,85.85799999999999,86.16279999999999,30.082254666387616
90,751.8,85.945,86.12,85.85459999999999,86.1586,30.087352579401728
91,751.82,85.94,86.14,85.855,86.1566,30.08735258145072
92,751.84,85.88,86.16,85.85700000000001,86.15539999999999,30.08758015065161
93,751.86,85.82,86.175,85.85879999999999,86.15480000000001,30.087808540887348
94,751.88,85.81,86.19,85.8624,86.1558,30.08803775314147
95,751.9,85.8,86.145,85.8658,86.156,30.09359158109722
96,751.92,85.845,86.1,85.87119999999999,86.15540000000001,30.093591583578714
97,751.94,85.89,86.12,85.8776,86.1566,30.08826779127598
98,751.96,85.89500000000001,86.14,85.8834,86.15639999999999,30.09382157600215
99,751.98,85.9,86.185,85.89020000000001,86.15580000000001,30.104929151203184
100,752.0,85.89500000000001,86.23,85.8976,86.15599999999999,30.10539142319639
101,752.02,85.89,86.24000000000001,85.9014,86.15559999999999,30.0998377234573
102,752.04,85.86500000000001,86.25,85.9008,86.15620000000001,30.099145425014527
103,752.06,85.84,86.195,85.8986,86.15520000000001,30.110253089390277
104,752.08,85.775,86.14,85.8932,86.15280000000001,30.12714433459023
105,752.1,85.71,86.095,85.88220000000001,86.14939999999999,30.132468443672607
106,752.12,85.715,86.05,85.86840000000001,86.146,30.126685691371087
107,752.14,85.72,86.03999999999999,85.8576,86.14399999999999,30.121131812796033
108,752.16,85.78,86.03,85.852,86.14120000000001,30.12136077177183
109,752.18,85.84,86.095,85.8498,86.14059999999999,30.121360774164838
110,752.2,85.945,86.16,85.8528,86.142,30.115577941666935
111,752.22,86.05,86.13499999999999,85.85979999999999,86.1418,30.10979584757206
112,752.24,86.045,86.11,85.8664,86.1406,30.109568450581403
113,752.26,86.04,86.08,85.8714,86.1382,30.115122413363203
114,752.28,86.035,86.05,85.87480000000001,86.135,30.1204498833967
115,752.3,86.03,86.06,85.87819999999999,86.13259999999998,30.119775322927445
116,752.32,85.94,86.07,85.87819999999999,86.12979999999999,30.125329455411222
117,752.34,85.85,86.035,85.877,86.1248,30.137111915282816
118,752.36,85.845,86.0,85.87800000000001,86.11779999999999,30.13733828829864
119,752.38,85.84,86.055,85.8792,86.1124,30.13155790988105
120,752.4,85.74000000000001,86.11,85.8768,86.11099999999999,30.131332320616327
121,752.42,85.64,86.10499999999999,85.8686,86.1112,30.131107550758824
122,752.44,85.735,86.1,85.8624,86.11040000000001,30.13088360174029
123,752.46,85.83,86.065,85.85979999999999,86.1074,30.136437739094877
124,752.48,85.82,86.03,85.8566,86.1012,30.14244043629905
125,752.5,85.81,86.05,85.8532,86.09400000000001,30.142892275510945
126,752.52,85.82,86.07,85.85040000000001,86.0872,30.137338306428845
127,752.54,85.83,86.13999999999999,85.84900000000002,86.08279999999999,30.137111938685084
128,752.56,85.805,86.21,85.8476,86.08339999999998,30.14776985413193
129,752.58,85.78,86.155,85.8478,86.084,30.152655055595126
130,752.6,85.82,86.1,85.8522,86.0842,30.15243373019809
131,752.62,85.86,86.065,85.85799999999999,86.0848,30.158209285394665
132,752.64,85.875,86.03,85.8642,86.0844,30.15843139403506
133,752.66,85.89,86.13499999999999,85.86859999999999,86.08859999999999,30.153100179167197
134,752.68,85.9,86.24,85.87100000000001,86.0944,30.153100181792542
135,752.7,85.91,86.27,85.86959999999999,86.09880000000001,30.15310018417825
136,752.72,85.89,86.3,85.86320000000002,86.10539999999999,30.15287721867363
137,752.74,85.87,86.33,85.8562,86.11419999999998,30.15798801183083
138,752.76,85.91499999999999,86.36,85.8512,86.12539999999998,30.157988014134705
139,752.78,85.96,86.31,85.84819999999999,86.1358,30.152655078087086
140,752.8,85.97,86.26,85.8458,86.14380000000001,30.152655080325864
141,752.82,85.98,86.225,85.8474,86.15,30.157767553201154
142,752.84,85.95,86.19,85.85140000000001,86.15620000000001,30.168437859186557
143,752.86,85.92,86.205,85.85439999999998,86.1644,30.173992254828043
144,752.88,85.93,86.22,85.858,86.17099999999999,30.168656611299358
145,752.9,85.94,86.2,85.866,86.17460000000001,30.168656613512947
146,752.92,85.92,86.18,85.87720000000002,86.1776,30.173992261039427
147,752.94,85.9,86.23500000000001,85.8838,86.18299999999999,30.173992263099738
148,752.96,85.945,86.29,85.8884,86.19200000000001,30.16865662080946
149,752.98,85.99,86.2,85.8952,86.19879999999999,30.16288348316711
150,753.0,86.02,86.11,85.90360000000001,86.20119999999999,30.162232036530078
151,753.02,86.05,86.18,85.9128,86.20559999999999,30.167571078595774
152,753.04,86.045,86.25,85.92139999999999,86.21,30.173341064753803
153,753.06,86.04,86.255,85.9308,86.2118,30.173557318094
154,753.08,85.95,86.26,85.93759999999999,86.21600000000001,30.168002846442665
155,753.1,85.86,86.24000000000001,85.9392,86.2216,30.167786558192592
156,753.12,85.85,86.22,85.93879999999999,86.2278,30.17868019659964
157,753.14,85.84,86.205,85.9374,86.23479999999999,30.18380650694641
158,753.16,85.9,86.19,85.93780000000001,86.23700000000001,30.172484266517188
159,753.18,85.96,86.12,85.9402,86.2322,30.16714261119001
160,753.2,85.91999999999999,86.05,85.94060000000002,86.2234,30.17825187830514
161,753.22,85.88,86.07499999999999,85.94019999999999,86.21440000000001,30.183806515589186
162,753.24,85.91499999999999,86.1,85.942,86.2052,30.183806517771604
163,753.26,85.95,86.16499999999999,85.9434,86.1974,30.183593624840704
164,753.28,85.975,86.23,85.944,86.1942,30.18338154973262
165,753.3,86.0,86.34,85.9452,86.1974,30.188936267135563
166,753.32,86.00999999999999,86.45,85.9464,86.20639999999999,30.18914830697035
167,753.34,86.02,86.39500000000001,85.9492,86.21459999999999,30.19449098807125
168,753.36,86.08,86.34,85.95560000000002,86.22,30.194279810703822
169,753.38,86.14,86.275,85.964,86.22220000000002,30.17782684633362
170,753.4,86.06,86.21,85.96879999999999,86.2226,30.177615551543774
171,753.42,85.98,86.16999999999999,85.9712,86.22220000000002,30.18295986694829
172,753.44,85.95,86.13,85.97319999999999,86.21799999999999,30.183170307557305
173,753.46,85.92,86.155,85.97219999999999,86.21260000000001,30.188514664165808
174,753.48,85.86500000000001,86.18,85.96719999999999,86.2118,30.19920606750118
175,753.5,85.81,86.18,85.9588,86.2146,30.20455311592355
176,753.52,85.86,86.18,85.95120000000001,86.2146,30.198791155277643
177,753.54,85.91,86.255,85.9458,86.21480000000001,30.20434610847006
178,753.56,85.92,86.33,85.941,86.21780000000001,30.215456019565817
179,753.58,85.93,86.3,85.9402,86.2194,30.2094895755064
180,753.6,85.96000000000001,86.27,85.9442,86.22059999999999,30.20372999339913
181,753.62,85.99,86.265,85.94980000000001,86.2224,30.215249908874707
182,753.64,86.0,86.26,85.95620000000001,86.2246,30.221010984236344
183,753.66,86.01,86.265,85.9606,86.2276,30.20948958326619
184,753.68,86.035,86.27,85.96359999999999,86.23360000000001,30.1924160603318
185,753.7,86.06,86.22,85.9692,86.2404,30.192416062210224
186,753.72,86.03,86.17,85.9752,86.2442,30.209081371585892
187,753.74,86.0,86.215,85.9786,86.24880000000002,30.208676429381853
188,753.76,86.055,86.26,85.98279999999998,86.2526,30.202919971521766
189,753.78,86.11,86.295,85.98819999999999,86.2552,30.208676433143182
190,753.8,86.125,86.33,85.9932,86.25479999999999,30.20887849796676
191,753.82,86.14,86.33500000000001,85.9984,86.2502,30.20908138108588
192,753.84,86.09,86.34,86.00119999999998,86.248,30.214433644778538
193,753.86,86.04,86.325,85.99959999999999,86.2474,30.214030413251674
194,753.88,86.05000000000001,86.31,85.99600000000001,86.24879999999999,30.21423162301497
195,753.9,86.06,86.295,85.99600000000001,86.25219999999999,30.219786806800226
196,753.92,85.92,86.28,85.9936,86.25660000000002,30.219385285601778
197,753.94,85.78,86.275,85.9868,86.2624,30.213830031390167
198,753.96,85.795,86.27,85.9818,86.26700000000001,30.21918575447246
199,753.98,85.81,86.25,85.97959999999999,86.26979999999999,30.230097703088777
200,754.0,85.92500000000001,86.23,85.9842,86.27179999999998,30.224940550678625
201,754.02,86.04,86.235,85.9914,86.274,30.214030427751993
202,754.04,86.01,86.24,85.9954,86.2734,30.21938529623674
203,754.06,85.98,86.245,85.99780000000001,86.27,30.224542377727023
204,754.08,85.91,86.25,85.99700000000001,86.26800000000001,30.229702878957234
205,754.1,85.84,86.24000000000001,85.99220000000001,86.2668,30.24081369553552
206,754.12,85.88,86.23,85.9878,86.26539999999999,30.23506213517255
207,754.14,85.92,86.215,85.98459999999999,86.26360000000001,30.22375584581324
208,754.16,85.93,86.2,85.98140000000001,86.26099999999998,30.224147480927012
209,754.18,85.94,86.195,85.9776,86.258,30.229702887840745
210,754.2,85.995,86.19,85.975,86.2568,30.234866806930746
211,754.22,86.05,86.205,85.97579999999999,86.2582,30.235062143960274
212,754.24,86.02,86.22,85.9766,86.2584,30.229702893154432
213,754.26,85.99,86.265,85.97399999999999,86.2586,30.22931133308274
214,754.28,86.005,86.31,85.96980000000002,86.2592,30.240227810747896
215,754.3,86.02,86.33,85.96560000000001,86.2592,30.257088744930144
216,754.32,86.055,86.35,85.9622,86.2598,30.25708874599721
217,754.34,86.09,86.31,85.96220000000001,86.25859999999999,30.245977780127628
218,754.36,86.11,86.27,85.965,86.2564,30.251728494125153
219,754.38,86.13,86.28999999999999,85.9682,86.25560000000002,30.26283939494902
220,754.4,86.05,86.31,85.96780000000001,86.2562,30.268199727943625
221,754.42,85.97,86.285,85.96979999999999,86.2564,30.26819972957744
222,754.44,86.005,86.26,85.9788,86.25580000000002,30.251338861281916
223,754.46,86.04,86.23,85.9886,86.25419999999998,30.234093662499355
224,754.48,85.965,86.2,85.99480000000001,86.25219999999999,30.23926767920168
225,754.5,85.89,86.205,85.99340000000001,86.25120000000001,30.25000087297129
226,754.52,85.85,86.21,85.9858,86.2502,30.260924605087993
227,754.54,85.81,86.195,85.97779999999999,86.2484,30.266856764285052
228,754.56,85.815,86.18,85.9712,86.2458,30.26704616869912
229,754.58,85.82,86.23500000000001,85.9676,86.24520000000001,30.27241250370338
230,754.6,85.87,86.29,85.96879999999999,86.2472,30.27796824286471
231,754.62,85.92,86.38,85.97040000000001,86.25320000000002,30.283523982838194
232,754.64,85.985,86.47,85.97300000000001,86.2634,30.2835239844888
233,754.66,86.05,86.47999999999999,85.97779999999999,86.2746,30.283713285152537
234,754.68,86.12,86.49,85.985,86.2864,30.2890797287387
235,754.7,86.19,86.455,85.99279999999999,86.29700000000001,30.288516836552656
236,754.72,86.1,86.42,85.9948,86.3056,30.282589746424108
237,754.74,86.01,86.38499999999999,85.9944,86.31219999999999,30.282589747957058
238,754.76,85.92,86.35,85.9916,86.31559999999999,30.29407268691004
239,754.78,85.83,86.3,85.98459999999999,86.3152,30.29981528105572
240,754.8,85.85,86.25,85.97779999999999,86.31200000000001,30.294447066727372
241,754.82,85.87,86.265,85.97039999999998,86.30860000000001,30.294824710769944
242,754.84,85.89500000000001,86.28,85.96260000000001,86.30740000000002,30.305936130944065
243,754.86,85.92,86.36,85.955,86.311,30.31667019154042
244,754.88,85.98,86.44,85.949,86.317,30.31074023958676
245,754.9,86.04,86.525,85.94859999999998,86.3256,30.30518439170481
246,754.92,86.08500000000001,86.61,85.9532,86.3386,30.316296093363576
247,754.94,86.13,86.545,85.95819999999999,86.34999999999998,30.321851946990254
248,754.96,86.08500000000001,86.48,85.96,86.36,30.316482740274925
249,754.98,86.04,86.42,85.963,86.3688,30.316482741895307
250,755.0,86.025,86.36,85.9684,86.375,30.321666158061397
251,755.02,86.01,86.39500000000001,85.9748,86.3824,30.3266696595163
252,755.04,86.075,86.43,85.98540000000001,86.39179999999999,30.326487162365463
253,755.06,86.14,86.36500000000001,85.9984,86.39920000000001,30.32111367352727
254,755.08,86.14,86.3,86.01119999999999,86.40180000000001,30.321297022866048
255,755.1,86.14,86.32,86.022,86.40299999999999,30.32703710846156
256,755.12,86.10499999999999,86.34,86.02940000000001,86.4014,30.332593032782015
257,755.14,86.07,86.36500000000001,86.0328,86.3972,30.332593034294305
258,755.16,86.06,86.39,86.0332,86.3936,30.327407818332674
259,755.18,86.05,86.425,86.03040000000001,86.391,30.3275943953968
260,755.2,86.06,86.46,86.0252,86.39119999999998,30.332963676290824
261,755.22,86.07,86.445,86.024,86.39220000000002,30.338148965081313
262,755.24,85.965,86.43,86.0222,86.39399999999999,30.349076824973295
263,755.26,85.86,86.42,86.01979999999999,86.3968,30.35481674979379
264,755.28,85.905,86.41,86.0228,86.40119999999999,30.349260822305602
265,755.3,85.95,86.375,86.02680000000001,86.40619999999998,30.34926082418859
266,755.32,85.945,86.34,86.02980000000001,86.4092,30.35481675445739
267,755.34,85.94,86.305,86.0316,86.41019999999999,30.360188758521097
268,755.36,85.97999999999999,86.27,86.03400000000002,86.4066,30.3655616452919
269,755.38,86.02,86.28999999999999,86.03560000000002,86.4006,30.365197931873038
270,755.4,86.03999999999999,86.31,86.03560000000002,86.39200000000001,30.35928134495008
271,755.42,86.06,86.44,86.03460000000001,86.38519999999998,30.35928134653481
272,755.44,86.17500000000001,86.57,86.0364,86.3862,30.36501730007884
273,755.46,86.29,86.57499999999999,86.0446,86.39,30.370935421461642
274,755.48,86.295,86.58,86.0548,86.39640000000001,30.371117654557057
275,755.5,86.3,86.47999999999999,86.0658,86.4012,30.365379391508668
276,755.52,86.22,86.38,86.0742,86.4006,30.365379393071414
277,755.54,86.14,86.38499999999999,86.0768,86.39880000000001,30.370935427561676
278,755.56,86.17,86.39,86.07800000000002,86.3998,30.37075401240778
279,755.58,86.2,86.345,86.08040000000001,86.4016,30.364837489555192
280,755.6,86.16499999999999,86.3,86.08139999999999,86.4008,30.36483749067773
281,755.62,86.13,86.33,86.08239999999999,86.40039999999999,30.370754016579724
282,755.64,86.18,86.36,86.0868,86.4002,30.3705734146721
283,755.66,86.23,86.405,86.09360000000001,86.4008,30.3703936277409
284,755.68,86.14,86.45,86.09719999999999,86.40180000000001,30.387241724120205
285,755.7,86.05,86.39500000000001,86.0968,86.39920000000001,30.398353936044167
286,755.72,86.025,86.34,86.095,86.395,30.39279783127222
287,755.74,86.0,86.435,86.09640000000002,86.3952,30.392978303948023
288,755.76,86.03999999999999,86.53,86.1036,86.39959999999999,30.398534378432988
289,755.78,86.08,86.495,86.11059999999999,86.403,30.403730457544082
290,755.8,86.10499999999999,86.46,86.1168,86.40640000000002,30.403373716025108
291,755.82,86.13,86.44,86.1242,86.4104,30.403373717887973
292,755.84,86.13,86.42,86.13179999999998,86.415,30.408929925206763
293,755.86,86.13,86.38499999999999,86.13779999999998,86.4196,30.40875280744668
294,755.88,86.10499999999999,86.35,86.14119999999998,86.42200000000001,30.40319656995096
295,755.9,86.08,86.35,86.1428,86.4236,30.403373722914065
296,755.92,86.1,86.35,86.14439999999999,86.42,30.40892993133729
297,755.94,86.12,86.34,86.14220000000002,86.4108,30.40857650731701
298,755.96,86.08000000000001,86.33,86.1338,86.40100000000001,30.408226337274154
299,755.98,86.04,86.315,86.12360000000001,86.39039999999999,30.41378267507663
300,756.0,86.02000000000001,86.3,86.1124,86.3832,30.425069936568015
301,756.02,86.0,86.3,86.1036,86.38,30.430451694926305
302,756.04,85.86500000000001,86.3,86.0926,86.3766,30.430105030817288
303,756.06,85.73,86.295,86.075,86.37280000000001,30.435834331862065
304,756.08,85.81,86.29,86.05940000000001,86.37060000000001,30.441914171921223
305,756.1,85.89,86.36500000000001,86.0484,86.3732,30.447470453380213
306,756.12,86.00999999999999,86.44,86.04359999999998,86.3776,30.441914175146028
307,756.14,86.13,86.44,86.0416,86.3808,30.431154786561507
308,756.16,86.15,86.44,86.0384,86.3822,30.431154788007596
309,756.18,86.17,86.425,86.03960000000001,86.38119999999999,30.436711002797033
310,756.2,86.08,86.41,86.0408,86.3818,30.442267218921206
311,756.22,85.99,86.38499999999999,86.03939999999999,86.38359999999999,30.447646542829684
312,756.24,85.94999999999999,86.36,86.03739999999999,86.3806,30.45320279308512
313,756.26,85.91,86.305,86.03219999999999,86.3716,30.453202794870375
314,756.28,85.84,86.25,86.0226,86.36179999999999,30.458583030512735
315,756.3,85.77,86.28999999999999,86.0092,86.35499999999998,30.469520460321235
316,756.32,85.83,86.33,85.99719999999999,86.35060000000001,30.469346132267674
317,756.34,85.89,86.33500000000001,85.9876,86.34720000000002,30.46344349837187
318,756.36,85.935,86.34,85.9798,86.34539999999998,30.468656936147774
319,756.38,85.98,86.375,85.9748,86.34639999999999,30.479769890087493
320,756.4,85.99000000000001,86.41,85.97120000000001,86.34880000000001,30.479940911225263
321,756.42,86.0,86.43,85.9672,86.352,30.480112744575145
322,756.44,86.08500000000001,86.45,85.9658,86.3564,30.48566916112677
323,756.46,86.17,86.39500000000001,85.96940000000001,86.359,30.485497362244317
324,756.48,86.08,86.34,85.971,86.36,30.479769897583363
325,756.5,85.99,86.285,85.96979999999999,86.3594,30.474213421617684
326,756.52,85.99,86.23,85.96940000000001,86.3566,30.4743844739997
327,756.54,85.99,86.265,85.97439999999999,86.35520000000001,30.47421342398766
328,756.56,86.015,86.3,85.9858,86.35539999999999,30.47387375817188
329,756.58,86.04,86.345,85.995,86.3576,30.484986839096376
330,756.6,85.97,86.39,85.9982,86.35860000000001,30.49643934390985
331,756.62,85.9,86.4,85.99380000000001,86.35700000000001,30.496782009087656
332,756.64,85.86500000000001,86.41,85.9832,86.3558,30.496782010142645
333,756.66,85.83,86.41,85.97040000000001,86.35459999999999,30.496439347220026
334,756.68,85.86,86.41,85.958,86.35400000000001,30.496099929157328
335,756.7,85.89,86.37,85.9504,86.3524,30.50738226169087
336,756.72,85.945,86.33,85.9486,86.3502,30.513279633673314
337,756.74,86.0,86.32499999999999,85.9506,86.3488,30.507723181736857
338,756.76,85.975,86.32,85.9532,86.3494,30.50755231886035
339,756.78,85.95,86.275,85.9576,86.35040000000001,30.50755232050897
340,756.8,85.965,86.23,85.96539999999999,86.34800000000001,30.50755232184751
341,756.82,85.98,86.25,85.97139999999999,86.34479999999999,30.50738226932322
342,756.84,85.92500000000001,86.27,85.9728,86.34219999999999,30.512938785706858
343,756.86,85.87,86.33500000000001,85.9702,86.34200000000001,30.52960833951905
344,756.88,85.91499999999999,86.4,85.9676,86.34300000000002,30.534995772198886
345,756.9,85.96,86.375,85.9664,86.3416,30.523882673587586
346,756.92,86.00999999999999,86.35,85.9668,86.33840000000001,30.518326126720314
347,756.94,86.06,86.31,85.9658,86.3328,30.52910341694871
348,756.96,86.0,86.27,85.959,86.32780000000001,30.54544087099038
349,756.98,85.94,86.205,85.9534,86.3224,30.551163305419898
350,757.0,85.88499999999999,86.14,85.9492,86.3166,30.54610888484147
351,757.02,85.83,86.13,85.94279999999999,86.3126,30.54072139145058
352,757.04,85.805,86.12,85.93540000000002,86.30679999999998,30.5407213924215
353,757.06,85.78,86.125,85.92599999999999,86.29979999999999,30.540891261773904
354,757.08,85.86500000000001,86.13,85.919,86.29119999999999,30.54089126346443
355,757.1,85.95,86.25999999999999,85.9182,86.286,30.55200424869804
356,757.12,86.015,86.39,85.92280000000001,86.28559999999999,30.557902722333758
357,757.14,86.08,86.46000000000001,85.93140000000001,86.2876,30.55251852739579
358,757.16,86.06,86.53,85.94059999999999,86.2924,30.55234629416255
359,757.18,86.04,86.49000000000001,85.9478,86.2956,30.557902726832477
360,757.2,86.005,86.45,85.9524,86.29879999999999,30.563287797560694
361,757.22,85.97,86.33500000000001,85.9534,86.29899999999999,30.56294750077825
362,757.24,85.96000000000001,86.22,85.9518,86.29480000000001,30.562778566480414
363,757.26,85.95,86.19,85.9508,86.28960000000001,30.568335125221893
364,757.28,85.97,86.16,85.9516,86.285,30.573891685518632
365,757.3,85.99,86.185,85.9526,86.2832,30.573723621948712
366,757.32,85.955,86.21,85.9516,86.2816,30.57944824791503
367,757.34,85.92,86.245,85.95139999999999,86.28059999999999,30.585343243779935
368,757.36,85.96000000000001,86.28,85.955,86.2784,30.574400739404304
369,757.38,86.0,86.28,85.9584,86.27359999999999,30.568844274683105
370,757.4,85.985,86.28,85.9594,86.26979999999999,30.574230250476365
371,757.42,85.97,86.25,85.95779999999999,86.2658,30.57423025172542
372,757.44,85.895,86.22,85.95119999999999,86.26219999999999,30.57978675136034
373,757.46,85.82,86.235,85.944,86.2608,30.590899752806813
374,757.48,85.85499999999999,86.25,85.94059999999999,86.2626,30.59645625630567
375,757.5,85.89,86.25999999999999,85.9408,86.26740000000001,30.59628669809167
376,757.52,85.825,86.27,85.94060000000002,86.27300000000001,30.59628669945668
377,757.54,85.76,86.22999999999999,85.93879999999999,86.27740000000001,30.60201276360815
378,757.56,85.81,86.19,85.94,86.28,30.60756926875509
379,757.58,85.86,86.225,85.93979999999999,86.28380000000001,30.607569270485932
380,757.6,85.91,86.26,85.9382,86.28379999999999,30.60235425022987
381,757.62,85.96,86.235,85.93599999999998,86.2776,30.59679781098624
382,757.64,85.975,86.21,85.93180000000001,86.2676,30.591241371883815
383,757.66,85.99,86.175,85.929,86.2534,30.59175984785993
384,757.68,86.02,86.14,85.9282,86.2394,30.597490605453803
385,757.7,86.05,86.13499999999999,85.93,86.2268,30.59731619693743
386,757.72,86.03,86.13,85.9324,86.21860000000001,30.59731619838062
387,757.74,86.01,86.095,85.93440000000001,86.21359999999999,30.603222111961944
388,757.76,85.995,86.06,85.93620000000001,86.20839999999998,30.60895436058459
389,757.78,85.98,86.075,85.9366,86.205,30.60877839935176
390,757.8,85.86500000000001,86.09,85.9316,86.20120000000001,30.614159563508466
391,757.82,85.75,86.24000000000001,85.9234,86.2024,30.630828526101926
392,757.84,85.785,86.39,85.918,86.20819999999999,30.64732337346962
393,757.86,85.82,86.375,85.91239999999999,86.21199999999999,30.647150056161404
394,757.88,85.865,86.36,85.90700000000001,86.21520000000001,30.63082853033316
395,757.9,85.91,86.28999999999999,85.904,86.2156,30.63100355937131
396,757.92,85.91,86.22,85.9016,86.21440000000001,30.642291915842755
397,757.94,85.91,86.125,85.90220000000001,86.21060000000001,30.642645881634056
398,757.96,86.015,86.03,85.91,86.2024,30.637089687027135
399,757.98,86.12,86.08500000000001,85.9206,86.1958,30.631533493618555
400,758.0,86.14,86.14,85.93060000000001,86.19099999999999,30.625977301236578
401,758.02,86.16,86.15,85.944,86.18619999999999,30.62597730351435
402,758.04,86.115,86.16,85.95819999999999,86.18339999999998,30.6318908209193
403,758.06,86.07,86.065,85.96860000000001,86.1784,30.632070694519218
404,758.08,86.09,85.97,85.9778,86.1682,30.631711758697495
405,758.1,86.11,85.995,85.9858,86.1576,30.631533502431168
406,758.12,86.095,86.02,85.9912,86.149,30.631711761741254
407,758.14,86.08,86.08,85.9954,86.1438,30.63189082876741
408,758.16,86.045,86.14,85.9976,86.1424,30.631890829812452
409,758.18,86.01,86.095,85.99719999999999,86.14059999999999,30.626334702620962
410,758.2,85.94,86.05,85.99279999999999,86.1372,30.62633470418506
411,758.22,85.87,86.005,85.98639999999999,86.1322,30.642824096029962
412,758.24,85.825,85.96,85.979,86.1268,30.653936428583236
413,758.26,85.78,85.875,85.97039999999998,86.1194,30.65967150105382
414,758.28,85.78999999999999,85.79,85.96279999999999,86.10799999999999,30.665407316156085
415,758.3,85.8,85.89500000000001,85.9602,86.10019999999999,30.66003172954195
416,758.32,85.8,86.0,85.96220000000001,86.0906,30.660213053975205
417,758.34,85.8,86.03999999999999,85.96279999999999,86.0766,30.66595119041
418,758.36,85.875,86.08,85.965,86.06480000000002,30.654839182539774
419,758.38,85.95,86.06,85.9684,86.0528,30.64928318100689
420,758.4,86.1,86.04,85.976,86.0428,30.654657023111877
421,758.42,86.25,85.98500000000001,85.98960000000001,86.0334,30.654657024948257
422,758.44,86.25,85.93,86.00319999999999,86.0256,30.649466188478527
423,758.46,86.25,85.845,86.0126,86.0182,30.64391022152715
424,758.48,86.215,85.76,86.01640000000002,86.0052,30.649466191945493
425,758.5,86.18,85.75,86.01799999999999,85.98960000000001,30.655205938682485
426,758.52,86.15,85.74,86.0176,85.97319999999999,30.644464175635427
427,758.54,86.12,85.645,86.01780000000001,85.9526,30.62817011919561
428,758.56,86.01,85.55,86.01540000000001,85.932,30.633913862258655
429,758.58,85.9,85.595,86.00779999999999,85.91699999999999,30.64521407666631
430,758.6,85.875,85.64,85.9984,85.90280000000001,30.63984787345613
431,758.62,85.85,85.77000000000001,85.9886,85.89280000000001,30.64003820833748
432,758.64,85.835,85.9,85.97879999999999,85.88560000000001,30.651532482272025
433,758.66,85.82,85.88,85.96979999999999,85.8752,30.6519186585014
434,758.68,85.79499999999999,85.86,85.9612,85.8658,30.64080761507934
435,758.7,85.77,85.86500000000001,85.9544,85.8584,30.641001983868108
436,758.72,85.86,85.87,85.95400000000001,85.85300000000001,30.646752612078355
437,758.74,85.95,85.755,85.959,85.84479999999999,30.64119716213306
438,758.76,85.96000000000001,85.64,85.96620000000001,85.8354,30.63583773133446
439,758.78,85.97,85.56,85.97339999999998,85.82620000000001,30.635837733472595
440,758.8,85.935,85.48,85.9788,85.8096,30.641393149196222
441,758.82,85.9,85.4,85.98279999999998,85.78560000000002,30.6415899400134
442,758.84,85.96000000000001,85.32,85.9892,85.7568,30.625121513364427
443,758.86,86.02,85.335,85.995,85.72699999999999,30.61420942258249
444,758.88,86.025,85.35,85.99799999999999,85.69859999999998,30.61976472551982
445,758.9,86.03,85.4,85.99520000000001,85.67299999999999,30.61976472702584
446,758.92,85.965,85.45,85.98379999999999,85.65160000000002,30.609053790013842
447,758.94,85.9,85.475,85.96979999999999,85.6334,30.60410422521017
448,758.96,86.005,85.5,85.96,85.6196,30.604307728430655
449,758.98,86.11,85.5,85.9558,85.6092,30.598752654306434
450,759.0,86.09,85.5,85.95219999999999,85.5992,30.59340196602157
451,759.02,86.07,85.45,85.949,85.58760000000001,30.598957005202422
452,759.04,86.095,85.4,85.948,85.57780000000001,30.59895700716194
453,759.06,86.12,85.33500000000001,85.9524,85.5692,30.588258202419627
454,759.08,86.065,85.27,85.95900000000002,85.5562,30.583117819738458
455,759.1,86.01,85.28,85.96440000000001,85.54180000000001,30.577771476898683
456,759.12,86.035,85.29,85.97179999999999,85.5226,30.566661795862327
457,759.14,86.06,85.22,85.98080000000002,85.49539999999999,30.561106959067054
458,759.16,86.00999999999999,85.15,85.9884,85.46620000000001,30.566871221729855
459,759.18,85.96,85.185,85.995,85.4392,30.56708145464275
460,759.2,85.96,85.22,86.0026,85.41339999999998,30.56173777233984
461,759.22,85.96,85.215,86.00659999999999,85.38719999999999,30.56194966114122
462,759.24,85.955,85.21,86.0068,85.36540000000001,30.56729250034437
463,759.26,85.95,85.195,86.0064,85.3476,30.56729250233014
464,759.28,85.91499999999999,85.18,86.0042,85.33239999999999,30.562375867275563
465,759.3,85.88,85.08500000000001,86.002,85.3166,30.557250775744297
466,759.32,85.9,84.99,86.00200000000001,85.3002,30.546141726620718
467,759.34,85.92,84.925,86.00040000000001,85.2844,30.53524881244134
468,759.36,85.965,84.86,85.9982,85.26540000000001,30.535683496771487
469,759.38,86.01,84.905,85.9976,85.2476,30.54123790129537
470,759.4,86.11500000000001,84.95,86.00099999999999,85.2296,30.52457470233882
471,759.42,86.22,85.0,86.0112,85.2116,30.50279552817407
472,759.44,86.17,85.05,86.022,85.1946,30.503237170071078
473,759.46,86.12,85.02,86.0266,85.1754,30.503459207511334
474,759.48,86.075,84.99,86.02519999999998,85.155,30.50345920965064
475,759.5,86.03,84.87,86.0228,85.12979999999999,30.503682057457222
476,759.52,86.08500000000001,84.75,86.0234,85.1018,30.487243401619672
477,759.54,86.14,84.65,86.0252,85.0718,30.470805819584736
478,759.56,86.14,84.55,86.02599999999998,85.0404,30.471257677228614
479,759.58,86.14,84.565,86.029,85.01219999999999,30.46570370892792
480,759.6,86.08500000000001,84.58,86.03200000000001,84.9842,30.45436931803494
481,759.62,86.03,84.53,86.0318,84.95380000000002,30.448815314469677
482,759.64,85.965,84.48,86.02799999999999,84.9242,30.448815316735054
483,759.66,85.9,84.39500000000001,86.0236,84.89399999999999,30.44326131477094
484,759.68,85.945,84.31,86.023,84.859,30.42127202743819
485,759.7,85.99,84.17,86.02420000000001,84.81700000000001,30.399283918333044
486,759.72,86.06,84.03,86.0282,84.76960000000001,30.393958557038157
487,759.74,86.13,83.985,86.0352,84.72059999999999,30.38886430187064
488,759.76,86.16999999999999,83.94,86.04400000000001,84.67040000000001,30.367112421338952
489,759.78,86.21,83.87,86.0558,84.618,30.345130709890416
490,759.8,86.15,83.8,86.0666,84.5666,30.339577085548537
491,759.82,86.09,83.795,86.0742,84.5188,30.334023463449505
492,759.84,86.14500000000001,83.79,86.08319999999999,84.4734,30.317362605388286
493,759.86,86.2,83.695,86.0926,84.4268,30.29514815836114
494,759.88,86.105,83.6,86.09639999999999,84.37459999999999,30.27872166325509
495,759.9,86.01,83.53,86.0922,84.3178,30.273639275014165
496,759.92,86.025,83.46,86.0844,84.2562,30.273876084790896
497,759.94,86.04,83.41999999999999,86.0792,84.191,30.25697888222515
498,759.96,86.105,83.38,86.07860000000001,84.12539999999998,30.235002165271936
499,759.98,86.17,83.25999999999999,86.08240000000002,84.05619999999999,30.21881888722218
500,760.0,86.13,83.14,86.0864,83.98700000000001,30.19660564903131
501,760.02,86.09,83.03,86.0866,83.9182,30.17439244818528
502,760.04,86.11,82.92,86.0854,83.84899999999999,30.157972754288878
503,760.06,86.13,82.845,86.08500000000002,83.7808,30.141554166599864
504,760.08,86.13499999999999,82.77,86.0848,83.709,30.119583547794946
505,760.1,86.14,82.77,86.08699999999999,83.6366,30.09761414558187
506,760.12,86.14,82.77,86.09140000000001,83.56620000000001,30.08071164166473
507,760.14,86.14,82.66499999999999,86.0984,83.4936,30.05849917702663
508,760.16,86.14500000000001,82.56,86.1082,83.42020000000001,30.04208343551706
509,760.18,86.15,82.455,86.11640000000001,83.346,30.030733653497887
510,760.2,86.08500000000001,82.35,86.12020000000001,83.2732,30.014318174617586
511,760.22,86.02,82.245,86.1186,83.2018,29.992842910019633
512,760.24,86.06,82.14,86.1158,83.12799999999999,29.965078440860278
513,760.26,86.1,82.065,86.113,83.053,29.937067120665674
514,760.28,86.1,81.99,86.10860000000001,82.97779999999999,29.915350480548597
515,760.3,86.1,81.845,86.1066,82.89959999999999,29.89338816169963
516,760.32,86.09,81.7,86.1066,82.8158,29.865375219446136
517,760.34,86.08,81.545,86.104,82.726,29.83205849342109
518,760.36,86.02,81.39,86.0968,82.6338,29.81009702565583
519,760.38,85.96,81.35,86.09100000000001,82.54379999999999,29.793438869720006
520,760.4,85.96,81.31,86.089,82.455,29.771228031472003
521,760.42,85.96,81.22,86.0864,82.3654,29.738162918071055
522,760.44,85.96,81.13,86.08319999999999,82.2738,29.704595766906998
523,760.46,85.96,81.07,86.0774,82.1814,29.676581684262757
524,760.48,86.04499999999999,81.01,86.0724,82.0914,29.643768391156033
525,760.5,86.13,80.945,86.0724,82.0036,29.610959661289808
526,760.52,86.08,80.88,86.072,81.91760000000001,29.588749742138816
527,760.54,86.03,80.75,86.0688,81.8308,29.56653986745604
528,760.56,86.005,80.62,86.06379999999999,81.7418,29.53928896819097
529,760.58,85.98,80.475,86.05760000000001,81.65,29.506490205894345
530,760.6,86.015,80.33,86.0526,81.55239999999999,29.461813912575565
531,760.62,86.05,80.195,86.04899999999999,81.4494,29.41688068688115
532,760.64,86.055,80.06,86.0456,81.3452,29.388862442377356
533,760.66,86.06,79.945,86.0422,81.2406,29.361357420660074
534,760.68,85.975,79.83,86.03519999999999,81.1356,29.334372130884365
535,760.7,85.89,79.685,86.0274,81.029,29.301319998693142
536,760.72,85.85499999999999,79.54,86.0208,80.9208,29.25612257860055
537,760.74,85.82,79.465,86.01119999999999,80.8138,29.216740158892
538,760.76,85.835,79.39,86.00059999999999,80.7068,29.183684864679602
539,760.78,85.85,79.245,85.9906,80.597,29.1448193815626
540,760.8,85.88499999999999,79.1,85.98200000000001,80.48719999999999,29.111506223603584
541,760.82,85.92,78.995,85.9752,80.37899999999999,29.072901221773588
542,760.84,85.89,78.89,85.9676,80.2728,29.028484398428958
543,760.86,85.86,78.81,85.9612,80.1696,28.98935886582999
544,760.88,85.81,78.73,85.9552,80.0648,28.94494199481078
545,760.9,85.76,78.59,85.9472,79.95599999999999,28.90078707971499
546,760.92,85.695,78.45,85.9366,79.8452,28.86773792011487
547,760.94,85.63,78.4,85.9234,79.736,28.828874309514216
548,760.96,85.58,78.35,85.9082,79.6272,28.78974720998013
549,760.98,85.53,78.09,85.88759999999998,79.5104,28.75088353898021
550,761.0,85.495,77.83,85.86220000000002,79.3858,28.706732496201617
551,761.02,85.46,77.705,85.8374,79.25880000000001,28.657031538371406
552,761.04,85.41,77.58,85.8126,79.132,28.612617330843555
553,761.06,85.36,77.53,85.7868,79.0084,28.573488564333516
554,761.08,85.325,77.48,85.7606,78.8886,28.534360090825693
555,761.1,85.29,77.285,85.7316,78.7668,28.4954974014408
556,761.12,85.25,77.09,85.69959999999999,78.6426,28.456369009283613
557,761.14,85.21,77.02000000000001,85.6658,78.521,28.405872608885204
558,761.16,85.22,76.95,85.6322,78.4012,28.350618785088805
559,761.18,85.23,76.89,85.6024,78.2836,28.300918927371008
560,761.2,85.185,76.83,85.5742,78.16940000000001,28.250686437544054
561,761.22,85.14,76.60499999999999,85.5456,78.05199999999999,28.194902340844735
562,761.24,85.005,76.38,85.513,77.9286,28.15603988764815
563,761.26,84.87,76.24,85.4744,77.8026,28.117444889582668
564,761.28,84.715,76.1,85.42900000000002,77.6768,28.07330004988304
565,761.3,84.56,76.005,85.376,77.553,28.029157147297592
566,761.32,84.62,75.91,85.324,77.4296,27.985016189578282
567,761.34,84.68,75.805,85.2756,77.3062,27.935053225120402
568,761.36,84.525,75.7,85.22220000000002,77.18180000000001,27.884547029780318
569,761.38,84.37,75.515,85.1646,77.0532,27.839594285068372
570,761.4,84.30000000000001,75.33,85.10619999999999,76.9228,27.7893605851721
571,761.42,84.23,75.305,85.0476,76.797,27.739396227389484
572,761.44,84.17500000000001,75.28,84.9894,76.67219999999999,27.694983688364424
573,761.46,84.12,75.185,84.931,76.5456,27.639198177851128
574,761.48,84.1,75.09,84.87379999999999,76.4256,27.58368258531927
575,761.5,84.08,74.92,84.81720000000001,76.3092,27.533718834751543
576,761.52,83.955,74.75,84.757,76.191,27.48348459273015
577,761.54,83.83,74.61,84.6938,76.07220000000001,27.427698974619698
578,761.56,83.765,74.47,84.63,75.94980000000001,27.38328660868186
579,761.58,83.7,74.285,84.565,75.822,27.33887445570014
580,761.6,83.67500000000001,74.1,84.50040000000001,75.6946,27.277537106170712
581,761.62,83.65,73.995,84.4364,75.5708,27.216199855295365
582,761.64,83.6,73.89,84.37200000000001,75.4456,27.17178762600691
583,761.66,83.55,73.83500000000001,84.3052,75.321,27.127375611999074
584,761.68,83.42,73.78,84.23280000000001,75.1966,27.077141188561736
585,761.7,83.29,73.67,84.15700000000001,75.0702,27.02162622320794
586,761.72,83.14500000000001,73.56,84.07719999999999,74.9484,26.971663046039577
587,761.74,83.0,73.42500000000001,83.99700000000001,74.83019999999999,26.921428330871382
588,761.76,82.88,73.29,83.9174,74.7122,26.871465202957282
589,761.78,82.76,73.12,83.8392,74.593,26.821502353494257
590,761.8,82.695,72.95,83.76460000000002,74.47080000000001,26.765715933593732
591,761.82,82.63,72.855,83.685,74.3486,26.709929652255564
592,761.84,82.52,72.76,83.5986,74.2268,26.665246474920647
593,761.86,82.41,72.635,83.514,74.1042,26.61501202792507
594,761.88,82.36,72.51,83.43360000000001,73.98400000000001,26.553404717799523
595,761.9,82.31,72.36500000000001,83.354,73.86540000000001,26.497350724261352
596,761.92,82.22,72.22,83.2736,73.742,26.452937520914414
597,761.94,82.13,72.10499999999999,83.1918,73.615,26.40270421269272
598,761.96,82.07,71.99,83.10979999999999,73.4872,26.34691941339325
599,761.98,82.01,71.94999999999999,83.0262,73.3616,26.286120049308106
600,762.0,81.80000000000001,71.91,82.935,73.24119999999999,26.225323292568234
601,762.02,81.59,71.77,82.84039999999999,73.122,26.169537405481712
602,762.04,81.46000000000001,71.63,82.7456,73.0028,26.130136678922742
603,762.06,81.33,71.515,82.6482,72.8846,26.085723924280185
604,762.08,81.27,71.4,82.551,72.7692,26.02438698556016
605,762.1,81.21,71.20500000000001,82.4524,72.6534,25.962781654098624
606,762.12,81.085,71.01,82.3498,72.534,25.918368355049477
607,762.14,80.96,70.945,82.2442,72.4162,25.873955278606044
608,762.16,80.82499999999999,70.88,82.1352,72.298,25.81843924664111
609,762.18,80.69,70.82499999999999,82.02600000000001,72.1798,25.762653943338062
610,762.2,80.56,70.77,81.9168,72.0638,25.71215219706146
611,762.22,80.43,70.555,81.8082,71.9436,25.656367598776633
612,762.24,80.345,70.34,81.702,71.8202,25.606134894756767
613,762.26,80.26,70.245,81.5972,71.6984,25.555902394726346
614,762.28,80.28,70.15,81.498,71.5796,25.494566513688323
615,762.3,80.3,70.02000000000001,81.40220000000001,71.4624,25.433230746255056
616,762.32,80.27,69.89,81.3078,71.34379999999999,25.377712832727084
617,762.34,80.24,69.805,81.2166,71.2256,25.32219526756015
618,762.36,80.03999999999999,69.72,81.1218,71.109,25.27222975969798
619,762.38,79.84,69.555,81.021,70.9908,25.21671286443674
620,762.4,79.68,69.39,80.9158,70.8718,25.166747962954183
621,762.42,79.52,69.3,80.8078,70.755,25.116514679328926
622,762.44,79.41999999999999,69.21,80.6994,70.63919999999999,25.06046261373134
623,762.46,79.32,69.1,80.5894,70.5236,25.004678394194816
624,762.48,79.125,68.99,80.47399999999999,70.40520000000001,24.960264322311378
625,762.5,78.93,68.91,80.3592,70.28519999999999,24.916118332707658
626,762.52,78.815,68.83,80.2482,70.16760000000001,24.86561777953895
627,762.54,78.7,68.66499999999999,80.1378,70.049,24.80903848672392
628,762.56,78.55000000000001,68.5,80.0266,69.9284,24.753255597481953
629,762.58,78.4,68.41499999999999,79.9118,69.809,24.69773607784233
630,762.6,78.295,68.33,79.7952,69.694,24.641953113107636
631,762.62,78.19,68.225,79.6794,69.5826,24.59172230056117
632,762.64,78.11500000000001,68.12,79.5656,69.4696,24.541754566306416
633,762.66,78.04,68.0,79.4542,69.3544,24.48597174111589
634,762.68,77.95,67.88,79.3446,69.2366,24.43574109110511
635,762.7,77.86,67.75999999999999,79.2366,69.11619999999999,24.380221197758082
636,762.72,77.82,67.64,79.1322,68.9996,24.31914972371363
637,762.74,77.78,67.44,79.0296,68.8836,24.25807868243933
638,762.76,77.625,67.24,78.9242,68.7634,24.20229543594528
639,762.78,77.47,67.195,78.8118,68.64519999999999,24.146512357665177
640,762.8,77.255,67.15,78.69,68.5304,24.10183339118431
641,762.82,77.04,67.07,78.5608,68.4176,24.056892732029954
642,762.84,76.825,66.99,78.4242,68.305,24.012214879280677
643,762.86,76.61,66.89,78.287,68.1918,23.967798204442563
644,762.88,76.44,66.79,78.151,68.0812,23.92312038514483
645,762.9,76.27,66.605,78.0146,67.9698,23.872890723705616
646,762.92,76.27,66.42,77.8846,67.85459999999999,23.81181749744485
647,762.94,76.27,66.33,77.7586,67.7394,23.75629675757838
648,762.96,76.07499999999999,66.24,77.6288,67.625,23.711618811152352
649,762.98,75.88,66.12,77.49900000000001,67.5102,23.661389038311388
650,763.0,75.77,66.0,77.3726,67.3938,23.611420128174014
651,763.02,75.66,65.86500000000001,77.2464,67.2752,23.55589945919608
652,763.04,75.53,65.73,77.1196,67.1578,23.500117291952737
653,763.06,75.4,65.655,76.9936,67.044,23.45517925959801
654,763.08,75.255,65.58,76.8678,66.9306,23.416054539830103
655,763.1,75.11,65.485,76.7404,66.8168,23.36079291612164
656,763.12,74.995,65.39,76.6126,66.70339999999999,23.299719957615665
657,763.14,74.88,65.33,76.4832,66.5918,23.249229587430175
658,763.16,74.755,65.27,76.3518,66.4826,23.210364567343017
659,763.18,74.63,65.125,76.219,66.3724,23.16620898214994
660,763.2,74.505,64.98,76.0848,66.2612,23.115978833086974
661,763.22,74.38,64.75,75.9472,66.1456,23.05993640546497
662,763.24,74.195,64.52,75.8038,66.0288,23.015000628071196
663,763.26,74.01,64.505,75.6592,65.9194,22.970324504106276
664,763.28,73.84,64.49,75.514,65.8112,22.920612815337236
665,763.3,73.67,64.4,75.3706,65.7012,22.882007832326988
666,763.32,73.515,64.31,75.2296,65.5908,22.842882469230023
667,763.34,73.36,64.265,75.09100000000001,65.4818,22.78710096166059
668,763.36,73.345,64.22,74.96039999999999,65.37500000000001,22.731319641982125
669,763.38,73.33,63.995000000000005,74.836,65.2632,22.68109073380416
670,763.4,73.16,63.77,74.7116,65.1498,22.636673055375866
671,763.42,72.99,63.68000000000001,74.5804,65.0402,22.58644415307359
672,763.44,72.845,63.59,74.4434,64.9306,22.536474275427672
673,763.46,72.7,63.525000000000006,74.3084,64.822,22.49231724559226
674,763.48,72.575,63.46,74.1762,64.71560000000001,22.447900584936537
675,763.5,72.45,63.42,74.0434,64.6124,22.397932132932894
676,763.52,72.31,63.38,73.9094,64.513,22.3532539874046
677,763.54,72.17,63.22,73.775,64.4126,22.308576153036835
678,763.56,72.00999999999999,63.06,73.63940000000001,64.3088,22.264159460337826
679,763.58,71.85,62.93,73.50319999999999,64.20280000000001,22.225295055361453
680,763.6,71.695,62.8,73.3666,64.0954,22.18643083913473
681,763.62,71.54,62.745,73.2284,63.9896,22.136462838927596
682,763.64,71.385,62.69,73.0886,63.88399999999999,22.091784242523786
683,763.66,71.23,62.644999999999996,72.9476,63.778999999999996,22.047368229029633
684,763.68,71.11,62.6,72.80680000000001,63.678000000000004,22.00268966466341
685,763.7,70.99,62.515,72.6662,63.57939999999999,21.96304256289923
686,763.72,70.905,62.43,72.52720000000001,63.486599999999996,21.918625153250794
687,763.74,70.82,62.33,72.3922,63.398999999999994,21.868916875184095
688,763.76,70.655,62.23,72.258,63.308,21.830052552128485
689,763.78,70.49,62.125,72.124,63.2134,21.790926475601957
690,763.8,70.32499999999999,62.02,71.9902,63.118199999999995,21.74624868309311
691,763.82,70.16,61.935,71.85600000000001,63.0232,21.70183195221257
692,763.84,70.07,61.85,71.7244,62.9266,21.66270630975555
693,763.86,69.98,61.79,71.58980000000001,62.82939999999999,21.618028910354724
694,763.88,69.78,61.73,71.4478,62.7388,21.579163952552044
695,763.9,69.58,61.605,71.3046,62.6522,21.545851284847643
696,763.92,69.455,61.48,71.1632,62.5642,21.506986684765426
697,763.94,69.33,61.425,71.0226,62.4776,21.46283272915068
698,763.96,69.185,61.37,70.882,62.3914,21.424233143039924
699,763.98,69.04,61.275,70.7406,62.303999999999995,21.385370115331206
700,764.0,68.98500000000001,61.18,70.602,62.214400000000005,21.34095547329314
701,764.02,68.93,61.095,70.46679999999999,62.123000000000005,21.29654109439377
702,764.04,68.71000000000001,61.01,70.3284,62.0346,21.262964364937787
703,764.06,68.49,60.945,70.18759999999999,61.95,21.229388114159725
704,764.08,68.305,60.88,70.0458,61.867999999999995,21.19581234313907
705,764.1,68.12,60.790000000000006,69.90280000000001,61.787600000000005,21.162237055559153
706,764.12,68.07,60.7,69.76400000000001,61.705799999999996,21.129189670122507
707,764.14,68.02,60.655,69.6294,61.62440000000001,21.09641148826706
708,764.16,67.88,60.61,69.4954,61.543,21.06337001351759
709,764.18,67.74,60.595,69.36059999999999,61.462799999999994,21.03534305132896
710,764.2,67.50999999999999,60.58,69.22139999999999,61.3854,21.012868366097603
711,764.22,67.28,60.47,69.07639999999999,61.306999999999995,20.974006525695447
712,764.24,67.175,60.36,68.9306,61.22820000000001,20.92959324983982
713,764.26,67.07,60.32,68.7872,61.1518,20.890731859853684
714,764.28,66.83,60.28,68.6408,61.078,20.86324389022226
715,764.3,66.59,60.22,68.4914,61.006,20.836030698654003
716,764.32,66.385,60.16,68.3404,60.93499999999999,20.808273997397183
717,764.34,66.18,60.114999999999995,68.1848,60.86559999999999,20.78024391495432
718,764.36,66.07,60.07,68.0284,60.796800000000005,20.752760932715674
719,764.38,65.96,59.91,67.87559999999999,60.724,20.725279988011746
720,764.4,65.85499999999999,59.75,67.7266,60.6498,20.691697084869464
721,764.42,65.75,59.585,67.5784,60.574,20.652563374284643
722,764.44,65.655,59.42,67.4314,60.4938,20.62480705273835
723,764.46,65.56,59.370000000000005,67.2864,60.4138,20.597050845865393
724,764.48,65.375,59.32,67.13980000000001,60.33560000000001,20.5692947538456
725,764.5,65.19,59.31,66.988,60.260799999999996,20.546814566504395
726,764.52,65.035,59.3,66.8322,60.18899999999999,20.523789686622813
727,764.54,64.88,59.325,66.679,60.1216,20.501042711289713
728,764.56,64.84,59.35,66.533,60.0578,20.479106632170282
729,764.58,64.8,59.36,66.3928,59.99700000000001,20.4518940523932
730,764.6,64.63499999999999,59.37,66.2534,59.9402,20.424687901626662
731,764.62,64.47,59.25,66.1094,59.88219999999999,20.397209575172297
732,764.64,64.25,59.13,65.95859999999999,59.8212,20.375005364650278
733,764.66,64.03,59.015,65.8046,59.7574,20.352801230417537
734,764.68,63.875,58.9,65.65,59.6896,20.336148179622903
735,764.7,63.72,58.835,65.4984,59.619800000000005,20.31949517214132
736,764.72,63.545,58.77,65.349,59.5518,20.302842208220632
737,764.74,63.37,58.77,65.1968,59.4882,20.285910349066206
738,764.76,63.205,58.77,65.0422,59.4262,20.269257241632673
739,764.78,63.04,58.745000000000005,64.8906,59.364799999999995,20.253164190590045
740,764.8,62.905,58.72,64.7432,59.30479999999999,20.236793696920525
741,764.82,62.77,58.685,64.59859999999999,59.24580000000001,20.21487425882035
742,764.84,62.67,58.65,64.45819999999999,59.187200000000004,20.193243100136023
743,764.86,62.57,58.625,64.31819999999999,59.1294,20.176879455323316
744,764.88,62.405,58.6,64.176,59.077000000000005,20.16606786330164
745,764.9,62.24,58.519999999999996,64.0314,59.027800000000006,20.155257834571604
746,764.92,62.11,58.44,63.885799999999996,58.982,20.14386666755646
747,764.94,61.98,58.42,63.7388,58.942,20.126637542195155
748,764.96,61.89,58.4,63.592,58.903200000000005,20.10414823310309
749,764.98,61.8,58.325,63.449,58.8634,20.081946307727105
750,765.0,61.665,58.25,63.308,58.821000000000005,20.07084537736183
751,765.02,61.53,58.21,63.1678,58.7774,20.065294920231757
752,765.04,61.345,58.17,63.0264,58.7312,20.059744468526578
753,765.06,61.16,58.05,62.8792,58.6792,20.048643578612307
754,765.08,61.05,57.93,62.7292,58.622,20.031992282188465
755,765.1,60.94,57.925,62.5814,58.5642,20.020891443940837
756,765.12,60.825,57.92,62.435599999999994,58.511,20.021180260298298
757,765.14,60.71,57.93,62.294,58.463,20.01007960329977
758,765.16,60.620000000000005,57.94,62.1576,58.42,19.987300991660824
759,765.18,60.53,57.87,62.0238,58.3788,19.97064962544602
760,765.2,60.39,57.8,61.89059999999999,58.337399999999995,19.96567718259824
761,765.22,60.25,57.84,61.758799999999994,58.3002,19.960126904827373
762,765.24,60.065,57.88,61.626599999999996,58.2646,19.95457663232821
763,765.26,59.88,57.870000000000005,61.49360000000001,58.2286,19.949026364399028
764,765.28,59.745000000000005,57.86,61.361799999999995,58.1932,19.943476102456476
765,765.3,59.61,57.795,61.23,58.156200000000005,19.938509602958593
766,765.32,59.51,57.73,61.0996,58.117999999999995,19.938803339496133
767,765.34,59.41,57.644999999999996,60.9692,58.077799999999996,19.933253331766807
768,765.36,59.34,57.56,60.84,58.0352,19.92215333213353
769,765.38,59.27,57.565,60.7146,57.99379999999999,19.916603341164564
770,765.4,59.225,57.57,60.593999999999994,57.955799999999996,19.911348738812567
771,765.42,59.18,57.56,60.476800000000004,57.92060000000001,19.90609554701154
772,765.44,59.004999999999995,57.55,60.3578,57.885799999999996,19.900843766172056
773,765.46,58.83,57.54,60.2354,57.85139999999999,19.889744328992535
774,765.48,58.76,57.53,60.1138,57.819599999999994,19.889446136446654
775,765.5,58.69,57.465,59.994800000000005,57.788199999999996,19.894995937746145
776,765.52,58.545,57.4,59.8754,57.7558,19.90054574537896
777,765.54,58.4,57.385,59.757600000000004,57.724399999999996,19.9005457470648
778,765.56,58.25,57.37,59.6412,57.6972,19.900545748473295
779,765.58,58.1,57.34,59.523199999999996,57.67359999999999,19.900248962096597
780,765.6,58.03,57.31,59.4068,57.64900000000001,19.89440344468555
781,765.62,57.96,57.295,59.2922,57.623999999999995,19.89410905587356
782,765.64,57.894999999999996,57.28,59.1796,57.59799999999999,19.899659110375534
783,765.66,57.83,57.3,59.068000000000005,57.57240000000001,19.894109059309827
784,765.68,57.75,57.32,58.9568,57.550399999999996,19.882715657134252
785,765.7,57.67,57.275,58.848,57.529399999999995,19.888559015364
786,765.72,57.545,57.23,58.739799999999995,57.505,19.905798868147116
787,765.74,57.42,57.16,58.63400000000001,57.4762,19.911348769090306
788,765.76,57.315,57.09,58.53139999999999,57.445,19.91105338704437
789,765.78,57.21,57.010000000000005,58.43,57.410999999999994,19.916603375805472
790,765.8,57.135000000000005,56.93,58.330999999999996,57.376400000000004,19.92799850534119
791,765.82,57.06,56.985,58.233000000000004,57.34660000000001,19.927998507408027
792,765.84,57.045,57.04,58.138400000000004,57.32240000000001,19.922153374113822
793,765.86,57.03,57.019999999999996,58.04599999999999,57.3008,19.921859394734074
794,765.88,57.04,57.0,57.9568,57.278200000000005,19.91630932208795
795,765.9,57.05,56.885000000000005,57.869800000000005,57.2508,19.91105339944114
796,765.92,57.025,56.77,57.7836,57.2192,19.91134878508078
797,765.94,57.0,56.72,57.7034,57.18600000000001,19.916898691541935
798,765.96,56.935,56.67,57.6276,57.15120000000001,19.927116822845377
799,765.98,56.87,56.69,57.552,57.1176,19.92653521899531
800,766.0,56.69,56.71,57.472,57.087399999999995,19.932375652399664
801,766.02,56.51,56.760000000000005,57.390600000000006,57.061800000000005,19.943767344634296
802,766.04,56.364999999999995,56.81,57.309200000000004,57.0388,19.949609863464964
803,766.06,56.22,56.790000000000006,57.228,57.015600000000006,19.955453462144177
804,766.08,56.185,56.77,57.1514,56.99280000000001,19.955748191116985
805,766.1,56.15,56.705,57.0762,56.968599999999995,19.961298140993748
806,766.12,56.065,56.64,57.0004,56.942400000000006,19.983203674121853
807,766.14,55.98,56.620000000000005,56.9238,56.916000000000004,19.98846073216883
808,766.16,56.01,56.6,56.85099999999999,56.88799999999999,19.977068532423843
809,766.18,56.04,56.54,56.782599999999995,56.8568,19.97706853369319
810,766.2,56.03,56.48,56.717,56.82500000000001,19.98291059797255
811,766.22,56.02,56.459999999999994,56.656000000000006,56.794200000000004,19.988460738800107
812,766.24,55.915000000000006,56.44,56.5958,56.7654,19.99926942955175
813,766.26,55.81,56.39,56.5356,56.73740000000001,20.004529376243898
814,766.28,55.760000000000005,56.34,56.4776,56.71060000000001,20.00452937789423
815,766.3,55.71,56.245000000000005,56.42060000000001,56.68320000000001,20.00511119392407
816,766.32,55.685,56.15,56.36559999999999,56.6498,20.010954032040626
817,766.34,55.66,56.185,56.3102,56.61559999999999,20.016211523132043
818,766.36,55.644999999999996,56.22,56.2548,56.5836,20.01592016245025
819,766.38,55.63,56.28,56.19839999999999,56.55479999999999,20.02118036703888
820,766.4,55.510000000000005,56.34,56.136799999999994,56.533,20.032281048579264
821,766.42,55.39,56.36,56.071400000000004,56.5166,20.037831397451445
822,766.44,55.29,56.38,56.003,56.503,20.043093255869454
823,766.46,55.19,56.355000000000004,55.9332,56.49040000000001,20.053907032446393
824,766.48,55.19,56.33,55.86600000000001,56.476000000000006,20.065008094420918
825,766.5,55.19,56.22,55.806,56.4564,20.07639596598548
826,766.52,55.165,56.11,55.7522,56.4304,20.087784769310964
827,766.54,55.14,55.96,55.703199999999995,56.3964,20.09333517043162
828,766.56,55.07,55.81,55.657199999999996,56.35719999999999,20.098597876970075
829,766.58,55.0,55.815,55.60979999999999,56.318999999999996,20.104148367833
830,766.6,55.010000000000005,55.82,55.5642,56.2836,20.1099864050506
831,766.62,55.02,55.815,55.522400000000005,56.25059999999999,20.10998640666296
832,766.64,54.975,55.81,55.482200000000006,56.218199999999996,20.109698867006617
833,766.66,54.93,55.790000000000006,55.43900000000001,56.18580000000001,20.120513717353656
834,766.68,54.855000000000004,55.77,55.39160000000001,56.155,20.1313301296522
835,766.7,54.78,55.760000000000005,55.34160000000001,56.1262,20.14243149134957
836,766.72,54.7,55.75,55.2888,56.09780000000001,20.15936794967411
837,766.74,54.62,55.805,55.236999999999995,56.072399999999995,20.164918574772983
838,766.76,54.730000000000004,55.86,55.1938,56.0512,20.164918576353585
839,766.78,54.84,55.81,55.157,56.03,20.17046920685776
840,766.8,54.795,55.76,55.1204,56.0106,20.17601984238171
841,766.82,54.75,55.72,55.083,55.9934,20.18185577370441
842,766.84,54.67,55.68,55.0434,55.973200000000006,20.187406340546712
843,766.86,54.59,55.6,55.0012,55.9484,20.192671780162406
844,766.88,54.56,55.52,54.958400000000005,55.918,20.20377309467853
845,766.9,54.53,55.5,54.919200000000004,55.8844,20.20960865855723
846,766.92,54.5,55.48,54.883599999999994,55.8492,20.209323761710806
847,766.94,54.47,55.45,54.8508,55.812,20.21430845486249
848,766.96,54.355000000000004,55.42,54.8174,55.7746,20.230960959378606
849,766.98,54.24,55.35,54.779399999999995,55.7354,20.247613508611373
850,767.0,54.125,55.28,54.7368,55.6978,20.263985637287416
851,767.02,54.01,55.415,54.690599999999996,55.67,20.280359487527804
852,767.04,53.965,55.55,54.643600000000006,55.653600000000004,20.29146157552227
853,767.06,53.92,55.485,54.5976,55.640600000000006,20.292020520753248
854,767.08,53.905,55.42,54.5538,55.62480000000001,20.29286806173652
855,767.1,53.89,55.45,54.50900000000001,55.61,20.30425419026
856,767.12,53.95,55.48,54.4662,55.596599999999995,20.30980478936769
857,767.14,54.01,55.455,54.427600000000005,55.58240000000001,20.320906002402573
858,767.16,53.980000000000004,55.43,54.3896,55.56799999999999,20.343108485663127
859,767.18,53.95,55.435,54.3534,55.5546,20.354209758124423
860,767.2,53.945,55.44,54.32,55.541799999999995,20.354209759717435
861,767.22,53.94,55.39,54.2896,55.5274,20.349231099657683
862,767.24,53.864999999999995,55.34,54.25940000000001,55.5088,20.349518908839002
863,767.26,53.79,55.28,54.2218,55.4856,20.366170136391005
864,767.28,53.79,55.22,54.17980000000001,55.461999999999996,20.388660312840276
865,767.3,53.79,55.239999999999995,54.1396,55.4412,20.400050563367728
866,767.32,53.739999999999995,55.26,54.0992,55.422799999999995,20.405600856796458
867,767.34,53.69,55.29,54.06,55.407199999999996,20.410861790285242
868,767.36,53.775,55.32,54.0274,55.396,20.41086179192861
869,767.38,53.86,55.295,53.99940000000001,55.387,20.411151158758592
870,767.4,53.754999999999995,55.27,53.9684,55.37780000000001,20.422542186570617
871,767.42,53.65,55.260000000000005,53.934400000000004,55.36900000000001,20.444743153651807
872,767.44,53.64,55.25,53.901199999999996,55.361000000000004,20.461393934023334
873,767.46,53.63,55.3,53.8722,55.3562,20.46694420530148
874,767.48,53.63,55.35,53.8478,55.3562,20.472494482074545
875,767.5,53.63,55.315,53.828,55.357600000000005,20.478627637524408
876,767.52,53.495000000000005,55.28,53.8074,55.3522,20.495571042938245
877,767.54,53.36,55.275000000000006,53.783199999999994,55.3412,20.51192848260002
878,767.56,53.32,55.27,53.7592,55.3326,20.517187155641633
879,767.58,53.28,55.260000000000005,53.7342,55.3262,20.522447194607977
880,767.6,53.295,55.25,53.7104,55.3182,20.539098190110575
881,767.62,53.31,55.305,53.684799999999996,55.31120000000001,20.56743030675155
882,767.64,53.3,55.36,53.65639999999999,55.3074,20.579115575474752
883,767.66,53.29,55.370000000000005,53.6288,55.30500000000001,20.579409796826912
884,767.68,53.3,55.38,53.602799999999995,55.3028,20.59605976463237
885,767.7,53.31,55.335,53.5774,55.29860000000001,20.61241603577459
886,767.72,53.295,55.29,53.5516,55.2946,20.61767366269256
887,767.74,53.28,55.224999999999994,53.5282,55.29,20.628774025937197
888,767.76,53.215,55.16,53.505199999999995,55.285199999999996,20.639874408921628
889,767.78,53.15,55.14,53.4796,55.28200000000001,20.650974812968634
890,767.8,53.105000000000004,55.12,53.452200000000005,55.2772,20.66791721811109
891,767.82,53.06,55.175,53.425,55.2738,20.67901751678229
892,767.84,53.03,55.23,53.398599999999995,55.27139999999999,20.689826387270372
893,767.86,53.0,55.254999999999995,53.3676,55.2688,20.700636783351666
894,767.88,53.010000000000005,55.28,53.3336,55.26820000000001,20.7117374553302
895,767.9,53.02,55.260000000000005,53.3042,55.267799999999994,20.723418916635733
896,767.92,53.045,55.24,53.28,55.266999999999996,20.740654588795568
897,767.94,53.07,55.269999999999996,53.257200000000005,55.267799999999994,20.7684049227942
898,767.96,53.06,55.3,53.23440000000001,55.267799999999994,20.7847626856447
899,767.98,53.05,55.29,53.211200000000005,55.2654,20.790021627517756
900,768.0,52.989999999999995,55.28,53.1856,55.263999999999996,20.801122150770453
901,768.02,52.93,55.315,53.16299999999999,55.2654,20.812805729542774
902,768.04,52.93,55.35,53.1458,55.2684,20.818943474993617
903,768.06,52.93,55.355000000000004,53.1302,55.27179999999999,20.82449344866659
904,768.08,52.945,55.36,53.116800000000005,55.2758,20.835593409544483
905,768.1,52.96,55.4,53.1034,55.281800000000004,20.858088429727502
906,768.12,52.985,55.44,53.0904,55.28719999999999,20.880584087404575
907,768.14,53.01,55.39,53.0788,55.2884,20.891683838612884
908,768.16,52.995,55.34,53.067,55.28719999999999,20.902193606766556
909,768.18,52.98,55.39,53.0542,55.287600000000005,20.913293712602584
910,768.2,52.894999999999996,55.44,53.037600000000005,55.2918,20.924983216603746
911,768.22,52.81,55.474999999999994,53.0182,55.2992,20.941632974585488
912,768.24,52.8,55.51,52.998999999999995,55.3106,20.957987971683387
913,768.26,52.79,55.51,52.982,55.324600000000004,20.97493263327419
914,768.28,52.715,55.51,52.9646,55.3394,20.99772456194521
915,768.3,52.64,55.480000000000004,52.946,55.3538,21.014374053884843
916,768.32,52.620000000000005,55.45,52.9284,55.3648,21.02517751889565
917,768.34,52.6,55.49,52.9112,55.37520000000001,21.04182732339652
918,768.36,52.545,55.53,52.893,55.3862,21.064027134929603
919,768.38,52.49,55.55,52.8722,55.397,21.085932834340788
920,768.4,52.575,55.57,52.854400000000005,55.4094,21.102583041928426
921,768.42,52.66,55.5,52.839,55.419799999999995,21.113977014194045
922,768.44,52.685,55.43,52.823600000000006,55.4262,21.11982192698952
923,768.46,52.71,55.44,52.80959999999999,55.4318,21.12566785859995
924,768.48,52.725,55.45,52.7966,55.43820000000001,21.142614400349792
925,768.5,52.74,55.5,52.7866,55.44700000000001,21.16541037383531
926,768.52,52.695,55.55,52.7772,55.4564,21.176509718635597
927,768.54,52.65,55.565,52.766000000000005,55.465,21.18701298632171
928,768.56,52.665,55.58,52.7554,55.474000000000004,21.2092124030997
929,768.58,52.68,55.555,52.744800000000005,55.4818,21.231411903049395
930,768.6,52.735,55.53,52.7358,55.486999999999995,21.248061582133406
931,768.62,52.79,55.58,52.728,55.4926,21.259755470541464
932,768.64,52.68,55.63,52.714800000000004,55.502199999999995,21.271453398853733
933,768.66,52.57,55.69,52.6978,55.5162,21.293651882407673
934,768.68,52.56,55.75,52.681,55.53059999999999,21.32080310097699
935,768.7,52.55,55.71,52.6672,55.541399999999996,21.336860651795963
936,768.72,52.525,55.67,52.6558,55.5492,21.353510622794317
937,768.74,52.5,55.705,52.6438,55.556999999999995,21.38155543934686
938,768.76,52.45,55.74,52.6302,55.5662,21.39820530290796
939,768.78,52.4,55.78,52.6176,55.577,21.404050880353882
940,768.8,52.44,55.82,52.6096,55.590599999999995,21.421294794226867
941,768.82,52.48,55.815,52.604,55.605199999999996,21.4434938422488
942,768.84,52.555,55.81,52.6022,55.617999999999995,21.46014318309218
943,768.86,52.63,55.775000000000006,52.6056,55.6278,21.476792570685777
944,768.88,52.6,55.74,52.61,55.6354,21.493442004215716
945,768.9,52.57,55.72,52.60979999999999,55.641400000000004,21.505138162088578
946,768.92,52.605000000000004,55.7,52.607600000000005,55.64940000000001,21.516237523760925
947,768.94,52.64,55.75,52.6058,55.662200000000006,21.532290862921613
948,768.96,52.55,55.8,52.5994,55.6766,21.55389977363917
949,768.98,52.46,55.75,52.5888,55.688599999999994,21.581356791925195
950,769.0,52.495000000000005,55.7,52.57899999999999,55.6966,21.603850218859264
951,769.02,52.53,55.725,52.572399999999995,55.703599999999994,21.61524424219306
952,769.04,52.575,55.75,52.569399999999995,55.711000000000006,21.626639125826774
953,769.06,52.62,55.78,52.5676,55.718999999999994,21.637739018037298
954,769.08,52.56,55.81,52.562799999999996,55.7292,21.64328897259888
955,769.1,52.5,55.845,52.5534,55.74179999999999,21.660234409109727
956,769.12,52.55,55.88,52.543800000000005,55.7538,21.6882802530264
957,769.14,52.6,55.81,52.5406,55.761,21.705525376846662
958,769.16,52.57,55.74,52.540600000000005,55.763000000000005,21.711675048267924
959,769.18,52.54,55.765,52.53980000000001,55.763600000000004,21.72832374970766
960,769.2,52.525,55.79,52.5388,55.7668,21.755771753673976
961,769.22,52.51,55.765,52.5382,55.770599999999995,21.77212223690781
962,769.24,52.519999999999996,55.74,52.53900000000001,55.772,21.78817827600849
963,769.26,52.53,55.725,52.5422,55.7714,21.80482810464336
964,769.28,52.58,55.71,52.5494,55.768600000000006,21.816520552259757
965,769.3,52.63,55.74,52.55700000000001,55.76540000000001,21.83871983085116
966,769.32,52.6,55.77,52.561800000000005,55.763600000000004,21.860327856879827
967,769.34,52.57,55.775000000000006,52.5624,55.7622,21.871134042923966
968,769.36,52.585,55.78,52.560599999999994,55.7624,21.882527898009588
969,769.38,52.6,55.835,52.5606,55.7662,21.89976826378021
970,769.4,52.64,55.89,52.5634,55.773,21.917012280892603
971,769.42,52.68,55.855000000000004,52.5664,55.7792,21.939211319758467
972,769.44,52.61,55.82,52.5652,55.782,21.960817300663678
973,769.46,52.54,55.805,52.5648,55.7822,21.97191719100947
974,769.48,52.535,55.79,52.5678,55.7838,21.978059832846544
975,769.5,52.53,55.785,52.5692,55.787200000000006,21.994709270787567
976,769.52,52.59,55.78,52.57160000000001,55.78940000000001,22.022458433422425
977,769.54,52.65,55.85,52.574600000000004,55.7934,22.03910799175149
978,769.56,52.655,55.92,52.57599999999999,55.79900000000001,22.044657855512604
979,769.58,52.66,55.92,52.58,55.8034,22.056352672011474
980,769.6,52.675,55.92,52.586999999999996,55.806400000000004,22.078850528498773
981,769.62,52.69,55.89,52.592600000000004,55.8068,22.100750635334496
982,769.64,52.735,55.86,52.598,55.8088,22.106300404628122
983,769.66,52.78,55.864999999999995,52.606399999999994,55.8138,22.11214864416523
984,769.68,52.74,55.87,52.614399999999996,55.818000000000005,22.13959911809312
985,769.7,52.7,55.83,52.621399999999994,55.8196,22.161798360188175
986,769.72,52.63,55.79,52.6262,55.820600000000006,22.172898012012453
987,769.74,52.56,55.81,52.6278,55.8234,22.194506016902327
988,769.76,52.55,55.83,52.6286,55.827600000000004,22.222256067841872
989,769.78,52.54,55.83,52.626999999999995,55.8324,22.238906157402877
990,769.8,52.59,55.83,52.6254,55.83599999999999,22.244456198081362
991,769.82,52.64,55.72,52.626999999999995,55.833999999999996,22.26140058497685
992,769.84,52.68,55.61,52.631400000000006,55.827400000000004,22.278050556768243
993,769.86,52.72,55.695,52.6368,55.824000000000005,22.28389561183536
994,769.88,52.8,55.78,52.6448,55.8218,22.295588614915463
995,769.9,52.88,55.83,52.6544,55.819399999999995,22.312238011086233
996,769.92,52.86,55.88,52.6616,55.8204,22.32829520166355
997,769.94,52.84,55.86,52.6708,55.821999999999996,22.344945128515366
998,769.96,52.75,55.84,52.6792,55.8234,22.367145097957586
999,769.98,52.66,55.865,52.684200000000004,55.82640000000001,22.388758917681493
1000,770.0,52.724999999999994,55.89,52.692,55.8306,22.39430908833763
1001,770.02,52.79,55.885000000000005,52.7,55.834799999999994,22.405995232140043
1002,770.04,52.845,55.88,52.7078,55.836000000000006,22.434334936632773
1003,770.06,52.9,55.855000000000004,52.717600000000004,55.833400000000005,22.45128086415137
1004,770.08,52.835,55.83,52.7246,55.8298,22.462084568440762
1005,770.1,52.77,55.82,52.7284,55.8258,22.478146104491753
1006,770.12,52.7,55.81,52.7288,55.8226,22.494796420280135
1007,770.14,52.63,55.82,52.7246,55.821000000000005,22.511739946949348
1008,770.16,52.665000000000006,55.83,52.72,55.8196,22.534234176568965
1009,770.18,52.7,55.864999999999995,52.7184,55.819399999999995,22.556728997745616
1010,770.2,52.78,55.9,52.721599999999995,55.8222,22.56782890390714
1011,770.22,52.86,55.91,52.7308,55.827,22.578634340382138
1012,770.24,52.84,55.92,52.742,55.8314,22.594699213505034
1013,770.26,52.82,55.91,52.7528,55.8346,22.61134982769537
1014,770.28,52.75,55.9,52.7612,55.837399999999995,22.622450260792657
1015,770.3,52.68,55.885,52.764799999999994,55.8396,22.639100944325595
1016,770.32,52.78,55.87,52.7704,55.845600000000005,22.66188546915992
1017,770.34,52.88,55.795,52.778400000000005,55.852999999999994,22.67298570088839
1018,770.36,52.92,55.72,52.7864,55.854,22.684085951483624
1019,770.38,52.96,55.730000000000004,52.7928,55.852,22.69518622056488
1020,770.4,52.92,55.74,52.794399999999996,55.8484,22.705994761805673
1021,770.42,52.88,55.755,52.7952,55.8434,22.722645442503506
1022,770.44,52.93,55.77,52.7988,55.839800000000004,22.733455615074252
1023,770.46,52.98,55.85,52.808,55.840199999999996,22.74397918087585
1024,770.48,52.95,55.93,52.8196,55.8428,22.760630593421865
1025,770.5,52.92,55.96,52.827400000000004,55.845600000000005,22.788958983305516
1026,770.52,52.905,55.99,52.832,55.8498,22.817290411755717
1027,770.54,52.89,56.010000000000005,52.833800000000004,55.855,22.82839090476959
1028,770.56,52.879999999999995,56.03,52.833,55.861999999999995,22.838912406391
1029,770.58,52.87,55.91,52.834399999999995,55.8652,22.855563629914045
1030,770.6,52.815,55.79,52.8362,55.864000000000004,22.872793060310897
1031,770.62,52.76,55.815,52.8386,55.86419999999999,22.88944394440088
1032,770.64,52.76,55.84,52.8438,55.865,22.90551754380409
1033,770.66,52.76,55.915000000000006,52.8476,55.8684,22.916331556019575
1034,770.68,52.795,55.99,52.851400000000005,55.873400000000004,22.922168931039838
1035,770.7,52.83,55.95,52.8534,55.8754,22.9335576543804
1036,770.72,52.855000000000004,55.91,52.853199999999994,55.8754,22.950208898514784
1037,770.74,52.88,55.894999999999996,52.854800000000004,55.874399999999994,22.96686018390886
1038,770.76,52.93,55.88,52.8592,55.8732,22.98322435886994
1039,770.78,52.98,55.78,52.8684,55.8684,22.99930526705434
1040,770.8,52.9,55.68,52.8772,55.860200000000006,23.01040661465496
1041,770.82,52.82,55.725,52.8788,55.8544,23.027058668183624
1042,770.84,52.84,55.77,52.8772,55.8534,23.04869632147402
1043,770.86,52.86,55.835,52.87479999999999,55.858000000000004,23.05979801899663
1044,770.88,52.89,55.9,52.87200000000001,55.8648,23.065913612689016
1045,770.9,52.92,55.915,52.872,55.8718,23.082565796608236
1046,770.92,52.995000000000005,55.93,52.876599999999996,55.8788,23.104486340928897
1047,770.94,53.07,55.975,52.882200000000005,55.887,23.11530676552824
1048,770.96,52.96,56.02,52.881400000000006,55.8938,23.125849588940724
1049,770.98,52.85,56.06,52.877399999999994,55.898999999999994,23.142502722656356
1050,771.0,52.89,56.1,52.8762,55.9046,23.15915589465035
1051,771.02,52.93,56.075,52.8772,55.908,23.17553181611149
1052,771.04,52.95,56.05,52.8796,55.9096,23.186911264695887
1053,771.06,52.97,55.92,52.883199999999995,55.90520000000001,23.198013442211796
1054,771.08,53.019999999999996,55.79,52.8892,55.9004,23.209115635953165
1055,771.1,53.07,55.724999999999994,52.89940000000001,55.8978,23.21522357845343
1056,771.12,53.05,55.66,52.911,55.89160000000001,23.231876512383288
1057,771.14,53.03,55.78,52.921800000000005,55.8892,23.25352457512036
1058,771.16,53.05,55.9,52.9334,55.8886,23.259075712786363
1059,771.18,53.07,55.965,52.944399999999995,55.8876,23.2646268535047
1060,771.2,53.17,56.03,52.958,55.8908,23.28100426628221
1061,771.22,53.27,56.0,52.9746,55.894400000000005,23.303761776564578
1062,771.24,53.295,55.97,52.9912,55.897400000000005,23.320971546760934
1063,771.26,53.32,55.925,53.006800000000005,55.8992,23.32624385315384
1064,771.28,53.269999999999996,55.88,53.0184,55.9032,23.331517354238045
1065,771.3,53.22,55.865,53.0312,55.910599999999995,23.34261961393704
1066,771.32,53.17,55.85,53.0452,55.915600000000005,23.364548075828132
1067,771.34,53.12,55.875,53.0564,55.9198,23.386478182638175
1068,771.36,53.17,55.9,53.0688,55.922399999999996,23.392304204597664
1069,771.38,53.22,55.91,53.082,55.922799999999995,23.39785544347858
1070,771.4,53.185,55.92,53.092600000000004,55.923,23.41978603848894
1071,771.42,53.15,55.915,53.098800000000004,55.922399999999996,23.436166872017612
1072,771.44,53.205,55.91,53.1042,55.9198,23.441175265274865
1073,771.46,53.26,55.894999999999996,53.1162,55.91480000000001,23.45227833416735
1074,771.48,53.325,55.88,53.135200000000005,55.9076,23.45782987585454
1075,771.5,53.39,55.91,53.155199999999994,55.9,23.462843137235744
1076,771.52,53.46,55.94,53.176399999999994,55.89459999999999,23.468394812939348
1077,771.54,53.53,55.980000000000004,53.199600000000004,55.891799999999996,23.48003607709179
1078,771.56,53.42,56.02,53.217600000000004,55.89580000000001,23.50833538007027
1079,771.58,53.31,56.03,53.2292,55.9054,23.530813258938412
1080,771.6,53.375,56.04,53.24139999999999,55.918,23.541644143739514
1081,771.62,53.44,55.989999999999995,53.257,55.9312,23.546655044469535
1082,771.64,53.459999999999994,55.94,53.2742,55.9376,23.54665504647079
1083,771.66,53.48,55.894999999999996,53.2914,55.937400000000004,23.552206653137805
1084,771.68,53.53,55.85,53.3098,55.9328,23.56304135221945
1085,771.7,53.58,55.894999999999996,53.3262,55.9274,23.573877367001113
1086,771.72,53.53,55.94,53.3366,55.925,23.595818339994988
1087,771.74,53.48,55.985,53.343999999999994,55.925599999999996,23.61829147879395
1088,771.76,53.459999999999994,56.03,53.3496,55.92979999999999,23.62411004599091
1089,771.78,53.44,56.045,53.3564,55.936400000000006,23.629395046200923
1090,771.8,53.485,56.06,53.367,55.9442,23.640498627991818
1091,771.82,53.53,56.06,53.38139999999999,55.952600000000004,23.657687890009957
1092,771.84,53.545,56.06,53.3984,55.96,23.679894640206708
1093,771.86,53.56,55.94,53.413999999999994,55.961600000000004,23.696282728340925
1094,771.88,53.615,55.82,53.42979999999999,55.958,23.707653163904723
1095,771.9,53.67,55.82,53.4492,55.95399999999999,23.713741659051202
1096,771.92,53.7,55.82,53.471199999999996,55.950199999999995,23.71401161138485
1097,771.94,53.73,55.894999999999996,53.492200000000004,55.94959999999999,23.719563143702526
1098,771.96,53.724999999999994,55.97,53.510799999999996,55.95259999999999,23.730666217681215
1099,771.98,53.72,56.025,53.5266,55.958400000000005,23.747051284048197
1100,772.0,53.815,56.08,53.543600000000005,55.965199999999996,23.757886114917614
1101,772.02,53.91,56.019999999999996,53.5616,55.9684,23.757886116848837
1102,772.04,53.845,55.96,53.5742,55.967600000000004,23.76317049975716
1103,772.06,53.78,55.900000000000006,53.5886,55.962799999999994,23.768190885351554
1104,772.08,53.815,55.84,53.6088,55.9552,23.779294651781925
1105,772.1,53.85,55.80500000000001,53.6278,55.9458,23.802032852677943
1106,772.12,53.82,55.77,53.643,55.937,23.818688202693867
1107,772.14,53.79,55.725,53.6562,55.9284,23.829526266529427
1108,772.16,53.78,55.68,53.6682,55.919799999999995,23.835343587462546
1109,772.18,53.77,55.7,53.6778,55.9138,23.83534358944384
1110,772.2,53.790000000000006,55.72,53.6862,55.906800000000004,23.84062999394259
1111,772.22,53.81,55.825,53.697399999999995,55.9022,23.851999007234006
1112,772.24,53.865,55.93,53.712799999999994,55.9,23.857817069134445
1113,772.26,53.92,56.010000000000005,53.7312,55.8992,23.863102639079862
1114,772.28,54.005,56.09,53.7538,55.901,23.868389370983348
1115,772.3,54.09,56.095,53.778,55.90240000000001,23.885309943523445
1116,772.32,54.075,56.1,53.799800000000005,55.903999999999996,23.91360144662798
1117,772.34,54.06,56.0,53.8204,55.9016,23.925241085056864
1118,772.36,54.055,55.9,53.8402,55.9,23.930792698871116
1119,772.38,54.05,55.86,53.857600000000005,55.9016,23.935808391221055
1120,772.4,54.055,55.82,53.873000000000005,55.9016,23.93580839216149
1121,772.42,54.06,55.864999999999995,53.8874,55.903400000000005,23.941627523366318
1122,772.44,54.06,55.91,53.9006,55.904,23.952999192471946
1123,772.46,54.06,55.959999999999994,53.913999999999994,55.903600000000004,23.964641886209847
1124,772.48,54.019999999999996,56.01,53.926,55.903,23.970193401723154
1125,772.5,53.98,55.93,53.932599999999994,55.897,23.97520574480344
1126,772.52,54.035,55.85,53.9376,55.89020000000001,23.986041123159445
1127,772.54,54.09,55.870000000000005,53.947399999999995,55.8866,23.99741235550536
1128,772.56,54.135000000000005,55.89,53.961600000000004,55.8862,24.002964018507843
1129,772.58,54.18,55.870000000000005,53.9762,55.8874,24.007981370252264
1130,772.6,54.25,55.85,53.992200000000004,55.8892,24.013533164372863
1131,772.62,54.32,55.89,54.0122,55.894,24.02490321946311
1132,772.64,54.36,55.93,54.035,55.9022,24.03574037327956
1133,772.66,54.4,55.925,54.0598,55.912,24.035740374851816
1134,772.68,54.364999999999995,55.92,54.083600000000004,55.9208,24.041825761340668
1135,772.7,54.33,55.93,54.1052,55.9292,24.05292914900481
1136,772.72,54.37,55.94,54.1276,55.93379999999999,24.05821373375122
1137,772.74,54.41,55.95,54.14940000000001,55.9346,24.064032553235567
1138,772.76,54.415,55.96,54.169200000000004,55.9326,24.070121323726905
1139,772.78,54.42,55.965,54.1858,55.927600000000005,24.07567291077537
1140,772.8,54.44,55.97,54.199799999999996,55.922599999999996,24.086507237266723
1141,772.82,54.46,55.894999999999996,54.215199999999996,55.91439999999999,24.092327694583467
1142,772.84,54.41,55.82,54.2292,55.9072,24.08704598275441
1143,772.86,54.36,55.725,54.24139999999999,55.9002,24.092597519228065
1144,772.88,54.345,55.63,54.2532,55.891000000000005,24.109252148320174
1145,772.9,54.33,55.615,54.2642,55.8828,24.115074296322508
1146,772.92,54.325,55.6,54.2748,55.8722,24.109794493832833
1147,772.94,54.32,55.68,54.2852,55.863,24.109522812461748
1148,772.96,54.355000000000004,55.76,54.297000000000004,55.855,24.12062579355904
1149,772.98,54.39,55.845,54.31179999999999,55.8484,24.126177290827307
1150,773.0,54.435,55.93,54.33,55.8484,24.125637371135877
1151,773.02,54.48,55.93,54.3478,55.8516,24.14229225419233
1152,773.04,54.48,55.93,54.3634,55.854000000000006,24.16503786950066
1153,773.06,54.48,55.870000000000005,54.377199999999995,55.853199999999994,24.171132411574288
1154,773.08,54.515,55.81,54.390600000000006,55.85080000000001,24.165854115411648
1155,773.1,54.55,55.805,54.4026,55.849,24.165581014650826
1156,773.12,54.57,55.8,54.41259999999999,55.8454,24.17668382180057
1157,773.14,54.59,55.805,54.421800000000005,55.8404,24.188059496479077
1158,773.16,54.58,55.81,54.428999999999995,55.8358,24.19361085174739
1159,773.18,54.57,55.815,54.437200000000004,55.8316,24.193884663546292
1160,773.2,54.565,55.82,54.4466,55.82719999999999,24.194159495559553
1161,773.22,54.56,55.785,54.4542,55.821000000000005,24.205537688597524
1162,773.24,54.480000000000004,55.75,54.457,55.813,24.222191230765382
1163,773.26,54.4,55.79,54.4564,55.8062,24.22719249680737
1164,773.28,54.364999999999995,55.83,54.4542,55.80080000000001,24.232743816331084
1165,773.3,54.33,55.765,54.449799999999996,55.7926,24.238569466488457
1166,773.32,54.425,55.7,54.4484,55.784800000000004,24.233293617836146
1167,773.34,54.52,55.71,54.452799999999996,55.7804,24.23939856174604
1168,773.36,54.515,55.72,54.459,55.78020000000001,24.250778987167948
1169,773.38,54.51,55.745000000000005,54.4656,55.7848,24.25660923373677
1170,773.4,54.489999999999995,55.77,54.472,55.791,24.267991271399616
1171,773.42,54.47,55.785,54.47780000000001,55.7984,24.27881309081612
1172,773.44,54.54,55.8,54.486599999999996,55.8032,24.278534120395328
1173,773.46,54.61,55.8,54.49679999999999,55.80479999999999,24.278813094473737
1174,773.48,54.61,55.8,54.5056,55.80299999999999,24.28492493627485
1175,773.5,54.61,55.82,54.5126,55.79860000000001,24.284924938132285
1176,773.52,54.545,55.84,54.51520000000001,55.795,24.290475789476016
1177,773.54,54.48,55.72,54.51520000000001,55.7866,24.301859267049792
1178,773.56,54.5,55.6,54.516000000000005,55.7758,24.307410065939102
1179,773.58,54.52,55.68,54.5162,55.770599999999995,24.313243520442505
1180,773.6,54.605000000000004,55.76,54.5184,55.7688,24.313811871182807
1181,773.62,54.69,55.735,54.523199999999996,55.766200000000005,24.30826126634482
1182,773.64,54.655,55.71,54.5258,55.7624,24.307976521197254
1183,773.66,54.62,55.620000000000005,54.5274,55.7548,24.31964811995082
1184,773.68,54.59,55.53,54.5282,55.7434,24.336586235498462
1185,773.7,54.56,55.5,54.528,55.7306,24.34185034899809
1186,773.72,54.485,55.47,54.525,55.718,24.347400917968585
1187,773.74,54.41,55.51,54.522200000000005,55.708400000000005,24.35295149112608
1188,773.76,54.45,55.55,54.5242,55.6988,24.352951492765673
1189,773.78,54.49,55.545,54.5292,55.6874,24.358502070141768
1190,773.8,54.455,55.54,54.5342,55.6784,24.36433877564044
1191,773.82,54.42,55.504999999999995,54.534000000000006,55.67059999999999,24.3646259153581
1192,773.84,54.485,55.47,54.5326,55.660999999999994,24.364625917584437
1193,773.86,54.55,55.51,54.534,55.65259999999999,24.375726829558648
1194,773.88,54.565,55.55,54.5362,55.644800000000004,24.381565247232935
1195,773.9,54.58,55.614999999999995,54.53979999999999,55.638600000000004,24.37659393049975
1196,773.92,54.61,55.68,54.5454,55.6344,24.376593931780597
1197,773.94,54.64,55.67,54.5494,55.6292,24.387404554022776
1198,773.96,54.605000000000004,55.66,54.5492,55.6236,24.404345300016058
1199,773.98,54.57,55.67,54.547599999999996,55.6184,24.41018624757279
1200,774.0,54.614999999999995,55.68,54.547799999999995,55.6128,24.40492776719678
1201,774.02,54.66,55.644999999999996,54.5524,55.605,24.411064297173898
1202,774.04,54.67,55.61,54.56,55.60059999999999,24.42245892274093
1203,774.06,54.68,55.585,54.56719999999999,55.6,24.422458924794114
1204,774.08,54.67,55.56,54.5732,55.595200000000006,24.428008892830235
1205,774.1,54.66,55.535,54.5754,55.5862,24.4332644295576
1206,774.12,54.644999999999996,55.51,54.573600000000006,55.57719999999999,24.43297100534389
1207,774.14,54.63,55.54,54.572599999999994,55.5704,24.438814475056336
1208,774.16,54.63,55.57,54.573,55.568400000000004,24.44465882638177
1209,774.18,54.63,55.595,54.574600000000004,55.571000000000005,24.450208812295642
1210,774.2,54.59,55.62,54.5758,55.5758,24.456053981118238
1211,774.22,54.55,55.665,54.5784,55.5836,24.45664736652852
1212,774.24,54.504999999999995,55.71,54.58219999999999,55.5916,24.462495297135277
1213,774.26,54.46,55.69,54.58259999999999,55.5972,24.47359476058876
1214,774.28,54.43,55.67,54.5802,55.602199999999996,24.479743392975806
1215,774.3,54.4,55.63,54.578,55.6058,24.49144526370531
1216,774.32,54.425,55.59,54.578199999999995,55.6092,24.502544228326258
1217,774.34,54.45,55.545,54.576800000000006,55.6122,24.496994746891485
1218,774.36,54.480000000000004,55.5,54.574000000000005,55.6118,24.491143440500707
1219,774.38,54.51,55.475,54.5718,55.608799999999995,24.496392235111763
1220,774.4,54.545,55.45,54.5704,55.6022,24.50224254314352
1221,774.42,54.58,55.55,54.5692,55.597,24.507792101849674
1222,774.44,54.525,55.65,54.5646,55.596199999999996,24.518590748952537
1223,774.46,54.47,55.644999999999996,54.559200000000004,55.5956,24.529990377742337
1224,774.48,54.5,55.64,54.556400000000004,55.59440000000001,24.53584124333151
1225,774.5,54.53,55.635000000000005,54.553000000000004,55.592600000000004,24.541390761225855
1226,774.52,54.58,55.63,54.5498,55.592,24.5472424363803
1227,774.54,54.63,55.61,54.548199999999994,55.592000000000006,24.553094984572734
1228,774.56,54.625,55.59,54.54600000000001,55.592200000000005,24.558644379545335
1229,774.58,54.62,55.605000000000004,54.544,55.593999999999994,24.558644382082875
1230,774.6,54.565,55.62,54.5402,55.5974,24.564497739030003
1231,774.62,54.51,55.595,54.5348,55.6008,24.576207063542924
1232,774.64,54.51,55.57,54.53,55.602000000000004,24.581756271251326
1233,774.66,54.51,55.55,54.5252,55.6012,24.58114576041935
1234,774.68,54.53,55.53,54.5212,55.5986,24.581145762616412
1235,774.7,54.55,55.480000000000004,54.5196,55.593,24.587612180592146
1236,774.72,54.635,55.43,54.523,55.583600000000004,24.588228578912485
1237,774.74,54.72,55.415,54.531600000000005,55.5718,24.587919882097815
1238,774.76,54.655,55.4,54.53940000000001,55.560199999999995,24.5987104838164
1239,774.78,54.59,55.480000000000004,54.5458,55.552600000000005,24.604567128326917
1240,774.8,54.565,55.56,54.5524,55.5498,24.60487562159528
1241,774.82,54.54,55.56,54.556999999999995,55.54860000000001,24.6101162236501
1242,774.84,54.51,55.56,54.5594,55.5492,24.61566532117464
1243,774.86,54.48,55.61,54.5594,55.553599999999996,24.62183199012604
1244,774.88,54.495,55.66,54.55879999999999,55.56100000000001,24.6273809580558
1245,774.9,54.51,55.605,54.5574,55.5672,24.62676353359163
1246,774.92,54.53,55.55,54.55539999999999,55.5672,24.6267635358431
1247,774.94,54.55,55.57,54.556400000000004,55.56399999999999,24.632620791060802
1248,774.96,54.53,55.59,54.5588,55.561800000000005,24.638169838671125
1249,774.98,54.51,55.540000000000006,54.559200000000004,55.5578,24.638478916197304
1250,775.0,54.54,55.49,54.5596,55.552,24.644337905341075
1251,775.02,54.57,55.43,54.559200000000004,55.544000000000004,24.65574661123252
1252,775.04,54.54,55.37,54.5556,55.5344,24.66160726620494
1253,775.06,54.51,55.315,54.550999999999995,55.5234,24.661295470942502
1254,775.08,54.495,55.26,54.54600000000001,55.5096,24.660984675554364
1255,775.1,54.48,55.29,54.5426,55.4964,24.66129547520448
1256,775.12,54.51,55.32,54.5426,55.4854,24.661920074128645
1257,775.14,54.54,55.39,54.543800000000005,55.478199999999994,24.66746879604134
1258,775.16,54.53,55.46,54.5446,55.4746,24.672704865377852
1259,775.18,54.52,55.44,54.544200000000004,55.471000000000004,24.672393210191405
1260,775.2,54.525000000000006,55.42,54.5432,55.468599999999995,24.683180438824614
1261,775.22,54.53,55.42,54.538999999999994,55.468199999999996,24.70013761335058
1262,775.24,54.57,55.42,54.532999999999994,55.4684,24.69490010350574
1263,775.26,54.61,55.43,54.5312,55.4696,24.68380248134508
1264,775.28,54.57,55.44,54.5304,55.468,24.689351293700806
1265,775.3,54.53,55.465,54.528999999999996,55.46419999999999,24.700761236841398
1266,775.32,54.485,55.49,54.5268,55.4614,24.70662322824428
1267,775.34,54.44,55.47,54.523999999999994,55.4578,24.706623231025098
1268,775.36,54.575,55.45,54.5278,55.45140000000001,24.701074549448826
1269,775.38,54.71,55.475,54.5364,55.443999999999996,24.700761246613656
1270,775.4,54.760000000000005,55.5,54.546400000000006,55.4398,24.70599776644535
1271,775.42,54.81,55.480000000000004,54.5576,55.437,24.711858764447232
1272,775.44,54.755,55.46,54.565799999999996,55.4326,24.723269324126086
1273,775.46,54.7,55.435,54.5726,55.4264,24.728818030537937
1274,775.48,54.585,55.41,54.575599999999994,55.4212,24.72881803253091
1275,775.5,54.47,55.39,54.5728,55.4172,24.728818035389303
1276,775.52,54.519999999999996,55.37,54.5708,55.41479999999999,24.729131988875302
1277,775.54,54.57,55.4,54.57200000000001,55.416000000000004,24.735311382813297
1278,775.56,54.57,55.43,54.574400000000004,55.42059999999999,24.746725124083735
1279,775.58,54.57,55.45,54.5774,55.4282,24.752273567268006
1280,775.6,54.55,55.47,54.5802,55.4354,24.752591225741174
1281,775.62,54.53,55.495000000000005,54.581,55.442400000000006,24.758458183663656
1282,775.64,54.565,55.52,54.582,55.4476,24.763687985172503
1283,775.66,54.6,55.42,54.5848,55.446,24.76337047460768
1284,775.68,54.53,55.32,54.58520000000001,55.4412,24.76305395964943
1285,775.7,54.46,55.33,54.5826,55.4376,24.768602489048593
1286,775.72,54.510000000000005,55.34,54.5818,55.4344,24.780015865358624
1287,775.74,54.56,55.480000000000004,54.5814,55.43679999999999,24.790796652321273
1288,775.76,54.595,55.62,54.580799999999996,55.4444,24.796345207187816
1289,775.78,54.63,55.69,54.5832,55.45440000000001,24.796978389297177
1290,775.8,54.705,55.76,54.5902,55.46620000000001,24.786199800057922
1291,775.82,54.78,55.709999999999994,54.602,55.475,24.78033317767501
1292,775.84,54.78,55.66,54.6156,55.482600000000005,24.785564351369594
1293,775.86,54.78,55.644999999999996,54.6238,55.4904,24.791112830455237
1294,775.88,54.79,55.63,54.626999999999995,55.4966,24.79666131431601
1295,775.9,54.8,55.63,54.6286,55.501799999999996,24.796661316715692
1296,775.92,54.735,55.63,54.625600000000006,55.5078,24.796661319115373
1297,775.94,54.67,55.685,54.6222,55.5168,24.79729649085572
1298,775.96,54.675,55.74,54.6212,55.528999999999996,24.797935640738253
1299,775.98,54.68,55.785,54.625,55.544000000000004,24.80871212336981
1300,776.0,54.64,55.83,54.631800000000005,55.5616,24.825038271488438
1301,776.02,54.6,55.78,54.635,55.578,24.830586643342706
1302,776.04,54.68,55.73,54.639399999999995,55.5912,24.83058664612238
1303,776.06,54.76,55.795,54.647,55.6058,24.846914345713223
1304,776.08,54.754999999999995,55.86,54.6544,55.6222,24.863243508693383
1305,776.1,54.75,55.864999999999995,54.662400000000005,55.638000000000005,24.863243511086633
1306,776.12,54.760000000000005,55.87,54.6716,55.65299999999999,24.863243513046605
1307,776.14,54.77,55.885,54.67980000000001,55.66759999999999,24.87434061418946
1308,776.16,54.81,55.9,54.688199999999995,55.686800000000005,24.88543773540282
1309,776.18,54.85,55.885,54.701,55.709399999999995,24.885753694442016
1310,776.2,54.730000000000004,55.87,54.7118,55.731,24.891619070065993
1311,776.22,54.61,55.91,54.7158,55.7538,24.907947714787312
1312,776.24,54.56,55.95,54.7158,55.772600000000004,24.918414676028533
1313,776.26,54.51,56.03,54.712399999999995,55.788999999999994,24.923963344984074
1314,776.28,54.495,56.11,54.70700000000001,55.8058,24.935690354141627
1315,776.3,54.48,56.114999999999995,54.698,55.82,24.946787444447285
1316,776.32,54.61,56.12,54.6912,55.836400000000005,24.946472263424653
1317,776.34,54.74,56.18,54.6896,55.857200000000006,24.94647226577322
1318,776.36,54.755,56.24,54.688599999999994,55.881,24.946472267928975
1319,776.38,54.77,56.19,54.68780000000001,55.90339999999999,24.952020892073385
1320,776.4,54.765,56.14,54.686400000000006,55.9238,24.96311815203407
1321,776.42,54.76,56.175,54.6874,55.94559999999999,24.96866679070428
1322,776.44,54.8,56.21,54.69259999999999,55.9666,24.974530267942225
1323,776.46,54.84,56.245000000000005,54.6992,55.9868,24.98562742761385
1324,776.48,54.900000000000006,56.28,54.708,56.0066,24.99609648642096
1325,776.5,54.96,56.379999999999995,54.7208,56.0286,25.007193964468694
1326,776.52,54.905,56.48,54.733000000000004,56.056599999999996,25.018604751494113
1327,776.54,54.85,56.56,54.7398,56.0898,25.023840219721723
1328,776.56,54.775000000000006,56.64,54.7404,56.123599999999996,25.028765638597847
1329,776.58,54.7,56.665,54.7382,56.1558,25.045102377323282
1330,776.6,54.645,56.69,54.733999999999995,56.1888,25.067298352238865
1331,776.62,54.59,56.695,54.7272,56.2218,25.083945384140502
1332,776.64,54.57,56.7,54.7192,56.254400000000004,25.095352800109083
1333,776.66,54.55,56.725,54.708800000000004,56.2874,25.10645072758896
1334,776.68,54.59,56.75,54.69839999999999,56.321999999999996,25.117239578184286
1335,776.7,54.63,56.765,54.6944,56.3578,25.12248058131636
1336,776.72,54.68,56.78,54.6972,56.3926,25.133271900228248
1337,776.74,54.73,56.805,54.70400000000001,56.4268,25.156083018895966
1338,776.76,54.745,56.83,54.7134,56.458800000000004,25.173348089921397
1339,776.78,54.76,56.864999999999995,54.724,56.489,25.18413675497071
1340,776.8,54.785,56.9,54.7362,56.52040000000001,25.18382847773843
1341,776.82,54.81,56.92,54.7442,56.5524,25.189070351393227
1342,776.84,54.825,56.94,54.747600000000006,56.5828,25.205411847320146
1343,776.86,54.84,56.935,54.751000000000005,56.6106,25.21681628630444
1344,776.88,54.955,56.93,54.7584,56.64020000000001,25.227914693344694
1345,776.9,55.07,57.05,54.7706,56.6766,25.232853453933455
1346,776.92,55.035,57.17,54.7816,56.7164,25.238099112026205
1347,776.94,55.0,57.18,54.7896,56.7552,25.259994370715845
1348,776.96,55.0,57.19,54.79599999999999,56.793,25.28189120895532
1349,776.98,55.0,57.209999999999994,54.8,56.8302,25.287440799201544
1350,777.0,54.989999999999995,57.23,54.8012,56.864200000000004,25.29269029482719
1351,777.02,54.98,57.23,54.8042,56.8942,25.30874241943318
1352,777.04,54.93,57.23,54.8074,56.92100000000001,25.330941676081547
1353,777.06,54.88,57.334999999999994,54.8116,56.9488,25.35343843310963
1354,777.08,54.825,57.44,54.8166,56.9798,25.370087778271195
1355,777.1,54.77,57.480000000000004,54.8216,57.011399999999995,25.392286965742255
1356,777.12,54.82,57.52,54.830799999999996,57.044399999999996,25.414486223027993
1357,777.14,54.87,57.55500000000001,54.8428,57.078599999999994,25.430839189983786
1358,777.16,54.83,57.59,54.854,57.1132,25.447193554243253
1359,777.18,54.79,57.66,54.86200000000001,57.1496,25.463549312559728
1360,777.2,54.785,57.73,54.868199999999995,57.188199999999995,25.479614395664004
1361,777.22,54.78,57.765,54.87219999999999,57.2276,25.49626499955286
1362,777.24,54.8,57.8,54.875,57.267399999999995,25.507657172928212
1363,777.26,54.82,57.849999999999994,54.878,57.3082,25.518465865337102
1364,777.28,54.885000000000005,57.9,54.883,57.3496,25.534826091308116
1365,777.3,54.95,57.915,54.8896,57.39020000000001,25.551187698974335
1366,777.32,54.975,57.93,54.8962,57.430600000000005,25.567550686316274
1367,777.34,55.0,57.94,54.9032,57.4706,25.58391505012859
1368,777.36,55.075,57.95,54.912600000000005,57.5112,25.59473019170121
1369,777.38,55.15,58.010000000000005,54.92040000000001,57.554399999999994,25.605546561477244
1370,777.4,55.144999999999996,58.07,54.9234,57.595200000000006,25.616364157620456
1371,777.42,55.14,58.18,54.927600000000005,57.6356,25.627465632504872
1372,777.44,55.045,58.29,54.92940000000001,57.68,25.64966862680269
1373,777.46,54.95,58.335,54.927400000000006,57.7258,25.682973233874115
1374,777.48,54.93,58.38,54.9246,57.772600000000004,25.710727180497052
1375,777.5,54.91,58.435,54.921400000000006,57.8208,25.72709803917101
1376,777.52,55.004999999999995,58.49,54.922399999999996,57.8712,25.73791931480115
1377,777.54,55.1,58.5,54.9292,57.922,25.749021202668473
1378,777.56,55.144999999999996,58.51,54.9398,57.968999999999994,25.765674061524518
1379,777.58,55.19,58.605000000000004,54.95440000000001,58.015600000000006,25.79870102503554
1380,777.6,55.135,58.7,54.96900000000001,58.064400000000006,25.837280923020643
1381,777.62,55.08,58.730000000000004,54.9794,58.11280000000001,25.85920917307098
1382,777.64,55.095,58.76,54.9884,58.161,25.864485103751186
1383,777.66,55.11,58.87,54.9996,58.212199999999996,25.881414009282526
1384,777.68,55.07,58.98,55.010799999999996,58.265,25.909445888500965
1385,777.7,55.03,59.084999999999994,55.0206,58.3192,25.936926349441
1386,777.72,55.11,59.19,55.0338,58.3762,25.95858379289668
1387,777.74,55.19,59.245,55.0494,58.434,25.97469451965251
1388,777.76,55.185,59.3,55.06399999999999,58.492,26.002182110568775
1389,777.78,55.18,59.295,55.0758,58.547799999999995,26.040774641669117
1390,777.8,55.254999999999995,59.29,55.087999999999994,58.602799999999995,26.06271386157931
1391,777.82,55.33,59.275,55.1022,58.6566,26.073550927566206
1392,777.84,55.405,59.26,55.1184,58.7094,26.090206349172345
1393,777.86,55.48,59.394999999999996,55.1346,58.7672,26.107394903765254
1394,777.88,55.495,59.53,55.148399999999995,58.828,26.1298695081445
1395,777.9,55.51,59.665,55.16299999999999,58.891799999999996,26.162912162185638
1396,777.92,55.415,59.8,55.174,58.9566,26.201508382154362
1397,777.94,55.32,59.79,55.185,59.0166,26.240106497790062
1398,777.96,55.345,59.78,55.2008,59.074400000000004,26.262314134923187
1399,777.98,55.37,59.885000000000005,55.2184,59.1346,26.284521824712723
1400,778.0,55.375,59.99,55.236999999999995,59.1968,26.311756324677916
1401,778.02,55.38,60.045,55.25200000000001,59.25899999999999,26.333443583895388
1402,778.04,55.375,60.1,55.263000000000005,59.323,26.36094570268222
1403,778.06,55.37,60.185,55.272,59.39,26.394001702438832
1404,778.08,55.364999999999995,60.27,55.278999999999996,59.4566,26.42176335492743
1405,778.1,55.36,60.345,55.28799999999999,59.5224,26.44978209875462
1406,778.12,55.345,60.42,55.29859999999999,59.59,26.483095954156738
1407,778.14,55.33,60.45,55.308,59.657599999999995,26.516153553799608
1408,778.16,55.379999999999995,60.48,55.3188,59.722,26.543406139207363
1409,778.18,55.43,60.519999999999996,55.3332,59.7836,26.57091569832846
1410,778.2,55.545,60.56,55.3538,59.842600000000004,26.59337887769232
1411,778.22,55.66,60.7,55.3758,59.90299999999999,26.610036512506305
1412,778.24,55.72,60.84,55.397,59.966800000000006,26.63754688530812
1413,778.26,55.78,60.855000000000004,55.4208,60.029,26.67061146941666
1414,778.28,55.71,60.87,55.442,60.092,26.70392764318217
1415,778.3,55.64,60.935,55.45740000000001,60.15780000000001,26.748599810409317
1416,778.32,55.665,61.0,55.4708,60.226800000000004,26.78166579007102
1417,778.34,55.69,61.06,55.48219999999999,60.2988,26.803379719333453
1418,778.36,55.7,61.12,55.49099999999999,60.367799999999995,26.836450080939084
1419,778.38,55.71,61.239999999999995,55.4996,60.4362,26.875075073145968
1420,778.4,55.705,61.36,55.5074,60.504000000000005,26.902595700076656
1421,778.42,55.7,61.480000000000004,55.5188,60.571200000000005,26.925052172345634
1422,778.44,55.72,61.6,55.5348,60.643600000000006,26.95306218875672
1423,778.46,55.74,61.585,55.550599999999996,60.7158,26.991688653702656
1424,778.48,55.769999999999996,61.57,55.5666,60.783199999999994,27.036113194102356
1425,778.5,55.8,61.605000000000004,55.5836,60.8478,27.0694317154757
1426,778.52,55.78,61.64,55.59959999999999,60.91160000000001,27.102266050905886
1427,778.54,55.76,61.730000000000004,55.615,60.976800000000004,27.15176530082893
1428,778.56,55.75,61.82,55.6302,61.0422,27.1904005236765
1429,778.58,55.74,61.915,55.645199999999996,61.108000000000004,27.212377075652295
1430,778.6,55.705,62.01,55.659000000000006,61.1746,27.2454620014067
1431,778.62,55.67,62.14,55.672,61.2434,27.295443800886833
1432,778.64,55.760000000000005,62.27,55.6892,61.31620000000001,27.32900026767781
1433,778.66,55.85,62.370000000000005,55.708,61.3918,27.35700367688634
1434,778.68,55.99,62.47,55.7304,61.469800000000006,27.390324583898117
1435,778.7,56.13,62.495000000000005,55.75379999999999,61.547200000000004,27.423410337613355
1436,778.72,56.17,62.52,55.7742,61.62,27.4567317128864
1437,778.74,56.21,62.53,55.793800000000005,61.6876,27.48449959445059
1438,778.76,56.230000000000004,62.54,55.811800000000005,61.755,27.517821134088653
1439,778.78,56.25,62.585,55.833400000000005,61.823600000000006,27.562484051363263
1440,778.8,56.295,62.63,55.8596,61.8914,27.60135910265131
1441,778.82,56.34,62.75,55.8866,61.9614,27.6344472240334
1442,778.84,56.31,62.87,55.9114,62.0338,27.678413028314303
1443,778.86,56.28,62.9,55.9346,62.105,27.716830167968183
1444,778.88,56.265,62.93,55.9568,62.1726,27.744371490959463
1445,778.9,56.25,63.010000000000005,55.97860000000001,62.2386,27.789030684150497
1446,778.92,56.21,63.09,55.999,62.30299999999999,27.83924406174459
1447,778.94,56.17,63.120000000000005,56.016999999999996,62.3638,27.883447337931383
1448,778.96,56.18,63.15,56.0346,62.4264,27.922098370766523
1449,778.98,56.19,63.215,56.0514,62.492200000000004,27.960751030639198
1450,779.0,56.224999999999994,63.28,56.068400000000004,62.559200000000004,28.01051355973743
1451,779.02,56.26,63.355000000000004,56.0876,62.6278,28.06027795011147
1452,779.04,56.375,63.43,56.112199999999994,62.6958,28.093381438186807
1453,779.06,56.49,63.56,56.141799999999996,62.7654,28.12692840620473
1454,779.08,56.535,63.69,56.17360000000001,62.836400000000005,28.160698736493924
1455,779.1,56.58,63.79,56.2086,62.9076,28.19402363476377
1456,779.12,56.565,63.89,56.244400000000006,62.977599999999995,28.232902782606665
1457,779.14,56.55,63.935,56.275999999999996,63.044200000000004,28.28311325839476
1458,779.16,56.644999999999996,63.98,56.3078,63.1086,28.338654843319794
1459,779.18,56.74,64.02499999999999,56.337799999999994,63.1708,28.377311983459553
1460,779.2,56.795,64.07,56.3644,63.233799999999995,28.39930785842548
1461,779.22,56.85,64.16499999999999,56.3916,63.2996,28.432413650070075
1462,779.24,56.86,64.26,56.4176,63.3688,28.482184084295813
1463,779.26,56.87,64.36500000000001,56.4432,63.4418,28.532392037700824
1464,779.28,56.84,64.47,56.466800000000006,63.517199999999995,28.57149156443596
1465,779.3,56.81,64.495,56.4874,63.591800000000006,28.610153475459665
1466,779.32,56.84,64.52,56.5074,63.662600000000005,28.65458876565819
1467,779.34,56.87,64.57,56.5298,63.730599999999995,28.699024188086575
1468,779.36,56.959999999999994,64.62,56.556999999999995,63.799400000000006,28.73768856047327
1469,779.38,57.05,64.66,56.5884,63.868599999999994,28.776786493506027
1470,779.4,57.084999999999994,64.7,56.62179999999999,63.9362,28.816102661217716
1471,779.42,57.12,64.825,56.658199999999994,64.0056,28.860537888009198
1472,779.44,57.185,64.95,56.6988,64.0788,28.904973245928932
1473,779.46,57.25,65.0,56.7416,64.1528,28.944072045748936
1474,779.48,57.36,65.05,56.7884,64.2262,28.988507315474166
1475,779.5,57.47,65.12,56.8382,64.2998,29.03828010466897
1476,779.52,57.620000000000005,65.19,56.8926,64.3732,29.071391055926615
1477,779.54,57.77,65.25,56.9484,64.446,29.104933971711986
1478,779.56,57.755,65.31,56.999,64.516,29.1495862604486
1479,779.58,57.74,65.33500000000001,57.047200000000004,64.58179999999999,29.18825170947474
1480,779.6,57.650000000000006,65.36,57.09,64.6446,29.23247326295419
1481,779.62,57.56,65.47,57.129799999999996,64.7078,29.282679018749786
1482,779.64,57.68,65.58,57.175,64.7736,29.321775966554043
1483,779.66,57.8,65.685,57.221199999999996,64.84179999999999,29.365997705400062
1484,779.68,57.75,65.79,57.2616,64.91239999999999,29.421543739478466
1485,779.7,57.7,65.84,57.297799999999995,64.98320000000001,29.471963885032693
1486,779.72,57.78,65.89,57.335,65.0522,29.511277116213915
1487,779.74,57.86,65.905,57.375,65.118,29.55015854093606
1488,779.76,57.945,65.92,57.418,65.1802,29.59437909635308
1489,779.78,58.03,65.995,57.465599999999995,65.24119999999999,29.638601257312644
1490,779.8,57.995000000000005,66.07,57.513000000000005,65.3042,29.683038184130474
1491,779.82,57.96,66.145,57.55780000000001,65.3692,29.733243513325885
1492,779.84,58.019999999999996,66.22,57.6038,65.43520000000001,29.777680381524018
1493,779.86,58.08,66.32,57.64860000000001,65.50319999999999,29.82233120432345
1494,779.88,58.185,66.42,57.693999999999996,65.5736,29.86698234019514
1495,779.9,58.29,66.52000000000001,57.742200000000004,65.6464,29.911204915752133
1496,779.92,58.305,66.62,57.7896,65.7182,29.961196592392703
1497,779.94,58.32,66.64,57.835,65.7858,30.011615867035847
1498,779.96,58.405,66.66,57.8812,65.8522,30.050497954617757
1499,779.98,58.49,66.63499999999999,57.926399999999994,65.9156,30.088953796820434
1500,780.0,58.510000000000005,66.61,57.968,65.9752,30.13894601631619
1501,780.02,58.53,66.675,58.004400000000004,66.0346,30.189150440055002
1502,780.04,58.53,66.74,58.034800000000004,66.0942,30.239142609042474
1503,780.06,58.53,66.84,58.065799999999996,66.1554,30.289347099459263
1504,780.08,58.54,66.94,58.0978,66.2196,30.328442560002873
1505,780.1,58.55,66.945,58.1338,66.283,30.36711268494453
1506,780.12,58.545,66.95,58.17320000000001,66.34219999999999,30.41133900645137
1507,780.14,58.54,67.11,58.2076,66.4034,30.461542810170602
1508,780.16,58.64,67.27,58.241200000000006,66.4668,30.51195912518272
1509,780.18,58.74,67.31,58.280800000000006,66.5276,30.56195121379918
1510,780.2,58.775000000000006,67.35,58.3238,66.58800000000001,30.611521153621197
1511,780.22,58.81,67.395,58.365,66.6482,30.661514227870562
1512,780.24,58.85,67.44,58.4046,66.7096,30.706373636967033
1513,780.26,58.89,67.505,58.4424,66.773,30.750811553598183
1514,780.28,58.925,67.57,58.47820000000001,66.836,30.800804347330523
1515,780.3,58.96,67.615,58.516799999999996,66.8978,30.851008003398178
1516,780.32,59.015,67.66,58.559000000000005,66.9584,30.895657204028307
1517,780.34,59.07,67.725,58.60099999999999,67.01859999999999,30.94051921880058
1518,780.36,59.114999999999995,67.79,58.642399999999995,67.0774,30.9853833242871
1519,780.38,59.16,67.9,58.681400000000004,67.1366,31.02982013568171
1520,780.4,59.25,68.01,58.719800000000006,67.1962,31.07981168925917
1521,780.42,59.34,68.08000000000001,58.7612,67.2546,31.130231385790204
1522,780.44,59.43000000000001,68.15,58.805600000000005,67.315,31.168899261524817
1523,780.46,59.52,68.18,58.8502,67.3758,31.212699536259695
1524,780.48,59.475,68.21,58.8896,67.43879999999999,31.273591588398748
1525,780.5,59.43,68.28,58.9264,67.5056,31.329349557944955
1526,780.52,59.5,68.35,58.965199999999996,67.57260000000001,31.363099938877806
1527,780.54,59.57,68.425,59.00679999999999,67.64,31.402194753955705
1528,780.56,59.644999999999996,68.5,59.051399999999994,67.70639999999999,31.457741767075017
1529,780.58,59.72,68.60499999999999,59.0986,67.773,31.518632721748958
1530,780.6,59.705,68.71,59.144800000000004,67.8436,31.56862569496413
1531,780.62,59.69,68.63,59.190599999999996,67.9108,31.60793074407712
1532,780.64,59.735,68.55,59.2384,67.9684,31.652792626973728
1533,780.66,59.78,68.625,59.284,68.0226,31.702784644046897
1534,780.68,59.84,68.7,59.327999999999996,68.0782,31.746799316149882
1535,780.7,59.9,68.84,59.373000000000005,68.1378,31.79123748973279
1536,780.72,59.915,68.98,59.4172,68.2012,31.841652112031703
1537,780.74,59.93,69.045,59.4604,68.2654,31.897199406841214
1538,780.76,59.915,69.11,59.501400000000004,68.3296,31.95809124279305
1539,780.78,59.9,69.12,59.5404,68.3916,32.01363926697487
1540,780.8,59.980000000000004,69.13,59.58120000000001,68.4522,32.05828754458502
1541,780.82,60.06,69.16499999999999,59.623000000000005,68.5124,32.10870183315173
1542,780.84,60.095,69.2,59.66400000000001,68.5714,32.15890587008278
1543,780.86,60.13,69.31,59.7046,68.6322,32.20313251135395
1544,780.88,60.17,69.42,59.745,68.693,32.24757064990351
1545,780.9,60.21,69.44,59.7834,68.75019999999999,32.29798540944716
1546,780.92,60.32,69.46,59.8226,68.8054,32.34263491849416
1547,780.94,60.43,69.495,59.8626,68.8592,32.38686110246146
1548,780.96,60.510000000000005,69.53,59.9022,68.9132,32.43643395599179
1549,780.98,60.59,69.64500000000001,59.9468,68.97059999999999,32.486427510832144
1550,781.0,60.575,69.76,59.9926,69.0298,32.53683982902188
1551,781.02,60.56,69.785,60.035,69.0872,32.58704314347049
1552,781.04,60.515,69.81,60.07280000000001,69.1426,32.648356209390705
1553,781.06,60.47,69.875,60.10580000000001,69.19760000000001,32.70945859184819
1554,781.08,60.595,69.94,60.140800000000006,69.251,32.74834203432098
1555,781.1,60.72,69.955,60.1814,69.3008,32.78764702583498
1556,781.12,60.675,69.97,60.22080000000001,69.3544,32.843194347071076
1557,781.14,60.63,70.00999999999999,60.2566,69.4128,32.90387662283578
1558,781.16,60.615,70.05,60.29,69.46979999999999,32.95942500632039
1559,781.18,60.6,70.215,60.32040000000001,69.5304,33.01539211526026
1560,781.2,60.650000000000006,70.38,60.3504,69.592,33.071360972247135
1561,781.22,60.7,70.465,60.381800000000005,69.6514,33.12135368791805
1562,781.24,60.815,70.55,60.4172,69.7116,33.16558157530037
1563,781.26,60.93,70.55,60.4578,69.7692,33.21002004740437
1564,781.28,60.975,70.55,60.5008,69.8264,33.2602230542984
1565,781.3,61.02,70.625,60.5424,69.8862,33.31598108374257
1566,781.32,61.065,70.7,60.5826,69.94760000000001,33.36597414276005
1567,781.34,61.11,70.74000000000001,60.6232,70.0092,33.4213128125704
1568,781.36,61.175,70.78,60.665,70.068,33.47665308078165
1569,781.38,61.24,70.83500000000001,60.7078,70.1246,33.521092283372965
1570,781.4,61.285,70.89,60.7508,70.18260000000001,33.57129416654565
1571,781.42,61.33,71.045,60.791199999999996,70.24600000000001,33.63816090470524
1572,781.44,61.375,71.2,60.82899999999999,70.3142,33.69391807400082
1573,781.46,61.42,71.24000000000001,60.8654,70.3826,33.73856578379218
1574,781.48,61.45,71.28,60.899800000000006,70.44800000000001,33.78876858935163
1575,781.5,61.48,71.285,60.93600000000001,70.509,33.844316790374556
1576,781.52,61.519999999999996,71.29,60.9744,70.5692,33.90479658539656
1577,781.54,61.56,71.32,61.0162,70.6296,33.95458513940418
1578,781.56,61.605000000000004,71.35,61.0616,70.6886,33.99388248908456
1579,781.58,61.65,71.41,61.10379999999999,70.7474,34.0438770075639
1580,781.6,61.71,71.47,61.1434,70.808,34.09387165278969
1581,781.62,61.77,71.535,61.18719999999999,70.8706,34.144072774129256
1582,781.64,61.8,71.6,61.23400000000001,70.9342,34.199622331547594
1583,781.66,61.83,71.66999999999999,61.2826,70.999,34.25496636300821
1584,781.68,61.825,71.74,61.33160000000001,71.06,34.310311936056785
1585,781.7,61.82,71.82,61.3784,71.1176,34.36586262030988
1586,781.72,61.94,71.9,61.428000000000004,71.175,34.416062366267205
1587,781.74,62.06,71.945,61.477799999999995,71.2308,34.46605793741533
1588,781.76,62.120000000000005,71.99,61.5254,71.2884,34.52120267736813
1589,781.78,62.18,72.08,61.5736,71.3496,34.58210783641193
1590,781.8,62.254999999999995,72.17,61.623000000000005,71.4114,34.632305985253545
1591,781.82,62.33,72.2,61.67359999999999,71.47139999999999,34.676949224236616
1592,781.84,62.375,72.23,61.7242,71.53099999999999,34.73270303302533
1593,781.86,62.42,72.315,61.77400000000001,71.5924,34.794012177487325
1594,781.88,62.455,72.4,61.8226,71.655,34.844211282974356
1595,781.9,62.49,72.49000000000001,61.8708,71.71900000000001,34.89420730217424
1596,781.92,62.56,72.58,61.92,71.7804,34.949758573881006
1597,781.94,62.63,72.62,61.970200000000006,71.8372,34.99995756437504
1598,781.96,62.68,72.66,62.020599999999995,71.89399999999999,35.050156800594436
1599,781.98,62.73,72.68,62.071799999999996,71.95,35.10570783911129
1600,782.0,62.72,72.7,62.121399999999994,72.0066,35.16085473928706
1601,782.02,62.71,72.725,62.169,72.064,35.21620593791036
1602,782.04,62.725,72.75,62.215599999999995,72.1212,35.27155861322175
1603,782.06,62.74,72.81,62.260999999999996,72.1796,35.326714719063595
1604,782.08,62.875,72.87,62.31,72.238,35.37651593525049
1605,782.1,63.01,72.92,62.36200000000001,72.29599999999999,35.43207001608094
1606,782.12,63.03,72.97,62.412400000000005,72.35340000000001,35.487820676294945
1607,782.14,63.05,73.07,62.462399999999995,72.4122,35.53781931051181
1608,782.16,63.16,73.17,62.51559999999999,72.4722,35.58781805388244
1609,782.18,63.27,73.215,62.5734,72.53120000000001,35.638013218615
1610,782.2,63.24,73.26,62.6302,72.5888,35.693764020674934
1611,782.22,63.21,73.265,62.681,72.6434,35.7606257789193
1612,782.24,63.295,73.27,62.7304,72.6964,35.82153826787323
1613,782.26,63.38,73.36,62.780800000000006,72.75120000000001,35.87114632328316
1614,782.28,63.415000000000006,73.45,62.830200000000005,72.806,35.921145788072906
1615,782.3,63.45,73.55000000000001,62.878,72.86120000000001,35.971145358890105
1616,782.32,63.540000000000006,73.65,62.9264,72.9192,36.02075865146266
1617,782.34,63.63,73.775,62.9766,72.98100000000001,36.08742576489944
1618,782.36,63.725,73.9,63.028800000000004,73.04440000000001,36.154865717572854
1619,782.38,63.82,73.885,63.083400000000005,73.1038,36.20525513592273
1620,782.4,63.84,73.87,63.1374,73.15899999999999,36.24375383765653
1621,782.42,63.86,73.78999999999999,63.189400000000006,73.20739999999999,36.28225616516103
1622,782.44,63.885,73.71,63.2396,73.251,36.33168289822592
1623,782.46,63.91,73.82,63.2888,73.2974,36.397784782545656
1624,782.48,63.97,73.93,63.3384,73.3474,36.458898507427925
1625,782.5,64.03,74.08500000000001,63.3908,73.4028,36.50353253080193
1626,782.52,64.15,74.24,63.4484,73.46340000000001,36.548166851003735
1627,782.54,64.27,74.28999999999999,63.510200000000005,73.525,36.60928030564861
1628,782.56,64.28,74.34,63.5718,73.5862,36.6700197655201
1629,782.58,64.29,74.32,63.6284,73.6442,36.714095570645995
1630,782.6,64.29,74.3,63.6796,73.69940000000001,36.76409881478919
1631,782.62,64.29,74.41,63.73,73.757,36.830954525223824
1632,782.64,64.325,74.52,63.781000000000006,73.815,36.89744125389531
1633,782.66,64.36,74.57,63.82900000000001,73.87100000000001,36.952634880383584
1634,782.68,64.475,74.62,63.877199999999995,73.9272,36.9913452511151
1635,782.7,64.59,74.64500000000001,63.93120000000001,73.98259999999999,37.03579368953398
1636,782.72,64.695,74.67,63.9906,74.0388,37.091173730552626
1637,782.74,64.8,74.755,64.0508,74.0982,37.15193224434614
1638,782.76,64.86500000000001,74.84,64.11019999999999,74.1574,37.20749392725563
1639,782.78,64.93,74.89500000000001,64.1708,74.21520000000001,37.25194335058863
1640,782.8,64.99000000000001,74.95,64.2324,74.2712,37.29603826116671
1641,782.82,65.05,74.975,64.2928,74.3242,37.35124934336512
1642,782.84,65.18,75.0,64.35480000000001,74.3732,37.40681245575246
1643,782.86,65.31,75.09,64.4182,74.4208,37.456994222105955
1644,782.88,65.35,75.18,64.4794,74.4726,37.50717626314888
1645,782.9,65.39,75.26,64.54140000000001,74.5282,37.56273914287182
1646,782.92,65.38,75.34,64.6022,74.59020000000001,37.618127339173114
1647,782.94,65.37,75.36,64.66159999999999,74.6562,37.673690680691706
1648,782.96,65.4,75.38,64.72120000000001,74.71860000000001,37.72908050696956
1649,782.98,65.43,75.455,64.77960000000002,74.7796,37.784299547629146
1650,783.0,65.49000000000001,75.53,64.83800000000001,74.8374,37.84542039574569
1651,783.02,65.55,75.53999999999999,64.894,74.8894,37.906541360804475
1652,783.04,65.705,75.55,64.9514,74.9398,37.95065241090051
1653,783.06,65.86,75.63499999999999,65.0146,74.9916,37.99476692332525
1654,783.08,65.91,75.72,65.0794,75.04759999999999,38.04983184931448
1655,783.1,65.96,75.765,65.1462,75.1062,38.10506827432408
1656,783.12,65.945,75.81,65.2124,75.1622,38.160799939684416
1657,783.14,65.93,75.855,65.2766,75.2156,38.216366940356984
1658,783.16,66.045,75.9,65.34400000000001,75.2688,38.26049308519802
1659,783.18,66.16,75.93,65.4114,75.3212,38.30462262985833
1660,783.2,66.19999999999999,75.96,65.47579999999999,75.3738,38.35986929695437
1661,783.22,66.24,76.03,65.5376,75.4282,38.42083536559263
1662,783.24,66.3,76.1,65.5976,75.482,38.47656371279304
1663,783.26,66.36,76.195,65.6574,75.5362,38.53229232422639
1664,783.28,66.375,76.29,65.71520000000001,75.592,38.58802119949424
1665,783.3,66.39,76.39500000000001,65.7712,75.6498,38.64358980185777
1666,783.32,66.505,76.5,65.8294,75.7108,38.69883979639134
1667,783.34,66.62,76.56,65.887,75.7732,38.74869391313255
1668,783.36,66.725,76.62,65.9436,75.8344,38.78759257227551
1669,783.38,66.83,76.635,66.0028,75.8926,38.82633404272897
1670,783.4,66.85499999999999,76.65,66.0614,75.9482,38.876034771766165
1671,783.42,66.88,76.63,66.1214,75.9998,38.93685308012271
1672,783.44,66.88,76.61,66.18180000000001,76.0498,38.99798107681929
1673,783.46,66.88,76.695,66.241,76.1024,39.05355206318482
1674,783.48,67.00999999999999,76.78,66.3042,76.1554,39.103260752706696
1675,783.5,67.14,76.83500000000001,66.3702,76.2076,39.147566486957935
1676,783.52,67.205,76.89,66.43639999999999,76.2616,39.192023949303454
1677,783.54,67.27,76.92,66.499,76.31639999999999,39.24744534983573
1678,783.56,67.265,76.95,66.5552,76.369,39.30301752813149
1679,783.58,67.26,76.97,66.6092,76.41900000000001,39.353182639483876
1680,783.6,67.28,76.99,66.66199999999999,76.468,39.408604863911584
1681,783.62,67.3,77.125,66.7162,76.5206,39.46943708030151
1682,783.64,67.32499999999999,77.26,66.77199999999999,76.5768,39.530567252567906
1683,783.66,67.35,77.28999999999999,66.82419999999999,76.6324,39.58614020879218
1684,783.68,67.38499999999999,77.32,66.8732,76.68799999999999,39.63030492015478
1685,783.7,67.42,77.4,66.922,76.74560000000001,39.68017532824884
1686,783.72,67.475,77.48,66.97139999999999,76.8036,39.735459896615765
1687,783.74,67.53,77.53,67.0206,76.8608,39.78504812621297
1688,783.76,67.61,77.58,67.0706,76.9162,39.835065516518405
1689,783.78,67.69,77.62,67.1232,76.96940000000001,39.89619795236552
1690,783.8,67.735,77.66,67.17699999999999,77.02,39.95163193747481
1691,783.82,67.78,77.735,67.228,77.0694,40.00150944669827
1692,783.84,67.83,77.81,67.2764,77.1194,40.05694554762648
1693,783.86,67.88,77.78999999999999,67.32260000000001,77.1662,40.10696373747482
1694,783.88,67.97,77.77,67.3682,77.2116,40.15128592102036
1695,783.9,68.06,77.765,67.4164,77.25619999999999,40.206587272132374
1696,783.92,68.11,77.76,67.4656,77.3014,40.26772142643389
1697,783.94,68.16,77.95,67.51679999999999,77.355,40.32885565064771
1698,783.96,68.255,78.14,67.5718,77.4128,40.38429644665208
1699,783.98,68.35,78.18,67.6254,77.4688,40.43418057712698
1700,784.0,68.405,78.22,67.67599999999999,77.52420000000001,40.47837428646193
1701,784.02,68.46,78.27,67.7262,77.57939999999999,40.51714560414278
1702,784.04,68.55,78.32,67.7774,77.6354,40.56160779249851
1703,784.06,68.64,78.35499999999999,67.83239999999999,77.6916,40.617053570921016
1704,784.08,68.65,78.39,67.88799999999999,77.7484,40.67250037269754
1705,784.1,68.66,78.39,67.94319999999999,77.8044,40.72807862326237
1706,784.12,68.645,78.39,67.997,77.855,40.789084524646654
1707,784.14,68.63,78.44,68.04919999999998,77.90220000000001,40.84996265747406
1708,784.16,68.66,78.49,68.1016,77.95020000000001,40.899855640688635
1709,784.18,68.69,78.57,68.1538,78.0002,40.94974958220701
1710,784.2,68.69999999999999,78.65,68.205,78.05019999999999,41.01076039308462
1711,784.22,68.71,78.77000000000001,68.25439999999999,78.1018,41.07177224238239
1712,784.24,68.78,78.89,68.3044,78.1562,41.121544757902825
1713,784.26,68.85,78.905,68.354,78.2092,41.171443332397565
1714,784.28,68.9,78.92,68.4024,78.2612,41.22146570563382
1715,784.3,68.95,78.92500000000001,68.451,78.31179999999999,41.2713654043048
1716,784.32,69.07,78.93,68.5026,78.3596,41.32126603574232
1717,784.34,69.19,78.905,68.557,78.4034,41.371167597630674
1718,784.36,69.305,78.88,68.61399999999999,78.447,41.42119056020639
1719,784.38,69.42,79.00999999999999,68.672,78.4966,41.47121355732133
1720,784.4,69.33,79.14,68.72279999999999,78.5516,41.52679470775183
1721,784.42,69.24,79.2,68.768,78.6092,41.59361271568859
1722,784.44,69.365,79.26,68.8162,78.66159999999999,41.649193800295116
1723,784.46,69.49,79.32,68.8656,78.7088,41.693538419408924
1724,784.48,69.615,79.38,68.9162,78.7568,41.73776494835307
1725,784.5,69.74,79.41499999999999,68.9696,78.8046,41.787552581833395
1726,784.52,69.77,79.45,69.02199999999999,78.8518,41.84290141570757
1727,784.54,69.8,79.43,69.072,78.8962,41.89825327188428
1728,784.56,69.91499999999999,79.41,69.12299999999999,78.9384,41.94816348268475
1729,784.58,70.03,79.505,69.1782,78.983,41.99262980638483
1730,784.6,70.12,79.6,69.2366,79.0314,42.03698274765015
1731,784.62,70.21,79.715,69.2992,79.0844,42.08122443011383
1732,784.64,70.215,79.83,69.3626,79.14,42.1254689617828
1733,784.66,70.22,79.765,69.425,79.19099999999999,42.180833148093825
1734,784.68,70.295,79.7,69.4892,79.2362,42.236308474453146
1735,784.7,70.37,79.74000000000001,69.556,79.27980000000001,42.286226264369404
1736,784.72,70.41499999999999,79.78,69.6242,79.3202,42.33058646212743
1737,784.74,70.46,79.85,69.69139999999999,79.35860000000001,42.38050596783785
1738,784.76,70.465,79.92,69.756,79.39920000000001,42.441543322944746
1739,784.78,70.47,79.995,69.8188,79.4422,42.49723405003562
1740,784.8,70.545,80.07,69.8826,79.488,42.54736664217844
1741,784.82,70.62,80.115,69.9446,79.5354,42.59172831891465
1742,784.84,70.67500000000001,80.16,70.004,79.5856,42.63053231325204
1743,784.86,70.73,80.22,70.061,79.63919999999999,42.68601266070526
1744,784.88,70.81,80.28,70.1166,79.69,42.747052431405784
1745,784.9,70.89,80.28999999999999,70.179,79.736,42.80263783803634
1746,784.92,70.935,80.3,70.24680000000001,79.78,42.85256157296685
1747,784.94,70.98,80.28999999999999,70.3114,79.8212,42.896825679192624
1748,784.96,71.0,80.28,70.37180000000001,79.8596,42.946751775958184
1749,784.98,71.02,80.3,70.428,79.8964,42.99112008968823
1750,785.0,71.09,80.32,70.482,79.93260000000001,43.02993057145897
1751,785.02,71.16,80.41499999999999,70.5376,79.9712,43.085516920796415
1752,785.04,71.19999999999999,80.51,70.5936,80.01440000000001,43.13554465921438
1753,785.06,71.24,80.53999999999999,70.64659999999999,80.0596,43.179914845427604
1754,785.08,71.31,80.57,70.6978,80.1022,43.235403163301065
1755,785.1,71.38,80.60499999999999,70.7482,80.1424,43.28533364962752
1756,785.12,71.535,80.64,70.8012,80.1794,43.324147556779636
1757,785.14,71.69,80.71000000000001,70.86019999999999,80.21459999999999,43.3740796481242
1758,785.16,71.72999999999999,80.78,70.9206,80.2552,43.42401255258324
1759,785.18,71.77,80.83,70.97959999999999,80.3004,43.46292365586985
1760,785.2,71.75999999999999,80.88,71.03519999999999,80.34599999999999,43.50739350391943
1761,785.22,71.75,80.875,71.0886,80.3898,43.56288618199177
1762,785.24,71.69,80.87,71.1378,80.4306,43.62393845648917
1763,785.26,71.63,80.875,71.18440000000001,80.4688,43.679432814964464
1764,785.28,71.64,80.88,71.2312,80.5042,43.72936921258975
1765,785.3,71.65,80.895,71.2754,80.5372,43.779306407259554
1766,785.32,71.83000000000001,80.91,71.3238,80.569,43.81803604972291
1767,785.34,72.01,80.955,71.37719999999999,80.60079999999999,43.856768284406314
1768,785.36,72.14500000000001,81.0,71.43379999999999,80.632,43.90115026659233
1769,785.38,72.28,81.03,71.4926,80.66199999999999,43.95109188472808
1770,785.4,72.315,81.06,71.5496,80.69279999999999,44.00094732585104
1771,785.42,72.35,81.075,71.6062,80.7238,44.05089116450994
1772,785.44,72.38499999999999,81.09,71.66239999999999,80.7558,44.10092141565406
1773,785.46,72.42,81.13,71.71919999999999,80.7898,44.13974828232538
1774,785.48,72.525,81.17,71.7794,80.8246,44.17310186541466
1775,785.5,72.63,81.275,71.841,80.86280000000001,44.217573321117676
1776,785.52,72.71000000000001,81.38,71.90299999999999,80.9014,44.261960024080466
1777,785.54,72.79,81.35499999999999,71.9666,80.9352,44.306431591711885
1778,785.56,72.82,81.33,72.02980000000001,80.96679999999999,44.3564621196842
1779,785.58,72.85,81.39,72.0914,80.9996,44.4064087307076
1780,785.6,72.87,81.45,72.15100000000001,81.0334,44.456356104418184
1781,785.62,72.89,81.44,72.20519999999999,81.06540000000001,44.50074525238746
1782,785.64,72.935,81.43,72.255,81.0942,44.53401714065795
1783,785.66,72.98,81.48500000000001,72.305,81.1224,44.57840772912832
1784,785.68,73.05000000000001,81.54,72.3562,81.1508,44.63391708610492
1785,785.7,73.12,81.59,72.4106,81.1792,44.68386818431677
1786,785.72,73.155,81.64,72.4668,81.2098,44.728260987523385
1787,785.74,73.19,81.57,72.52680000000001,81.2378,44.7726545136126
1788,785.76,73.22999999999999,81.5,72.5908,81.2628,44.81148969366082
1789,785.78,73.27,81.675,72.656,81.2946,44.85032557017498
1790,785.8,73.315,81.85,72.7226,81.3328,44.90035725667614
1791,785.82,73.36,81.865,72.7838,81.37100000000001,44.95054432346225
1792,785.84,73.45,81.88,72.84140000000001,81.408,44.99501680381494
1793,785.86,73.54,81.83500000000001,72.8972,81.4414,45.03933423426604
1794,785.88,73.625,81.79,72.95100000000001,81.4718,45.078171167077365
1795,785.9,73.71,81.665,73.0068,81.496,45.11700878924299
1796,785.92,73.745,81.54,73.06259999999999,81.5146,45.16140621047972
1797,785.94,73.78,81.57,73.11840000000001,81.5338,45.205804338608374
1798,785.96,73.84,81.6,73.1752,81.5526,45.24464403786187
1799,785.98,73.9,81.63,73.23020000000001,81.571,45.28348441811346
1800,786.0,74.005,81.66,73.2852,81.5864,45.31683928188969
1801,786.02,74.11,81.74,73.34120000000001,81.60079999999999,45.35019415062905
1802,786.04,74.185,81.82,73.397,81.6194,45.394522199348316
1803,786.06,74.26,81.905,73.4546,81.64240000000001,45.44455468343154
1804,786.08,74.35,81.99,73.5146,81.66640000000001,45.48361367994821
1805,786.1,74.44,82.005,73.5774,81.6886,45.516968575450065
1806,786.12,74.44,82.02,73.63940000000001,81.7118,45.55588262630347
1807,786.14,74.44,82.11,73.6996,81.739,45.60598802567342
1808,786.16,74.4,82.2,73.7564,81.76759999999999,45.66150651574151
1809,786.18,74.36,82.25999999999999,73.80879999999999,81.79639999999999,45.70583561876157
1810,786.2,74.435,82.32,73.8614,81.82560000000001,45.739190654122275
1811,786.22,74.51,82.255,73.9156,81.8502,45.778104868567894
1812,786.24,74.53999999999999,82.19,73.9696,81.875,45.822507193252484
1813,786.26,74.57,82.16,74.0232,81.9014,45.8613510124137
1814,786.28,74.57499999999999,82.13,74.0754,81.9196,45.89463629340994
1815,786.3,74.58,82.145,74.12599999999999,81.9314,45.92792222053704
1816,786.32,74.695,82.16,74.1794,81.94319999999999,45.9721914808877
1817,786.34,74.81,82.245,74.2338,81.9578,46.016531914568034
1818,786.36,74.97,82.33,74.291,81.9776,46.03883536660252
1819,786.38,75.13,82.405,74.3512,82.00219999999999,46.06663160261538
1820,786.4,75.19,82.48,74.4104,82.03479999999999,46.1055463385351
1821,786.42,75.25,82.52000000000001,74.4706,82.074,46.150087139102325
1822,786.44,75.25999999999999,82.56,74.5298,82.11359999999999,46.194628355065134
1823,786.46,75.27,82.565,74.587,82.1522,46.22798376265625
1824,786.48,75.25999999999999,82.57,74.64139999999999,82.18979999999999,46.26127198999575
1825,786.5,75.25,82.61,74.6912,82.2278,46.30012010468781
1826,786.52,75.25,82.65,74.7368,82.2642,46.350153382369996
1827,786.54,75.25,82.61,74.7794,82.2958,46.405745924562055
1828,786.56,75.38499999999999,82.57,74.8244,82.3224,46.43903559491535
1829,786.58,75.52,82.57499999999999,74.8712,82.3458,46.46689773468236
1830,786.6,75.6,82.58,74.9176,82.3688,46.505878828980904
1831,786.62,75.68,82.64,74.96719999999999,82.3936,46.53916807367664
1832,786.64,75.70500000000001,82.7,75.01780000000001,82.4172,46.57239280893372
1833,786.66,75.73,82.73,75.071,82.4384,46.61673844020557
1834,786.68,75.80000000000001,82.76,75.1286,82.4584,46.655653474206616
1835,786.7,75.87,82.695,75.18599999999999,82.4734,46.68900922170389
1836,786.72,75.83000000000001,82.63,75.2388,82.4884,46.727798127247134
1837,786.74,75.79,82.72999999999999,75.2888,82.51,46.76115397314635
1838,786.76,75.89500000000001,82.83,75.3418,82.5368,46.78351719424834
1839,786.78,76.0,82.765,75.3988,82.56219999999999,46.811313662454225
1840,786.8,76.035,82.7,75.45700000000001,82.5844,46.85022872255667
1841,786.82,76.07,82.82,75.512,82.6108,46.89476672069473
1842,786.84,76.175,82.94,75.5666,82.63860000000001,46.93374585081797
1843,786.86,76.28,83.00999999999999,75.619,82.6658,46.967101539872296
1844,786.88,76.28,83.08,75.665,82.69279999999999,46.99483392213097
1845,786.9,76.28,83.08,75.70859999999999,82.7168,47.02825364657858
1846,786.92,76.3,83.08,75.75059999999999,82.7392,47.07279236280027
1847,786.94,76.32,83.095,75.793,82.7606,47.12276147442666
1848,786.96,76.395,83.11,75.83800000000001,82.7824,47.16717196259522
1849,786.98,76.47,83.16499999999999,75.88640000000001,82.80619999999999,47.20059147339753
1850,787.0,76.5,83.22,75.9364,82.83059999999999,47.2339471938709
1851,787.02,76.53,83.225,75.9876,82.8536,47.27279855453541
1852,787.04,76.575,83.23,76.0406,82.8784,47.31177722349902
1853,787.06,76.62,83.19,76.09,82.9032,47.34513295693008
1854,787.08,76.695,83.15,76.137,82.92620000000001,47.37286588697549
1855,787.1,76.77,83.195,76.1838,82.9508,47.40066237455663
1856,787.12,76.785,83.24,76.22800000000001,82.9748,47.43401816255648
1857,787.14,76.8,83.275,76.2718,82.99780000000001,47.47293325429285
1858,787.16,76.83,83.31,76.31580000000001,83.021,47.50628905083006
1859,787.18,76.86,83.275,76.3582,83.0416,47.5340227696928
1860,787.2,76.92,83.24,76.4002,83.0634,47.56169538219159
1861,787.22,76.98,83.255,76.4462,83.08840000000001,47.59505131989426
1862,787.24,77.08000000000001,83.27,76.4978,83.11,47.628531013863274
1863,787.26,77.18,83.35499999999999,76.5492,83.131,47.66744618193452
1864,787.28,77.22,83.44,76.598,83.15799999999999,47.70636135463882
1865,787.3,77.26,83.5,76.64699999999999,83.19,47.739842760261325
1866,787.32,77.26,83.56,76.6946,83.21959999999999,47.77332606821312
1867,787.34,77.26,83.49000000000001,76.738,83.2416,47.80118698461478
1868,787.36,77.225,83.42,76.7758,83.25800000000001,47.83447818250217
1869,787.38,77.19,83.445,76.8122,83.2726,47.867706614109245
1870,787.4,77.255,83.47,76.8512,83.2882,47.89550311063275
1871,787.42,77.32,83.495,76.89200000000001,83.3048,47.934545307392014
1872,787.44,77.36,83.52,76.9336,83.3218,47.97352458030406
1873,787.46,77.4,83.49,76.9738,83.33699999999999,48.001256743005186
1874,787.48,77.515,83.46,77.01559999999999,83.3488,48.02343020296868
1875,787.5,77.63,83.495,77.0608,83.35979999999999,48.05129032990367
1876,787.52,77.735,83.53,77.109,83.37200000000001,48.079150900501126
1877,787.54,77.84,83.545,77.1596,83.38459999999999,48.11244250296159
1878,787.56,77.85,83.56,77.2088,83.3994,48.15123100506219
1879,787.58,77.86,83.63499999999999,77.2554,83.4188,48.179027528555956
1880,787.6,77.91,83.71,77.301,83.43939999999999,48.20139114141427
1881,787.62,77.96,83.735,77.348,83.4592,48.2292515267057
1882,787.64,77.97999999999999,83.76,77.3952,83.4786,48.25711235444732
1883,787.66,78.0,83.68,77.442,83.49340000000001,48.29046801814103
1884,787.68,78.015,83.6,77.48819999999999,83.5064,48.32931865455196
1885,787.7,78.03,83.695,77.53259999999999,83.52459999999999,48.3571793578586
1886,787.72,77.985,83.79,77.5728,83.54599999999999,48.37948122957303
1887,787.74,77.94,83.83000000000001,77.6072,83.5684,48.412772152437995
1888,787.76,78.045,83.87,77.64179999999999,83.589,48.446127835253066
1889,787.78,78.15,83.89,77.679,83.60700000000001,48.46849474278787
1890,787.8,78.13,83.91,77.71379999999999,83.6234,48.48517254209173
1891,787.82,78.11,83.87,77.7478,83.6358,48.50734451393469
1892,787.84,78.195,83.83,77.78519999999999,83.6494,48.54076521333547
1893,787.86,78.28,83.77,77.8274,83.6634,48.579811614809216
1894,787.88,78.38,83.71,77.875,83.67399999999999,48.60767437297677
1895,787.9,78.48,83.76499999999999,77.924,83.6858,48.63540415474344
1896,787.92,78.555,83.82,77.9734,83.69879999999999,48.663134524111484
1897,787.94,78.63,83.85499999999999,78.02420000000001,83.7122,48.67987819421773
1898,787.96,78.755,83.89,78.07839999999999,83.7282,48.69662232862677
1899,787.98,78.88,83.905,78.133,83.74600000000001,48.71879298476003
1900,788.0,78.91,83.92,78.1842,83.76299999999999,48.74652347491361
1901,788.02,78.94,83.955,78.2324,83.78,48.780011064124146
1902,788.04,78.985,83.99,78.2782,83.7978,48.8080090092947
1903,788.06,79.03,84.03999999999999,78.3254,83.81700000000001,48.83580514780176
1904,788.08,79.03,84.09,78.3722,83.8352,48.8691605184732
1905,788.1,79.03,84.125,78.417,83.8518,48.891534200539354
1906,788.12,78.95,84.16,78.4566,83.86880000000001,48.913909784296344
1907,788.14,78.87,84.175,78.4922,83.8854,48.94726497717131
1908,788.16,78.885,84.19,78.5276,83.9058,48.980481634567774
1909,788.18,78.9,84.13499999999999,78.563,83.9272,49.013836930299796
1910,788.2,78.9,84.08,78.5978,83.9426,49.04170194420399
1911,788.22,78.9,84.09,78.6344,83.95459999999999,49.05837957223063
1912,788.24,78.95500000000001,84.1,78.675,83.9654,49.08054753473295
1913,788.26,79.01,84.085,78.7136,83.97399999999999,49.108343625534516
1914,788.28,79.11500000000001,84.07,78.7522,83.9812,49.12515941296989
1915,788.3,79.22,84.13999999999999,78.79580000000001,83.9904,49.14739622663824
1916,788.32,79.27,84.21,78.8422,84.00399999999999,49.175192245867
1917,788.34,79.32,84.215,78.8872,84.01939999999999,49.20312819500839
1918,788.36,79.44,84.22,78.93360000000001,84.03739999999999,49.225364952323595
1919,788.38,79.56,84.245,78.9808,84.05879999999999,49.247601711333346
1920,788.4,79.545,84.27,79.0234,84.079,49.275397662737326
1921,788.42,79.53,84.27,79.06240000000001,84.097,49.297564345946675
1922,788.44,79.565,84.27,79.0998,84.1136,49.319871192087255
1923,788.46,79.6,84.255,79.1336,84.12819999999999,49.34224949926491
1924,788.48,79.645,84.24,79.1642,84.1416,49.35907052702599
1925,788.5,79.69,84.255,79.1954,84.155,49.38130717007563
1926,788.52,79.72999999999999,84.27,79.227,84.16760000000001,49.40903104908787
1927,788.54,79.77,84.25999999999999,79.2584,84.1784,49.4368987860389
1928,788.56,79.89,84.25,79.2928,84.1868,49.453721500537895
1929,788.58,80.01,84.25,79.332,84.19319999999999,49.45935400338083
1930,788.6,80.075,84.25,79.3738,84.1982,49.47595808690093
1931,788.62,80.14,84.225,79.4214,84.2008,49.50375382308946
1932,788.64,80.15,84.2,79.4726,84.2018,49.52613742883979
1933,788.66,80.16,84.265,79.5236,84.20479999999999,49.54852290472516
1934,788.68,80.13499999999999,84.33,79.57300000000001,84.21260000000001,49.5707593678654
1935,788.7,80.11,84.465,79.6214,84.228,49.592995833267764
1936,788.72,80.205,84.6,79.67360000000001,84.2484,49.615383043936326
1937,788.74,80.3,84.625,79.7274,84.2694,49.63213644062955
1938,788.76,80.4,84.65,79.78299999999999,84.29199999999999,49.64333120212278
1939,788.78,80.5,84.64500000000001,79.83840000000001,84.315,49.665722118857964
1940,788.8,80.565,84.64,79.89219999999999,84.335,49.6880363912268
1941,788.82,80.63,84.5,79.9466,84.3466,49.69351745674015
1942,788.84,80.63,84.36,79.999,84.3524,49.70455811430363
1943,788.86,80.63,84.345,80.0466,84.3574,49.72687186733003
1944,788.88,80.66999999999999,84.33,80.091,84.3608,49.74918605125762
1945,788.9,80.71,84.425,80.13759999999999,84.367,49.77142229572765
1946,788.92,80.74,84.52,80.18599999999999,84.37700000000001,49.788177824078296
1947,788.94,80.77,84.57499999999999,80.23419999999999,84.3892,49.805013109664486
1948,788.96,80.765,84.63,80.2808,84.4042,49.82724925474936
1949,788.98,80.76,84.735,80.3254,84.42399999999999,49.84948540164105
1950,789.0,80.805,84.84,80.37,84.4474,49.87172155179105
1951,789.02,80.85,84.87,80.4148,84.47139999999999,49.893957704488706
1952,789.04,80.94999999999999,84.9,80.462,84.49700000000001,49.91071446000109
1953,789.06,81.05,84.775,80.5084,84.51800000000001,49.92183252073056
1954,789.08,81.07499999999999,84.65,80.551,84.53399999999999,49.93295058207748
1955,789.1,81.1,84.58500000000001,80.592,84.5474,49.94954809753644
1956,789.12,81.16499999999999,84.52,80.633,84.5592,49.96614616270436
1957,789.14,81.23,84.53,80.6762,84.5724,49.9884613810432
1958,789.16,81.325,84.54,80.72279999999999,84.5834,50.0051385058794
1959,789.18,81.42,84.68,80.77420000000001,84.5974,50.016256588998836
1960,789.2,81.47,84.82,80.8286,84.6116,50.03301316096395
1961,789.22,81.52,84.84,80.88119999999999,84.6212,50.04977017572361
1962,789.24,81.50999999999999,84.86,80.9296,84.6306,50.066608508342505
1963,789.26,81.5,84.85,80.97359999999999,84.63860000000001,50.083366875911445
1964,789.28,81.46000000000001,84.84,81.01199999999999,84.6464,50.10560287413853
1965,789.3,81.42,84.9,81.0462,84.6568,50.127920639721275
1966,789.32,81.44,84.96,81.0786,84.6752,50.14467984643014
1967,789.34,81.46,84.94,81.1118,84.6984,50.16127459190143
1968,789.36,81.435,84.92,81.14399999999999,84.72139999999999,50.177869886593044
1969,789.38,81.41,84.85,81.17360000000001,84.7422,50.194628549389975
1970,789.4,81.515,84.78,81.2058,84.75640000000001,50.205828668412636
1971,789.42,81.62,84.78,81.241,84.7668,50.21138765343121
1972,789.44,81.625,84.78,81.2752,84.775,50.22242351967955
1973,789.46,81.63,84.875,81.3098,84.78479999999999,50.239018918890245
1974,789.48,81.66499999999999,84.97,81.34599999999999,84.7942,50.25569593111517
1975,789.5,81.7,85.005,81.3818,84.8008,50.272454474838995
1976,789.52,81.775,85.04,81.4188,84.80760000000001,50.28357246669558
1977,789.54,81.85,85.065,81.45479999999999,84.8142,50.30572697711761
1978,789.56,81.85,85.09,81.48679999999999,84.8268,50.333603438575
1979,789.58,81.85,85.16,81.5178,84.84719999999999,50.350444715396435
1980,789.6,81.88,85.23,81.54899999999999,84.87299999999999,50.361728889027574
1981,789.62,81.91,85.21000000000001,81.5788,84.9006,50.372930639618296
1982,789.64,81.945,85.19,81.6074,84.927,50.38952370141989
1983,789.66,81.98,85.16499999999999,81.6336,84.95200000000001,50.40611731174766
1984,789.68,82.045,85.14,81.65859999999999,84.97039999999998,50.417235257839195
1985,789.7,82.11,85.18,81.6842,84.98479999999999,50.428436446161236
1986,789.72,82.17,85.22,81.7102,85.0,50.43963808940243
1987,789.74,82.23,85.2,81.73899999999999,85.01360000000001,50.45075600074136
1988,789.76,82.25,85.18,81.76899999999999,85.02680000000001,50.46187391211285
1989,789.78,82.27,85.215,81.8014,85.04180000000001,50.47863492129371
1990,789.8,82.275,85.25,81.8356,85.0558,50.500955305242385
1991,789.82,82.28,85.22,81.8692,85.06620000000001,50.51771717778315
1992,789.84,82.25,85.19,81.9008,85.07620000000001,50.52892056494897
1993,789.86,82.22,85.21000000000001,81.9322,85.08779999999999,50.54003840728643
1994,789.88,82.27,85.23,81.9666,85.103,50.55107076020216
1995,789.9,82.32,85.235,81.99879999999999,85.1212,50.56218862170065
1996,789.92,82.375,85.24,82.029,85.13960000000002,50.57347787834723
1997,789.94,82.43,85.255,82.06119999999999,85.1586,50.590327912276855
1998,789.96,82.41,85.27,82.0924,85.1744,50.61256348983039
1999,789.98,82.39,85.34,82.1214,85.1892,50.62915335031035
2000,790.0,82.445,85.41,82.15119999999999,85.2054,50.63479907200338
2001,790.02,82.5,85.365,82.1802,85.2184,50.6460919243466
2002,790.04,82.475,85.32,82.2052,85.2286,50.66285678977347
2003,790.06,82.45,85.345,82.2292,85.2388,50.67962208808562
2004,790.08,82.41499999999999,85.37,82.2518,85.24719999999999,50.70185752361679
2005,790.1,82.38,85.375,82.2718,85.25299999999999,50.72400434653604
2006,790.12,82.525,85.38,82.29639999999999,85.2598,50.7352106836709
2007,790.14,82.67,85.425,82.3254,85.2692,50.740948182729134
2008,790.16,82.73,85.47,82.3554,85.28139999999999,50.74650702429494
2009,790.18,82.79,85.485,82.3852,85.29520000000001,50.75206586570532
2010,790.2,82.845,85.5,82.41460000000001,85.30799999999999,50.7578052381694
2011,790.22,82.9,85.495,82.4438,85.319,50.76910532414453
2012,790.24,82.87,85.49,82.46940000000001,85.33059999999999,50.78596606329082
2013,790.26,82.84,85.455,82.493,85.3416,50.79717650635163
2014,790.28,82.92500000000001,85.42,82.5192,85.3498,50.813759980934506
2015,790.3,83.01,85.475,82.5486,85.35880000000002,50.841553902147325
2016,790.32,83.045,85.53,82.5792,85.37119999999999,50.85285751014533
2017,790.34,83.08,85.535,82.6124,85.38499999999998,50.85304549509639
2018,790.36,83.11500000000001,85.54,82.6482,85.39820000000002,50.85869895207344
2019,790.38,83.15,85.535,82.6834,85.41040000000001,50.869911600010084
2020,790.4,83.16,85.53,82.71700000000001,85.42219999999999,50.88122082311784
2021,790.42,83.17,85.555,82.74879999999999,85.4348,50.89243482723504
2022,790.44,83.14,85.58,82.7772,85.4478,50.90901434566981
2023,790.46,83.11,85.61,82.8052,85.46140000000001,50.92013175691433
2024,790.48,83.215,85.64,82.8382,85.4734,50.925690463254185
2025,790.5,83.32,85.63,82.8732,85.4822,50.942366580829805
2026,790.52,83.3,85.62,82.90520000000001,85.4924,50.964794812226735
2027,790.54,83.28,85.555,82.9374,85.50179999999999,50.97610748947837
2028,790.56,83.28999999999999,85.49,82.971,85.5076,50.98176452470487
2029,790.58,83.3,85.60499999999999,83.00640000000001,85.51700000000001,50.9929806695319
2030,790.6,83.32,85.72,83.044,85.5308,51.004097958974
2031,790.62,83.34,85.72999999999999,83.0766,85.5448,51.020773895414514
2032,790.64,83.38,85.74,83.105,85.5574,51.04300848026951
2033,790.66,83.42,85.655,83.1326,85.56479999999999,51.04856712793155
2034,790.68,83.455,85.57,83.1592,85.56819999999999,51.04320741096587
2035,790.7,83.49,85.60499999999999,83.185,85.5724,51.05452548685892
2036,790.72,83.47999999999999,85.64,83.20819999999999,85.5782,51.07120129961046
2037,790.74,83.47,85.66,83.23219999999999,85.585,51.07665929379017
2038,790.76,83.37,85.68,83.2534,85.594,51.08777652570948
2039,790.78,83.27,85.695,83.26719999999999,85.605,51.1046539728018
2040,790.8,83.33500000000001,85.71,83.28020000000001,85.61439999999999,51.11587266655313
2041,790.82,83.4,85.66,83.29439999999998,85.6196,51.13254842116129
2042,790.84,83.49000000000001,85.61,83.3108,85.6226,51.149428504421785
2043,790.86,83.58,85.58500000000001,83.3294,85.62439999999998,51.15508994658114
2044,790.88,83.69,85.56,83.351,85.62539999999998,51.149634768351945
2045,790.9,83.8,85.59,83.3766,85.62780000000001,51.14984296707983
2046,790.92,83.82499999999999,85.62,83.40279999999998,85.6304,51.16117009297793
2047,790.94,83.85,85.66,83.4312,85.6336,51.1726057784125
2048,790.96,83.88,85.7,83.46199999999999,85.63719999999999,51.17827142790543
2049,790.98,83.91,85.69,83.4898,85.6392,51.17816424263296
2050,791.0,83.82,85.68,83.5098,85.64119999999998,51.19494678316493
2051,791.02,83.73,85.75,83.52699999999999,85.6464,51.22295468239288
2052,791.04,83.76,85.82,83.54619999999998,85.65700000000001,51.23396350704823
2053,791.06,83.79,85.835,83.5662,85.6708,51.23941440773877
2054,791.08,83.86500000000001,85.85,83.58879999999999,85.6806,51.25053131737451
2055,791.1,83.94,85.845,83.6136,85.6856,51.26720668277368
2056,791.12,83.945,85.84,83.63779999999998,85.69,51.28388205063766
2057,791.14,83.95,85.83,83.66059999999999,85.69359999999999,51.289440507595
2058,791.16,83.92500000000001,85.82,83.6808,85.70020000000001,51.295214297886794
2059,791.18,83.9,85.805,83.6986,85.7096,51.30654838273943
2060,791.2,83.98,85.79,83.7182,85.71699999999998,51.312216113722684
2061,791.22,84.06,85.92500000000001,83.7414,85.72840000000001,51.32344269124997
2062,791.24,84.14500000000001,86.06,83.7684,85.7444,51.32900108009552
2063,791.26,84.23,86.005,83.8028,85.7574,51.32900108065161
2064,791.28,84.22,85.95,83.8408,85.7676,51.34033879038138
2065,791.3,84.21,85.85,83.8758,85.7732,51.34600833392245
2066,791.32,84.24,85.75,83.9094,85.77679999999998,51.34611999440962
2067,791.34,84.27,85.795,83.94059999999999,85.7842,51.352016170281885
2068,791.36,84.25999999999999,85.84,83.96780000000001,85.79440000000001,51.35768803932367
2069,791.38,84.25,85.805,83.9902,85.8042,51.36869108709946
2070,791.4,84.295,85.77,84.01,85.81139999999999,51.37980769944359
2071,791.42,84.34,85.85499999999999,84.03059999999999,85.8208,51.38559349193139
2072,791.44,84.39,85.94,84.05220000000001,85.832,51.39126622758016
2073,791.46,84.44,85.955,84.07459999999999,85.84219999999999,51.40238276843859
2074,791.48,84.475,85.97,84.09720000000002,85.85340000000001,51.41372956191452
2075,791.5,84.51,85.99000000000001,84.1248,85.8658,51.41396173998438
2076,791.52,84.555,86.01,84.15780000000001,85.87620000000001,51.41396174099703
2077,791.54,84.6,85.97,84.19139999999999,85.8822,51.42496188044291
2078,791.56,84.625,85.93,84.2248,85.88600000000001,51.435962552332775
2079,791.58,84.65,85.92500000000001,84.2562,85.889,51.44152080098289
2080,791.6,84.6,85.92,84.2826,85.89200000000001,51.45286929913192
2081,791.62,84.55,85.935,84.30680000000001,85.8958,51.464102444079955
2082,791.64,84.6,85.95,84.3328,85.90060000000001,51.46421962330366
2083,791.66,84.65,85.935,84.3618,85.90520000000001,51.4644554238435
2084,791.68,84.685,85.92,84.3932,85.90980000000002,51.47569036658526
2085,791.7,84.72,85.93,84.4228,85.9154,51.48692574129089
2086,791.72,84.75999999999999,85.94,84.4508,85.916,51.492483891244056
2087,791.74,84.8,86.015,84.477,85.9142,51.49792301669009
2088,791.76,84.84,86.09,84.50139999999999,85.91760000000001,51.49248389383964
2089,791.78,84.88,86.13,84.52779999999998,85.92480000000002,51.492603413359454
2090,791.8,84.97,86.17,84.5582,85.9376,51.49804204526861
2091,791.82,85.06,86.13,84.59100000000001,85.95280000000001,51.4981615515403
2092,791.84,85.095,86.09,84.624,85.9646,51.50371968964782
2093,791.86,85.13,86.03,84.65879999999999,85.97219999999999,51.51471649824032
2094,791.88,85.08,85.97,84.692,85.9788,51.52571384009403
2095,791.9,85.03,86.02,84.72139999999999,85.98880000000001,51.53103555123338
2096,791.92,85.025,86.07,84.74879999999999,85.9974,51.53647624796648
2097,791.94,85.02,86.11,84.774,86.0042,51.541917450589665
2098,791.96,85.08500000000001,86.15,84.79979999999999,86.012,51.542034453013166
2099,791.98,85.15,86.14,84.8268,86.0188,51.547828075795486
2100,792.0,85.14500000000001,86.13,84.85220000000001,86.0244,51.559062837435015
2101,792.02,85.14,86.115,84.87559999999999,86.02860000000001,51.5647398757152
2102,792.04,85.18,86.1,84.89880000000001,86.03380000000001,51.57041736898253
2103,792.06,85.22,86.065,84.9226,86.0392,51.57041737008268
2104,792.08,85.31,86.03,84.949,86.0434,51.564859230383405
2105,792.1,85.4,86.08500000000001,84.98100000000001,86.05,51.57609531909873
2106,792.12,85.39,86.14,85.01459999999999,86.0582,51.581653448444264
2107,792.14,85.38,86.11500000000001,85.0458,86.06479999999999,51.576095320984564
2108,792.16,85.365,86.09,85.07440000000001,86.071,51.58165345107196
2109,792.18,85.35,86.105,85.101,86.0784,51.587091801272436
2110,792.2,85.4,86.12,85.12819999999999,86.086,51.5872115822148
2111,792.22,85.45,86.21000000000001,85.1558,86.0968,51.59301068470376
2112,792.24,85.43,86.3,85.181,86.1082,51.604248073935814
2113,792.26,85.41,86.24000000000001,85.20380000000002,86.1142,51.60436973442405
2114,792.28,85.485,86.18,85.228,86.11619999999999,51.59881165773451
2115,792.3,85.56,86.14500000000001,85.2516,86.1152,51.604248077398495
2116,792.32,85.565,86.11,85.2718,86.1144,51.60424807852933
2117,792.34,85.57,86.10499999999999,85.2908,86.115,51.59881166084965
2118,792.36,85.6,86.1,85.3096,86.1178,51.59881166200724
2119,792.38,85.63,86.125,85.3316,86.124,51.60436974142683
2120,792.4,85.685,86.15,85.35780000000001,86.1292,51.61548589940346
2121,792.42,85.74,86.17,85.38640000000001,86.13320000000002,51.620922359696245
2122,792.44,85.75999999999999,86.19,85.416,86.13640000000001,51.61536426842198
2123,792.46,85.78,86.205,85.44380000000001,86.13860000000001,51.61536426958345
2124,792.48,85.78999999999999,86.22,85.46940000000001,86.1418,51.620680560972644
2125,792.5,85.8,86.25,85.4956,86.14659999999999,51.62056038070785
2126,792.52,85.86,86.28,85.5244,86.15320000000001,51.626359330234315
2127,792.54,85.92,86.275,85.554,86.1602,51.63203855178488
2128,792.56,85.995,86.27,85.585,86.1684,51.62080122669231
2129,792.58,86.07,86.19999999999999,85.61540000000001,86.1752,51.61524312311622
2130,792.6,86.02,86.13,85.64020000000001,86.177,51.62648046250565
2131,792.62,85.97,86.00999999999999,85.6634,86.1718,51.632038556756164
2132,792.64,86.015,85.89,85.68879999999999,86.16279999999999,51.620801231628164
2133,792.66,86.06,85.96000000000001,85.7166,86.15759999999999,51.6095643353698
2134,792.68,86.035,86.03,85.744,86.15460000000002,51.60944412846134
2135,792.7,86.01,86.11,85.76839999999999,86.1542,51.60932440180434
2136,792.72,85.995,86.19,85.7902,86.1534,51.615002261694826
2137,792.74,85.98,86.215,85.81220000000002,86.15,51.62635934280119
2138,792.76,86.025,86.24,85.83679999999998,86.15,51.626359344276054
2139,792.78,86.07,86.315,85.8602,86.15540000000001,51.620801239242994
2140,792.8,86.025,86.39,85.8788,86.1652,51.62068057942707
2141,792.82,85.98,86.28999999999999,85.89540000000001,86.1724,51.626118530101984
2142,792.84,86.13,86.19,85.9178,86.1758,51.620680581743855
2143,792.86,86.28,86.10499999999999,85.945,86.176,51.60956434672414
2144,792.88,86.32,86.02,85.9726,86.1718,51.609685034835
2145,792.9,86.36,86.04499999999999,85.99960000000002,86.16760000000001,51.61524314142089
2146,792.92,86.36500000000001,86.07,86.02459999999999,86.16359999999999,51.61500227330678
2147,792.94,86.37,86.12,86.04899999999999,86.16079999999998,51.60944414308453
2148,792.96,86.4,86.17,86.07379999999999,86.15939999999999,51.60944414423625
2149,792.98,86.43,86.2,86.09939999999999,86.1586,51.609444145357436
2150,793.0,86.48,86.23,86.1266,86.15780000000001,51.59844812024
2151,793.02,86.53,86.23,86.1534,86.1558,51.592890004391876
2152,793.04,86.57,86.23,86.1794,86.154,51.59276975916063
2153,793.06,86.61,86.17,86.204,86.15,51.587091850823256
2154,793.08,86.62,86.11,86.226,86.1464,51.586972551513824
2155,793.1,86.63,85.99000000000001,86.25039999999998,86.1408,51.59253070801334
2156,793.12,86.655,85.87,86.27780000000001,86.1352,51.58697255439364
2157,793.14,86.68,85.97,86.3044,86.13839999999999,51.570179233040946
2158,793.16,86.67,86.07,86.32879999999999,86.14280000000001,51.56462106733185
2159,793.18,86.66,86.125,86.35379999999999,86.14659999999999,51.57017923561525
2160,793.2,86.62,86.18,86.37820000000002,86.14939999999999,51.57006085763036
2161,793.22,86.58,86.2,86.4016,86.1498,51.5643847679702
2162,793.24,86.64,86.22,86.428,86.15,51.564384768694374
2163,793.26,86.7,86.22999999999999,86.45500000000001,86.14959999999999,51.56994296169101
2164,793.28,86.67,86.24,86.479,86.14659999999999,51.56438477081501
2165,793.3,86.64,86.21000000000001,86.5036,86.13940000000001,51.558944504599445
2166,793.32,86.675,86.18,86.53139999999999,86.135,51.55894450608238
2167,793.34,86.71,86.12,86.5546,86.1322,51.5532683908835
2168,793.36,86.75999999999999,86.06,86.5738,86.1304,51.55315093505292
2169,793.38,86.81,86.07,86.5934,86.1324,51.55859217629865
2170,793.4,86.845,86.08,86.6128,86.1338,51.552801448029165
2171,793.42,86.88,86.055,86.6334,86.1332,51.5358960582944
2172,793.44,86.945,86.03,86.65640000000002,86.12960000000001,51.519221264003235
2173,793.46,87.01,86.03,86.6808,86.12400000000001,51.51377814398359
2174,793.48,87.045,86.03,86.70540000000001,86.1172,51.508219893520106
2175,793.5,87.08,86.14,86.7294,86.11359999999999,51.496873512374556
2176,793.52,87.055,86.25,86.75040000000001,86.11439999999999,51.496759294247276
2177,793.54,87.03,86.265,86.7688,86.1158,51.502431790009716
2178,793.56,87.05,86.28,86.78640000000001,86.12020000000001,51.49687351471705
2179,793.58,87.07,86.225,86.80439999999999,86.1248,51.49120100933073
2180,793.6,87.035,86.17,86.82060000000001,86.13199999999999,51.491201010352405
2181,793.62,87.0,86.105,86.8344,86.14139999999999,51.485756968195965
2182,793.64,87.03,86.04,86.8484,86.1442,51.485756968478256
2183,793.66,87.06,86.06,86.86399999999999,86.14380000000001,51.49108726255264
2184,793.68,87.14500000000001,86.08,86.8834,86.14200000000001,51.48519055908297
2185,793.7,87.23,86.13,86.9078,86.14,51.46840367720819
2186,793.72,87.235,86.18,86.934,86.1392,51.446282215778176
2187,793.74,87.24,86.16,86.958,86.13680000000001,51.435053600906436
2188,793.76,87.265,86.14,86.9806,86.1332,51.434942134366835
2189,793.78,87.29,86.11500000000001,87.00540000000001,86.12819999999999,51.42938377772617
2190,793.8,87.255,86.09,87.03,86.1234,51.41815604320622
2191,793.82,87.22,86.135,87.0518,86.1216,51.412597675113496
2192,793.84,87.275,86.18,87.07440000000001,86.12400000000001,51.418267066683185
2193,793.86,87.33,86.155,87.09719999999999,86.12780000000001,51.4238254246835
2194,793.88,87.34,86.13,87.11840000000001,86.1302,51.41815604640976
2195,793.9,87.35,86.13,87.13860000000001,86.13220000000001,51.40137036644848
2196,793.92,87.37,86.13,87.1582,86.13519999999998,51.38458509912315
2197,793.94,87.39,86.13,87.17599999999999,86.1392,51.38436628281926
2198,793.96,87.39,86.13,87.19120000000001,86.1432,51.38425759809084
2199,793.98,87.39,86.19,87.205,86.1496,51.36769104319812
2200,794.0,87.43,86.25,87.219,86.15400000000001,51.356574217576316
2201,794.02,87.47,86.24000000000001,87.23560000000002,86.15360000000001,51.3564654739691
2202,794.04,87.41499999999999,86.23,87.251,86.1522,51.351015806388176
2203,794.06,87.36,86.195,87.2634,86.14880000000001,51.345457395292435
2204,794.08,87.475,86.16,87.27960000000002,86.1462,51.33412347018871
2205,794.1,87.59,86.12,87.30179999999999,86.1442,51.31734030501166
2206,794.12,87.6,86.08,87.3258,86.1432,51.306331299394415
2207,794.14,87.61,86.08500000000001,87.34899999999999,86.145,51.300881246915246
2208,794.16,87.62,86.09,87.37140000000001,86.1462,51.30633130157989
2209,794.18,87.63,86.12,87.3908,86.14779999999999,51.306116013648335
2210,794.2,87.565,86.15,87.4042,86.1486,51.29467971718056
2211,794.22,87.5,86.17,87.4148,86.1482,51.28901571888991
2212,794.24,87.57,86.19,87.42800000000001,86.1494,51.27789871608741
2213,794.26,87.64,86.195,87.443,86.15160000000002,51.26111813004196
2214,794.28,87.685,86.2,87.4588,86.155,51.2501062113806
2215,794.3,87.73,86.205,87.47779999999999,86.1596,51.239094822568745
2216,794.32,87.80000000000001,86.21,87.501,86.1626,51.22787221296043
2217,794.34,87.87,86.19999999999999,87.5248,86.1634,51.222103874298554
2218,794.36,87.815,86.19,87.5442,86.1648,51.216441147430885
2219,794.38,87.76,86.18,87.561,86.16680000000001,51.20532408273176
2220,794.4,87.715,86.17,87.5756,86.16839999999998,51.19410325132608
2221,794.42,87.67,86.15,87.58760000000001,86.1692,51.18844141306857
2222,794.44,87.735,86.13,87.60140000000001,86.1692,51.18278003704683
2223,794.46,87.8,86.09,87.61779999999999,86.16760000000001,51.17156054589544
2224,794.48,87.845,86.05,87.63600000000001,86.16199999999999,51.154987216172955
2225,794.5,87.89,86.11,87.65440000000001,86.15639999999999,51.143870090218975
2226,794.52,87.88499999999999,86.17,87.671,86.15360000000001,51.13810715474628
2227,794.54,87.88,86.23,87.68959999999998,86.15360000000001,51.126787504548375
2228,794.56,87.91499999999999,86.29,87.71179999999998,86.1574,51.11556975591809
2229,794.58,87.95,86.285,87.7308,86.16239999999999,51.10455308100095
2230,794.6,87.935,86.28,87.7446,86.1688,51.09343587142353
2231,794.62,87.92,86.265,87.7574,86.17620000000001,51.08777667577518
2232,794.64,87.86,86.25,87.76740000000001,86.1828,51.08211794345252
2233,794.66,87.8,86.155,87.77459999999999,86.18540000000002,51.070801868274756
2234,794.68,87.88,86.06,87.78460000000001,86.183,51.05958586815273
2235,794.7,87.96,86.015,87.80040000000001,86.1776,51.04846855362671
2236,794.72,87.995,85.97,87.8202,86.16959999999999,51.03169430809177
2237,794.74,88.03,86.035,87.8386,86.1634,51.02047916247164
2238,794.76,88.07,86.1,87.8558,86.1596,51.00926446153719
2239,794.78,88.11,86.21,87.87280000000001,86.16,50.99795380752355
2240,794.8,88.155,86.32,87.8898,86.16460000000001,50.99776246989992
2241,794.82,88.2,86.315,87.9058,86.16879999999999,50.992014323653045
2242,794.84,88.17,86.31,87.9178,86.17320000000001,50.96968530598796
2243,794.86,88.14,86.27000000000001,87.9308,86.17640000000002,50.9475443344245
2244,794.88,88.14500000000001,86.23,87.94619999999999,86.1784,50.93642683983187
2245,794.9,88.15,86.13,87.9636,86.1768,50.9307739996473
2246,794.92,88.20500000000001,86.03,87.985,86.17200000000001,50.91975059952326
2247,794.94,88.26,86.005,88.006,86.167,50.90316899107566
2248,794.96,88.265,85.98,88.0246,86.1626,50.88639812271834
2249,794.98,88.27,86.03999999999999,88.0416,86.16220000000001,50.87509272789432
2250,795.0,88.265,86.1,88.0566,86.1618,50.869440729464195
2251,795.02,88.26,86.19,88.0716,86.1626,50.858323179484316
2252,795.04,88.315,86.28,88.08900000000001,86.1646,50.847112843520854
2253,795.06,88.37,86.315,88.1072,86.1656,50.84146174943259
2254,795.08,88.385,86.35,88.12459999999999,86.1682,50.82469351333295
2255,795.1,88.4,86.28999999999999,88.1432,86.16859999999998,50.80236689265858
2256,795.12,88.355,86.23,88.16059999999999,86.1672,50.79115832772281
2257,795.14,88.31,86.195,88.17859999999999,86.165,50.791067877127915
2258,795.16,88.14500000000001,86.16,88.19239999999999,86.16519999999998,50.8021855440257
2259,795.18,87.98,86.13,88.1964,86.16799999999999,50.80218554464941
2260,795.2,88.075,86.1,88.20100000000001,86.17139999999999,50.77986023042208
2261,795.22,88.17,86.125,88.20800000000001,86.17759999999998,50.75744628094775
2262,795.24,88.255,86.15,88.21699999999998,86.1822,50.74076969916459
2263,795.26,88.34,86.18,88.2278,86.18539999999999,50.72427181909028
2264,795.28,88.42,86.21,88.2402,86.18539999999999,50.70759529925679
2265,795.3,88.5,86.175,88.25400000000002,86.1796,50.70185768200633
2266,795.32,88.49000000000001,86.14,88.26559999999999,86.1726,50.690651288795706
2267,795.34,88.48,86.15,88.27799999999999,86.16619999999999,50.66276871350053
2268,795.36,88.515,86.16,88.293,86.16179999999999,50.640358123161604
2269,795.38,88.55,86.125,88.3092,86.15759999999999,50.634799228290476
2270,795.4,88.485,86.09,88.32260000000001,86.156,50.63497433118108
2271,795.42,88.42,86.09,88.33120000000001,86.1584,50.61838601757973
2272,795.44,88.41499999999999,86.09,88.3374,86.16179999999999,50.601621078736784
2273,795.46,88.41,86.13,88.3432,86.16779999999999,50.59597434090808
2274,795.48,88.38499999999999,86.17,88.3478,86.17299999999999,50.58468227600765
2275,795.5,88.36,86.215,88.3516,86.1776,50.5678331717506
2276,795.52,88.37,86.26,88.35600000000001,86.18039999999999,50.55662984721052
2277,795.54,88.38,86.295,88.35859999999998,86.181,50.55098591534405
2278,795.56,88.475,86.33,88.36280000000001,86.1816,50.53422455656398
2279,795.58,88.57,86.32499999999999,88.37020000000001,86.18060000000001,50.51746363441094
2280,795.6,88.55,86.32,88.37620000000001,86.18180000000001,50.511988764431145
2281,795.62,88.53,86.22,88.3832,86.18140000000001,50.495396526900535
2282,795.64,88.46000000000001,86.12,88.3892,86.1784,50.478719714133746
2283,795.66,88.39,86.11,88.39900000000002,86.17640000000002,50.47871971469542
2284,795.68,88.45,86.1,88.4178,86.1752,50.46751718778001
2285,795.7,88.51,86.145,88.43519999999998,86.177,50.43963825027914
2286,795.72,88.565,86.19,88.45099999999998,86.17960000000001,50.42287764262391
2287,795.74,88.62,86.145,88.46560000000001,86.1794,50.417235417151105
2288,795.76,88.62,86.1,88.4768,86.17620000000001,50.400475701160396
2289,795.78,88.62,86.065,88.48479999999999,86.17040000000001,50.383716423630034
2290,795.8,88.625,86.03,88.4898,86.1646,50.37815743411534
2291,795.82,88.63,86.1,88.4954,86.16300000000001,50.366957585233806
2292,795.84,88.565,86.17,88.49880000000002,86.1638,50.355677287294114
2293,795.86,88.5,86.15,88.4982,86.1634,50.350118271948716
2294,795.88,88.46000000000001,86.13,88.4946,86.1636,50.33900024094973
2295,795.9,88.42,86.14,88.492,86.1656,50.32216275355664
2296,795.92,88.355,86.15,88.48939999999999,86.16799999999999,50.31096518868016
2297,795.94,88.29,86.155,88.48440000000001,86.17060000000001,50.30540614775723
2298,795.96,88.29,86.16,88.4796,86.1718,50.2997680816331
2299,795.98,88.29,86.155,88.47579999999999,86.17119999999998,50.28857143214496
2300,796.0,88.33500000000001,86.15,88.47480000000002,86.16859999999998,50.271972836035964
2301,796.02,88.38,86.15,88.47519999999999,86.1642,50.25537478614592
2302,796.04,88.43,86.15,88.47720000000001,86.1584,50.244177594336335
2303,796.06,88.48,86.155,88.4774,86.1514,50.2386185471953
2304,796.08,88.53999999999999,86.16,88.4762,86.14479999999999,50.22194140374429
2305,796.1,88.6,86.16,88.4782,86.1384,50.19954832907632
2306,796.12,88.595,86.16,88.4808,86.13599999999998,50.18279340768885
2307,796.14,88.59,86.16,88.486,86.1376,50.17167526386376
2308,796.16,88.6,86.16,88.49439999999998,86.13959999999999,50.16063488447311
2309,796.18,88.61,86.16499999999999,88.5008,86.14219999999999,50.1440359791576
2310,796.2,88.58,86.17,88.5036,86.1432,50.1327617641302
2311,796.22,88.55,86.19,88.50300000000001,86.1432,50.12148945613372
2312,796.24,88.57499999999999,86.21,88.50119999999998,86.1458,50.11037128104506
2313,796.26,88.6,86.205,88.50039999999998,86.15,50.104812194438594
2314,796.28,88.56,86.2,88.49799999999999,86.15539999999999,50.09354174488176
2315,796.3,88.52,86.285,88.49380000000001,86.16560000000001,50.08242353777879
2316,796.32,88.565,86.37,88.49119999999999,86.1764,50.07145767346041
2317,796.34,88.61,86.305,88.493,86.18180000000001,50.05470397125733
2318,796.36,88.58,86.24,88.49619999999999,86.18540000000002,50.03795071351221
2319,796.38,88.55,86.205,88.4998,86.1884,50.02127340637973
2320,796.4,88.56,86.17,88.5054,86.18960000000001,50.00452057107516
2321,796.42,88.57,86.08500000000001,88.51400000000001,86.18700000000001,49.98784324167088
2322,796.44,88.57499999999999,86.0,88.52539999999999,86.1808,49.976725022852015
2323,796.46,88.58,86.08,88.53699999999999,86.1776,49.965457113518234
2324,796.48,88.53999999999999,86.16,88.54699999999998,86.17779999999999,49.94870561000594
2325,796.5,88.5,86.24,88.55359999999999,86.18140000000001,49.94322061231422
2326,796.52,88.625,86.32,88.5634,86.1882,49.932252154158355
2327,796.54,88.75,86.31,88.57619999999999,86.1946,49.90453229638171
2328,796.56,88.685,86.3,88.58439999999999,86.2004,49.8877792922778
2329,796.58,88.62,86.31,88.58760000000001,86.20639999999999,49.88770408240998
2330,796.6,88.62,86.32,88.58840000000001,86.2128,49.88207024477917
2331,796.62,88.62,86.335,88.58940000000001,86.21980000000002,49.85990850713622
2332,796.64,88.64,86.35,88.5914,86.2274,49.84345848732615
2333,796.66,88.66,86.29499999999999,88.59380000000002,86.23280000000001,49.84345848742329
2334,796.68,88.72,86.24,88.59819999999999,86.2358,49.832112935836506
2335,796.7,88.78,86.215,88.6062,86.2376,49.809801650189755
2336,796.72,88.81,86.19,88.6166,86.2376,49.793124285098116
2337,796.74,88.84,86.205,88.62720000000002,86.2374,49.77081340892965
2338,796.76,88.85,86.22,88.6372,86.238,49.75413602147056
2339,796.78,88.86,86.295,88.64919999999998,86.2418,49.754210439364314
2340,796.8,88.795,86.37,88.66019999999999,86.24519999999998,49.75421044014635
2341,796.82,88.73,86.36500000000001,88.66680000000001,86.245,49.74309219927233
2342,796.84,88.68,86.36,88.6696,86.2472,49.72085571992247
2343,796.86,88.63,86.38499999999999,88.6716,86.25299999999999,49.70410386991139
2344,796.88,88.65,86.41,88.67559999999999,86.26119999999999,49.692911605230094
2345,796.9,88.67,86.36,88.68,86.2688,49.67060151900746
2346,796.92,88.66499999999999,86.31,88.68379999999999,86.27779999999998,49.648438525065586
2347,796.94,88.66,86.305,88.68719999999999,86.29,49.64295347652842
2348,796.96,88.715,86.3,88.6926,86.29879999999999,49.6428058050017
2349,796.98,88.77,86.315,88.7018,86.305,49.631614416846354
2350,797.0,88.84,86.33,88.7154,86.30859999999998,49.603965455653864
2351,797.02,88.91,86.32,88.7268,86.30860000000001,49.576318659168194
2352,797.04,88.83,86.31,88.73,86.30860000000001,49.5652004280246
2353,797.06,88.75,86.31,88.7326,86.309,49.559566603198896
2354,797.08,88.705,86.31,88.73599999999999,86.309,49.54852308224653
2355,797.1,88.66,86.41499999999999,88.7376,86.31279999999998,49.543039201802124
2356,797.12,88.63,86.52,88.738,86.32019999999999,49.53748009533366
2357,797.14,88.6,86.47,88.73640000000002,86.325,49.51539572384383
2358,797.16,88.63,86.42,88.73519999999999,86.33,49.493236180598494
2359,797.18,88.66,86.435,88.73280000000001,86.3378,49.487600281344506
2360,797.2,88.72999999999999,86.45,88.7308,86.34719999999999,49.48196486642168
2361,797.22,88.8,86.41499999999999,88.73039999999999,86.35619999999999,49.459652619111075
2362,797.24,88.84,86.38,88.7304,86.36319999999999,49.442899920190634
2363,797.26,88.88,86.33500000000001,88.7316,86.3678,49.43170679257774
2364,797.28,88.895,86.29,88.733,86.3676,49.40947031118518
2365,797.3,88.91,86.30000000000001,88.7376,86.36480000000002,49.398427025306276
2366,797.32,88.9,86.31,88.7444,86.3626,49.39286791410972
2367,797.34,88.89,86.33,88.7528,86.36139999999999,49.37063147040966
2368,797.36,88.9,86.35,88.76360000000001,86.36,49.34839502829289
2369,797.38,88.91,86.335,88.774,86.35700000000001,49.342760880693724
2370,797.4,88.88499999999999,86.32,88.7826,86.3554,49.33171769957149
2371,797.42,88.86,86.32,88.79039999999999,86.3558,49.30963294554829
2372,797.44,88.87,86.32,88.79880000000001,86.3564,49.29303229082452
2373,797.46,88.88,86.27,88.80539999999999,86.35520000000001,49.28199126595625
2374,797.48,88.91,86.22,88.811,86.3514,49.27643219261584
2375,797.5,88.94,86.315,88.815,86.35079999999999,49.26523687852644
2376,797.52,88.91,86.41,88.815,86.35439999999998,49.2429238529196
2377,797.54,88.88,86.44999999999999,88.81700000000001,86.36,49.23172946022353
2378,797.56,88.86,86.49,88.8214,86.3672,49.226094643531866
2379,797.58,88.84,86.44999999999999,88.8268,86.37280000000001,49.209342081969275
2380,797.6,88.735,86.41,88.82979999999999,86.3726,49.1982991109204
2381,797.62,88.63,86.405,88.82980000000002,86.36800000000001,49.19289204828609
2382,797.64,88.78,86.4,88.83699999999999,86.36519999999999,49.181697580697666
2383,797.66,88.93,86.39500000000001,88.84900000000002,86.36419999999998,49.16494447629847
2384,797.68,89.075,86.39,88.8656,86.3624,49.137148951563375
2385,797.7,89.22,86.35,88.88519999999998,86.3584,49.114837148417905
2386,797.72,89.21000000000001,86.31,88.9016,86.3542,49.0982352234478
2387,797.74,89.2,86.33,88.916,86.3522,49.076074760332645
2388,797.76,89.08500000000001,86.35,88.9242,86.35279999999999,49.064956571922835
2389,797.78,88.97,86.38,88.9272,86.3564,49.05955094475247
2390,797.8,88.91,86.41,88.9272,86.36079999999998,49.04835578938078
2391,797.82,88.85,86.42,88.9252,86.36519999999999,49.04249370637847
2392,797.84,88.82499999999999,86.43,88.9226,86.3692,49.036934587341875
2393,797.86,88.8,86.46000000000001,88.91860000000001,86.37360000000001,49.020332257192365
2394,797.88,88.83,86.49,88.9154,86.37979999999999,49.00913899404682
2395,797.9,88.86,86.5,88.91439999999999,86.38699999999999,48.997946203480495
2396,797.92,88.92,86.51,88.91680000000001,86.39460000000001,48.97022516937884
2397,797.94,88.98,86.39500000000001,88.92119999999998,86.3976,48.94821562966959
2398,797.96,89.0,86.28,88.926,86.398,48.94281037213127
2399,797.98,89.02,86.28,88.93039999999999,86.4004,48.93161503868245
2400,798.0,89.115,86.28,88.9374,86.399,48.903666689196804
2401,798.02,89.21,86.325,88.94940000000001,86.39560000000002,48.88143029662543
2402,798.04,89.22999999999999,86.37,88.96340000000001,86.3924,48.86475300376004
2403,798.06,89.25,86.39,88.97900000000001,86.3884,48.85355902038373
2404,798.08,89.24000000000001,86.41,88.995,86.38680000000001,48.84807571268426
2405,798.1,89.23,86.455,89.0148,86.38860000000001,48.831474753702125
2406,798.12,89.315,86.5,89.0422,86.3924,48.803602941770535
2407,798.14,89.4,86.485,89.06700000000001,86.3958,48.7868497618471
2408,798.16,89.375,86.47,89.0848,86.39880000000001,48.781366559952644
2409,798.18,89.35,86.475,89.0958,86.4022,48.75928357623004
2410,798.2,89.32,86.48,89.09980000000002,86.4074,48.737124764067396
2411,798.22,89.29,86.42,89.10300000000001,86.4118,48.73148819275111
2412,798.24,89.255,86.36,89.10519999999998,86.41300000000001,48.725775616026155
2413,798.26,89.22,86.39500000000001,89.11059999999999,86.41480000000001,48.70909833529784
2414,798.28,89.155,86.43,89.118,86.41680000000001,48.692421055911254
2415,798.3,89.09,86.42,89.1252,86.41720000000001,48.68122681368777
2416,798.32,89.14,86.41,89.13679999999998,86.41680000000001,48.670108611999304
2417,798.34,89.19,86.485,89.1514,86.419,48.6535074107427
2418,798.36,89.22999999999999,86.56,89.16859999999998,86.42299999999999,48.6257119531178
2419,798.38,89.27,86.52000000000001,89.18619999999999,86.4242,48.608882849096496
2420,798.4,89.35,86.48,89.2058,86.4234,48.59776463429214
2421,798.42,89.43,86.41,89.2262,86.41939999999998,48.57568014061277
2422,798.44,89.435,86.34,89.2444,86.4172,48.55344378317741
2423,798.46,89.44,86.38,89.262,86.42120000000001,48.536690232530006
2424,798.48,89.44,86.42,89.2788,86.4268,48.52564833984167
2425,798.5,89.44,86.39,89.29180000000001,86.4312,48.51460699346096
2426,798.52,89.475,86.36,89.30239999999999,86.43260000000001,48.49777655491791
2427,798.54,89.51,86.41499999999999,89.3136,86.43440000000001,48.475388942435345
2428,798.56,89.555,86.47,89.3258,86.4376,48.45878698875117
2429,798.58,89.6,86.535,89.34020000000001,86.44259999999998,48.45330378972242
2430,798.6,89.53,86.6,89.3522,86.4484,48.44203426790057
2431,798.62,89.46,86.57499999999999,89.35799999999999,86.45139999999999,48.41964846303464
2432,798.64,89.34,86.55,89.3556,86.45400000000001,48.39748640569666
2433,798.66,89.22,86.47,89.34939999999999,86.454,48.38080904785343
2434,798.68,89.3,86.39,89.3474,86.4506,48.369542322428345
2435,798.7,89.38,86.37,89.3498,86.4462,48.35849805555102
2436,798.72,89.43,86.35,89.35539999999999,86.4434,48.34204583869003
2437,798.74,89.48,86.35,89.3644,86.443,48.32536853681436
2438,798.76,89.5,86.35,89.37559999999999,86.4412,48.30854051106734
2439,798.78,89.52,86.425,89.39020000000001,86.441,48.28615529877653
2440,798.8,89.56,86.5,89.40899999999999,86.4442,48.26369939331302
2441,798.82,89.6,86.49000000000001,89.42739999999999,86.4474,48.241390629388356
2442,798.84,89.61,86.48,89.4442,86.4472,48.2136669716974
2443,798.86,89.62,86.5,89.4598,86.4448,48.19135813774675
2444,798.88,89.655,86.52,89.4752,86.4448,48.18016809901557
2445,798.9,89.69,86.515,89.48880000000001,86.4462,48.16897854211223
2446,798.92,89.71000000000001,86.51,89.5,86.45020000000001,48.15230099977513
2447,798.94,89.73,86.42500000000001,89.51180000000001,86.45360000000001,48.14132565740225
2448,798.96,89.735,86.34,89.52359999999999,86.45199999999998,48.13020732982498
2449,798.98,89.74,86.345,89.53559999999999,86.449,48.1078275583419
2450,799.0,89.78,86.35,89.54919999999998,86.4474,48.085449716779706
2451,799.02,89.82,86.37,89.56299999999999,86.44779999999999,48.06314311375323
2452,799.04,89.78,86.39,89.5738,86.4468,48.04090630268525
2453,799.06,89.74,86.425,89.5812,86.445,48.02422869606276
2454,799.08,89.755,86.46,89.5874,86.44200000000001,48.00748170289729
2455,799.1,89.77,86.47,89.59700000000001,86.4368,47.996294396807514
2456,799.12,89.79499999999999,86.48,89.61040000000001,86.43299999999999,47.985039703913564
2457,799.14,89.82,86.43,89.6296,86.4282,47.96266851605435
2458,799.16,89.86,86.38,89.65520000000001,86.42460000000001,47.940431524344454
2459,799.18,89.9,86.465,89.6792,86.4276,47.923753781418206
2460,799.2,89.91,86.55,89.70039999999999,86.4348,47.901516793305426
2461,799.22,89.92,86.44999999999999,89.72,86.43879999999999,47.873654083005675
2462,799.24,89.89500000000001,86.35,89.7366,86.43879999999999,47.85697632143178
2463,799.26,89.87,86.35499999999999,89.75139999999999,86.439,47.851550601742744
2464,799.28,89.855,86.36,89.7648,86.43639999999999,47.84043212516061
2465,799.3,89.84,86.36500000000001,89.77600000000001,86.431,47.818061548424446
2466,799.32,89.94,86.37,89.78960000000001,86.42620000000001,47.79006861535201
2467,799.34,90.04,86.37,89.80680000000001,86.4218,47.76770293256995
2468,799.36,90.005,86.37,89.82220000000001,86.4166,47.75108911867386
2469,799.38,89.97,86.36500000000001,89.8348,86.41040000000001,47.72891659452483
2470,799.4,89.985,86.36,89.8466,86.4042,47.70661486628508
2471,799.42,90.0,86.35499999999999,89.8582,86.398,47.68980926924226
2472,799.44,90.035,86.35,89.87039999999999,86.395,47.66738426334027
2473,799.46,90.07,86.345,89.88380000000001,86.3952,47.6506447217332
2474,799.48,90.01499999999999,86.34,89.89479999999999,86.395,47.63958767889173
2475,799.5,89.96,86.355,89.902,86.3952,47.61728877973856
2476,799.52,89.935,86.37,89.9066,86.3952,47.60054967507025
2477,799.54,89.91,86.39,89.91179999999999,86.39519999999999,47.58387168430609
2478,799.56,89.97,86.41,89.921,86.39460000000001,47.55601436330044
2479,799.58,90.03,86.46000000000001,89.93199999999999,86.39460000000001,47.53371683864989
2480,799.6,90.09,86.51,89.9448,86.39620000000001,47.511539674045295
2481,799.62,90.15,86.39500000000001,89.959,86.39280000000001,47.49498368758607
2482,799.64,90.14,86.28,89.9718,86.38680000000001,47.483865045646134
2483,799.66,90.13,86.285,89.9826,86.383,47.461505655537636
2484,799.68,90.15,86.29,89.9926,86.376,47.4281496465462
2485,799.7,90.17,86.28,90.00300000000001,86.3652,47.40047524017414
2486,799.72,90.22,86.27,90.015,86.358,47.389418531527625
2487,799.74,90.27,86.21000000000001,90.03,86.35240000000002,47.372740595723265
2488,799.76,90.275,86.15,90.04620000000001,86.3442,47.34500654928623
2489,799.78,90.28,86.21000000000001,90.0632,86.3382,47.32283239859171
2490,799.8,90.265,86.27,90.0802,86.33439999999999,47.3060914247102
2491,799.82,90.25,86.41999999999999,90.0926,86.3364,47.28935093023853
2492,799.84,90.28999999999999,86.57,90.1026,86.34440000000001,47.26699003283189
2493,799.86,90.33,86.57499999999999,90.1156,86.3526,47.24457109399942
2494,799.88,90.35,86.58,90.1308,86.3612,47.222274186232895
2495,799.9,90.37,86.5,90.1462,86.36679999999998,47.20009633418165
2496,799.92,90.33500000000001,86.42,90.1596,86.36939999999998,47.18347840146618
2497,799.94,90.3,86.34,90.17020000000001,86.369,47.1611809239148
2498,799.96,90.34,86.26,90.181,86.3656,47.133384205079935
2499,799.98,90.38,86.285,90.1956,86.3634,47.111267743765346
2500,800.0,90.305,86.31,90.2094,86.3616,47.094589758104824
2501,800.02,90.23,86.37,90.22120000000001,86.3616,47.077851011053845
2502,800.04,90.245,86.43,90.23460000000001,86.36320000000002,47.05549366774923
2503,800.06,90.26,86.435,90.24619999999999,86.3642,47.03319703187014
2504,800.08,90.25,86.44,90.255,86.3634,47.01663801293913
2505,800.1,90.24,86.345,90.26100000000001,86.3568,46.99440064786307
2506,800.12,90.19,86.25,90.2626,86.351,46.97204412311823
2507,800.14,90.14,86.22,90.2626,86.34859999999999,46.95536605873077
2508,800.16,90.225,86.19,90.26639999999999,86.34479999999999,46.93324790144836
2509,800.18,90.31,86.22,90.27279999999999,86.34200000000001,46.91101054213922
2510,800.2,90.435,86.25,90.2834,86.3408,46.88309445749201
2511,800.22,90.56,86.265,90.29700000000001,86.3406,46.849738339012845
2512,800.24,90.61,86.28,90.3106,86.3434,46.8220611193739
2513,800.26,90.66,86.32,90.32600000000001,86.3502,46.79988436117983
2514,800.28,90.595,86.36,90.3386,86.3562,46.77758641740606
2515,800.3,90.53,86.305,90.3492,86.3576,46.75534906893874
2516,800.32,90.525,86.25,90.3602,86.35079999999999,46.73873173163263
2517,800.34,90.52,86.275,90.3694,86.339,46.71643371250596
2518,800.36,90.60499999999999,86.3,90.38040000000001,86.32800000000002,46.683077696514694
2519,800.38,90.69,86.28,90.39399999999999,86.316,46.6554031136028
2520,800.4,90.685,86.26,90.4066,86.30640000000001,46.63316583157606
2521,800.42,90.68,86.235,90.42040000000001,86.29900000000002,46.605307853744144
2522,800.44,90.575,86.21,90.4314,86.29379999999999,46.583131953136295
2523,800.46,90.47,86.225,90.4366,86.29240000000001,46.56645399569981
2524,800.48,90.44,86.24,90.43900000000002,86.2906,46.54959328088352
2525,800.5,90.41,86.245,90.44319999999999,86.288,46.53285538317007
2526,800.52,90.455,86.25,90.45219999999999,86.2832,46.51067789968661
2527,800.54,90.5,86.22999999999999,90.4624,86.27519999999998,46.48282125999248
2528,800.56,90.50999999999999,86.21,90.47240000000002,86.26619999999998,46.45496508442899
2529,800.58,90.52,86.18,90.48320000000001,86.2558,46.432787145283484
2530,800.6,90.56,86.15,90.49600000000001,86.24799999999999,46.41067036654474
2531,800.62,90.6,86.16,90.5124,86.2444,46.382873713715846
2532,800.64,90.595,86.17,90.53059999999999,86.24240000000002,46.35495631491522
2533,800.66,90.59,86.13,90.54520000000001,86.24,46.33277907409636
2534,800.68,90.565,86.09,90.5554,86.23479999999999,46.31066366087192
2535,800.7,90.54,86.08,90.55959999999999,86.228,46.282805783097665
2536,800.72,90.58000000000001,86.07,90.56039999999999,86.2202,46.25494836889196
2537,800.74,90.62,86.11,90.5608,86.21339999999998,46.23265076221373
2538,800.76,90.65,86.15,90.56039999999999,86.2066,46.21035363535231
2539,800.78,90.68,86.17500000000001,90.56380000000001,86.1992,46.177057345385016
2540,800.8,90.68,86.2,90.5698,86.195,46.143822600260094
2541,800.82,90.68,86.22,90.57599999999998,86.19380000000001,46.12726811456685
2542,800.84,90.77000000000001,86.24,90.58599999999998,86.19239999999999,46.10503087217231
2543,800.86,90.86,86.25,90.59620000000001,86.1904,46.07711069556164
2544,800.88,90.815,86.26,90.6012,86.18960000000001,46.06031120101553
2545,800.9,90.77,86.265,90.6046,86.18979999999999,46.03801386254443
2546,800.92,90.75,86.27,90.6074,86.19120000000001,46.00465778764895
2547,800.94,90.73,86.28,90.6136,86.19400000000002,45.97692112358018
2548,800.96,90.72,86.29,90.62359999999998,86.1966,45.95480557333993
2549,800.98,90.71,86.23,90.63439999999999,86.1962,45.92713299203542
2550,801.0,90.72,86.17,90.6468,86.19319999999999,45.899399320210044
2551,801.02,90.73,86.155,90.65780000000001,86.1894,45.871539926982685
2552,801.04,90.735,86.14,90.66720000000001,86.1858,45.8436810007092
2553,801.06,90.74,86.13,90.6764,86.18260000000001,45.82706548255858
2554,801.08,90.685,86.12,90.68299999999999,86.18019999999999,45.81594687290429
2555,801.1,90.63,86.185,90.6858,86.1816,45.788025942935086
2556,801.12,90.655,86.25,90.68799999999999,86.18519999999998,45.75454769571154
2557,801.14,90.68,86.295,90.69140000000002,86.1902,45.73793061292838
2558,801.16,90.755,86.34,90.69800000000001,86.1986,45.715816829456486
2559,801.18,90.83,86.345,90.7086,86.2088,45.68795820950249
2560,801.2,90.81,86.35,90.71940000000001,86.21960000000001,45.66572093970473
2561,801.22,90.79,86.265,90.7278,86.2274,45.63804917077278
2562,801.24,90.795,86.18,90.7348,86.23020000000001,45.61037972826221
2563,801.26,90.8,86.095,90.7408,86.22800000000001,45.58277808873442
2564,801.28,90.78,86.01,90.7448,86.22139999999999,45.55504783994518
2565,801.3,90.76,86.005,90.74799999999999,86.2136,45.527119931764666
2566,801.32,90.87,86.0,90.75560000000002,86.20479999999999,45.49376432585895
2567,801.34,90.98,86.035,90.76400000000001,86.1966,45.465967991052935
2568,801.36,91.005,86.07,90.76979999999999,86.1894,45.43804193406194
2569,801.38,91.03,86.115,90.7784,86.18359999999998,45.39912696295693
2570,801.4,91.005,86.16,90.7878,86.1794,45.37139524417508
2571,801.42,90.98,86.09,90.79700000000001,86.17219999999999,45.360341946197856
2572,801.44,90.95500000000001,86.02,90.806,86.16179999999999,45.34366415362853
2573,801.46,90.93,86.06,90.8144,86.1526,45.315737759433
2574,801.48,90.935,86.1,90.8234,86.1474,45.282382084556936
2575,801.5,90.94,86.095,90.8322,86.1444,45.254781890135064
2576,801.52,90.91499999999999,86.09,90.83959999999999,86.1418,45.232746096503995
2577,801.54,90.89,86.06,90.84580000000001,86.13860000000001,45.204949954150976
2578,801.56,90.925,86.03,90.8532,86.1346,45.177018953806844
2579,801.58,90.96,86.035,90.8642,86.1312,45.15478197832625
2580,801.6,90.975,86.04,90.87799999999999,86.12540000000001,45.12698576142272
2581,801.62,90.99,86.04,90.89140000000002,86.117,45.09363030536182
2582,801.64,90.97,86.04,90.90299999999999,86.1068,45.06590141736084
2583,801.66,90.95,86.025,90.9108,86.0942,45.03247864776483
2584,801.68,90.955,86.01,90.9158,86.08080000000001,44.999123204015035
2585,801.7,90.96,86.005,90.9218,86.067,44.98264947662375
2586,801.72,90.97999999999999,86.0,90.9294,86.0564,44.966180857120136
2587,801.74,91.0,86.10499999999999,90.9376,86.0534,44.93838491732401
2588,801.76,91.03999999999999,86.21,90.94720000000001,86.05799999999999,44.90488970293516
2589,801.78,91.08,86.18,90.9592,86.06479999999999,44.877093683974
2590,801.8,91.07499999999999,86.15,90.9718,86.0706,44.85499711799637
2591,801.82,91.07,86.125,90.9798,86.0756,44.82727218715781
2592,801.84,91.03999999999999,86.1,90.98219999999999,86.0782,44.79940526888347
2593,801.86,91.01,86.155,90.9824,86.0816,44.7771685330794
2594,801.88,91.09,86.21,90.98479999999999,86.0854,44.74937261657779
2595,801.9,91.17,86.145,90.9914,86.0848,44.71601752179695
2596,801.92,91.14500000000001,86.08,90.99799999999999,86.0844,44.68273365718046
2597,801.94,91.12,86.1,91.0046,86.08760000000001,44.643891295496964
2598,801.96,91.06,86.12,91.0098,86.09,44.610681779802235
2599,801.98,91.0,86.14,91.0124,86.0916,44.5940779382554
2600,802.0,90.89,86.16,91.0104,86.0942,44.58844520746009
2601,802.02,90.78,86.07,91.005,86.0934,44.577400538003744
2602,802.04,90.81,85.98,91.00179999999999,86.09020000000001,44.549679090996385
2603,802.06,90.84,86.03,90.9984,86.09019999999998,44.510690948706234
2604,802.08,90.94,86.08,90.9976,86.09199999999998,44.4717770314994
2605,802.1,91.04,86.13499999999999,91.0002,86.0958,44.44413072655171
2606,802.12,91.135,86.19,91.006,86.1018,44.41656351315152
2607,802.14,91.23,86.14,91.01639999999999,86.1058,44.38336415588481
2608,802.16,91.185,86.09,91.0258,86.1084,44.35556885202984
2609,802.18,91.14,86.09,91.0332,86.1116,44.33325468065235
2610,802.2,91.125,86.09,91.0398,86.115,44.31094099261732
2611,802.22,91.11,86.06,91.045,86.1174,44.28314560278923
2612,802.24,91.125,86.03,91.05,86.1144,44.2498686584791
2613,802.26,91.14,86.05,91.054,86.10799999999999,44.22215145427097
2614,802.28,91.095,86.07,91.0546,86.1036,44.19999395838077
2615,802.3,91.05,86.09,91.0536,86.1012,44.1778371049917
2616,802.32,91.03,86.11,91.052,86.10060000000001,44.15568089473744
2617,802.34,91.01,86.11,91.0508,86.101,44.122326752983994
2618,802.36,91.11,86.11,91.05480000000001,86.0992,44.08349421701163
2619,802.38,91.21,86.16499999999999,91.0596,86.0974,44.055862190951665
2620,802.4,91.12,86.22,91.05760000000001,86.1004,44.03918522218371
2621,802.42,91.03,86.215,91.053,86.1058,44.022590674421735
2622,802.44,90.99000000000001,86.21,91.04780000000001,86.1102,44.000437786556006
2623,802.46,90.95,86.215,91.0434,86.11399999999999,43.97264295272305
2624,802.48,90.965,86.22,91.042,86.1172,43.944931816351726
2625,802.5,90.98,86.18,91.0456,86.11800000000001,43.922780298803644
2626,802.52,91.035,86.14,91.0558,86.1208,43.894985585532226
2627,802.54,91.09,86.08500000000001,91.06700000000001,86.125,43.861631935595334
2628,802.56,91.135,86.03,91.07880000000002,86.125,43.828448949687896
2629,802.58,91.18,86.11,91.08840000000001,86.12620000000001,43.80074059195534
2630,802.6,91.16,86.19,91.0932,86.1284,43.77303291496927
2631,802.62,91.14,86.175,91.0934,86.1278,43.73985508630325
2632,802.64,91.08500000000001,86.16,91.08760000000001,86.1286,43.71761960676499
2633,802.66,91.03,86.22,91.08139999999999,86.1338,43.70103169379665
2634,802.68,91.13,86.28,91.081,86.14140000000002,43.66785777609129
2635,802.7,91.23,86.315,91.0852,86.1504,43.63459531213504
2636,802.72,91.18,86.35,91.088,86.162,43.61236003252008
2637,802.74,91.13,86.28999999999999,91.0882,86.1724,43.58456593788656
2638,802.76,91.11,86.23,91.087,86.17960000000001,43.5569549412173
2639,802.78,91.09,86.16499999999999,91.0868,86.1834,43.534905229462694
2640,802.8,91.1,86.1,91.08879999999999,86.18379999999999,43.51822892386413
2641,802.82,91.11,86.05,91.09199999999998,86.1814,43.496087519131635
2642,802.84,91.03,86.0,91.09280000000001,86.177,43.468482908410564
2643,802.86,90.95,86.025,91.0864,86.17360000000001,43.440594335119414
2644,802.88,90.955,86.05,91.07619999999999,86.169,43.4070536065851
2645,802.9,90.96,86.09,91.0698,86.16380000000001,43.37379496225489
2646,802.92,91.03,86.13,91.06980000000001,86.16040000000001,43.340727906159046
2647,802.94,91.1,86.155,91.0742,86.1582,43.313127623051756
2648,802.96,91.13,86.18,91.08140000000002,86.1568,43.29089288350353
2649,802.98,91.16,86.185,91.0892,86.15540000000001,43.263099465155356
2650,803.0,91.13499999999999,86.19,91.09540000000001,86.1558,43.235306053613975
2651,803.02,91.11,86.265,91.0984,86.1608,43.21307132899035
2652,803.04,91.075,86.34,91.0978,86.17099999999999,43.190934378367515
2653,803.06,91.04,86.265,91.094,86.1804,43.1632394537386
2654,803.08,91.055,86.19,91.089,86.18360000000001,43.12998659791077
2655,803.1,91.07,86.175,91.0854,86.18299999999999,43.10219340915411
2656,803.12,91.025,86.16,91.0808,86.1824,43.08005861023917
2657,803.14,90.98,86.14,91.07660000000001,86.1816,43.05246684494813
2658,803.16,91.07,86.12,91.0782,86.1776,43.02477547227421
2659,803.18,91.16,86.13,91.07939999999999,86.1716,42.99708481418249
2660,803.2,91.13,86.14,91.07539999999999,86.1646,42.969291987946185
2661,803.22,91.1,86.19,91.0722,86.1582,42.94695537024889
2662,803.24,91.145,86.24,91.07279999999999,86.15619999999998,42.91926491870658
2663,803.26,91.19,86.24,91.07599999999998,86.1566,42.886120299941474
2664,803.28,91.10499999999999,86.24,91.0766,86.1596,42.85822390847728
2665,803.3,91.02,86.245,91.0734,86.1654,42.83588652530816
2666,803.32,90.955,86.25,91.0672,86.1734,42.81365229912818
2667,803.34,90.89,86.25999999999999,91.0616,86.18379999999999,42.785859523214135
2668,803.36,90.91,86.27,91.06,86.19359999999999,42.76383264642606
2669,803.38,90.93,86.265,91.059,86.20219999999999,42.7472616476455
2670,803.4,90.92500000000001,86.26,91.05760000000001,86.209,42.72492297064092
2671,803.42,90.92,86.28999999999999,91.0532,86.21539999999999,42.70268887736525
2672,803.44,90.995,86.32,91.04899999999999,86.22200000000001,42.66944251545035
2673,803.46,91.07,86.335,91.0466,86.2282,42.63063841818232
2674,803.48,91.15,86.35,91.04620000000001,86.23479999999999,42.59750027583926
2675,803.5,91.23,86.345,91.05,86.24099999999999,42.569815314492075
2676,803.52,91.245,86.34,91.0554,86.244,42.54747413698897
2677,803.54,91.26,86.37,91.06279999999998,86.24520000000001,42.51968184937604
2678,803.56,91.24000000000001,86.4,91.0708,86.25059999999999,42.49210522842012
2679,803.58,91.22,86.36,91.0774,86.2574,42.46987152413676
2680,803.6,91.245,86.32,91.08439999999999,86.2632,42.441971153039646
2681,803.62,91.27,86.28999999999999,91.0942,86.26839999999999,42.4088377818481
2682,803.64,91.24,86.26,91.10459999999999,86.2732,42.38115532176348
2683,803.66,91.21,86.325,91.1102,86.28139999999999,42.35892175961438
2684,803.68,91.16999999999999,86.39,91.11060000000002,86.29180000000001,42.32557142706601
2685,803.7,91.13,86.465,91.11059999999999,86.3048,42.2975605009991
2686,803.72,91.1,86.54,91.11060000000002,86.3188,42.2863350269048
2687,803.74,91.07,86.47,91.1076,86.32800000000002,42.258651607843554
2688,803.76,91.08,86.4,91.1032,86.3344,42.22530114077327
2689,803.78,91.09,86.39500000000001,91.1026,86.34060000000001,42.203067503489294
2690,803.8,91.185,86.39,91.1092,86.34639999999999,42.17549509141924
2691,803.82,91.28,86.39,91.1222,86.35199999999999,42.14225561127929
2692,803.84,91.25999999999999,86.39,91.13699999999999,86.3572,42.1089054501187
2693,803.86,91.24,86.3,91.1502,86.3584,42.08122519017469
2694,803.88,91.175,86.21,91.16,86.3562,42.05899182367397
2695,803.9,91.11,86.225,91.1674,86.3548,42.03097738523881
2696,803.92,91.05,86.24,91.1726,86.3528,42.003074988673674
2697,803.94,90.99,86.32499999999999,91.1724,86.353,41.98095208325368
2698,803.96,91.03999999999999,86.41,91.17119999999998,86.35599999999998,41.958829891498524
2699,803.98,91.09,86.4,91.16879999999999,86.35799999999999,41.93670841317851
2700,804.0,91.125,86.39,91.1646,86.35979999999999,41.909029334640685
2701,804.02,91.16,86.36500000000001,91.1612,86.3608,41.875679445697024
2702,804.04,91.205,86.34,91.15899999999999,86.35960000000001,41.84232957009313
2703,804.06,91.25,86.34,91.15939999999999,86.35719999999999,41.81453801824806
2704,804.08,91.325,86.34,91.1636,86.3564,41.78107524340767
2705,804.1,91.4,86.27000000000001,91.16980000000001,86.3544,41.742054560473214
2706,804.12,91.36,86.2,91.17339999999999,86.35080000000002,41.719821225718384
2707,804.14,91.32,86.14500000000001,91.1766,86.34620000000001,41.69758789660788
2708,804.16,91.27,86.09,91.179,86.3368,41.66968420646499
2709,804.18,91.22,86.135,91.18099999999998,86.3266,41.64178097037221
2710,804.2,91.1,86.18,91.17980000000001,86.3152,41.614100779103964
2711,804.22,90.98,86.25,91.175,86.3036,41.59197966677199
2712,804.24,91.005,86.32,91.1724,86.2976,41.56963406556491
2713,804.26,91.03,86.35499999999999,91.17040000000001,86.2958,41.547400717698125
2714,804.28,90.975,86.39,91.1658,86.2956,41.52527980265469
2715,804.3,90.92,86.35499999999999,91.15520000000001,86.2942,41.503159611694265
2716,804.32,91.02000000000001,86.32,91.14479999999999,86.29140000000001,41.47548185841862
2717,804.34,91.12,86.31,91.1392,86.2882,41.442132149751906
2718,804.36,91.24000000000001,86.3,91.1392,86.2882,41.40311021906463
2719,804.38,91.36,86.285,91.14659999999999,86.2912,41.369647000540084
2720,804.4,91.305,86.27,91.15440000000001,86.293,41.34741376805105
2721,804.42,91.25,86.33500000000001,91.16239999999999,86.2968,41.31962223528023
2722,804.44,91.28999999999999,86.4,91.1744,86.29979999999999,41.28615933068791
2723,804.46,91.33,86.345,91.186,86.29720000000002,41.25814323437645
2724,804.48,91.36,86.29,91.1968,86.2928,41.23012924623002
2725,804.5,91.39,86.23500000000001,91.20739999999999,86.28660000000002,41.19677900434454
2726,804.52,91.325,86.18,91.214,86.2792,41.16898714571779
2727,804.54,91.26,86.27000000000001,91.21620000000001,86.2764,41.152091762205984
2728,804.56,91.305,86.36,91.2184,86.27720000000001,41.12974887458209
2729,804.58,91.35,86.36500000000001,91.21940000000001,86.2782,41.0966177711031
2730,804.6,91.445,86.37,91.2212,86.28220000000002,41.06348944843755
2731,804.62,91.54,86.34,91.22840000000001,86.2878,41.03558635570384
2732,804.64,91.44,86.31,91.2332,86.29439999999998,41.01313189260603
2733,804.66,91.34,86.305,91.236,86.30300000000001,40.985339946007244
2734,804.68,91.305,86.3,91.2394,86.30959999999999,40.9576583659541
2735,804.7,91.27,86.36,91.24619999999999,86.3168,40.93531446541712
2736,804.72,91.225,86.42,91.25599999999999,86.3236,40.9129710562496
2737,804.74,91.18,86.41499999999999,91.263,86.3274,40.88528901515699
2738,804.76,91.14500000000001,86.41,91.2676,86.32959999999999,40.857607739042
2739,804.78,91.11,86.425,91.27300000000001,86.331,40.835374283459394
2740,804.8,91.14500000000001,86.44,91.28200000000001,86.3344,40.80747170798463
2741,804.82,91.18,86.445,91.2884,86.33939999999998,40.779569597637476
2742,804.84,91.17,86.45,91.2904,86.345,40.757226357396426
2743,804.86,91.16,86.475,91.2872,86.352,40.73488361145207
2744,804.88,91.22,86.5,91.28160000000001,86.36059999999999,40.70698293000878
2745,804.9,91.28,86.42,91.28059999999999,86.3666,40.67363235815581
2746,804.92,91.265,86.34,91.28119999999998,86.3668,40.64028180031467
2747,804.94,91.25,86.30000000000001,91.27959999999999,86.36280000000001,40.612489678406334
2748,804.96,91.27000000000001,86.26,91.27720000000001,86.35940000000001,40.590364903502625
2749,804.98,91.29,86.28,91.2744,86.359,40.56813127837903
2750,805.0,91.28,86.3,91.27,86.3616,40.53467178607856
2751,805.02,91.27,86.3,91.26780000000001,86.3664,40.49565430737064
2752,805.04,91.36,86.3,91.2718,86.3676,40.467754136860385
2753,805.06,91.45,86.37,91.2776,86.368,40.44541289659541
2754,805.08,91.45,86.44,91.2816,86.37100000000001,40.41762061479589
2755,805.1,91.45,86.475,91.2818,86.37519999999999,40.38972133954548
2756,805.12,91.47,86.51,91.27900000000001,86.382,40.36727518440033
2757,805.14,91.49,86.505,91.281,86.38980000000001,40.350705577922184
2758,805.16,91.445,86.5,91.2852,86.3976,40.32868537684154
2759,805.18,91.4,86.52000000000001,91.289,86.40640000000002,40.289776237798485
2760,805.2,91.305,86.54,91.2904,86.4136,40.25642556187632
2761,805.22,91.21,86.54,91.28980000000001,86.4184,40.23975022859405
2762,805.24,91.21,86.54,91.291,86.4234,40.222967451494135
2763,805.26,91.21,86.48500000000001,91.29360000000001,86.42640000000002,40.194961972310416
2764,805.28,91.28,86.43,91.3004,86.4266,40.161505303924855
2765,805.3,91.35,86.415,91.30859999999998,86.42559999999999,40.128260172386746
2766,805.32,91.35,86.4,91.31540000000001,86.42380000000001,40.095015847213695
2767,805.34,91.35,86.42500000000001,91.32260000000001,86.42280000000001,40.06733077716208
2768,805.36,91.28999999999999,86.45,91.32780000000001,86.4218,40.03387276123469
2769,805.38,91.23,86.4,91.3282,86.4178,40.00586749888094
2770,805.4,91.215,86.35,91.3256,86.415,39.989192036966415
2771,805.42,91.2,86.38,91.32300000000001,86.4166,39.961399605744326
2772,805.44,91.25,86.41,91.32300000000001,86.421,39.933607182912596
2773,805.46,91.3,86.38,91.3242,86.4258,39.91137325158613
2774,805.48,91.33,86.35,91.3258,86.4286,39.889139325921285
2775,805.5,91.36,86.465,91.329,86.43520000000001,39.861453484291765
2776,805.52,91.37,86.58,91.33300000000001,86.44640000000001,39.82810270602193
2777,805.54,91.38,86.52,91.3338,86.4552,39.80020367841352
2778,805.56,91.34,86.46,91.3294,86.45880000000001,39.77796978103637
2779,805.58,91.3,86.455,91.3234,86.4594,39.75573588905137
2780,805.6,91.265,86.45,91.316,86.4584,39.72783723937845
2781,805.62,91.23,86.42500000000001,91.3064,86.455,39.69438057484646
2782,805.64,91.24000000000001,86.4,91.29639999999999,86.4508,39.66102959271704
2783,805.66,91.25,86.37,91.28859999999999,86.4456,39.633343039082234
2784,805.68,91.295,86.34,91.2844,86.4384,39.605657267582124
2785,805.7,91.34,86.385,91.2858,86.4322,39.57775826363922
2786,805.72,91.39,86.43,91.29299999999999,86.4278,39.549965889469846
2787,805.74,91.44,86.435,91.3022,86.42360000000001,39.516829400300345
2788,805.76,91.50999999999999,86.44,91.31419999999999,86.4218,39.48347875635693
2789,805.78,91.58,86.435,91.32620000000001,86.42200000000001,39.45568656379748
2790,805.8,91.63,86.43,91.3374,86.4226,39.422444317747164
2791,805.82,91.68,86.535,91.35060000000001,86.428,39.38909380382676
2792,805.84,91.65,86.64,91.3626,86.4366,39.366751608825496
2793,805.86,91.62,86.61,91.3758,86.443,39.34430259716504
2794,805.88,91.6,86.58,91.39059999999999,86.45020000000001,39.3164035228442
2795,805.9,91.58,86.52,91.40520000000001,86.45700000000001,39.282946449671144
2796,805.92,91.515,86.46,91.41779999999999,86.4602,39.25494328993014
2797,805.94,91.45,86.41499999999999,91.4258,86.4604,39.23281434262805
2798,805.96,91.475,86.37,91.4328,86.46,39.2051276698596
2799,805.98,91.5,86.345,91.43959999999998,86.4598,39.17167087951184
2800,806.0,91.53999999999999,86.32,91.4468,86.454,39.138319917777345
2801,806.02,91.58,86.335,91.45519999999999,86.4442,39.1105274594359
2802,806.04,91.515,86.35,91.46060000000001,86.4374,39.08839963130145
2803,806.06,91.45,86.36,91.465,86.4334,39.0717242105182
2804,806.08,91.46000000000001,86.37,91.47139999999999,86.43,39.04927848032288
2805,806.1,91.47,86.445,91.47959999999999,86.42980000000001,39.015927475458966
2806,806.12,91.46000000000001,86.52,91.4888,86.43360000000001,38.98268226736533
2807,806.14,91.45,86.53,91.4972,86.43879999999999,38.954996354151035
2808,806.16,91.475,86.54,91.5062,86.4456,38.93276249567841
2809,806.18,91.5,86.5,91.51440000000001,86.45199999999998,38.91042202569929
2810,806.2,91.52000000000001,86.46,91.52159999999999,86.455,38.88262964144864
2811,806.22,91.54,86.38999999999999,91.5276,86.45339999999999,38.86050249387588
2812,806.24,91.58000000000001,86.32,91.5332,86.44879999999999,38.83281767021166
2813,806.26,91.62,86.38999999999999,91.53759999999998,86.44679999999998,38.78824255464297
2814,806.28,91.59,86.46,91.538,86.44779999999999,38.75467838312899
2815,806.3,91.56,86.555,91.5352,86.45280000000001,38.732444455207144
2816,806.32,91.52000000000001,86.65,91.52879999999999,86.45739999999999,38.704652052575085
2817,806.34,91.48,86.64,91.52199999999999,86.45739999999999,38.67675367863695
2818,806.36,91.52000000000001,86.63,91.51799999999999,86.45819999999999,38.65451970977182
2819,806.38,91.56,86.565,91.51639999999999,86.45759999999999,38.63228574706192
2820,806.4,91.63499999999999,86.5,91.5186,86.45679999999999,38.59904100582769
2821,806.42,91.71,86.475,91.52640000000001,86.45739999999998,38.56579710397567
2822,806.44,91.69999999999999,86.45,91.5364,86.4588,38.538004833723036
2823,806.46,91.69,86.555,91.545,86.46619999999999,38.510212572797336
2824,806.48,91.67,86.66,91.5518,86.4788,38.482420320837875
2825,806.5,91.65,86.53,91.5562,86.48719999999999,38.449069630883834
2826,806.52,91.625,86.4,91.558,86.4898,38.42117007016504
2827,806.54,91.6,86.35,91.56139999999999,86.4898,38.39882948246591
2828,806.56,91.595,86.3,91.5672,86.4874,38.37103711300754
2829,806.58,91.59,86.375,91.5724,86.4876,38.33768628186316
2830,806.6,91.68,86.45,91.58080000000001,86.4878,38.2986706159432
2831,806.62,91.77,86.535,91.59320000000001,86.48839999999998,38.26521389504585
2832,806.64,91.775,86.62,91.60619999999999,86.492,38.23731616103045
2833,806.66,91.78,86.66,91.61840000000001,86.49680000000001,38.21508212289839
2834,806.68,91.785,86.7,91.62979999999999,86.50479999999999,38.192848090827404
2835,806.7,91.79,86.695,91.64059999999999,86.5142,38.15928805995321
2836,806.72,91.775,86.69,91.65,86.5262,38.120378319385196
2837,806.74,91.76,86.655,91.65720000000002,86.5396,38.087027125966095
2838,806.76,91.685,86.62,91.65980000000002,86.54880000000001,38.07024776943466
2839,806.78,91.61,86.505,91.66060000000002,86.55060000000002,38.048117417561606
2840,806.8,91.595,86.39,91.662,86.544,38.01487082118733
2841,806.82,91.58,86.4,91.6644,86.53400000000002,37.987078270354225
2842,806.84,91.58500000000001,86.41,91.66860000000001,86.5248,37.95928572857256
2843,806.86,91.59,86.4,91.6714,86.5156,37.93149319580876
2844,806.88,91.625,86.39,91.67400000000002,86.5086,37.903595796203675
2845,806.9,91.66,86.41499999999999,91.675,86.5052,37.87559526132801
2846,806.92,91.6,86.44,91.6706,86.5038,37.853155623412135
2847,806.94,91.54,86.455,91.6642,86.50399999999999,37.82526092604198
2848,806.96,91.555,86.47,91.65880000000001,86.50060000000002,37.78635080411325
2849,806.98,91.57,86.47,91.6548,86.493,37.75289792750596
2850,807.0,91.66,86.47,91.65520000000001,86.4906,37.725004153068866
2851,807.02,91.75,86.44,91.6602,86.4922,37.697110895917824
2852,807.04,91.715,86.41,91.6648,86.4946,37.6692181564681
2853,807.06,91.68,86.47,91.66820000000001,86.50139999999999,37.641524644905495
2854,807.08,91.66,86.53,91.671,86.5076,37.608172910604566
2855,807.1,91.64,86.56,91.66940000000001,86.512,37.57462212547025
2856,807.12,91.625,86.59,91.66359999999999,86.5142,37.55238753278007
2857,807.14,91.61,86.6,91.65700000000001,86.5134,37.530152945648645
2858,807.16,91.695,86.61,91.65360000000001,86.5114,37.49660423840062
2859,807.18,91.78,86.6,91.6534,86.50740000000002,37.45769353122722
2860,807.2,91.78,86.59,91.653,86.50319999999999,37.42443978651056
2861,807.22,91.78,86.62,91.6532,86.50039999999998,37.39664651631567
2862,807.24,91.745,86.65,91.6526,86.50019999999999,37.36885325497855
2863,807.26,91.71,86.61,91.65359999999998,86.4998,37.340961505339585
2864,807.28,91.78,86.57,91.6604,86.5024,37.307317752733695
2865,807.3,91.85,86.505,91.6706,86.50699999999999,37.273679467876875
2866,807.32,91.765,86.44,91.678,86.50859999999999,37.251350403973596
2867,807.34,91.68,86.42,91.68180000000001,86.509,37.229115366947084
2868,807.36,91.63,86.4,91.6834,86.509,37.20122803813738
2869,807.38,91.58,86.415,91.6816,86.51,37.167690167906784
2870,807.4,91.57499999999999,86.43,91.6782,86.5106,37.134154642348996
2871,807.42,91.57,86.48,91.677,86.51219999999999,37.10618031559214
2872,807.44,91.55,86.53,91.67739999999999,86.51520000000001,37.07829690277568
2873,807.46,91.53,86.63,91.6764,86.52159999999999,37.05050260481926
2874,807.48,91.65,86.73,91.67960000000001,86.53200000000001,37.02279762136334
2875,807.5,91.77,86.685,91.684,86.54060000000001,36.99500340348688
2876,807.52,91.785,86.64,91.68539999999999,86.54860000000001,36.96703097779375
2877,807.54,91.8,86.60499999999999,91.68880000000001,86.5564,36.93906097075319
2878,807.56,91.795,86.57,91.6934,86.56040000000002,36.90570761469763
2879,807.58,91.79,86.56,91.6986,86.5616,36.872354267909
2880,807.6,91.765,86.55,91.70360000000001,86.56119999999999,36.84994530410731
2881,807.62,91.74,86.56,91.70819999999999,86.56,36.82753882389494
2882,807.64,91.72,86.57,91.71260000000001,86.55879999999999,36.799492748029884
2883,807.66,91.7,86.57499999999999,91.71279999999999,86.5574,36.766056368459346
2884,807.68,91.75,86.58,91.7116,86.55660000000002,36.732868311117706
2885,807.7,91.8,86.59,91.7124,86.5566,36.70507350661127
2886,807.72,91.775,86.6,91.71220000000001,86.5558,36.671553604138715
2887,807.74,91.75,86.525,91.7124,86.5508,36.63803611096161
2888,807.76,91.715,86.45,91.71260000000001,86.54440000000001,36.61563909658045
2889,807.78,91.68,86.39,91.7086,86.5372,36.5876855418521
2890,807.8,91.69,86.33,91.7022,86.53020000000001,36.55433122104676
2891,807.82,91.7,86.38499999999999,91.69959999999999,86.528,36.52661495322357
2892,807.84,91.72,86.44,91.70119999999999,86.52879999999999,36.49866232635932
2893,807.86,91.74,86.475,91.70559999999999,86.5318,36.47063578154536
2894,807.88,91.81,86.51,91.7148,86.53559999999999,36.437281202858124
2895,807.9,91.88,86.515,91.727,86.539,36.4094857273137
2896,807.92,91.925,86.52,91.74119999999999,86.54060000000001,36.37598000867281
2897,807.94,91.97,86.53999999999999,91.75800000000001,86.541,36.331432435075456
2898,807.96,91.895,86.56,91.7726,86.5382,36.3035627829063
2899,807.98,91.82,86.53,91.77939999999998,86.53019999999998,36.28118015041897
2900,808.0,91.81,86.5,91.781,86.52279999999999,36.253312284599126
2901,808.02,91.8,86.455,91.7816,86.51539999999999,36.22544499656822
2902,808.04,91.845,86.41,91.7834,86.5076,36.197649105473246
2903,808.06,91.89,86.405,91.7872,86.50099999999999,36.1642940411557
2904,808.08,91.89500000000001,86.4,91.7914,86.49459999999999,36.12537980678398
2905,808.1,91.9,86.46000000000001,91.7968,86.491,36.092024756148454
2906,808.12,91.965,86.52,91.8058,86.4894,36.06408741343855
2907,808.14,92.03,86.535,91.81819999999999,86.488,36.03615260586217
2908,808.16,92.03999999999999,86.55,91.8318,86.48700000000001,36.00266110140464
2909,808.18,92.05,86.505,91.84380000000002,86.484,35.974731360870685
2910,808.2,91.935,86.46,91.8492,86.4788,35.952428548782756
2911,808.22,91.82,86.47,91.85099999999998,86.4736,35.91907295818728
2912,808.24,91.75,86.48,91.85099999999998,86.4718,35.89121142530551
2913,808.26,91.68,86.495,91.84960000000001,86.47359999999999,35.86884589849147
2914,808.28,91.625,86.51,91.8474,86.47840000000001,35.846482976871364
2915,808.3,91.57,86.53,91.84259999999999,86.48639999999999,35.824122667047305
2916,808.32,91.58,86.55,91.8378,86.493,35.79620562473216
2917,808.34,91.59,86.505,91.8326,86.49560000000001,35.76273180075636
2918,808.36,91.64,86.46,91.82860000000001,86.495,35.723758347149555
2919,808.38,91.69,86.455,91.82379999999999,86.4928,35.690344850470595
2920,808.4,91.86500000000001,86.45,91.8232,86.4902,35.65698855612247
2921,808.42,92.04,86.42500000000001,91.82780000000001,86.48639999999999,35.62363226480155
2922,808.44,92.1,86.4,91.833,86.4808,35.59016324100338
2923,808.46,92.16,86.405,91.84360000000001,86.4746,35.5566967963587
2924,808.48,92.16,86.41,91.8572,86.46979999999999,35.51778089384852
2925,808.5,92.16,86.475,91.87119999999999,86.46880000000002,35.47886499643246
2926,808.52,92.185,86.54,91.8866,86.47220000000002,35.4510679304278
2927,808.54,92.21,86.54,91.90119999999999,86.4774,35.4232708673906
2928,808.56,92.10499999999999,86.54,91.90979999999999,86.48280000000001,35.4009254755291
2929,808.58,92.0,86.465,91.914,86.48540000000001,35.378634905247175
2930,808.6,91.97999999999999,86.39,91.9172,86.4826,35.3508377223346
2931,808.62,91.96,86.42,91.917,86.4786,35.317428860742694
2932,808.64,91.97,86.45,91.9146,86.4752,35.278410254206364
2933,808.66,91.98,86.42,91.9122,86.47,35.2394437870457
2934,808.68,91.92500000000001,86.39,91.90719999999999,86.46539999999999,35.211596865515
2935,808.7,91.87,86.285,91.90459999999999,86.4584,35.19482132927885
2936,808.72,91.9,86.18,91.90780000000001,86.4468,35.16146439574738
2937,808.74,91.93,86.27000000000001,91.915,86.4384,35.11698848782889
2938,808.76,91.915,86.36,91.92439999999999,86.433,35.083631560087674
2939,808.78,91.9,86.435,91.93539999999999,86.43,35.06139361029654
2940,808.8,91.89,86.51,91.94820000000001,86.4292,35.04462044571035
2941,808.82,91.88,86.575,91.96019999999999,86.4302,35.022290503386
2942,808.84,91.975,86.64,91.97560000000001,86.4356,34.98332893325806
2943,808.86,92.07,86.56,91.99279999999999,86.43959999999998,34.94445728098576
2944,808.88,92.04499999999999,86.48,92.007,86.44059999999999,34.92231141844035
2945,808.9,92.02,86.445,92.0132,86.44040000000001,34.900073417317266
2946,808.92,92.015,86.41,92.01219999999999,86.43979999999999,34.872183587720365
2947,808.94,92.01,86.365,92.0086,86.4384,34.838736926844724
2948,808.96,92.02000000000001,86.32,92.00300000000001,86.435,34.805292943806265
2949,808.98,92.03,86.32499999999999,91.99779999999998,86.43160000000002,34.77749523636582
2950,809.0,92.015,86.33,91.992,86.4258,34.744181116503164
2951,809.02,92.0,86.345,91.98460000000001,86.41799999999999,34.71078074421594
2952,809.04,92.025,86.36,91.97720000000001,86.4108,34.682898776912936
2953,809.06,92.05,86.33,91.975,86.4024,34.64945996857274
2954,809.08,91.99000000000001,86.3,91.97460000000001,86.3958,34.6105430044355
2955,809.1,91.93,86.36500000000001,91.9726,86.39479999999999,34.57718560907686
2956,809.12,91.945,86.43,91.97200000000001,86.3952,34.54938778145822
2957,809.14,91.96,86.415,91.97160000000002,86.39380000000001,34.5216304907728
2958,809.16,91.99,86.4,91.97200000000001,86.39299999999999,34.49379212988385
2959,809.18,92.02,86.43,91.97579999999999,86.39460000000001,34.465994306278574
2960,809.2,92.03,86.46,91.9822,86.4016,34.43271892040881
2961,809.22,92.04,86.455,91.98780000000001,86.4126,34.39936161544145
2962,809.24,92.05000000000001,86.45,91.9926,86.4198,34.37148171729219
2963,809.26,92.06,86.42500000000001,91.99839999999999,86.4224,34.34360457257424
2964,809.28,92.095,86.4,92.0062,86.421,34.304648914397795
2965,809.3,92.13,86.295,92.0158,86.41240000000002,34.26013430704173
2966,809.32,92.03999999999999,86.19,92.02220000000001,86.39699999999999,34.232336369060285
2967,809.34,91.95,86.18,92.0212,86.3786,34.21017476112825
2968,809.36,91.905,86.17,92.01460000000002,86.36300000000001,34.1879364626416
2969,809.38,91.86,86.22,92.0072,86.3526,34.160061736446856
2970,809.4,91.88499999999999,86.27,92.0018,86.34559999999999,34.12663019073765
2971,809.42,91.91,86.315,91.9976,86.3418,34.093201406688245
2972,809.44,91.93,86.36,91.9944,86.3416,34.05428413898745
2973,809.46,91.95,86.33,91.9916,86.34200000000001,34.02655742447398
2974,809.48,91.965,86.3,91.98900000000002,86.34099999999998,33.99875943708441
2975,809.5,91.98,86.275,91.9876,86.33879999999999,33.95980615564961
2976,809.52,91.99000000000001,86.25,91.98719999999999,86.335,33.920888935706415
2977,809.54,92.0,86.295,91.9862,86.33239999999999,33.88749587256121
2978,809.56,92.0,86.34,91.9842,86.3328,33.86525744034052
2979,809.58,92.0,86.35,91.98459999999999,86.3348,33.843054503191375
2980,809.6,91.99000000000001,86.36,91.98700000000001,86.33460000000001,33.80969689177608
2981,809.62,91.98,86.315,91.9884,86.33,33.7763392824268
2982,809.64,91.975,86.27,91.98899999999999,86.3242,33.748505682793386
2983,809.66,91.97,86.25999999999999,91.98819999999999,86.3186,33.709588434742095
2984,809.68,91.92,86.25,91.9842,86.31139999999999,33.66511158233731
2985,809.7,91.87,86.28999999999999,91.97779999999999,86.3046,33.63724433810465
2986,809.72,91.86500000000001,86.33,91.9708,86.2996,33.620565485650815
2987,809.74,91.86,86.31,91.96320000000001,86.29400000000001,33.598361294588265
2988,809.76,91.88,86.29,91.956,86.2886,33.570528930161906
2989,809.78,91.9,86.215,91.9482,86.28119999999998,33.53717122866425
2990,809.8,91.89500000000001,86.14,91.93879999999999,86.275,33.50388301768712
2991,809.82,91.89,86.15,91.93279999999999,86.2734,33.47052538853797
2992,809.84,91.955,86.16,91.933,86.2726,33.431608156425185
2993,809.86,92.02,86.145,91.9376,86.27159999999999,33.398323206262994
2994,809.88,91.995,86.13,91.94300000000001,86.26799999999999,33.37052524642189
2995,809.9,91.97,86.18,91.9464,86.26440000000001,33.33709488893026
2996,809.92,91.95,86.23,91.94800000000001,86.26100000000001,33.30373726830032
2997,809.94,91.93,86.22,91.948,86.2554,33.28149885528893
2998,809.96,91.915,86.21,91.9466,86.25059999999999,33.26478467975493
2999,809.98,91.9,86.215,91.944,86.2472,33.231462429336
3000,810.0,91.845,86.22,91.9386,86.245,33.18698561005576
3001,810.02,91.79,86.195,91.93060000000001,86.2428,33.159152119975374
3002,810.04,91.74000000000001,86.17,91.92020000000001,86.23780000000001,33.14243854615583
3003,810.06,91.69,86.15,91.90780000000001,86.23020000000001,33.1146064475176
3004,810.08,91.785,86.13,91.89920000000001,86.22139999999999,33.07572318513095
3005,810.1,91.88,86.125,91.89479999999999,86.21199999999999,33.04243596654345
3006,810.12,91.89,86.12,91.89119999999998,86.2042,33.00915189279308
3007,810.14,91.9,86.13,91.8882,86.19859999999998,32.97023477614692
3008,810.16,91.92,86.14,91.8862,86.19380000000001,32.93680355569709
3009,810.18,91.94,86.14,91.887,86.1894,32.90341020111721
3010,810.2,91.89,86.14,91.88780000000001,86.1834,32.87561217278829
3011,810.22,91.84,86.175,91.88680000000001,86.17720000000001,32.85337375057241
3012,810.24,91.815,86.21,91.885,86.1732,32.82557572437039
3013,810.26,91.79,86.175,91.88140000000001,86.16859999999998,32.792182972587135
3014,810.28,91.755,86.14,91.87559999999999,86.16560000000001,32.764384919227325
3015,810.3,91.72,86.13,91.8686,86.16519999999998,32.74777718154085
3016,810.32,91.75999999999999,86.12,91.8634,86.16400000000002,32.719943234646365
3017,810.34,91.8,86.135,91.85719999999999,86.163,32.68092255832449
3018,810.36,91.84,86.15,91.85,86.1632,32.647564829636075
3019,810.38,91.88,86.08000000000001,91.84539999999998,86.16120000000001,32.61427544977229
3020,810.4,91.97,86.01,91.84540000000001,86.15440000000001,32.57535818554026
3021,810.42,92.06,86.045,91.8498,86.14699999999999,32.536372413517824
3022,810.44,91.98,86.08,91.8518,86.14140000000002,32.50298154444422
3023,810.46,91.9,86.12,91.8512,86.13780000000001,32.48077621105196
3024,810.48,91.81,86.16,91.8476,86.1356,32.464166014698634
3025,810.5,91.72,86.155,91.8426,86.13300000000001,32.4308083670464
3026,810.52,91.66,86.15,91.8374,86.1312,32.39738191671531
3027,810.54,91.6,86.105,91.8318,86.1286,32.380669786334494
3028,810.56,91.65,86.06,91.8302,86.125,32.35839875670526
3029,810.58,91.7,86.105,91.8268,86.12400000000001,32.319449542497075
3030,810.6,91.71000000000001,86.15,91.82,86.125,32.28056393624129
3031,810.62,91.72,86.23,91.8132,86.12939999999999,32.25835804832759
3032,810.64,91.745,86.31,91.807,86.1366,32.24167917660739
3033,810.66,91.77,86.205,91.801,86.1392,32.21391450268281
3034,810.68,91.77,86.1,91.7942,86.1376,32.175031434264874
3035,810.7,91.77,86.05,91.7894,86.134,32.14167376490432
3036,810.72,91.725,86.0,91.78479999999999,86.127,32.11387570891916
3037,810.74,91.68,86.065,91.77939999999998,86.12119999999999,32.08048368658307
3038,810.76,91.67,86.13,91.77459999999999,86.1194,32.04705952140203
3039,810.78,91.66,86.12,91.77080000000002,86.11859999999999,32.01370175342229
3040,810.8,91.63499999999999,86.11,91.7674,86.1178,31.98590361509482
3041,810.82,91.61,86.11500000000001,91.76140000000001,86.1176,31.963601565498184
3042,810.84,91.63,86.12,91.7546,86.117,31.94136301229826
3043,810.86,91.65,86.095,91.74699999999999,86.1148,31.9080688328853
3044,810.88,91.63,86.07,91.73700000000001,86.1144,31.86362485281608
3045,810.9,91.61,86.08,91.7226,86.1172,31.835793685483985
3046,810.92,91.59,86.09,91.70379999999999,86.11900000000001,31.81349134020514
3047,810.94,91.57,86.02000000000001,91.6874,86.1166,31.785724711413803
3048,810.96,91.585,85.95,91.67479999999999,86.10979999999999,31.75802598827894
3049,810.98,91.6,85.875,91.6664,86.0984,31.71910869042382
3050,811.0,91.62,85.8,91.66239999999999,86.0842,31.685683784973918
3051,811.02,91.64,85.89,91.66159999999999,86.07379999999999,31.663381141924468
3052,811.04,91.6,85.98,91.66159999999999,86.0688,31.63555203567893
3053,811.06,91.56,85.98,91.65799999999999,86.06559999999999,31.59660436625001
3054,811.08,91.525,85.98,91.65100000000001,86.0606,31.557628761673666
3055,811.1,91.49,86.075,91.64219999999999,86.05760000000001,31.535390135502265
3056,811.12,91.425,86.17,91.63040000000001,86.0552,31.518739847513245
3057,811.14,91.36,86.11500000000001,91.615,86.0474,31.485411438104155
3058,811.16,91.36500000000001,86.06,91.5988,86.0416,31.457643520641142
3059,811.18,91.37,86.05000000000001,91.58279999999999,86.0396,31.44649391654775
3060,811.2,91.41,86.04,91.5684,86.03920000000002,31.418637353681422
3061,811.22,91.45,86.02000000000001,91.5574,86.04000000000002,31.379691742936117
3062,811.24,91.445,86.0,91.54800000000002,86.03740000000002,31.346333779459084
3063,811.26,91.44,86.03999999999999,91.53880000000001,86.03380000000001,31.3185635517889
3064,811.28,91.44,86.08,91.53,86.03220000000002,31.296383493422354
3065,811.3,91.44,86.03,91.5222,86.029,31.26858527003181
3066,811.32,91.38499999999999,85.98,91.5132,86.02359999999999,31.2351405761044
3067,811.34,91.33,86.005,91.50120000000001,86.01899999999999,31.19619556682327
3068,811.36,91.27,86.03,91.486,86.01640000000002,31.157305340736016
3069,811.38,91.21,86.095,91.4692,86.0174,31.135039258516652
3070,811.4,91.205,86.16,91.45299999999999,86.0206,31.123893271867107
3071,811.42,91.2,86.16,91.4374,86.0234,31.09612160950229
3072,811.44,91.23,86.16,91.42379999999999,86.029,31.06281943995421
3073,811.46,91.26,86.08500000000001,91.4108,86.0344,31.04616959754815
3074,811.48,91.235,86.01,91.39620000000001,86.0398,31.023901864341276
3075,811.5,91.21,86.0,91.37980000000002,86.0478,30.99054394326339
3076,811.52,91.215,85.99,91.3628,86.0518,30.96274567684392
3077,811.54,91.22,86.1,91.3476,86.0566,30.94045102959483
3078,811.56,91.18,86.21,91.33239999999999,86.0658,30.912574594952968
3079,811.58,91.14,86.175,91.317,86.0736,30.87919206898417
3080,811.6,91.11,86.14,91.3018,86.07620000000001,30.85144343716111
3081,811.62,91.08,86.08,91.288,86.07260000000001,30.829230857779024
3082,811.64,91.13,86.02,91.27879999999999,86.0688,30.801406387639865
3083,811.66,91.18,86.04499999999999,91.2714,86.06819999999999,30.768048356057434
3084,811.68,91.065,86.07,91.2592,86.06900000000002,30.740249997026186
3085,811.7,90.95,86.05,91.2408,86.06939999999999,30.70689196722233
3086,811.72,90.97,86.03,91.2216,86.0698,30.679146892846823
3087,811.74,90.99,86.00999999999999,91.2034,86.07019999999999,30.668084101749006
3088,811.76,90.93,85.99,91.18299999999999,86.06819999999999,30.64584549636347
3089,811.78,90.87,85.995,91.1602,86.06479999999999,30.61243095362125
3090,811.8,90.9,86.0,91.13860000000001,86.06360000000001,30.590165185076977
3091,811.82,90.93,86.065,91.12039999999999,86.06700000000001,30.57354127301068
3092,811.84,90.94,86.13,91.1048,86.072,30.551331428612038
3093,811.86,90.95,86.155,91.09200000000001,86.07699999999998,30.52347637512154
3094,811.88,90.945,86.18,91.08139999999999,86.08040000000001,30.48453153202935
3095,811.9,90.94,86.135,91.0708,86.0794,30.451200786585897
3096,811.92,90.83,86.09,91.056,86.0766,30.43452180527586
3097,811.94,90.72,86.055,91.03560000000002,86.0724,30.41225588168006
3098,811.96,90.685,86.02,91.0126,86.0698,30.378871393577846
3099,811.98,90.65,85.955,90.9892,86.06759999999998,30.339953704524973
3100,812.0,90.77000000000001,85.89,90.9716,86.0632,30.306649624750232
3101,812.02,90.89,85.9,90.9586,86.05959999999999,30.28446823437985
3102,812.04,90.815,85.91,90.94239999999999,86.052,30.26778928782144
3103,812.06,90.74,85.995,90.92479999999999,86.0434,30.2511103408628
3104,812.08,90.735,86.08,90.9086,86.0396,30.22337273980649
3105,812.1,90.73,86.095,90.8934,86.0378,30.19567175197186
3106,812.12,90.74000000000001,86.11,90.87980000000002,86.039,30.167907726932363
3107,812.14,90.75,86.11500000000001,90.86460000000001,86.0428,30.134482654256118
3108,812.16,90.685,86.12,90.84480000000002,86.0458,30.117739634726703
3109,812.18,90.62,86.065,90.82700000000001,86.0456,30.095501088319143
3110,812.2,90.68,86.01,90.8162,86.044,30.05661535899125
3111,812.22,90.74,86.01,90.807,86.0432,30.034442809568567
3112,812.24,90.725,86.01,90.79639999999999,86.0432,30.017798197201788
3113,812.26,90.71,85.95500000000001,90.7876,86.04180000000001,29.98444052891417
3114,812.28,90.61,85.9,90.77720000000001,86.038,29.956642473285253
3115,812.3,90.51,85.89500000000001,90.7616,86.03380000000001,29.939963640961313
3116,812.32,90.505,85.89,90.7446,86.02680000000001,29.91772519782995
3117,812.34,90.5,85.955,90.727,86.01979999999999,29.895452373603973
3118,812.36,90.47,86.02,90.70779999999999,86.01440000000001,29.873213907198227
3119,812.38,90.44,86.08,90.6876,86.0104,29.84545026407878
3120,812.4,90.44999999999999,86.14,90.668,86.0106,29.823247120067137
3121,812.42,90.46,86.13499999999999,90.6532,86.0124,29.806604457127293
3122,812.44,90.38999999999999,86.13,90.64,86.01540000000001,29.78440307742807
3123,812.46,90.32,86.07499999999999,90.62539999999998,86.0176,29.751083422372137
3124,812.48,90.47,86.02,90.6182,86.0202,29.717725932808317
3125,812.5,90.62,86.025,90.61219999999999,86.0256,29.695449658670206
3126,812.52,90.605,86.03,90.60079999999999,86.0308,29.667651718263613
3127,812.54,90.59,86.00999999999999,90.5918,86.03479999999999,29.63433221954851
3128,812.56,90.61500000000001,85.99,90.5868,86.0346,29.60657321874588
3129,812.58,90.64,86.0,90.583,86.03139999999999,29.584374694480154
3130,812.6,90.57,86.01,90.5766,86.02799999999999,29.562177069225868
3131,812.62,90.5,86.0,90.567,86.0236,29.53437928424405
3132,812.64,90.42,85.99,90.5538,86.01859999999999,29.51765991900079
3133,812.66,90.34,86.04499999999999,90.54,86.01559999999999,29.506540790946904
3134,812.68,90.28999999999999,86.1,90.52680000000001,86.017,29.48430253446791
3135,812.7,90.24,86.21,90.5092,86.025,29.45650471675071
3136,812.72,90.29499999999999,86.32,90.4914,86.03739999999999,29.423188163345056
3137,812.74,90.35,86.31,90.4764,86.0494,29.38987254744762
3138,812.76,90.395,86.3,90.46379999999999,86.0632,29.362117411729376
3139,812.78,90.44,86.255,90.457,86.0774,29.339879257792372
3140,812.8,90.375,86.21,90.4516,86.08999999999997,29.323200643710422
3141,812.82,90.31,86.12,90.4438,86.0992,29.301006024034045
3142,812.84,90.25999999999999,86.03,90.4342,86.1022,29.273208378004252
3143,812.86,90.21,86.06,90.42380000000001,86.10379999999999,29.250970262604167
3144,812.88,90.115,86.09,90.4108,86.1042,29.23994099285294
3145,812.9,90.02,86.125,90.39359999999999,86.1036,29.223403574347472
3146,812.92,90.00999999999999,86.16,90.37560000000002,86.10459999999999,29.195654933234042
3147,812.94,90.0,86.155,90.36,86.1056,29.17332025056522
3148,812.96,90.03999999999999,86.15,90.34880000000001,86.10860000000001,29.15098882117594
3149,812.98,90.08,86.18,90.33319999999999,86.115,29.123191271621405
3150,813.0,90.1,86.21,90.3124,86.1224,29.100953234474087
3151,813.02,90.12,86.32,90.29299999999999,86.13400000000001,29.08432111841602
3152,813.04,90.155,86.43,90.2756,86.1508,29.062227573141485
3153,813.06,90.19,86.355,90.2586,86.1654,29.0344801174025
3154,813.08,90.12,86.28,90.23780000000001,86.1766,29.012293065751557
3155,813.1,90.05,86.25,90.21700000000001,86.18619999999999,28.99571892221434
3156,813.12,89.965,86.22,90.1956,86.195,28.978988065326014
3157,813.14,89.88,86.185,90.17399999999999,86.20280000000001,28.956698553055077
3158,813.16,89.83,86.15,90.15359999999998,86.20700000000001,28.934460751371063
3159,813.18,89.78,86.14,90.1332,86.2086,28.923290899525462
3160,813.2,89.78999999999999,86.13,90.1152,86.20540000000001,28.912121865142677
3161,813.22,89.8,86.125,90.09539999999998,86.19760000000001,28.8843245206294
3162,813.24,89.87,86.12,90.07620000000001,86.19,28.85106901077059
3163,813.26,89.94,86.2,90.05799999999999,86.186,28.82888319539926
3164,813.28,90.015,86.28,90.041,86.18700000000001,28.806542268162428
3165,813.3,90.09,86.31,90.02959999999999,86.191,28.773135168646675
3166,813.32,90.08500000000001,86.34,90.0206,86.1998,28.74533783753313
3167,813.34,90.08,86.36,90.0134,86.21300000000001,28.73416934308207
3168,813.36,89.945,86.38,90.0028,86.22579999999999,28.728659439856187
3169,813.38,89.81,86.39,89.9906,86.23780000000001,28.71769445902391
3170,813.4,89.815,86.4,89.9824,86.24879999999999,28.695509799565013
3171,813.42,89.82,86.35,89.9748,86.25640000000001,28.667659542742967
3172,813.44,89.75,86.3,89.9648,86.26219999999999,28.65087750357463
3173,813.46,89.68,86.275,89.95039999999999,86.26719999999999,28.639658276854774
3174,813.48,89.70500000000001,86.25,89.93539999999999,86.27,28.623029612205166
3175,813.5,89.73,86.25,89.9206,86.27159999999999,28.600893945036248
3176,813.52,89.65,86.25,89.90180000000001,86.2688,28.578604606819308
3177,813.54,89.57,86.31,89.8784,86.264,28.556316057452065
3178,813.56,89.56,86.37,89.8532,86.26459999999999,28.534128987998717
3179,813.58,89.55,86.405,89.8304,86.26960000000001,28.523061750604114
3180,813.6,89.60499999999999,86.44,89.81259999999999,86.27720000000001,28.517554854751584
3181,813.62,89.66,86.425,89.80040000000001,86.2854,28.495317130093362
3182,813.64,89.675,86.41,89.7922,86.29440000000001,28.46190789984296
3183,813.66,89.69,86.38499999999999,89.78659999999999,86.3038,28.44522957982097
3184,813.68,89.69,86.36,89.78299999999999,86.3126,28.43967013976608
3185,813.7,89.69,86.33,89.779,86.3206,28.428551260615215
3186,813.72,89.675,86.3,89.77400000000002,86.3276,28.411872942409264
3187,813.74,89.66,86.3,89.76559999999999,86.3348,28.389635186203147
3188,813.76,89.655,86.3,89.7542,86.33879999999999,28.361890827366523
3189,813.78,89.65,86.255,89.7396,86.3378,28.33409368979411
3190,813.8,89.6,86.21,89.72,86.33380000000001,28.317415409587824
3191,813.82,89.55,86.25999999999999,89.6986,86.33059999999999,28.311909784402857
3192,813.84,89.49000000000001,86.31,89.675,86.3286,28.30073712959085
3193,813.86,89.43,86.28999999999999,89.65440000000001,86.325,28.27283487556119
3194,813.88,89.435,86.27,89.63940000000001,86.32019999999999,28.250597090074397
3195,813.9,89.44,86.265,89.62440000000001,86.31480000000002,28.245089819192167
3196,813.92,89.44999999999999,86.26,89.60959999999999,86.31119999999999,28.228464596670193
3197,813.94,89.46,86.27000000000001,89.598,86.31,28.195162074736338
3198,813.96,89.405,86.28,89.587,86.31020000000001,28.172870355321717
3199,813.98,89.35,86.295,89.5728,86.31200000000001,28.167205414084787
3200,814.0,89.35,86.31,89.55760000000001,86.3144,28.156035065362655
3201,814.02,89.35,86.34,89.5456,86.318,28.139356703547406
3202,814.04,89.35499999999999,86.37,89.53699999999999,86.3204,28.12834169891475
3203,814.06,89.36,86.38,89.529,86.3208,28.11733030112711
3204,814.08,89.325,86.39,89.52,86.3202,28.100597860625513
3205,814.1,89.29,86.38,89.5074,86.31779999999999,28.083762171427338
3206,814.12,89.33500000000001,86.37,89.49439999999998,86.31560000000002,28.072643266704603
3207,814.14,89.38,86.35,89.4826,86.3132,28.056122490358092
3208,814.16,89.49,86.33,89.47460000000001,86.311,28.028379733777886
3209,814.18,89.6,86.28,89.471,86.3078,28.00608770827018
3210,814.2,89.55,86.23,89.46539999999999,86.30380000000001,27.99496886951633
3211,814.22,89.5,86.305,89.45839999999998,86.304,27.978290611963004
3212,814.24,89.38499999999999,86.38,89.4474,86.30720000000001,27.95599933645985
3213,814.26,89.27,86.41999999999999,89.432,86.31200000000001,27.939321048948585
3214,814.28,89.315,86.46,89.41860000000001,86.32019999999999,27.928310386758394
3215,814.3,89.36,86.41999999999999,89.40900000000002,86.3286,27.917303359248862
3216,814.32,89.28999999999999,86.38,89.3986,86.3334,27.90056883666626
3217,814.34,89.22,86.31,89.38780000000001,86.3334,27.87266167446204
3218,814.36,89.2,86.24,89.37859999999999,86.33140000000002,27.85037020525488
3219,814.38,89.18,86.28,89.36840000000001,86.3318,27.844757853104017
3220,814.4,89.2,86.32,89.35879999999999,86.334,27.839251352828278
3221,814.42,89.22,86.32,89.34960000000001,86.3364,27.82818634671713
3222,814.44,89.255,86.32,89.3414,86.33840000000001,27.80589479597554
3223,814.46,89.29,86.35,89.33679999999998,86.34119999999999,27.778097668553713
3224,814.48,89.23500000000001,86.38,89.3322,86.34459999999999,27.76147337075529
3225,814.5,89.18,86.36,89.3254,86.3466,27.750409434055058
3226,814.52,89.18,86.34,89.3186,86.3466,27.73373122688728
3227,814.54,89.18,86.37,89.3116,86.3466,27.711438651441203
3228,814.56,89.2,86.4,89.3052,86.3474,27.700265730376703
3229,814.58,89.22,86.415,89.301,86.3484,27.700265730867102
3230,814.6,89.15,86.43,89.29540000000001,86.35040000000001,27.689201002240043
3231,814.62,89.08,86.44,89.2852,86.3532,27.666963354904038
3232,814.64,89.10499999999999,86.45,89.27420000000001,86.35719999999999,27.650285120399904
3233,814.66,89.13,86.38499999999999,89.2598,86.35940000000001,27.639166298594677
3234,814.68,89.1,86.32,89.2398,86.36099999999999,27.622488066142722
3235,814.7,89.07,86.33,89.22060000000002,86.36499999999998,27.60030561466394
3236,814.72,89.08,86.34,89.20380000000002,86.3664,27.57812415167953
3237,814.74,89.09,86.35,89.19200000000001,86.36519999999999,27.561445990716248
3238,814.76,89.17500000000001,86.36,89.1882,86.36280000000001,27.544767832120268
3239,814.78,89.26,86.38,89.186,86.35960000000001,27.522587433707173
3240,814.8,89.245,86.4,89.1814,86.35880000000002,27.50602637222991
3241,814.82,89.23,86.415,89.179,86.3602,27.500526915156218
3242,814.84,89.19,86.43,89.1778,86.365,27.489348323544913
3243,814.86,89.15,86.38,89.17580000000002,86.3706,27.47261122448697
3244,814.88,89.105,86.33,89.17280000000001,86.3726,27.461492503401733
3245,814.9,89.06,86.345,89.16720000000001,86.37359999999998,27.450373782587747
3246,814.92,89.095,86.36,89.1622,86.3752,27.439196841443408
3247,814.94,89.13,86.36,89.15720000000002,86.3768,27.416959355587302
3248,814.96,89.08,86.36,89.14880000000001,86.37720000000002,27.389162502169697
3249,814.98,89.03,86.36,89.1406,86.37639999999999,27.37798631527608
3250,815.0,89.075,86.36,89.1364,86.37639999999999,27.37242693422253
3251,815.02,89.12,86.36,89.134,86.37720000000002,27.361308171021175
3252,815.04,89.11500000000001,86.36,89.13140000000001,86.37679999999999,27.350189409106083
3253,815.06,89.11,86.38499999999999,89.1278,86.37620000000001,27.333568806869287
3254,815.08,89.08500000000001,86.41,89.1224,86.37599999999999,27.31138982652617
3255,815.1,89.06,86.46000000000001,89.11880000000001,86.37719999999999,27.300271113870746
3256,815.12,88.99000000000001,86.51,89.1152,86.38,27.289211851612723
3257,815.14,88.92,86.475,89.10780000000001,86.381,27.26697447852985
3258,815.16,88.955,86.44,89.10079999999999,86.3832,27.25579627155532
3259,815.18,88.99,86.405,89.09639999999999,86.3866,27.250296450808317
3260,815.2,88.97,86.37,89.0924,86.38820000000001,27.233678904214912
3261,815.22,88.95,86.36,89.0872,86.389,27.21150302609276
3262,815.24,88.93,86.35,89.08080000000001,86.38900000000001,27.194887465200203
3263,815.26,88.91,86.41499999999999,89.0702,86.39120000000001,27.189328162150545
3264,815.28,88.89,86.48,89.05539999999999,86.3952,27.18376885998957
3265,815.3,88.87,86.55000000000001,89.0404,86.40119999999999,27.167028501753695
3266,815.32,88.80000000000001,86.62,89.0232,86.40939999999999,27.155787654763916
3267,815.34,88.73,86.605,89.00479999999999,86.4164,27.150228314783384
3268,815.36,88.81,86.59,88.99119999999999,86.42479999999999,27.13367261506679
3269,815.38,88.89,86.48,88.9826,86.4308,27.117057241059534
3270,815.4,88.95,86.37,88.9782,86.43180000000001,27.100316735616293
3271,815.42,89.01,86.32,88.9748,86.4302,27.07801774435126
3272,815.44,88.98,86.27,88.96879999999999,86.4266,27.061401550367037
3273,815.46,88.95,86.34,88.9636,86.4258,27.044723616626147
3274,815.48,88.97,86.41,88.96119999999999,86.4278,27.02248637420972
3275,815.5,88.99,86.47999999999999,88.9578,86.43260000000001,27.01149429352216
3276,815.52,88.925,86.55,88.95,86.44019999999999,27.01162449901798
3277,815.54,88.86,86.53,88.93979999999999,86.447,27.000572490813187
3278,815.56,88.92,86.51,88.93220000000001,86.45200000000001,26.978268960317337
3279,815.58,88.98,86.52000000000001,88.92800000000001,86.45640000000002,26.961525510616283
3280,815.6,88.88,86.53,88.92080000000001,86.4592,26.955966242151092
3281,815.62,88.78,86.48,88.91239999999999,86.458,26.95596624232823
3282,815.64,88.7,86.43,88.90360000000001,86.45620000000001,26.95034218275273
3283,815.66,88.62,86.355,88.89020000000001,86.45279999999998,26.92810505734412
3284,815.68,88.62,86.28,88.87540000000001,86.4478,26.90593283271929
3285,815.7,88.62,86.315,88.86139999999999,86.4456,26.894749374883727
3286,815.72,88.595,86.35,88.84720000000002,86.4452,26.883566784574185
3287,815.74,88.57,86.39,88.83279999999999,86.44679999999998,26.872448199156928
3288,815.76,88.565,86.43,88.819,86.4474,26.8668889075041
3289,815.78,88.56,86.45500000000001,88.8058,86.4464,26.866888907671957
3290,815.8,88.58,86.48,88.7942,86.4436,26.86139369987034
3291,815.82,88.6,86.43,88.78620000000001,86.436,26.844780910322
3292,815.84,88.615,86.38,88.7816,86.427,26.83359730853015
3293,815.86,88.63,86.38,88.7744,86.41860000000001,26.827973867466245
3294,815.88,88.61,86.38,88.7632,86.41460000000001,26.81691947645119
3295,815.9,88.59,86.375,88.74879999999999,86.41480000000001,26.800439881523417
3296,815.92,88.64500000000001,86.37,88.7342,86.41680000000001,26.778409662946636
3297,815.94,88.7,86.36500000000001,88.72300000000001,86.4206,26.761732089064076
3298,815.96,88.68,86.36,88.7122,86.42139999999999,26.75603404385054
3299,815.98,88.66,86.39500000000001,88.69980000000001,86.4208,26.750406771265492
3300,816.0,88.66,86.43,88.6866,86.41879999999999,26.739356386279063
3301,816.02,88.66,86.545,88.676,86.41860000000001,26.72830698530476
3302,816.04,88.65,86.66,88.66760000000001,86.42380000000001,26.7170513746667
3303,816.06,88.64,86.60499999999999,88.65639999999999,86.4276,26.71149214244924
3304,816.08,88.6,86.55,88.64119999999998,86.4288,26.700581003876735
3305,816.1,88.56,86.485,88.6284,86.427,26.67834425111942
3306,816.12,88.575,86.42,88.62020000000001,86.42460000000001,26.667225876945157
3307,816.14,88.59,86.48,88.6158,86.4266,26.66180975275689
3308,816.16,88.565,86.54,88.6136,86.43400000000001,26.650691439698253
3309,816.18,88.54,86.47,88.61040000000001,86.4416,26.63394190105629
3310,816.2,88.52000000000001,86.4,88.60640000000001,86.445,26.617264389173222
3311,816.22,88.5,86.42500000000001,88.6026,86.44800000000001,26.606146049899703
3312,816.24,88.44,86.45,88.59740000000002,86.4504,26.600586880710576
3313,816.26,88.38,86.475,88.59,86.45219999999999,26.595027712134563
3314,816.28,88.38,86.5,88.5828,86.454,26.583838098801756
3315,816.3,88.38,86.47,88.5748,86.45360000000001,26.57271973261493
3316,816.32,88.365,86.44,88.5654,86.45400000000001,26.567304121438536
3317,816.34,88.35,86.44,88.5548,86.45639999999999,26.556259031262996
3318,816.36,88.39,86.44,88.54520000000001,86.4588,26.539508360439203
3319,816.38,88.43,86.43,88.538,86.4608,26.52831770082296
3320,816.4,88.48,86.42,88.5336,86.46260000000001,26.51719936929731
3321,816.42,88.53,86.475,88.52900000000001,86.4668,26.511785944288263
3322,816.44,88.515,86.53,88.52159999999999,86.4734,26.511935421264855
3323,816.46,88.5,86.47,88.51440000000001,86.4778,26.495182859561616
3324,816.48,88.455,86.41,88.50619999999999,86.47840000000001,26.46738727008529
3325,816.5,88.41,86.4,88.49619999999999,86.47720000000001,26.456420699062964
3326,816.52,88.41499999999999,86.39,88.48639999999999,86.471,26.45101705406438
3327,816.54,88.42,86.43,88.4772,86.4618,26.43441907336115
3328,816.56,88.4,86.47,88.4676,86.45639999999999,26.423221798529394
3329,816.58,88.38,86.475,88.45880000000001,86.4534,26.412025394998107
3330,816.6,88.33500000000001,86.48,88.4498,86.4532,26.395348197825584
3331,816.62,88.29,86.44,88.4384,86.454,26.384230067573892
3332,816.64,88.315,86.4,88.42739999999999,86.4508,26.38423006819185
3333,816.66,88.34,86.38,88.41839999999998,86.4444,26.38986750235049
3334,816.68,88.34,86.36,88.4104,86.44,26.3788287464132
3335,816.7,88.34,86.35499999999999,88.4032,86.4382,26.351033593407806
3336,816.72,88.245,86.35,88.39299999999999,86.43519999999998,26.334356505381777
3337,816.74,88.15,86.405,88.3814,86.4334,26.334356505641658
3338,816.76,88.13,86.46,88.37140000000001,86.4328,26.334356506234805
3339,816.78,88.11,86.455,88.36059999999999,86.431,26.323400287715405
3340,816.8,88.095,86.45,88.3492,86.43019999999999,26.30688901281632
3341,816.82,88.08,86.42,88.3378,86.42939999999999,26.29012876334505
3342,816.84,88.16,86.39,88.3302,86.42740000000002,26.27336935309127
3343,816.86,88.24,86.345,88.3242,86.42360000000001,26.262333893989737
3344,816.88,88.255,86.3,88.31720000000001,86.4184,26.256774920655126
3345,816.9,88.27,86.3,88.3088,86.41359999999999,26.245492770148054
3346,816.92,88.245,86.3,88.2974,86.4066,26.234294035836527
3347,816.94,88.22,86.3,88.28559999999999,86.3974,26.228815751448277
3348,816.96,88.21000000000001,86.3,88.274,86.39059999999999,26.217862120090384
3349,816.98,88.2,86.285,88.2638,86.3856,26.20691240820175
3350,817.0,88.19,86.27,88.255,86.3804,26.201353474875596
3351,817.02,88.18,86.305,88.24560000000001,86.37700000000001,26.190235607947667
3352,817.04,88.055,86.34,88.23100000000001,86.37339999999999,26.17920336486793
3353,817.06,87.93,86.33,88.21220000000001,86.36779999999999,26.179117742693872
3354,817.08,87.84,86.32,88.19059999999999,86.3616,26.178949335898416
3355,817.1,87.75,86.285,88.1672,86.35379999999999,26.17347411606018
3356,817.12,87.77000000000001,86.25,88.1464,86.3462,26.173731039098534
3357,817.14,87.79,86.28,88.12539999999998,86.3414,26.16825969509002
3358,817.16,87.855,86.31,88.10600000000001,86.33859999999999,26.151671620757664
3359,817.18,87.92,86.315,88.0892,86.3368,26.135084610559346
3360,817.2,87.945,86.32,88.0734,86.3354,26.11831848871952
3361,817.22,87.97,86.285,88.0624,86.3328,26.10711207566538
3362,817.24,87.89,86.25,88.052,86.3266,26.101641927471032
3363,817.26,87.81,86.32,88.0392,86.321,26.096172765897993
3364,817.28,87.825,86.39,88.02780000000001,86.3184,26.090524221503827
3365,817.3,87.84,86.36500000000001,88.0176,86.315,26.079406518086145
3366,817.32,87.82,86.34,88.0072,86.3118,26.068288815886092
3367,817.34,87.8,86.355,87.9928,86.31039999999999,26.06819997858505
3368,817.36,87.845,86.37,87.97699999999999,86.31139999999999,26.07375884925871
3369,817.38,87.89,86.33000000000001,87.96240000000002,86.31259999999999,26.068288816533844
3370,817.4,87.91,86.29,87.948,86.31220000000002,26.051612265919868
3371,817.42,87.93,86.295,87.93539999999999,86.31199999999998,26.034758767236987
3372,817.44,87.885,86.3,87.92200000000001,86.31200000000001,26.018082109754516
3373,817.46,87.84,86.295,87.90720000000002,86.3118,26.007141480222998
3374,817.48,87.785,86.29,87.89059999999999,86.31200000000001,26.00705243404414
3375,817.5,87.73,86.36500000000001,87.8722,86.3158,26.006964340579163
3376,817.52,87.71000000000001,86.44,87.85340000000001,86.32119999999999,26.00158263440282
3377,817.54,87.69,86.395,87.8388,86.3234,25.990554998927564
3378,817.56,87.65,86.35,87.8276,86.32420000000002,25.979347252993893
3379,817.58,87.61,86.285,87.8184,86.3228,25.973788408042545
3380,817.6,87.58500000000001,86.22,87.8118,86.3202,25.968319697018984
3381,817.62,87.56,86.225,87.8034,86.3192,25.95711187741992
3382,817.64,87.565,86.23,87.79440000000001,86.3172,25.951463797406152
3383,817.66,87.57,86.20500000000001,87.78300000000002,86.31300000000002,25.95702266015733
3384,817.68,87.565,86.18,87.76880000000001,86.30760000000001,25.951375515455805
3385,817.7,87.56,86.22,87.7534,86.30359999999999,25.92913999471387
3386,817.72,87.58,86.26,87.73780000000001,86.3026,25.918199985431396
3387,817.74,87.6,86.285,87.72619999999999,86.304,25.918290292592392
3388,817.76,87.66999999999999,86.31,87.72059999999999,86.30359999999999,25.912731472366076
3389,817.78,87.74,86.36500000000001,87.71719999999999,86.3026,25.907172651499323
3390,817.8,87.69,86.42,87.71119999999999,86.30480000000001,25.90161383169106
3391,817.82,87.64,86.4,87.70400000000001,86.30720000000001,25.890405788836805
3392,817.84,87.59,86.38,87.6956,86.3082,25.879110097156087
3393,817.86,87.54,86.4,87.6834,86.30940000000001,25.87355122168701
3394,817.88,87.55000000000001,86.42,87.6698,86.31300000000002,25.87363977011712
3395,817.9,87.56,86.4,87.6558,86.31739999999999,25.868080914054218
3396,817.92,87.59,86.38,87.64220000000002,86.32080000000002,25.856963202721744
3397,817.94,87.62,86.315,87.63159999999999,86.3214,25.851404347103948
3398,817.96,87.595,86.25,87.62180000000001,86.3196,25.845845492554123
3399,817.98,87.57,86.31,87.61319999999999,86.3204,25.83472778388963
3400,818.0,87.57499999999999,86.37,87.60700000000001,86.32060000000001,25.82361007751407
3401,818.02,87.58,86.325,87.6018,86.316,25.818140922787197
3402,818.04,87.58500000000001,86.28,87.5976,86.3114,25.812582089536022
3403,818.06,87.59,86.235,87.59519999999999,86.30680000000001,25.801285871735658
3404,818.08,87.56,86.19,87.5932,86.303,25.78452136712833
3405,818.1,87.53,86.295,87.59100000000001,86.306,25.7733166197923
3406,818.12,87.47,86.4,87.5874,86.31300000000002,25.77323061056427
3407,818.14,87.41,86.325,87.58120000000001,86.3168,25.76775771430832
3408,818.16,87.44,86.25,87.57600000000001,86.31859999999999,25.762285816742743
3409,818.18,87.47,86.22999999999999,87.5722,86.3206,25.756726929833945
3410,818.2,87.475,86.21,87.5688,86.3202,25.739963188066696
3411,818.22,87.48,86.22,87.56479999999999,86.3186,25.728759221021633
3412,818.24,87.41,86.23,87.55720000000001,86.31640000000002,25.728674024761855
3413,818.26,87.34,86.265,87.544,86.31460000000001,25.723030832196176
3414,818.28,87.35,86.3,87.5284,86.31200000000001,25.72311508446249
3415,818.3,87.36,86.37,87.51520000000001,86.31,25.728674025247347
3416,818.32,87.39,86.44,87.50519999999999,86.3116,25.717388566506564
3417,818.34,87.42,86.375,87.4984,86.3114,25.70071163964117
3418,818.36,87.38499999999999,86.31,87.49220000000001,86.3078,25.69532038794592
3419,818.38,87.35,86.285,87.4842,86.30239999999999,25.695405695409736
3420,818.4,87.38,86.26,87.477,86.2968,25.68976144974756
3421,818.42,87.41,86.235,87.46979999999999,86.29099999999998,25.678559175952604
3422,818.44,87.37,86.21,87.4598,86.2868,25.66735779475326
3423,818.46,87.33,86.195,87.44919999999998,86.28460000000001,25.656075731935854
3424,818.48,87.4,86.18,87.44239999999999,86.27940000000001,25.650516723909277
3425,818.5,87.47,86.245,87.4382,86.27439999999999,25.650598317949797
3426,818.52,87.45,86.31,87.43299999999999,86.27380000000001,25.645039328272244
3427,818.54,87.43,86.33500000000001,87.42679999999999,86.27600000000001,25.639480338964553
3428,818.56,87.345,86.36,87.417,86.281,25.633921350317884
3429,818.58,87.26,86.34,87.405,86.287,25.62280337199605
3430,818.6,87.23,86.32,87.39299999999999,86.28800000000001,25.617162683887056
3431,818.62,87.2,86.28999999999999,87.38220000000001,86.2836,25.611443143304662
3432,818.64,87.155,86.26,87.37199999999999,86.281,25.605805268890816
3433,818.66,87.11,86.28,87.35879999999999,86.28220000000002,25.605727401736072
3434,818.68,87.11,86.3,87.34440000000001,86.285,25.60557456803671
3435,818.7,87.11,86.375,87.32979999999999,86.2916,25.605650501842838
3436,818.72,87.16499999999999,86.45,87.31720000000001,86.3008,25.60024621282611
3437,818.74,87.22,86.4,87.3096,86.30760000000001,25.58905018101905
3438,818.76,87.155,86.35,87.30220000000001,86.311,25.572295961943553
3439,818.78,87.09,86.305,87.29180000000001,86.31120000000001,25.555618695931347
3440,818.8,87.105,86.26,87.2816,86.30680000000001,25.55569574708056
3441,818.82,87.12,86.23,87.2708,86.2984,25.555773767552246
3442,818.84,87.14500000000001,86.2,87.2598,86.2914,25.544577605262226
3443,818.86,87.17,86.195,87.25119999999998,86.2868,25.538941433138326
3444,818.88,87.15,86.19,87.2432,86.28299999999999,25.539018534648207
3445,818.9,87.13,86.16,87.2332,86.279,25.533537552319206
3446,818.92,87.195,86.13,87.22460000000001,86.27480000000001,25.522498538717834
3447,818.94,87.26,86.09,87.2202,86.27,25.511380468708374
3448,818.96,87.23,86.05,87.21620000000001,86.2642,25.50010504883553
3449,818.98,87.2,86.095,87.20819999999999,86.2608,25.488833377840393
3450,819.0,87.12,86.14,87.1942,86.25660000000002,25.48868373034926
3451,819.02,87.04,86.185,87.1778,86.2516,25.488683730912644
3452,819.04,87.005,86.23,87.16080000000002,86.2474,25.483124596890022
3453,819.06,86.97,86.34,87.1458,86.2466,25.482978803630505
3454,819.08,87.025,86.45,87.13640000000001,86.251,25.482836897728117
3455,819.1,87.08,86.45,87.13040000000001,86.25619999999999,25.488396094938444
3456,819.12,87.03,86.45,87.12360000000001,86.2626,25.494025728261484
3457,819.14,86.98,86.39500000000001,87.1166,86.26800000000001,25.482836898299627
3458,819.16,86.905,86.34,87.1084,86.2704,25.466089768181828
3459,819.18,86.83,86.22,87.09719999999999,86.26720000000002,25.45497134650579
3460,819.2,86.815,86.1,87.0854,86.2562,25.449481722967747
3461,819.22,86.8,86.09,87.0708,86.2418,25.449623815641793
3462,819.24,86.845,86.08,87.0558,86.229,25.455328933491568
3463,819.26,86.89,86.125,87.04519999999998,86.22,25.455328933701615
3464,819.28,86.88499999999999,86.17,87.037,86.2146,25.44406465196983
3465,819.3,86.88,86.205,87.028,86.2124,25.4383633338773
3466,819.32,86.955,86.24,87.02140000000001,86.21279999999999,25.432665848591476
3467,819.34,87.03,86.28,87.0168,86.21600000000001,25.42154740004771
3468,819.36,87.03999999999999,86.32,87.0116,86.22099999999999,25.410567364099037
3469,819.38,87.05,86.34,87.0076,86.227,25.41056736393865
3470,819.4,86.995,86.36,87.00219999999999,86.235,25.42161608929227
3471,819.42,86.94,86.35499999999999,86.99199999999999,86.244,25.41612655855891
3472,819.44,86.85,86.35,86.9756,86.2544,25.405008171585493
3473,819.46,86.76,86.315,86.9568,86.265,25.41049767173612
3474,819.48,86.745,86.28,86.93860000000001,86.2724,25.416056880683055
3475,819.5,86.73,86.23,86.92299999999999,86.27599999999998,25.40500817217661
3476,819.52,86.78999999999999,86.18,86.913,86.2758,25.39396050045159
3477,819.54,86.85,86.17500000000001,86.90679999999999,86.27359999999999,25.393889786362987
3478,819.56,86.82,86.17,86.9008,86.2668,25.388260838933682
3479,819.58,86.79,86.17,86.89139999999999,86.2556,25.37721220912448
3480,819.6,86.78,86.17,86.8794,86.2444,25.37172379379136
3481,819.62,86.77,86.185,86.869,86.23379999999999,25.371653017686636
3482,819.64,86.715,86.2,86.8584,86.22599999999998,25.371583217974255
3483,819.66,86.66,86.23,86.8486,86.2216,25.371583218160314
3484,819.68,86.62,86.26,86.84020000000001,86.22319999999999,25.377142425455155
3485,819.7,86.58,86.26,86.8308,86.22959999999999,25.377212210303604
3486,819.72,86.525,86.26,86.8198,86.23639999999999,25.37179554730053
3487,819.74,86.47,86.255,86.8048,86.24340000000001,25.371795547856266
3488,819.76,86.49000000000001,86.25,86.78880000000001,86.2484,25.371723795695836
3489,819.78,86.51,86.28,86.7738,86.2528,25.366236387547527
3490,819.8,86.535,86.31,86.76,86.25699999999999,25.36074998793923
3491,819.82,86.56,86.33500000000001,86.7442,86.2608,25.360823724861334
3492,819.84,86.595,86.36,86.7268,86.264,25.36089843818318
3493,819.86,86.63,86.315,86.7104,86.2638,25.35526459683549
3494,819.88,86.655,86.27,86.6946,86.26100000000001,25.344146342450628
3495,819.9,86.68,86.29499999999999,86.682,86.2584,25.344221104974544
3496,819.92,86.65,86.32,86.67040000000001,86.25699999999999,25.355339327715757
3497,819.94,86.62,86.275,86.66120000000001,86.25399999999999,25.349855939673873
3498,819.96,86.605,86.23,86.655,86.25059999999999,25.338737751530513
3499,819.98,86.59,86.11500000000001,86.64880000000001,86.24400000000001,25.33866199535539
3500,820.0,86.61,86.0,86.64399999999999,86.2348,25.338737751234166
3501,820.02,86.63,86.05,86.6376,86.22959999999999,25.333333136316952
3502,820.04,86.595,86.1,86.62740000000002,86.2266,25.333411841614414
3503,820.06,86.56,86.16,86.617,86.2262,25.34445125612533
3504,820.08,86.53,86.22,86.6066,86.2282,25.349932640890298
3505,820.1,86.5,86.345,86.59539999999998,86.2352,25.344451257265725
3506,820.12,86.45,86.47,86.5826,86.2466,25.33889219683717
3507,820.14,86.4,86.5,86.57,86.2586,25.338970884879938
3508,820.16,86.355,86.53,86.55779999999999,86.27060000000002,25.344690200444447
3509,820.18,86.31,86.355,86.54540000000001,86.2744,25.34460957607547
3510,820.2,86.33500000000001,86.18,86.53559999999999,86.27120000000001,25.33905055141306
3511,820.22,86.36,86.045,86.529,86.2626,25.339212813149512
3512,820.24,86.375,85.91,86.5252,86.24879999999999,25.3393789841536
3513,820.26,86.39,85.995,86.5212,86.23859999999999,25.333904600907925
3514,820.28,86.485,86.08,86.5202,86.23060000000001,25.333820031442432
3515,820.3,86.58,86.09,86.52199999999999,86.2218,25.333736439767943
3516,820.32,86.55,86.1,86.52159999999999,86.2124,25.322702127317893
3517,820.34,86.52,86.15,86.5186,86.204,25.317227800832736
3518,820.36,86.46000000000001,86.2,86.51180000000001,86.19940000000001,25.322872319069038
3519,820.38,86.4,86.215,86.50160000000001,86.1972,25.32304642185712
3520,820.4,86.345,86.23,86.48819999999999,86.1946,25.317576083866946
3521,820.42,86.29,86.18,86.4738,86.18900000000002,25.317576084173243
3522,820.44,86.31,86.13,86.4614,86.1832,25.323224437567283
3523,820.46,86.33,86.155,86.4504,86.1802,25.323314911218784
3524,820.48,86.395,86.18,86.4426,86.18279999999999,25.312106763935983
3525,820.5,86.46,86.15,86.4366,86.18879999999999,25.306458372591432
3526,820.52,86.47,86.12,86.4302,86.1916,25.312017229290436
3527,820.54,86.48,86.16499999999999,86.42559999999999,86.1942,25.31201722994688
3528,820.56,86.47,86.21,86.42199999999998,86.19619999999999,25.306458373879945
3529,820.58,86.46,86.185,86.4192,86.19480000000001,25.300989092509052
3530,820.6,86.38,86.16,86.4144,86.1874,25.306729974281627
3531,820.62,86.3,86.17,86.4084,86.17540000000001,25.318033445255857
3532,820.64,86.36,86.18,86.4068,86.1626,25.312381241887206
3533,820.66,86.42,86.18,86.4094,86.14859999999999,25.30107964740679
3534,820.68,86.43,86.18,86.4142,86.1416,25.301079647369626
3535,820.7,86.44,86.16,86.4184,86.1408,25.30663846405453
3536,820.72,86.46000000000001,86.14,86.4224,86.1446,25.30107964831713
3537,820.74,86.48,86.18,86.4266,86.15540000000001,25.289962017745623
3538,820.76,86.5,86.22,86.431,86.1644,25.289871424968236
3539,820.78,86.52,86.305,86.4324,86.1734,25.300899521255232
3540,820.8,86.475,86.39,86.4282,86.18540000000002,25.30636980127242
3541,820.82,86.43,86.35499999999999,86.4234,86.19560000000001,25.295252051070243
3542,820.84,86.43,86.32,86.4198,86.2024,25.28987142616881
3543,820.86,86.43,86.29499999999999,86.41860000000001,86.2062,25.28996201965243
3544,820.88,86.4,86.27,86.41859999999998,86.2084,25.27884439001238
3545,820.9,86.37,86.24,86.4196,86.20880000000001,25.27328557632289
3546,820.92,86.45,86.21,86.426,86.21,25.27319492371718
3547,820.94,86.53,86.22,86.43480000000001,86.2136,25.26763609046125
3548,820.96,86.505,86.23,86.44179999999999,86.2166,25.267818416193556
3549,820.98,86.48,86.225,86.44519999999999,86.2184,25.273469822700992
3550,821.0,86.47,86.22,86.44560000000001,86.22120000000001,25.268004662278475
3551,821.02,86.46,86.285,86.4452,86.2278,25.256981793521327
3552,821.04,86.435,86.35,86.4434,86.23519999999999,25.26235227763897
3553,821.06,86.41,86.35499999999999,86.441,86.241,25.278936005503756
3554,821.08,86.38499999999999,86.36,86.43800000000002,86.24799999999999,25.278936006165004
3555,821.1,86.36,86.32,86.43719999999999,86.25439999999999,25.262167952748523
3556,821.12,86.33500000000001,86.28,86.4386,86.2588,25.262259626131115
3557,821.14,86.31,86.265,86.4366,86.26219999999999,25.267911052291193
3558,821.16,86.39,86.25,86.43540000000002,86.265,25.25688716099395
3559,821.18,86.47,86.31,86.43700000000001,86.27019999999999,25.251518701235405
3560,821.2,86.495,86.37,86.4392,86.27860000000001,25.245959993070517
3561,821.22,86.52,86.4,86.4416,86.28900000000002,25.24586433678038
3562,821.24,86.49,86.43,86.44200000000001,86.29899999999999,25.256887163075795
3563,821.26,86.46,86.34,86.44040000000001,86.30380000000001,25.251234737315606
3564,821.28,86.47,86.25,86.4384,86.3016,25.24567596593868
3565,821.3,86.48,86.25999999999999,86.43860000000001,86.29639999999999,25.25688716375945
3566,821.32,86.435,86.27,86.43879999999999,86.29299999999999,25.262540529535386
3567,821.34,86.39,86.25999999999999,86.43720000000002,86.29060000000001,25.25698179907889
3568,821.36,86.425,86.25,86.43699999999998,86.28880000000001,25.245864338857782
3569,821.38,86.46,86.22,86.4394,86.2868,25.229188151885346
3570,821.4,86.49,86.19,86.4442,86.28479999999999,25.223534664676766
3571,821.42,86.52,86.225,86.447,86.2854,25.23455842756666
3572,821.44,86.435,86.26,86.44319999999999,86.287,25.240024463116193
3573,821.46,86.35,86.26,86.43700000000001,86.2882,25.22881508726371
3574,821.48,86.365,86.26,86.4324,86.28960000000001,25.22325627691745
3575,821.5,86.38,86.25,86.4288,86.2908,25.234465672462658
3576,821.52,86.41499999999999,86.24,86.42699999999999,86.289,25.24558325613618
3577,821.54,86.45,86.255,86.4276,86.2852,25.240024464740248
3578,821.56,86.42500000000001,86.27,86.4282,86.2818,25.229093416365775
3579,821.58,86.4,86.34,86.4288,86.281,25.23465216611865
3580,821.6,86.48,86.41,86.43360000000001,86.2846,25.234465674074908
3581,821.62,86.56,86.405,86.4426,86.28960000000001,25.22334809420327
3582,821.64,86.65,86.4,86.45620000000001,86.295,25.21223051564108
3583,821.66,86.74,86.33500000000001,86.47019999999999,86.2984,25.201021042018848
3584,821.68,86.6,86.27,86.47540000000001,86.2968,25.206579851343513
3585,821.7,86.46,86.3,86.47400000000002,86.294,25.2176974705884
3586,821.72,86.38499999999999,86.33,86.46860000000001,86.29119999999999,25.22334809583217
3587,821.74,86.31,86.275,86.4614,86.285,25.22344089249858
3588,821.76,86.235,86.22,86.4524,86.28019999999998,25.21769747152129
3589,821.78,86.16,86.16499999999999,86.44,86.27679999999998,25.21760661876938
3590,821.8,86.225,86.11,86.4298,86.2708,25.223256282056163
3591,821.82,86.29,86.25,86.42399999999999,86.27,25.223256282350334
3592,821.84,86.345,86.39,86.42219999999999,86.27519999999998,25.21213866329588
3593,821.86,86.4,86.39500000000001,86.42120000000001,86.28099999999999,25.20657985422056
3594,821.88,86.375,86.4,86.4178,86.2882,25.21223051884949
3595,821.9,86.35,86.4,86.4122,86.2966,25.21251197764309
3596,821.92,86.38,86.4,86.4066,86.3036,25.207049055812277
3597,821.94,86.41,86.375,86.40559999999999,86.3082,25.201299682045228
3598,821.96,86.485,86.35,86.411,86.3118,25.1899953670929
3599,821.98,86.56,86.33,86.4188,86.31459999999998,25.184344623631034
3600,822.0,86.6,86.31,86.4276,86.317,25.178694823002843
3601,822.02,86.64,86.31,86.4366,86.3198,25.167577170394747
3602,822.04,86.55,86.31,86.44059999999999,86.322,25.178785817616184
3603,822.06,86.46,86.295,86.44200000000001,86.323,25.19546224049793
3604,822.08,86.35,86.28,86.44,86.3206,25.195371307464907
3605,822.1,86.24,86.28999999999999,86.43039999999999,86.3158,25.18981247950817
3606,822.12,86.215,86.3,86.4166,86.3116,25.195554157222524
3607,822.14,86.19,86.345,86.3982,86.30940000000001,25.206858432277343
3608,822.16,86.245,86.39,86.3784,86.3116,25.20120582458326
3609,822.18,86.3,86.39,86.3664,86.31640000000002,25.1899034342381
3610,822.2,86.36500000000001,86.39,86.36259999999999,86.32,25.17887779684808
3611,822.22,86.43,86.33500000000001,86.3644,86.3202,25.178970757938227
3612,822.24,86.445,86.28,86.3698,86.32039999999999,25.189995372383667
3613,822.26,86.46,86.275,86.3788,86.32260000000001,25.189995372354762
3614,822.28,86.425,86.27,86.38940000000001,86.3268,25.184623448165215
3615,822.3,86.39,86.245,86.396,86.33220000000001,25.18481424402913
3616,822.32,86.4,86.22,86.4004,86.331,25.190277080361472
3617,822.34,86.41,86.255,86.40299999999999,86.32560000000001,25.184436586187342
3618,822.36,86.36,86.29,86.4014,86.32140000000001,25.167577175408404
3619,822.38,86.31,86.315,86.3988,86.31800000000001,25.16201835019362
3620,822.4,86.265,86.34,86.3954,86.31559999999999,25.173319013496712
3621,822.42,86.22,86.31,86.389,86.31200000000001,25.178970761271565
3622,822.44,86.3,86.28,86.38459999999999,86.3082,25.167760228985568
3623,822.46,86.38,86.21000000000001,86.3804,86.3026,25.16785323051644
3624,822.48,86.38499999999999,86.14,86.3734,86.295,25.17906470578412
3625,822.5,86.39,86.17,86.365,86.2894,25.178970762614156
3626,822.52,86.36,86.2,86.3538,86.28500000000003,25.17341199720508
3627,822.54,86.33,86.255,86.345,86.2828,25.167947217274406
3628,822.56,86.32499999999999,86.31,86.33959999999999,86.2834,25.168138139363336
3629,822.58,86.32,86.32,86.33840000000001,86.285,25.17379375777101
3630,822.6,86.32,86.33,86.3416,86.28659999999999,25.168138140382524
3631,822.62,86.32,86.32499999999999,86.3458,86.2876,25.15711771693826
3632,822.64,86.35499999999999,86.32,86.3524,86.28659999999999,25.157215680696456
3633,822.66,86.39,86.34,86.3582,86.28460000000001,25.162676397662313
3634,822.68,86.305,86.36,86.3584,86.2834,25.162676398051858
3635,822.7,86.22,86.28,86.3526,86.279,25.157117717657183
3636,822.72,86.25,86.2,86.34539999999998,86.2736,25.162579440247704
3637,822.74,86.28,86.215,86.3388,86.271,25.17369684528648
3638,822.76,86.275,86.23,86.33139999999999,86.2692,25.168138143273854
3639,822.78,86.27,86.255,86.32519999999998,86.2686,25.157020739844253
3640,822.8,86.225,86.28,86.3186,86.27,25.15721568363213
3641,822.82,86.18,86.305,86.3098,86.2734,25.16853179465846
3642,822.84,86.11000000000001,86.33,86.29780000000001,86.2764,25.174191259682217
3643,822.86,86.04,86.36,86.285,86.2792,25.163074073826184
3644,822.88,86.07,86.39,86.2754,86.28219999999999,25.157515481653135
3645,822.9,86.1,86.38,86.26880000000001,86.28380000000001,25.168734522383726
3646,822.92,86.13499999999999,86.37,86.26539999999999,86.2862,25.179954459545975
3647,822.94,86.17,86.28999999999999,86.2602,86.28659999999999,25.174499710990045
3648,822.96,86.215,86.21,86.2536,86.28659999999999,25.163382661430905
3649,822.98,86.26,86.19,86.24859999999998,86.2886,25.15772026874787
3650,823.0,86.215,86.17,86.2416,86.2886,25.157617384135683
3651,823.02,86.17,86.17500000000001,86.234,86.28759999999998,25.168734525486915
3652,823.04,86.125,86.18,86.22579999999999,86.28460000000001,25.174395913103968
3653,823.06,86.08,86.195,86.21600000000001,86.28,25.163382663485425
3654,823.08,86.025,86.21,86.2042,86.2756,25.157928992784836
3655,823.1,85.97,86.225,86.1902,86.2714,25.169045995462724
3656,823.12,86.015,86.24,86.178,86.26799999999999,25.174604498181928
3657,823.14,86.06,86.22999999999999,86.1662,86.26440000000001,25.16359330857587
3658,823.16,86.025,86.22,86.1516,86.25959999999999,25.158141652252993
3659,823.18,85.99,86.25999999999999,86.139,86.2556,25.169151787428117
3660,823.2,85.955,86.3,86.1284,86.2564,25.180058241629276
3661,823.22,85.92,86.305,86.1152,86.2606,25.17460450031849
3662,823.24,85.935,86.31,86.1014,86.26440000000001,25.16915178909566
3663,823.26,85.95,86.255,86.08840000000001,86.26540000000001,25.180163003241702
3664,823.28,85.99000000000001,86.2,86.0772,86.2632,25.191175296489742
3665,823.3,86.03,86.2,86.06939999999999,86.25999999999998,25.19117529692914
3666,823.32,86.09,86.2,86.0658,86.2558,25.180268748895973
3667,823.34,86.15,86.25999999999999,86.06739999999999,86.25299999999999,25.169258565240902
3668,823.36,86.095,86.32,86.0696,86.25139999999999,25.17471026991127
3669,823.38,86.04,86.315,86.0684,86.2484,25.185827229528098
3670,823.4,85.93,86.31,86.0616,86.2456,25.186041619890233
3671,823.42,85.82,86.28,86.04900000000002,86.242,25.180591880870733
3672,823.44,85.77,86.25,86.03300000000002,86.24040000000001,25.18059188132366
3673,823.46,85.72,86.245,86.0132,86.2418,25.186259942405616
3674,823.48,85.78999999999999,86.24,85.9944,86.2438,25.191818327648583
3675,823.5,85.86,86.21000000000001,85.98020000000001,86.24539999999999,25.191600054718542
3676,823.52,85.905,86.18,85.96959999999999,86.24560000000001,25.19138571312312
3677,823.54,85.95,86.23,85.96260000000001,86.2476,25.196944194367898
3678,823.56,85.97,86.28,85.95819999999999,86.251,25.197158489943472
3679,823.58,85.99,86.31,85.9568,86.255,25.19181832996392
3680,823.6,85.945,86.34,85.9558,86.2596,25.197267112259343
3681,823.62,85.9,86.28,85.95120000000001,86.26119999999999,25.202609310252807
3682,823.64,85.905,86.22,85.945,86.2608,25.19149239518561
3683,823.66,85.91,86.215,85.94040000000001,86.26060000000001,25.185933938919288
3684,823.68,85.87,86.21,85.9356,86.2586,25.191492396096166
3685,823.7,85.83,86.25999999999999,85.9306,86.257,25.191492396560005
3686,823.72,85.87,86.31,85.9286,86.2572,25.196944197885767
3687,823.74,85.91,86.27000000000001,85.9276,86.2556,25.20806116194067
3688,823.76,85.91,86.23,85.926,86.2546,25.20250268047471
3689,823.78,85.91,86.24000000000001,85.92280000000001,86.2562,25.191280020879113
3690,823.8,85.935,86.25,85.91900000000001,86.25820000000002,25.19683852542684
3691,823.82,85.96,86.25999999999999,85.91380000000001,86.2606,25.20795553645691
3692,823.84,85.93,86.27,85.905,86.26100000000001,25.21340942097594
3693,823.86,85.9,86.235,85.89720000000001,86.2576,25.213305781289627
3694,823.88,85.9,86.2,85.89160000000001,86.25299999999999,25.207542850568398
3695,823.9,85.9,86.16,85.89039999999999,86.24700000000001,25.20744213417834
3696,823.92,85.935,86.12,85.895,86.2406,25.21310144848691
3697,823.94,85.97,86.16499999999999,85.90299999999999,86.23719999999999,25.213000754609492
3698,823.96,85.99000000000001,86.21,85.9138,86.2358,25.20734240143227
3699,823.98,86.01,86.22,85.9226,86.235,25.201883516950478
3700,824.0,85.98,86.23,85.92739999999999,86.2358,25.202085977080685
3701,824.02,85.95,86.285,85.9292,86.24,25.207644551648777
3702,824.04,85.93,86.34,85.9284,86.24439999999998,25.213000756200124
3703,824.06,85.91,86.31,85.926,86.2456,25.21300075655659
3704,824.08,85.88,86.28,85.9216,86.2444,25.20764455284493
3705,824.1,85.85,86.23,85.9178,86.24,25.207644553246723
3706,824.12,85.88,86.18,85.917,86.236,25.218559377163018
3707,824.14,85.91,86.17500000000001,85.9172,86.2342,25.224018329489784
3708,824.16,85.93,86.17,85.91799999999999,86.2324,25.21290104616362
3709,824.18,85.95,86.18,85.92120000000001,86.23119999999999,25.207442139958314
3710,824.2,85.935,86.19,85.92540000000001,86.22840000000001,25.218559378724922
3711,824.22,85.92,86.18,85.92739999999999,86.22319999999999,25.22391964412528
3712,824.24,85.875,86.17,85.926,86.2192,25.223725215533214
3713,824.26,85.83,86.17,85.92280000000001,86.2168,25.223725216239256
3714,824.28,85.755,86.17,85.9166,86.214,25.223629473786612
3715,824.3,85.68,86.22,85.90639999999999,86.21279999999999,25.228906927982557
3716,824.32,85.685,86.27,85.8954,86.2132,25.23446571915149
3717,824.34,85.69,86.275,85.8858,86.21340000000001,25.234558475487198
3718,824.36,85.72999999999999,86.28,85.87899999999999,86.21520000000001,25.23455847544093
3719,824.38,85.77,86.275,85.87379999999999,86.21820000000001,25.240117246609238
3720,824.4,85.79499999999999,86.27,85.8696,86.2226,25.240117246590465
3721,824.42,85.82,86.22999999999999,85.865,86.227,25.234558477125265
3722,824.44,85.83,86.19,85.85940000000001,86.228,25.234558477480054
3723,824.46,85.84,86.17,85.85340000000001,86.2264,25.240210964552592
3724,824.48,85.935,86.15,85.8504,86.2236,25.240305663550203
3725,824.5,86.03,86.165,85.8524,86.221,25.234652215775032
3726,824.52,86.03,86.18,85.85560000000001,86.2168,25.2345584788357
3727,824.54,86.03,86.22,85.85959999999999,86.212,25.234465722378328
3728,824.56,85.955,86.26,85.86139999999999,86.21000000000002,25.23437394712115
3729,824.58,85.88,86.21000000000001,85.86139999999999,86.2072,25.24002451393778
3730,824.6,85.79499999999999,86.16,85.8592,86.2044,25.251142097672393
3731,824.62,85.71,86.14,85.8524,86.20280000000001,25.2565184819996
3732,824.64,85.68,86.12,85.8432,86.2006,25.250781122918347
3733,824.66,85.65,86.065,85.83200000000001,86.1964,25.25069333091806
3734,824.68,85.655,86.01,85.8202,86.18960000000001,25.267370005869324
3735,824.7,85.66,86.135,85.8092,86.1874,25.27840107443153
3736,824.72,85.71000000000001,86.26,85.8008,86.19060000000002,25.27275640766455
3737,824.74,85.76,86.275,85.79619999999998,86.19480000000001,25.26728325232957
3738,824.76,85.70500000000001,86.29,85.79119999999999,86.1996,25.26728325228161
3739,824.78,85.65,86.34,85.78699999999999,86.20639999999999,25.272671633078883
3740,824.8,85.685,86.39,85.7872,86.21320000000001,25.27267163335292
3741,824.82,85.72,86.345,85.7886,86.21620000000001,25.267283253846514
3742,824.84,85.69,86.3,85.7886,86.2172,25.272842164905242
3743,824.86,85.66,86.215,85.7858,86.21459999999999,25.283789532225732
3744,824.88,85.655,86.13,85.78120000000001,86.2088,25.289181980205388
3745,824.9,85.65,86.18,85.77539999999999,86.2052,25.28901939435426
3746,824.92,85.75,86.23,85.7726,86.20519999999999,25.283380530866577
3747,824.94,85.85,86.19,85.7734,86.2052,25.28338053146319
3748,824.96,85.85499999999999,86.15,85.77400000000002,86.2044,25.288860726362042
3749,824.98,85.86,86.13,85.771,86.20360000000001,25.288705974350403
3750,825.0,85.86,86.11,85.7642,86.2014,25.283146883585868
3751,825.02,85.86,86.155,85.7574,86.20039999999999,25.277742613465104
3752,825.04,85.85,86.2,85.7502,86.1996,25.277901352605287
3753,825.06,85.84,86.17,85.74560000000001,86.19599999999998,25.28346037425702
3754,825.08,85.89500000000001,86.14,85.7462,86.19320000000002,25.283301670851667
3755,825.1,85.95,86.16,85.7524,86.19319999999999,25.277587793652373
3756,825.12,85.875,86.18,85.759,86.1948,25.28307096088553
3757,825.14,85.8,86.16,85.7638,86.19640000000001,25.294265067807135
3758,825.16,85.77,86.14,85.7686,86.19940000000001,25.299901012741792
3759,825.18,85.74,86.13499999999999,85.772,86.20439999999999,25.29426506825243
3760,825.2,85.74,86.13,85.7752,86.2042,25.288481192388453
3761,825.22,85.74,86.06,85.7764,86.19619999999999,25.29945457851763
3762,825.24,85.71000000000001,85.99,85.7744,86.1848,25.310644852232006
3763,825.26,85.68,86.0,85.7734,86.1732,25.30515861690506
3764,825.28,85.7,86.01,85.7754,86.16,25.299526537549717
3765,825.3,85.72,86.06,85.77680000000001,86.1468,25.299454578943905
3766,825.32,85.685,86.11,85.77539999999999,86.1374,25.30487280236583
3767,825.34,85.65,86.125,85.7738,86.1304,25.310227966166714
3768,825.36,85.63,86.14,85.7726,86.12740000000002,25.310161909652052
3769,825.38,85.61,86.09,85.7708,86.1258,25.315656109670773
3770,825.4,85.67,86.04,85.77159999999999,86.12020000000001,25.326710609409023
3771,825.42,85.73,86.06,85.7708,86.1134,25.332333946208234
3772,825.44,85.765,86.08,85.7674,86.10900000000001,25.326839702334908
3773,825.46,85.8,86.1,85.7652,86.10700000000001,25.32677466746626
3774,825.48,85.845,86.12,85.76460000000002,86.1066,25.326647530253485
3775,825.5,85.89,86.065,85.7658,86.1048,25.320964970136295
3776,825.52,85.845,86.01,85.7652,86.09899999999999,25.32640498937267
3777,825.54,85.8,86.055,85.7632,86.0932,25.33196434970987
3778,825.56,85.72,86.1,85.7584,86.0904,25.337582852340027
3779,825.58,85.64,86.095,85.7482,86.08859999999999,25.348642430870946
3780,825.6,85.655,86.09,85.73639999999999,86.0858,25.35408651471424
3781,825.62,85.67,86.065,85.7282,86.08120000000001,25.354030342317003
3782,825.64,85.685,86.04,85.72359999999999,86.07639999999999,25.348527129134357
3783,825.66,85.7,86.045,85.7208,86.07260000000001,25.348527129258635
3784,825.68,85.59,86.05,85.7148,86.06920000000002,25.359534556242398
3785,825.7,85.48,86.1,85.70439999999999,86.06800000000001,25.359427117516724
3786,825.72,85.46000000000001,86.15,85.69319999999999,86.0716,25.353764128921906
3787,825.74,85.44,86.11,85.6824,86.07639999999999,25.353664480862506
3788,825.76,85.565,86.07,85.6778,86.0792,25.34810500224205
3789,825.78,85.69,86.10499999999999,85.67739999999999,86.08300000000001,25.3482046720091
3790,825.8,85.75,86.14,85.6786,86.0862,25.35376412862473
3791,825.82,85.81,86.22,85.68360000000001,86.09060000000001,25.359223959377466
3792,825.84,85.69,86.3,85.68520000000001,86.0976,25.364735100967927
3793,825.86,85.57,86.245,85.6828,86.1018,25.37034291755985
3794,825.88,85.56,86.19,85.6808,86.1058,25.38151115726012
3795,825.9,85.55,86.10499999999999,85.676,86.1084,25.38146187588
3796,825.92,85.62,86.02,85.67160000000001,86.1068,25.37576037617503
3797,825.94,85.69,86.04499999999999,85.66859999999998,86.10539999999999,25.375627139102413
3798,825.96,85.715,86.07,85.6652,86.1042,25.370067599673366
3799,825.98,85.74,86.12,85.661,86.1042,25.370067600098476
3800,826.0,85.64,86.17,85.65100000000001,86.1084,25.381144227974964
3801,826.02,85.54,86.155,85.6388,86.1142,25.386746218657844
3802,826.04,85.545,86.14,85.6286,86.1176,25.38674621838571
3803,826.06,85.55,86.155,85.62179999999998,86.1198,25.392221868548223
3804,826.08,85.61,86.17,85.6206,86.12280000000001,25.397740953771976
3805,826.1,85.67,86.14,85.6212,86.1248,25.39774095347959
3806,826.12,85.63499999999999,86.11,85.6198,86.1266,25.397701455995907
3807,826.14,85.6,86.12,85.61640000000001,86.12979999999999,25.408744571542403
3808,826.16,85.63,86.13,85.61359999999999,86.1332,25.41979165090966
3809,826.18,85.66,86.13,85.61640000000001,86.1364,25.414163819767474
3810,826.2,85.66499999999999,86.13,85.62380000000002,86.13759999999998,25.408571539670486
3811,826.22,85.67,86.055,85.63220000000001,86.13380000000001,25.41416381948959
3812,826.24,85.66,85.98,85.641,86.1286,25.419757059813932
3813,826.26,85.65,86.03,85.6444,86.127,25.41972344292904
3814,826.28,85.57,86.08,85.63959999999999,86.126,25.425218769336755
3815,826.3,85.49,86.10499999999999,85.6292,86.12459999999999,25.441837320521714
3816,826.32,85.50999999999999,86.13,85.6172,86.12099999999998,25.45851627287438
3817,826.34,85.53,86.145,85.6108,86.1148,25.45857659386299
3818,826.36,85.575,86.16,85.61099999999999,86.11140000000002,25.447488952400878
3819,826.38,85.62,86.175,85.6134,86.1108,25.45301695653464
3820,826.4,85.625,86.19,85.61640000000001,86.1142,25.464075923626844
3821,826.42,85.63,86.155,85.61679999999998,86.1196,25.464019506919875
3822,826.44,85.60499999999999,86.12,85.6134,86.1226,25.46399275741523
3823,826.46,85.58,86.125,85.60799999999999,86.1248,25.458407305824288
3824,826.48,85.55,86.13,85.6004,86.1252,25.458382496259084
3825,826.5,85.52,86.185,85.59559999999999,86.1258,25.47506153585599
3826,826.52,85.555,86.24,85.5962,86.1292,25.48618089644087
3827,826.54,85.59,86.225,85.598,86.13259999999998,25.480621216524774
3828,826.56,85.545,86.21,85.5978,86.1348,25.475061536631436
3829,826.58,85.5,86.185,85.5934,86.13539999999999,25.48615708582447
3830,826.6,85.5,86.16,85.5866,86.1362,25.497253627317463
3831,826.62,85.5,86.14,85.58120000000001,86.1374,25.491672074924594
3832,826.64,85.47999999999999,86.12,85.57639999999999,86.1374,25.49165118434379
3833,826.66,85.46,86.11,85.56960000000001,86.1366,25.49721088385953
3834,826.68,85.455,86.1,85.56139999999999,86.13539999999999,25.49717202571571
3835,826.7,85.45,86.145,85.55279999999999,86.13600000000001,25.508273478148954
3836,826.72,85.445,86.19,85.54379999999999,86.14139999999999,25.524989489814335
3837,826.74,85.44,86.185,85.535,86.14959999999999,25.524989489475015
3838,826.76,85.49000000000001,86.18,85.52859999999998,86.1556,25.51385115048393
3839,826.78,85.54,86.125,85.5274,86.1574,25.5193929027863
3840,826.8,85.54,86.07,85.52939999999998,86.156,25.530512326740773
3841,826.82,85.54,86.03999999999999,85.5306,86.1524,25.524989489528437
3842,826.84,85.555,86.01,85.5316,86.147,25.519449682893256
3843,826.86,85.57,86.02000000000001,85.53140000000002,86.14139999999999,25.530549193869696
3844,826.88,85.58,86.03,85.5298,86.1356,25.541649691616982
3845,826.9,85.59,86.065,85.52839999999998,86.1306,25.536072039146866
3846,826.92,85.61500000000001,86.1,85.52780000000001,86.12839999999998,25.53049534904148
3847,826.94,85.64,86.155,85.5292,86.12979999999999,25.541614780799247
3848,826.96,85.58500000000001,86.21,85.52940000000001,86.1332,25.558277937449052
3849,826.98,85.53,86.215,85.52860000000001,86.1366,25.55824886371319
3850,827.0,85.505,86.22,85.52799999999999,86.13799999999999,25.558223666442352
3851,827.02,85.48,86.235,85.525,86.13780000000001,25.574891721886146
3852,827.04,85.43,86.25,85.5186,86.1388,25.59156076047021
3853,827.06,85.38,86.185,85.512,86.13780000000001,25.597111303814078
3854,827.08,85.435,86.12,85.5094,86.1352,25.597120496181514
3855,827.1,85.49,86.105,85.509,86.133,25.597120496185127
3856,827.12,85.50999999999999,86.09,85.5094,86.131,25.59712049618875
3857,827.14,85.53,86.03999999999999,85.5114,86.12780000000001,25.602701516016328
3858,827.16,85.525,85.99,85.514,86.12299999999999,25.61382097856746
3859,827.18,85.52,86.07,85.5166,86.12180000000001,25.619359439761517
3860,827.2,85.555,86.15,85.5208,86.12200000000001,25.613799703691612
3861,827.22,85.59,86.14,85.5266,86.12,25.61379970369527
3862,827.24,85.555,86.13,85.53119999999998,86.1178,25.624909992747668
3863,827.26,85.52,86.19,85.53240000000001,86.1182,25.630478911585516
3864,827.28,85.515,86.25,85.53140000000002,86.1232,25.630489058029767
3865,827.3,85.51,86.235,85.53019999999998,86.12979999999999,25.63603864697262
3866,827.32,85.485,86.22,85.52799999999999,86.137,25.64714894437452
3867,827.34,85.46,86.22999999999999,85.52420000000001,86.1458,25.652708682110816
3868,827.36,85.53999999999999,86.24,85.523,86.15459999999999,25.6415809954865
3869,827.38,85.62,86.19999999999999,85.52459999999999,86.16140000000001,25.641580995133236
3870,827.4,85.6,86.16,85.525,86.1652,25.65827759067512
3871,827.42,85.58,86.045,85.5236,86.16300000000001,25.663837326788574
3872,827.44,85.515,85.93,85.5186,86.154,25.669379693435726
3873,827.46,85.45,85.95,85.5132,86.1436,25.674925927199297
3874,827.48,85.34,85.97,85.5056,86.1338,25.68048036482421
3875,827.5,85.23,86.015,85.4946,86.12559999999999,25.686045412110047
3876,827.52,85.265,86.06,85.486,86.11859999999999,25.691605155275184
3877,827.54,85.3,86.09,85.4808,86.11219999999999,25.702715003390942
3878,827.56,85.305,86.12,85.47779999999999,86.10959999999999,25.70826896710409
3879,827.58,85.31,86.15,85.47279999999999,86.1108,25.708267039805833
3880,827.6,85.31,86.18,85.4656,86.11380000000001,25.71382678637224
3881,827.62,85.31,86.165,85.4576,86.1168,25.72494676022166
3882,827.64,85.375,86.15,85.4514,86.12119999999999,25.730507950997502
3883,827.66,85.44,86.15,85.448,86.1276,25.730510357597254
3884,827.68,85.47,86.15,85.446,86.1308,25.72495061196666
3885,827.7,85.5,86.095,85.44380000000001,86.1286,25.72495061196772
3886,827.72,85.49000000000001,86.04,85.43979999999999,86.12460000000002,25.736073471033485
3887,827.74,85.48,86.11500000000001,85.43679999999999,86.124,25.741642838178514
3888,827.76,85.45,86.19,85.434,86.124,25.747202580653997
3889,827.78,85.42,86.18,85.4302,86.12119999999999,25.752752705395046
3890,827.8,85.42,86.17,85.4266,86.1186,25.758312449947564
3891,827.82,85.42,86.16499999999999,85.42399999999999,86.1164,25.769441550917104
3892,827.84,85.42500000000001,86.16,85.4226,86.1136,25.775001293751394
3893,827.86,85.43,86.21000000000001,85.4182,86.11240000000002,25.78055142887061
3894,827.88,85.495,86.26,85.41320000000002,86.1148,25.77499168431638
3895,827.9,85.56,86.195,85.41160000000002,86.1162,25.763881808088026
3896,827.92,85.50999999999999,86.13,85.40879999999999,86.11959999999999,25.76944155092215
3897,827.94,85.46,86.125,85.4066,86.1274,25.774996008371932
3898,827.96,85.38499999999999,86.12,85.40400000000001,86.1342,25.780561036243036
3899,827.98,85.31,86.125,85.40280000000001,86.14040000000001,25.786134226985833
3900,828.0,85.32,86.13,85.40639999999999,86.145,25.791702129613856
3901,828.02,85.33,86.14,85.40900000000002,86.14820000000002,25.80281344576115
3902,828.04,85.4,86.15,85.413,86.15060000000001,25.808359749743815
3903,828.06,85.47,86.125,85.4196,86.15080000000002,25.808354471188387
3904,828.08,85.47999999999999,86.1,85.42640000000002,86.14880000000001,25.802790407457966
3905,828.1,85.49,86.13,85.43360000000001,86.14679999999998,25.802787047650607
3906,828.12,85.47,86.16,85.44,86.14659999999999,25.819469641134454
3907,828.14,85.45,86.275,85.443,86.15160000000002,25.830604953005565
3908,828.16,85.5,86.39,85.4454,86.16120000000001,25.83062029558614
3909,828.18,85.55,86.31,85.4486,86.16760000000001,25.83618914113821
3910,828.2,85.505,86.23,85.44879999999999,86.17300000000002,25.84174887668295
3911,828.22,85.46,86.155,85.44760000000001,86.17759999999998,25.84173162371835
3912,828.24,85.46,86.08,85.4468,86.17620000000001,25.847291363689497
3913,828.26,85.46,86.06,85.4472,86.171,25.852868349216067
3914,828.28,85.41999999999999,86.04,85.4472,86.1654,25.852889427103083
3915,828.3,85.38,86.02000000000001,85.44560000000001,86.1594,25.847341674376047
3916,828.32,85.425,86.0,85.4458,86.15280000000001,25.83621023301134
3917,828.34,85.47,86.065,85.44760000000001,86.149,25.841769964021925
3918,828.36,85.515,86.13,85.45100000000001,86.14580000000002,25.85847406336015
3919,828.38,85.56,86.19999999999999,85.4536,86.1434,25.85848795295753
3920,828.4,85.595,86.27,85.455,86.1464,25.852914337699076
3921,828.42,85.63,86.285,85.4598,86.1526,25.86402086153506
3922,828.44,85.62,86.3,85.46619999999999,86.15960000000001,25.875153242223313
3923,828.46,85.61,86.215,85.47519999999999,86.1634,25.875197754851417
3924,828.48,85.535,86.13,85.4842,86.16359999999999,25.880757471359363
3925,828.5,85.46,86.055,85.4898,86.16060000000002,25.88630139951645
3926,828.52,85.47999999999999,85.98,85.4958,86.1542,25.880774219473285
3927,828.54,85.5,85.99000000000001,85.4998,86.14779999999999,25.875232215880818
3928,828.56,85.52000000000001,86.0,85.50179999999999,86.1428,25.880774219496463
3929,828.58,85.54,86.075,85.5042,86.1418,25.886317187921406
3930,828.6,85.545,86.15,85.5064,86.1426,25.891893645714035
3931,828.62,85.55,86.18,85.50959999999999,86.1434,25.90306901116347
3932,828.64,85.53999999999999,86.21,85.5132,86.1408,25.908693244132028
3933,828.66,85.53,86.19,85.51440000000001,86.1328,25.908716667058943
3934,828.68,85.485,86.17,85.51179999999998,86.12719999999999,25.90315698463932
3935,828.7,85.44,86.17,85.5092,86.1248,25.903156984661912
3936,828.72,85.31,86.17,85.50319999999999,86.12540000000001,25.919790161604872
3937,828.74,85.18,86.155,85.492,86.1284,25.93090954636927
3938,828.76,85.195,86.14,85.4814,86.13159999999999,25.94207476099135
3939,828.78,85.21,86.06,85.473,86.1324,25.953218462740686
3940,828.8,85.3,85.98,85.46979999999999,86.1308,25.942124409880584
3941,828.82,85.39,86.025,85.4684,86.1318,25.93656473794283
3942,828.84,85.50999999999999,86.07,85.47,86.13199999999999,25.947684081922688
3943,828.86,85.63,86.115,85.4746,86.1314,25.953269999138442
3944,828.88,85.60499999999999,86.16,85.4764,86.12979999999999,25.947737538461947
3945,828.9,85.58,86.175,85.47579999999998,86.126,25.94776569909697
3946,828.92,85.545,86.19,85.4724,86.1222,25.958944166359725
3947,828.94,85.51,86.16499999999999,85.46799999999999,86.1168,25.964566770231034
3948,828.96,85.43,86.14,85.4608,86.1138,25.97009444737462
3949,828.98,85.35,86.12,85.45339999999999,86.1134,25.97009444776663
3950,829.0,85.37,86.1,85.44980000000001,86.11519999999999,25.96459968183806
3951,829.02,85.39,86.07499999999999,85.4462,86.119,25.970193161517702
3952,829.04,85.38499999999999,86.05,85.4416,86.1214,25.98134718751827
3953,829.06,85.38,86.07,85.436,86.1242,25.992431618373132
3954,829.08,85.455,86.09,85.43259999999998,86.1248,25.99799123292849
3955,829.1,85.53,86.13,85.432,86.12400000000001,25.998098416094347
3956,829.12,85.45,86.17,85.428,86.12359999999998,26.00369563248027
3957,829.14,85.37,86.15,85.42120000000001,86.12119999999999,26.009255215856438
3958,829.16,85.37,86.13,85.4148,86.1188,26.00377374011234
3959,829.18,85.37,86.13,85.4102,86.11720000000001,25.99829610853088
3960,829.2,85.41,86.13,85.40899999999999,86.1156,25.998296108599806
3961,829.22,85.45,86.155,85.41460000000001,86.115,26.00381422239384
3962,829.24,85.41499999999999,86.18,85.42399999999999,86.11599999999999,26.01493333919885
3963,829.26,85.38,86.22,85.43140000000001,86.1192,26.020619978079093
3964,829.28,85.41499999999999,86.26,85.43960000000001,86.12719999999999,26.026315127489937
3965,829.3,85.45,86.27000000000001,85.4456,86.13879999999999,26.0374341327627
3966,829.32,85.5,86.28,85.45,86.149,26.037434132141755
3967,829.34,85.55,86.225,85.4516,86.15520000000001,26.031874630283212
3968,829.36,85.555,86.17,85.4486,86.1574,26.031828482498483
3969,829.38,85.56,86.21000000000001,85.4468,86.1594,26.037434132386952
3970,829.4,85.49000000000001,86.25,85.44320000000002,86.16239999999999,26.048648226839155
3971,829.42,85.42,86.175,85.4382,86.1618,26.05425666954648
3972,829.44,85.285,86.1,85.4292,86.1592,26.06537561444067
3973,829.46,85.15,86.13499999999999,85.418,86.15899999999999,26.08205403189169
3974,829.48,85.17500000000001,86.17,85.411,86.161,26.08761350455982
3975,829.5,85.2,86.205,85.4042,86.1652,26.087613504668326
3976,829.52,85.215,86.24,85.3972,86.1718,26.087714147953964
3977,829.54,85.23,86.255,85.391,86.18,26.08781858940763
3978,829.56,85.25,86.27,85.3858,86.18799999999999,26.09337801851093
3979,829.58,85.27,86.34,85.3784,86.198,26.10455048728498
3980,829.6,85.375,86.41,85.37219999999999,86.20919999999998,26.10471701100817
3981,829.62,85.48,86.35499999999999,85.3734,86.2166,26.099273412205875
3982,829.64,85.465,86.3,85.37719999999999,86.2226,26.104832770777644
3983,829.66,85.45,86.32,85.3804,86.23020000000001,26.11595148685303
3984,829.68,85.42,86.34,85.3824,86.23859999999999,26.1271294557366
3985,829.7,85.39,86.305,85.38159999999999,86.24560000000001,26.132748989437328
3986,829.72,85.35,86.27,85.3776,86.2502,26.132748989228773
3987,829.74,85.31,86.205,85.3734,86.25120000000001,26.132748989742932
3988,829.76,85.30000000000001,86.14,85.37019999999998,86.24799999999999,26.138308323191133
3989,829.78,85.29,86.125,85.3652,86.2426,26.149426990808987
3990,829.8,85.26,86.11,85.3576,86.23620000000001,26.160606728816003
3991,829.82,85.23,86.225,85.3468,86.234,26.166291003716065
3992,829.84,85.195,86.34,85.3326,86.2386,26.166354900677785
3993,829.86,85.16,86.43,85.3168,86.249,26.166354900857733
3994,829.88,85.16499999999999,86.52,85.301,86.2614,26.17191418230823
3995,829.9,85.17,86.425,85.2882,86.2684,26.183032746281548
3996,829.92,85.17,86.33,85.2782,86.27459999999999,26.19428180372043
3997,829.94,85.17,86.3,85.2736,86.28259999999999,26.20004384712538
3998,829.96,85.245,86.27,85.2774,86.288,26.20567253120714
3999,829.98,85.32,86.25999999999999,85.2832,86.2916,26.21672148380681
4000,830.0,85.315,86.25,85.2878,86.2934,26.21672148364352
4001,830.02,85.31,86.265,85.2916,86.29439999999998,26.211373477299563
4002,830.04,85.33,86.28,85.2956,86.29540000000001,26.217078142529004
4003,830.06,85.35,86.28,85.2996,86.2958,26.228196416652892
4004,830.08,85.365,86.28,85.3034,86.2934,26.233904734530935
4005,830.1,85.38,86.33500000000001,85.3036,86.2904,26.234057690904805
4006,830.12,85.365,86.39,85.29899999999999,86.29180000000001,26.23961676472965
4007,830.14,85.35,86.28999999999999,85.29440000000001,86.2914,26.245175839192964
4008,830.16,85.33,86.19,85.2896,86.2862,26.2451758394498
4009,830.18,85.31,86.18,85.2852,86.2798,26.250734913827188
4010,830.2,85.345,86.17,85.2834,86.27439999999999,26.261930874823395
4011,830.22,85.38,86.215,85.28460000000001,86.2722,26.26764835210461
4012,830.24,85.33,86.26,85.2854,86.2744,26.273452024662284
4013,830.26,85.28,86.28,85.2846,86.28,26.284822994718265
4014,830.28,85.225,86.3,85.28200000000001,86.287,26.29585559080664
4015,830.3,85.17,86.34,85.2784,86.29619999999998,26.30124689844098
4016,830.32,85.15,86.38,85.2752,86.30239999999999,26.30680587421199
4017,830.34,85.13,86.36,85.2726,86.3032,26.317923826482374
4018,830.36,85.11,86.34,85.2706,86.29960000000001,26.329125038387048
4019,830.38,85.09,86.375,85.2676,86.2938,26.33476817854914
4020,830.4,85.105,86.41,85.265,86.2932,26.334768178876917
4021,830.42,85.12,86.485,85.263,86.2994,26.334853299465124
4022,830.44,85.14,86.56,85.26180000000001,86.30980000000001,26.340673173233014
4023,830.46,85.16,86.48,85.2584,86.31820000000002,26.357528335980447
4024,830.48,85.25,86.4,85.2556,86.3238,26.374204836518125
4025,830.5,85.34,86.30000000000001,85.25659999999999,86.3258,26.37420483721435
4026,830.52,85.37,86.2,85.259,86.32320000000001,26.36882823707293
4027,830.54,85.4,86.27000000000001,85.26180000000001,86.3228,26.380226104850955
4028,830.56,85.38,86.34,85.26299999999999,86.32520000000001,26.385784842231814
4029,830.58,85.36,86.345,85.26280000000001,86.32780000000001,26.37457298496964
4030,830.6,85.35499999999999,86.35,85.26180000000001,86.3284,26.37476269109225
4031,830.62,85.35,86.35,85.26119999999999,86.3268,26.386073505038137
4032,830.64,85.35,86.35,85.2612,86.3292,26.391632182061866
4033,830.66,85.35,86.405,85.26199999999999,86.3378,26.39163218249088
4034,830.68,85.25999999999999,86.46,85.26,86.34900000000002,26.408308215820043
4035,830.7,85.17,86.41,85.25299999999999,86.35860000000001,26.4361016139593
4036,830.72,85.14500000000001,86.36,85.2436,86.3644,26.452875507868836
4037,830.74,85.12,86.345,85.2352,86.36779999999999,26.458532935430203
4038,830.76,85.16,86.33,85.23039999999999,86.3698,26.452974295108042
4039,830.78,85.2,86.345,85.2294,86.3716,26.452974295531035
4040,830.8,85.235,86.36,85.23199999999999,86.37240000000001,26.464291873552916
4041,830.82,85.27,86.39,85.2368,86.37280000000001,26.47005446941417
4042,830.84,85.255,86.42,85.2418,86.3752,26.47561302745074
4043,830.86,85.24,86.4,85.24700000000001,86.37759999999999,26.475613027515266
4044,830.88,85.245,86.38,85.25319999999999,86.3778,26.469952005601293
4045,830.9,85.25,86.365,85.259,86.376,26.480867124331148
4046,830.92,85.215,86.35,85.26280000000001,86.3706,26.497643481748725
4047,830.94,85.18,86.38499999999999,85.26440000000001,86.36359999999999,26.497847263820002
4048,830.96,85.16,86.42,85.26440000000001,86.3612,26.497847264617516
4049,830.98,85.14,86.42500000000001,85.26,86.36220000000002,26.51452294574649
4050,831.0,85.16499999999999,86.43,85.25299999999999,86.3674,26.53130179387778
4051,831.02,85.19,86.445,85.2458,86.37719999999999,26.536964409735898
4052,831.04,85.28,86.46,85.241,86.3848,26.525847372101087
4053,831.06,85.37,86.455,85.2406,86.38940000000001,26.520288853598988
4054,831.08,85.36,86.45,85.2406,86.39359999999999,26.5314058914652
4055,831.1,85.35,86.465,85.2404,86.3982,26.536860337488037
4056,831.12,85.4,86.48,85.2424,86.4034,26.54252293174064
4057,831.14,85.45,86.445,85.2464,86.40720000000002,26.55385078821139
4058,831.16,85.41499999999999,86.41,85.249,86.4074,26.564967744006108
4059,831.18,85.38,86.34,85.2538,86.4026,26.570420415721497
4060,831.2,85.32,86.27,85.2598,86.397,26.57577014212324
4061,831.22,85.26,86.34,85.26439999999998,86.3962,26.581123682459683
4062,831.24,85.19,86.41,85.26719999999999,86.39880000000001,26.586784287125873
4063,831.26,85.12,86.46000000000001,85.26559999999999,86.40400000000001,26.603666687933764
4064,831.28,85.08500000000001,86.51,85.26100000000001,86.41059999999999,26.609121423638005
4065,831.3,85.05,86.495,85.2536,86.41599999999998,26.608916632536115
4066,831.32,85.045,86.48,85.24459999999999,86.41959999999999,26.619932857014362
4067,831.34,85.04,86.41,85.236,86.4192,26.62549147072183
4068,831.36,85.135,86.34,85.2318,86.41680000000001,26.625491471127326
4069,831.38,85.23,86.295,85.2312,86.4134,26.619832830810875
4070,831.4,85.185,86.25,85.2286,86.40879999999999,26.61973373319457
4071,831.42,85.14,86.35,85.2256,86.40879999999999,26.63631159350772
4072,831.44,85.13499999999999,86.45,85.2238,86.41140000000001,26.653085669004508
4073,831.46,85.13,86.5,85.2226,86.41460000000001,26.6643019167371
4074,831.48,85.14,86.55,85.2226,86.41959999999999,26.67522233888029
4075,831.5,85.15,86.545,85.22200000000001,86.4242,26.680587917579885
4076,831.52,85.17,86.54,85.22120000000001,86.428,26.680684004535124
4077,831.54,85.19,86.49000000000001,85.2176,86.4292,26.680781019501953
4078,831.56,85.27,86.44,85.2136,86.4286,26.686242705765462
4079,831.58,85.35,86.43,85.2132,86.4278,26.69726408078565
4080,831.6,85.395,86.42,85.215,86.426,26.69726408113343
4081,831.62,85.44,86.42,85.2166,86.42360000000001,26.691705360883773
4082,831.64,85.35499999999999,86.42,85.2128,86.4226,26.702822804376375
4083,831.66,85.27,86.43,85.20700000000001,86.4234,26.71959491792892
4084,831.68,85.215,86.44,85.20039999999999,86.42739999999999,26.730809158509828
4085,831.7,85.16,86.485,85.194,86.436,26.736271029823715
4086,831.72,85.045,86.53,85.18539999999999,86.4436,26.74154491162512
4087,831.74,84.93,86.52000000000001,85.175,86.448,26.752477265167787
4088,831.76,84.95,86.51,85.1682,86.45,26.76906253493664
4089,831.78,84.97,86.53999999999999,85.1636,86.45120000000001,26.780000747392307
4090,831.8,85.015,86.57,85.1622,86.4542,26.77982501064141
4091,831.82,85.06,86.565,85.1628,86.4576,26.790942807192856
4092,831.84,85.08,86.56,85.1644,86.46359999999999,26.807795060154614
4093,831.86,85.1,86.505,85.163,86.4702,26.819001913131206
4094,831.88,85.09,86.45,85.1574,86.47640000000001,26.82438346775596
4095,831.9,85.08,86.42,85.1532,86.4832,26.81865095019899
4096,831.92,85.18,86.39,85.1548,86.4848,26.81317840621868
4097,831.94,85.28,86.44,85.16059999999999,86.48440000000001,26.818737306943927
4098,831.96,85.285,86.49,85.16680000000001,86.484,26.829683391027007
4099,831.98,85.29,86.50999999999999,85.17280000000001,86.48240000000001,26.840633308982603
4100,832.0,85.19,86.53,85.17439999999999,86.4818,26.851587055436102
4101,832.02,85.09,86.53,85.17120000000001,86.48140000000001,26.857146062818078
4102,832.04,85.03,86.53,85.1648,86.48299999999999,26.86826407825359
4103,832.06,84.97,86.575,85.15280000000001,86.4884,26.884780791674988
4104,832.08,84.93,86.62,85.13600000000001,86.49600000000001,26.890183241054814
4105,832.1,84.89,86.61500000000001,85.1158,86.5038,26.895665416640476
4106,832.12,84.955,86.61,85.09639999999999,86.5114,26.901224507441945
4107,832.14,85.02,86.575,85.08300000000001,86.51759999999999,26.901224507659535
4108,832.16,85.065,86.54,85.0748,86.522,26.906707651416838
4109,832.18,85.11,86.47,85.0706,86.5232,26.9177508699047
4110,832.2,85.17,86.4,85.071,86.51979999999999,26.923235932271275
4111,832.22,85.23,86.41,85.0784,86.515,26.928649738942447
4112,832.24,85.11500000000001,86.42,85.0858,86.51100000000001,26.945256003981605
4113,832.26,85.0,86.42500000000001,85.0878,86.5076,26.95644558544109
4114,832.28,84.955,86.43,85.08720000000001,86.50319999999999,26.962076872637432
4115,832.3,84.91,86.46000000000001,85.083,86.49880000000002,26.97312309668212
4116,832.32,85.025,86.49,85.0816,86.4958,26.97861111269345
4117,832.34,85.14,86.505,85.08400000000002,86.4936,26.978611113250487
4118,832.36,85.155,86.52,85.0862,86.4942,26.978540876661963
4119,832.38,85.17,86.49,85.08940000000001,86.4958,26.98396238577092
4120,832.4,85.075,86.46,85.0892,86.49740000000001,26.995013402563792
4121,832.42,84.98,86.41499999999999,85.08120000000001,86.4984,27.00064007288812
4122,832.44,84.93,86.37,85.06720000000001,86.4956,27.01182684824489
4123,832.46,84.88,86.38,85.051,86.4912,27.022876991615217
4124,832.48,84.88499999999999,86.39,85.03479999999999,86.48640000000002,27.022743165219637
4125,832.5,84.89,86.41,85.0228,86.4816,27.033861680522126
4126,832.52,84.94,86.43,85.0168,86.4776,27.05053945527005
4127,832.54,84.99,86.505,85.01520000000001,86.4766,27.055968714343734
4128,832.56,85.02,86.58,85.01720000000002,86.47679999999998,27.061464385451455
4129,832.58,85.05,86.58500000000001,85.022,86.4754,27.072520310261663
4130,832.6,85.00999999999999,86.59,85.02680000000001,86.4744,27.08351638308514
4131,832.62,84.97,86.58500000000001,85.0274,86.4734,27.08907572027092
4132,832.64,84.96000000000001,86.58,85.025,86.4736,27.094635058300995
4133,832.66,84.95,86.56,85.0204,86.47439999999999,27.105634937675813
4134,832.68,84.92500000000001,86.54,85.013,86.4772,27.1166956596233
4135,832.7,84.9,86.52000000000001,85.00219999999999,86.48199999999999,27.12219795553651
4136,832.72,84.86500000000001,86.5,84.9876,86.48559999999999,27.127701187945213
4137,832.74,84.83,86.46000000000001,84.9762,86.48719999999999,27.144379383914714
4138,832.76,84.795,86.42,84.96799999999999,86.487,27.161057580090983
4139,832.78,84.76,86.36,84.9602,86.4842,27.166616978830756
4140,832.8,84.80000000000001,86.3,84.9558,86.4778,27.177735777656387
4141,832.82,84.84,86.375,84.9484,86.47320000000002,27.194413977095035
4142,832.84,84.86500000000001,86.45,84.9374,86.471,27.2054776941487
4143,832.86,84.89,86.47,84.9268,86.469,27.205423521404228
4144,832.88,84.94,86.49,84.91760000000001,86.469,27.19430467673316
4145,832.9,84.99,86.525,84.9142,86.4716,27.19986409901223
4146,832.92,84.99,86.56,84.9146,86.4774,27.216489125659727
4147,832.94,84.99,86.52000000000001,84.917,86.4834,27.227504284604127
4148,832.96,84.9,86.48,84.9178,86.4874,27.249742105372846
4149,832.98,84.81,86.48,84.9148,86.491,27.266471798970013
4150,833.0,84.805,86.48,84.91140000000001,86.49380000000001,27.271979928865445
4151,833.02,84.8,86.39,84.9058,86.4922,27.277488987368695
4152,833.04,84.89,86.3,84.90180000000001,86.48400000000001,27.271831430158695
4153,833.06,84.98,86.36,84.9002,86.4752,27.266131590503516
4154,833.08,84.92500000000001,86.42,84.8952,86.46860000000001,27.28281013464103
4155,833.1,84.87,86.44,84.88960000000002,86.46260000000001,27.30509400690382
4156,833.12,84.905,86.46,84.887,86.4576,27.310607711779767
4157,833.14,84.94,86.51499999999999,84.8862,86.455,27.31612234208224
4158,833.16,84.945,86.57,84.88600000000001,86.45540000000001,27.327241391631564
4159,833.18,84.95,86.55,84.887,86.4558,27.33275696453267
4160,833.2,84.96000000000001,86.53,84.88940000000001,86.45620000000001,27.3271543761501
4161,833.22,84.97,86.43,84.8936,86.4534,27.327154375861305
4162,833.24,84.85499999999999,86.33,84.89460000000001,86.44820000000001,27.343833004617736
4163,833.26,84.74,86.32,84.8924,86.4442,27.36051163373246
4164,833.28,84.75999999999999,86.31,84.8924,86.4422,27.377148192318717
4165,833.3,84.78,86.35,84.8916,86.44419999999998,27.388226145945435
4166,833.32,84.805,86.39,84.89020000000001,86.4448,27.39374546898751
4167,833.34,84.83,86.39500000000001,84.8888,86.4426,27.399265713125846
4168,833.36,84.82,86.4,84.88600000000001,86.43980000000002,27.393745469482123
4169,833.38,84.81,86.4,84.8808,86.43619999999999,27.39378570658222
4170,833.4,84.855,86.4,84.87539999999998,86.43119999999999,27.404825289947023
4171,833.42,84.9,86.39500000000001,84.87180000000001,86.4246,27.410272360484253
4172,833.44,84.9,86.39,84.8682,86.41940000000001,27.415831960496423
4173,833.46,84.9,86.34,84.8682,86.4138,27.432547328883295
4174,833.48,84.89500000000001,86.29,84.8716,86.40619999999998,27.44918956018825
4175,833.5,84.89,86.31,84.875,86.3994,27.46023840302732
4176,833.52,84.925,86.33,84.88,86.397,27.46573128121376
4177,833.54,84.96,86.32499999999999,84.8828,86.398,27.460171653357204
4178,833.56,84.87,86.32,84.8784,86.39640000000001,27.46573128165375
4179,833.58,84.78,86.285,84.8726,86.391,27.482378169311417
4180,833.6,84.735,86.25,84.8672,86.3834,27.493497439214135
4181,833.62,84.69,86.235,84.85860000000001,86.37440000000001,27.50464867907294
4182,833.64,84.62,86.22,84.8458,86.3626,27.521327564443133
4183,833.66,84.55,86.28,84.83,86.351,27.53794348649755
4184,833.68,84.58,86.34,84.8152,86.3426,27.554622410822684
4185,833.7,84.61,86.33,84.80120000000001,86.33460000000001,27.560182052610077
4186,833.72,84.7,86.32,84.7904,86.3302,27.55456308121442
4187,833.74,84.79,86.32,84.7878,86.32979999999999,27.56565408366012
4188,833.76,84.85,86.32,84.7922,86.32979999999999,27.576746006906973
4189,833.78,84.91,86.285,84.7982,86.32880000000002,27.57671950931335
4190,833.8,84.875,86.25,84.802,86.3248,27.587865336491
4191,833.82,84.84,86.235,84.8034,86.31859999999999,27.604571699265435
4192,833.84,84.81,86.22,84.8026,86.3116,27.615691018109143
4193,833.86,84.78,86.175,84.801,86.30259999999998,27.621250677956517
4194,833.88,84.785,86.13,84.8,86.29180000000001,27.621223326269
4195,833.9,84.79,86.145,84.7974,86.2816,27.61561163834705
4196,833.92,84.76,86.16,84.79180000000001,86.27220000000001,27.615563203095416
4197,833.94,84.73,86.155,84.785,86.26279999999998,27.626659710471326
4198,833.96,84.685,86.15,84.7764,86.2552,27.63780194439042
4199,833.98,84.64,86.18,84.76619999999998,86.2508,27.64892131536485
4200,834.0,84.6,86.21,84.75460000000001,86.24679999999998,27.67111529976474
4201,834.02,84.56,86.255,84.74,86.2438,27.687773360114797
4202,834.04,84.535,86.3,84.72300000000001,86.2428,27.687733997536704
4203,834.06,84.51,86.285,84.7086,86.2414,27.69325792645069
4204,834.08,84.595,86.27,84.70120000000001,86.2408,27.69883507823777
4205,834.1,84.68,86.275,84.699,86.2418,27.698835078251136
4206,834.12,84.655,86.28,84.69760000000001,86.24359999999999,27.71548024872663
4207,834.14,84.63,86.25,84.698,86.2448,27.737703490695697
4208,834.16,84.685,86.22,84.7034,86.2424,27.737719118229787
4209,834.18,84.74,86.21000000000001,84.7098,86.23720000000002,27.732175924506418
4210,834.2,84.725,86.2,84.71440000000001,86.23199999999999,27.748855066608954
4211,834.22,84.71,86.155,84.7148,86.22540000000001,27.771129599907226
4212,834.24,84.675,86.11,84.7102,86.21699999999998,27.782288243037794
4213,834.26,84.64,86.12,84.7018,86.20900000000002,27.787827886145166
4214,834.28,84.68,86.13,84.6926,86.20279999999998,27.78221335117875
4215,834.3,84.72,86.155,84.68639999999999,86.199,27.776606819923103
4216,834.32,84.72,86.18,84.6816,86.1968,27.7821665436555
4217,834.34,84.72,86.195,84.678,86.1958,27.79330069585179
4218,834.36,84.695,86.21,84.67460000000001,86.19720000000001,27.815524884793025
4219,834.38,84.67,86.185,84.67,86.19940000000001,27.832177356365953
4220,834.4,84.67500000000001,86.16,84.6654,86.2,27.83772507294841
4221,834.42,84.68,86.14,84.6622,86.1992,27.84884453571222
4222,834.44,84.64,86.12,84.6586,86.1978,27.859976001130928
4223,834.46,84.6,86.14,84.65520000000001,86.1974,27.85998889284066
4224,834.48,84.59,86.16,84.6532,86.1966,27.859988892848055
4225,834.5,84.58,86.18,84.6524,86.1954,27.876668072005426
4226,834.52,84.6,86.2,84.654,86.19319999999999,27.88778752458128
4227,834.54,84.62,86.19,84.6574,86.18879999999999,27.88222779829719
4228,834.56,84.61,86.18,84.6614,86.18459999999999,27.882214916875753
4229,834.58,84.6,86.245,84.66159999999999,86.18360000000001,27.89331128676547
4230,834.6,84.615,86.31,84.65899999999999,86.185,27.904420545186106
4231,834.62,84.63,86.325,84.65799999999999,86.1868,27.91554001622392
4232,834.64,84.645,86.34,84.65859999999999,86.19040000000001,27.92665948763242
4233,834.66,84.66,86.26,84.6576,86.192,27.932219223519382
4234,834.68,84.69,86.18,84.65559999999999,86.1908,27.937789155053924
4235,834.7,84.72,86.18,84.65540000000001,86.19,27.948919700628124
4236,834.72,84.68,86.18,84.6542,86.191,27.960039163630242
4237,834.74,84.64,86.155,84.65280000000001,86.1928,27.9767183579982
4238,834.76,84.62,86.13,84.65199999999999,86.19319999999999,28.004505959316656
4239,834.78,84.6,86.16,84.64880000000001,86.1944,28.01561525950702
4240,834.8,84.6,86.19,84.64399999999999,86.1958,28.015615259157304
4241,834.82,84.6,86.175,84.6392,86.19560000000001,28.026734730362048
4242,834.84,84.60499999999999,86.16,84.63459999999999,86.1942,28.037854202295886
4243,834.86,84.61,86.16499999999999,84.6312,86.19239999999999,28.043413937916192
4244,834.88,84.62,86.17,84.6292,86.1918,28.0489736731895
4245,834.9,84.63,86.13499999999999,84.6274,86.1908,28.06565288007782
4246,834.92,84.54499999999999,86.1,84.62199999999999,86.1892,28.076763088758316
4247,834.94,84.46,86.16499999999999,84.6148,86.191,28.076747209145687
4248,834.96,84.43,86.23,84.60799999999999,86.19460000000001,28.087860076713955
4249,834.98,84.4,86.20500000000001,84.60040000000001,86.19640000000001,28.098979560592614
4250,835.0,84.465,86.18,84.5958,86.1964,28.110099044124375
4251,835.02,84.53,86.14500000000001,84.59299999999999,86.1942,28.12677827066621
4252,835.04,84.595,86.11,84.59200000000001,86.191,28.13233801297022
4253,835.06,84.66,86.1,84.594,86.18780000000001,28.13789775492225
4254,835.08,84.66499999999999,86.09,84.5966,86.1816,28.149023838501453
4255,835.1,84.67,86.045,84.5988,86.171,28.154591057303573
4256,835.12,84.725,86.0,84.6026,86.15800000000002,28.15459941558807
4257,835.14,84.78,86.045,84.60799999999999,86.1462,28.154599415945015
4258,835.16,84.725,86.09,84.61059999999999,86.13940000000001,28.16571889100737
4259,835.18,84.67,86.11,84.60979999999999,86.1366,28.182417439730113
4260,835.2,84.625,86.13,84.60600000000001,86.1346,28.187977173466017
4261,835.22,84.58,86.08500000000001,84.60199999999999,86.1308,28.187957841174292
4262,835.24,84.57,86.04,84.5992,86.12620000000001,28.19351757943326
4263,835.26,84.56,86.025,84.5968,86.12200000000001,28.19907731663466
4264,835.28,84.61500000000001,86.01,84.5974,86.116,28.20462124620229
4265,835.3,84.67,86.075,84.60019999999999,86.11139999999999,28.215740727910223
4266,835.32,84.62,86.14,84.601,86.11,28.2324274078447
4267,835.34,84.57,86.14,84.5996,86.1092,28.243555218601664
4268,835.36,84.54499999999999,86.14,84.59700000000001,86.1082,28.249134246285088
4269,835.38,84.52,86.16,84.59299999999999,86.10780000000001,28.260264670394477
4270,835.4,84.52,86.18,84.5886,86.10960000000001,28.27693291635443
4271,835.42,84.52,86.14,84.58760000000001,86.1112,28.293592858039823
4272,835.44,84.56,86.1,84.5916,86.10859999999998,28.29915259565605
4273,835.46,84.6,86.065,84.5984,86.10199999999999,28.299171852011835
4274,835.48,84.615,86.03,84.60700000000001,86.095,28.304754338869824
4275,835.5,84.63,86.08500000000001,84.6136,86.09120000000001,28.315873797977307
4276,835.52,84.58500000000001,86.14,84.6158,86.09100000000001,28.332530255099517
4277,835.54,84.54,86.12,84.6136,86.0914,28.34920945741247
4278,835.56,84.51,86.1,84.6076,86.09140000000001,28.360351633954387
4279,835.58,84.48,86.06,84.6002,86.09020000000001,28.360351634314366
4280,835.6,84.42,86.02,84.59020000000001,86.0892,28.360318881423723
4281,835.62,84.36,86.00999999999999,84.5756,86.08959999999999,28.37698063123851
4282,835.64,84.41,86.0,84.5608,86.08779999999999,28.393668137745802
4283,835.66,84.46,86.005,84.5502,86.0844,28.393687329662537
4284,835.68,84.485,86.01,84.5428,86.0804,28.393698234355263
4285,835.7,84.51,86.045,84.5382,86.07699999999998,28.404806797860005
4286,835.72,84.545,86.08,84.5368,86.07679999999999,28.415937161879192
4287,835.74,84.58,86.09,84.5372,86.07879999999999,28.421534805225132
4288,835.76,84.61500000000001,86.1,84.5394,86.08179999999999,28.427108907265012
4289,835.78,84.65,86.1,84.5408,86.0854,28.438243593486593
4290,835.8,84.625,86.1,84.539,86.08640000000001,28.44939611580085
4291,835.82,84.6,86.095,84.5382,86.0846,28.460533382266334
4292,835.84,84.56,86.09,84.53779999999999,86.0826,28.46609309136543
4293,835.86,84.52,86.06,84.5368,86.0794,28.46051554058062
4294,835.88,84.535,86.03,84.53739999999999,86.0742,28.460498569203597
4295,835.9,84.55,86.06,84.5386,86.0694,28.477161624903207
4296,835.92,84.6,86.09,84.54180000000001,86.06739999999999,28.493825568137087
4297,835.94,84.65,86.11500000000001,84.54539999999999,86.06800000000001,28.493840781074358
4298,835.96,84.6,86.14,84.54540000000001,86.071,28.49943352749891
4299,835.98,84.55,86.09,84.5428,86.0734,28.516149147667832
4300,836.0,84.63499999999999,86.04,84.54299999999999,86.0716,28.527288094371002
4301,836.02,84.72,86.03,84.5484,86.0672,28.532828263103163
4302,836.04,84.83500000000001,86.02,84.56020000000001,86.0632,28.52724989028167
4303,836.06,84.95,86.02,84.57779999999998,86.06,28.52724988958883
4304,836.08,84.875,86.02,84.59359999999998,86.0584,28.543929016723183
4305,836.1,84.8,86.08500000000001,84.60880000000002,86.06099999999998,28.560626790808666
4306,836.12,84.695,86.15,84.62219999999999,86.0666,28.571786080790464
4307,836.14,84.59,86.14,84.6294,86.07220000000001,28.577345778446396
4308,836.16,84.62,86.13,84.6358,86.07719999999999,28.582885111323584
4309,836.18,84.65,86.125,84.6424,86.0818,28.594024871868022
4310,836.2,84.715,86.12,84.6506,86.08480000000002,28.599627874751302
4311,836.22,84.78,86.1,84.66,86.08560000000001,28.59962787441952
4312,836.24,84.74000000000001,86.08,84.6664,86.0852,28.605165482954916
4313,836.26,84.7,86.055,84.6698,86.0834,28.610770196070316
4314,836.28,84.66499999999999,86.03,84.67040000000001,86.08059999999999,28.62193802985502
4315,836.3,84.63,86.05,84.6706,86.0786,28.63303272642092
4316,836.32,84.645,86.07,84.6724,86.0776,28.63856862159499
4317,836.34,84.66,86.03999999999999,84.6764,86.0756,28.649711768043883
4318,836.36,84.705,86.01,84.68379999999999,86.0736,28.660855760368662
4319,836.38,84.75,86.03999999999999,84.69239999999999,86.074,28.671950490422258
4320,836.4,84.69,86.07,84.698,86.07439999999998,28.683069851941113
4321,836.42,84.63,86.095,84.6992,86.0746,28.68867961060504
4322,836.44,84.57,86.12,84.696,86.0748,28.694292802423387
4323,836.46,84.51,86.13,84.69239999999999,86.07440000000001,28.70544016805352
4324,836.48,84.625,86.14,84.6954,86.07639999999999,28.710999823670118
4325,836.5,84.74,86.15,84.6996,86.0808,28.710971784397778
4326,836.52,84.755,86.16,84.70100000000001,86.086,28.710944608179055
4327,836.54,84.77,86.115,84.6984,86.08980000000001,28.7109717844638
4328,836.56,84.78,86.07,84.6916,86.09179999999998,28.716559479073172
4329,836.58,84.79,86.00999999999999,84.6882,86.0914,28.727707674276665
4330,836.6,84.73500000000001,85.95,84.6856,86.08599999999998,28.744416354316183
4331,836.62,84.68,85.995,84.685,86.07979999999999,28.761065575000853
4332,836.64,84.695,86.04,84.6892,86.0758,28.772184875434714
4333,836.66,84.71,86.055,84.6928,86.0728,28.777804777025693
4334,836.68,84.785,86.07,84.6982,86.07060000000001,28.77783619384912
4335,836.7,84.86,86.055,84.704,86.068,28.783364415931576
4336,836.72,84.88,86.04,84.70800000000001,86.06559999999999,28.794483692697387
4337,836.74,84.9,86.075,84.71440000000001,86.0654,28.800074724231266
4338,836.76,84.86,86.11,84.7208,86.0676,28.805666603561438
4339,836.78,84.82,86.12,84.727,86.07119999999999,28.811259329840794
4340,836.8,84.84,86.13,84.73539999999998,86.07440000000001,28.816818949601195
4341,836.82,84.86,86.10499999999999,84.744,86.0758,28.827938190642772
4342,836.84,84.77000000000001,86.08,84.7484,86.0774,28.833531744243363
4343,836.86,84.68,86.07499999999999,84.7474,86.08,28.833602187714675
4344,836.88,84.715,86.07,84.74600000000001,86.0812,28.839198291288586
4345,836.9,84.75,86.06,84.7484,86.0808,28.84479523991511
4346,836.92,84.785,86.05,84.75460000000001,86.079,28.850432097266566
4347,836.94,84.82,86.11500000000001,84.76460000000002,86.07879999999999,28.86155124014204
4348,836.96,84.875,86.18,84.7792,86.0808,28.872593171874552
4349,836.98,84.93,86.18,84.79140000000001,86.08239999999999,28.87811544635601
4350,837.0,84.9,86.18,84.79780000000001,86.0836,28.88367503962269
4351,837.02,84.87,86.155,84.80239999999999,86.0834,28.894794227707035
4352,837.04,84.89,86.13,84.8072,86.084,28.900391104718405
4353,837.06,84.91,86.11,84.8124,86.08560000000001,28.900429245023506
4354,837.08,84.91,86.09,84.81720000000001,86.08879999999999,28.905988824740717
4355,837.1,84.91,86.05000000000001,84.8242,86.09280000000001,28.91158738646139
4356,837.12,84.92,86.01,84.83380000000001,86.0934,28.91718678978733
4357,837.14,84.93,86.08500000000001,84.8432,86.09519999999999,28.92830591896813
4358,837.16,84.93,86.16,84.85199999999999,86.0994,28.939425048428344
4359,837.18,84.93,86.195,84.85780000000001,86.10439999999998,28.94498461276756
4360,837.2,84.92500000000001,86.23,84.86039999999998,86.11139999999999,28.95054417753015
4361,837.22,84.92,86.23,84.86200000000001,86.119,28.961663307891605
4362,837.24,84.91499999999999,86.23,84.8626,86.1252,28.9672228728844
4363,837.26,84.91,86.21000000000001,84.86460000000001,86.1292,28.967263490541406
4364,837.28,84.905,86.19,84.86800000000001,86.132,28.97286451283517
4365,837.3,84.9,86.22999999999999,84.8704,86.13600000000001,28.984025915279627
4366,837.32,84.915,86.27,84.8726,86.1426,28.989672610304417
4367,837.34,84.93,86.22999999999999,84.87899999999999,86.1486,28.989672610744396
4368,837.36,84.935,86.19,84.8892,86.1532,28.995232135176764
4369,837.38,84.94,86.235,84.8982,86.15980000000002,29.0063960175094
4370,837.4,84.995,86.28,84.90800000000002,86.16860000000001,29.011955534305265
4371,837.42,85.05,86.28,84.91860000000001,86.1778,29.01195553404124
4372,837.44,84.965,86.28,84.9244,86.18440000000001,29.02302976062617
4373,837.46,84.88,86.27000000000001,84.92460000000001,86.18799999999999,29.039664408768562
4374,837.48,84.895,86.26,84.9232,86.19120000000001,29.039708337409696
4375,837.5,84.91,86.215,84.92360000000001,86.1926,29.03423924421847
4376,837.52,85.00999999999999,86.17,84.9292,86.19319999999999,29.039845239282336
4377,837.54,85.11,86.16499999999999,84.93799999999999,86.1946,29.050964237990257
4378,837.56,85.095,86.16,84.9454,86.1966,29.062130541378824
4379,837.58,85.08,86.13499999999999,84.95219999999999,86.1984,29.067738178693823
4380,837.6,85.095,86.11,84.9596,86.2008,29.067690032520538
4381,837.62,85.11,86.185,84.9672,86.2078,29.073297661088507
4382,837.64,84.99000000000001,86.26,84.96960000000001,86.21480000000001,29.084515417266925
4383,837.66,84.87,86.28999999999999,84.96719999999999,86.22,29.090025067596507
4384,837.68,84.965,86.32,84.96860000000001,86.225,29.090025067703547
4385,837.7,85.06,86.24,84.97399999999999,86.22540000000001,29.09012554457785
4386,837.72,85.06,86.16,84.97959999999999,86.2226,29.09568499768144
4387,837.74,85.06,86.145,84.98539999999998,86.2192,29.106753270433398
4388,837.76,85.12,86.13,84.99380000000001,86.21600000000001,29.112363359267555
4389,837.78,85.18,86.12,85.00479999999999,86.2132,29.112414835542832
4390,837.8,85.07,86.11,85.0116,86.2084,29.118026596536048
4391,837.82,84.96,86.16499999999999,85.0134,86.2042,29.12919861286144
4392,837.84,85.035,86.22,85.0176,86.20379999999999,29.134758037162804
4393,837.86,85.11,86.2,85.0246,86.2042,29.134812024117156
4394,837.88,85.045,86.18,85.02879999999999,86.20199999999998,29.140426265425386
4395,837.9,84.98,86.25,85.0282,86.2008,29.151545073023186
4396,837.92,84.975,86.32,85.0252,86.2024,29.157104477085806
4397,837.94,84.97,86.3,85.0254,86.2032,29.162719516279445
4398,837.96,85.08500000000001,86.28,85.03359999999999,86.20360000000001,29.168278909649676
4399,837.98,85.2,86.215,85.0458,86.2018,29.16827890975938
4400,838.0,85.25999999999999,86.15,85.0598,86.19919999999998,29.168392704635423
4401,838.02,85.32,86.165,85.0722,86.19900000000001,29.16839270478215
4402,838.04,85.31,86.18,85.0802,86.1996,29.173894766317286
4403,838.06,85.3,86.245,85.08840000000001,86.20299999999999,29.185070821634795
4404,838.08,85.25999999999999,86.31,85.09559999999999,86.21,29.19068832131262
4405,838.1,85.22,86.275,85.1006,86.2166,29.19068832146358
4406,838.12,85.24000000000001,86.24,85.1058,86.21880000000002,29.196247683134736
4407,838.14,85.26,86.235,85.1166,86.21779999999998,29.20736640748924
4408,838.16,85.265,86.23,85.1324,86.21539999999999,29.212925769616056
4409,838.18,85.27,86.24000000000001,85.1446,86.21220000000001,29.21292576978179
4410,838.2,85.265,86.25,85.15280000000001,86.21260000000001,29.218485132391738
4411,838.22,85.26,86.185,85.1608,86.2136,29.2241034027175
4412,838.24,85.225,86.12,85.1674,86.21260000000001,29.229722498411455
4413,838.26,85.19,86.215,85.17020000000001,86.21600000000001,29.240841178369248
4414,838.28,85.195,86.31,85.1708,86.2236,29.246340809244646
4415,838.3,85.2,86.37,85.176,86.234,29.24628194629444
4416,838.32,85.195,86.43,85.18540000000002,86.2446,29.25184130944088
4417,838.34,85.19,86.35,85.1916,86.24980000000001,29.268637882810005
4418,838.36,85.16499999999999,86.27,85.1938,86.2526,29.285315907357603
4419,838.38,85.14,86.25999999999999,85.19760000000001,86.2558,29.290698927808084
4420,838.4,85.16499999999999,86.25,85.205,86.2558,29.290698927954196
4421,838.42,85.19,86.265,85.2136,86.2536,29.29637498306617
4422,838.44,85.185,86.28,85.22219999999999,86.25280000000001,29.302054375328133
4423,838.46,85.18,86.245,85.226,86.25139999999999,29.30205437513825
4424,838.48,85.20500000000001,86.21,85.22619999999999,86.25119999999998,29.301993933392293
4425,838.5,85.23,86.205,85.225,86.2534,29.30193433687172
4426,838.52,85.24000000000001,86.2,85.2218,86.25480000000002,29.307434949999692
4427,838.54,85.25,86.225,85.21940000000001,86.25659999999999,29.31855368018966
4428,838.56,85.28999999999999,86.25,85.219,86.2568,29.32411304519432
4429,838.58,85.33,86.24000000000001,85.2218,86.25400000000002,29.31861239818848
4430,838.6,85.35499999999999,86.23,85.2272,86.25219999999999,29.31305304472495
4431,838.62,85.38,86.285,85.23280000000001,86.25399999999999,29.32417175260351
4432,838.64,85.28999999999999,86.34,85.234,86.2582,29.34090933293997
4433,838.66,85.2,86.36500000000001,85.2314,86.26360000000001,29.34640916975768
4434,838.68,85.235,86.39,85.23,86.2696,29.351909873398913
4435,838.7,85.27,86.42,85.23020000000001,86.2764,29.357469238943647
4436,838.72,85.275,86.45,85.2308,86.287,29.35741144246167
4437,838.74,85.28,86.38499999999999,85.23299999999999,86.2976,29.362970819812443
4438,838.76,85.235,86.32,85.23479999999999,86.3018,29.374147338228088
4439,838.78,85.19,86.285,85.23459999999999,86.3008,29.385208328830462
4440,838.8,85.24000000000001,86.25,85.2362,86.296,29.390654773148373
4441,838.82,85.29,86.33500000000001,85.24,86.2922,29.390545209944985
4442,838.84,85.21000000000001,86.42,85.2408,86.295,29.396104630179153
4443,838.86,85.13,86.405,85.2394,86.3004,29.401773572078177
4444,838.88,85.145,86.39,85.23960000000001,86.30560000000001,29.401829596391202
4445,838.9,85.16,86.4,85.2394,86.3116,29.4073329716756
4446,838.92,85.155,86.41,85.23800000000001,86.31739999999999,29.4183966199243
4447,838.94,85.15,86.405,85.2366,86.3224,29.42390173215556
4448,838.96,85.17500000000001,86.4,85.23640000000002,86.32860000000001,29.42384827530736
4449,838.98,85.2,86.44,85.2362,86.3378,29.429461152198545
4450,839.0,85.19,86.48,85.23459999999999,86.34880000000001,29.440634262354717
4451,839.02,85.18,86.44,85.23219999999999,86.3584,29.446139415376038
4452,839.04,85.19,86.4,85.2298,86.36540000000001,29.4460334237391
4453,839.06,85.2,86.375,85.22619999999999,86.3704,29.451490256183046
4454,839.08,85.23,86.35,85.22219999999999,86.37480000000001,29.456999683506165
4455,839.1,85.26,86.365,85.2184,86.3802,29.456999683969187
4456,839.12,85.23,86.38,85.2124,86.384,29.462559154085728
4457,839.14,85.2,86.41,85.2088,86.38680000000001,29.468168639408137
4458,839.16,85.215,86.44,85.2094,86.3898,29.473778945271487
4459,839.18,85.23,86.49000000000001,85.2092,86.39380000000001,29.49040648348476
4460,839.2,85.305,86.54,85.2106,86.3986,29.50137805157095
4461,839.22,85.38,86.495,85.2148,86.4004,29.49567873725004
4462,839.24,85.365,86.45,85.2182,86.40299999999999,29.490119221971735
4463,839.26,85.35,86.485,85.2228,86.4096,29.501238252889852
4464,839.28,85.32499999999999,86.52,85.2282,86.419,29.51787190507206
4465,839.3,85.3,86.555,85.2306,86.4312,29.51782784910855
4466,839.32,85.3,86.59,85.23100000000001,86.44139999999999,29.512268316365642
4467,839.34,85.3,86.545,85.23459999999999,86.4464,29.523476316680043
4468,839.36,85.245,86.5,85.2392,86.45020000000001,29.540154864692
4469,839.38,85.19,86.465,85.241,86.4532,29.5400659801352
4470,839.4,85.205,86.43,85.2428,86.4544,29.534463255204578
4471,839.42,85.22,86.435,85.2454,86.4554,29.545539999204948
4472,839.44,85.31,86.44,85.2518,86.4568,29.556576967996424
4473,839.46,85.4,86.465,85.2608,86.4594,29.556498189942573
4474,839.48,85.415,86.49,85.2694,86.4614,29.5564227635874
4475,839.5,85.43,86.47999999999999,85.279,86.4614,29.561910296848776
4476,839.52,85.38,86.47,85.287,86.46260000000001,29.573029511446418
4477,839.54,85.33,86.50999999999999,85.29260000000001,86.46699999999998,29.578624710763087
4478,839.56,85.28999999999999,86.55,85.29620000000001,86.47399999999999,29.58418431153385
4479,839.58,85.25,86.57499999999999,85.29700000000001,86.48299999999999,29.595267942038763
4480,839.6,85.28999999999999,86.6,85.2982,86.4924,29.606285503908474
4481,839.62,85.33,86.57,85.3022,86.5,29.611751024254392
4482,839.64,85.285,86.54,85.3056,86.5052,29.61175102464856
4483,839.66,85.24,86.49000000000001,85.3066,86.50720000000001,29.611781557038285
4484,839.68,85.225,86.44,85.3064,86.50519999999999,29.611751024029928
4485,839.7,85.21,86.43,85.3026,86.5008,29.617252124939863
4486,839.72,85.24,86.42,85.29700000000001,86.49780000000001,29.622783768047793
4487,839.74,85.27,86.36,85.2932,86.4942,29.62275659218075
4488,839.76,85.27,86.3,85.29,86.4868,29.628239760707817
4489,839.78,85.27,86.32499999999999,85.2878,86.479,29.63929017393677
4490,839.8,85.28,86.35,85.28699999999999,86.4708,29.644849867193603
4491,839.82,85.29,86.4,85.28659999999999,86.4632,29.644849867214706
4492,839.84,85.305,86.45,85.2868,86.4594,29.65040956084481
4493,839.86,85.32,86.455,85.2898,86.4576,29.661551077582796
4494,839.88,85.32499999999999,86.46,85.29520000000001,86.45739999999999,29.67264833446091
4495,839.9,85.33,86.44,85.3002,86.4578,29.67816629626907
4496,839.92,85.34,86.42,85.305,86.45720000000001,29.672586977226235
4497,839.94,85.35,86.41,85.3066,86.456,29.667008486135877
4498,839.96,85.35,86.4,85.3046,86.4534,29.672550246871506
4499,839.98,85.35,86.33000000000001,85.302,86.447,29.683652563564923
4500,840.0,85.35499999999999,86.26,85.29899999999999,86.4382,29.68919600961202
4501,840.02,85.36,86.26,85.2982,86.4298,29.689212278906822
4502,840.04,85.34,86.26,85.2986,86.4198,29.694789094629975
4503,840.06,85.32,86.325,85.29979999999999,86.4108,29.711451139937093
4504,840.08,85.28999999999999,86.39,85.3014,86.4034,29.72255431861918
4505,840.1,85.26,86.41499999999999,85.3002,86.396,29.716979180033306
4506,840.12,85.25,86.44,85.29700000000001,86.3908,29.71697918004328
4507,840.14,85.24,86.43,85.29520000000001,86.3864,29.733658342943578
4508,840.16,85.3,86.42,85.2976,86.38359999999999,29.75033750663612
4509,840.18,85.36,86.36500000000001,85.303,86.38060000000002,29.750337506292425
4510,840.2,85.41499999999999,86.31,85.31120000000001,86.3758,29.7391768351184
4511,840.22,85.47,86.32,85.32039999999999,86.37180000000001,29.744702836822743
4512,840.24,85.4,86.33,85.3256,86.37060000000001,29.75581273396852
4513,840.26,85.33,86.34,85.32799999999999,86.37219999999999,29.75024425440424
4514,840.28,85.295,86.35,85.329,86.37320000000001,29.750244254407317
4515,840.3,85.26,86.37,85.3282,86.374,29.766923469721903
4516,840.32,85.28999999999999,86.39,85.3282,86.37360000000001,29.78360268576994
4517,840.34,85.32,86.39500000000001,85.32880000000002,86.3714,29.789162424578354
4518,840.36,85.38499999999999,86.4,85.33139999999999,86.3692,29.789141220723504
4519,840.38,85.45,86.355,85.3364,86.365,29.7835760716917
4520,840.4,85.41499999999999,86.31,85.3398,86.35979999999999,29.783581477964532
4521,840.42,85.38,86.28,85.3414,86.3542,29.80025530266317
4522,840.44,85.35,86.25,85.3414,86.3478,29.805810475260163
4523,840.46,85.32,86.27000000000001,85.34020000000001,86.3426,29.805806735846136
4524,840.48,85.235,86.29,85.3356,86.34100000000001,29.822483064038366
4525,840.5,85.15,86.255,85.3274,86.34080000000002,29.833602555071035
4526,840.52,85.215,86.22,85.3216,86.3392,29.83360255507005
4527,840.54,85.28,86.22999999999999,85.3192,86.33800000000001,29.83360047971067
4528,840.56,85.375,86.24,85.3214,86.3346,29.828039487440034
4529,840.58,85.47,86.28,85.32860000000001,86.3302,29.822479325653685
4530,840.6,85.49000000000001,86.32,85.3378,86.3264,29.828039072220093
4531,840.62,85.51,86.28999999999999,85.34819999999999,86.3204,29.839160225261686
4532,840.64,85.475,86.26,85.35759999999999,86.31360000000001,29.844724951377376
4533,840.66,85.44,86.22,85.36319999999999,86.30560000000001,29.855844441684106
4534,840.68,85.485,86.18,85.3682,86.2982,29.866958955841067
4535,840.7,85.53,86.155,85.37280000000001,86.292,29.86695771144962
4536,840.72,85.43,86.13,85.3712,86.28439999999999,29.872518701391687
4537,840.74,85.33,86.195,85.36840000000001,86.279,29.88364026579399
4538,840.76,85.35,86.26,85.3692,86.2758,29.89476265724238
4539,840.78,85.37,86.295,85.3722,86.27359999999999,29.905885874813634
4540,840.8,85.42500000000001,86.33,85.3788,86.27199999999999,29.911441892184463
4541,840.82,85.48,86.32499999999999,85.3864,86.2694,29.911438993744664
4542,840.84,85.445,86.32,85.39140000000002,86.26639999999999,29.916998739266404
4543,840.86,85.41,86.27,85.3924,86.26119999999999,29.922558485494474
4544,840.88,85.375,86.22,85.38940000000001,86.2558,29.922558485494747
4545,840.9,85.34,86.18,85.38640000000001,86.25059999999999,29.92811616150043
4546,840.92,85.36500000000001,86.14,85.3858,86.245,29.93367466649332
4547,840.94,85.39,86.18,85.38740000000001,86.2422,29.93367590775921
4548,840.96,85.42,86.22,85.39139999999999,86.24019999999999,29.9336808731784
4549,840.98,85.45,86.25999999999999,85.4,86.23899999999999,29.939244341269255
4550,841.0,85.405,86.3,85.41019999999999,86.24079999999998,29.950360108131775
4551,841.02,85.36,86.28,85.416,86.2432,29.955916958977898
4552,841.04,85.36500000000001,86.26,85.41940000000001,86.2444,29.955919853117514
4553,841.06,85.37,86.24000000000001,85.4192,86.2444,29.961483318448032
4554,841.08,85.405,86.22,85.4166,86.242,29.967036450377176
4555,841.1,85.44,86.185,85.4146,86.2366,29.96703273072171
4556,841.12,85.455,86.15,85.41239999999999,86.23099999999998,29.96703273072171
4557,841.14,85.47,86.17,85.41220000000001,86.2274,29.961472984508962
4558,841.16,85.455,86.19,85.4128,86.22619999999999,29.961472984508962
4559,841.18,85.44,86.235,85.411,86.22840000000001,29.978153876068543
4560,841.2,85.485,86.28,85.4092,86.23339999999999,29.989278323746905
4561,841.22,85.53,86.25999999999999,85.4132,86.2386,29.989286583522293
4562,841.24,85.49000000000001,86.24,85.4196,86.2404,29.98929814755743
4563,841.26,85.45,86.225,85.42360000000001,86.23900000000002,29.99486490802025
4564,841.28,85.465,86.21,85.42739999999999,86.23560000000002,30.00597737150576
4565,841.3,85.48,86.16999999999999,85.42960000000001,86.2292,30.011530922587788
4566,841.32,85.445,86.13,85.4282,86.22139999999999,30.011537113182335
4567,841.34,85.41,86.15,85.4268,86.2146,30.0059843887688
4568,841.36,85.35,86.17,85.4244,86.21060000000001,30.005977371865598
4569,841.38,85.29,86.24000000000001,85.421,86.2114,30.022656596185286
4570,841.4,85.305,86.31,85.41959999999999,86.2166,30.03378308924825
4571,841.42,85.32,86.32,85.4178,86.2238,30.02822334922249
4572,841.44,85.335,86.33,85.4156,86.2298,30.02823118583934
4573,841.46,85.35,86.28999999999999,85.4128,86.2326,30.044919059004236
4574,841.48,85.44,86.25,85.41239999999999,86.23219999999999,30.050488275042383
4575,841.5,85.53,86.28999999999999,85.41740000000001,86.2318,30.044938845066497
4576,841.52,85.53999999999999,86.33,85.42460000000001,86.23379999999999,30.044938845066245
4577,841.54,85.55,86.255,85.43199999999999,86.23359999999998,30.050488275404373
4578,841.56,85.505,86.18,85.4374,86.2312,30.06159826998186
4579,841.58,85.46,86.17,85.43960000000001,86.2292,30.0671674814846
4580,841.6,85.58,86.16,85.4452,86.2282,30.061629169658765
4581,841.62,85.7,86.185,85.455,86.2296,30.050509706765755
4582,841.64,85.64500000000001,86.21,85.46199999999999,86.2312,30.05050970641806
4583,841.66,85.59,86.155,85.4674,86.2298,30.067227209781688
4584,841.68,85.59,86.1,85.4734,86.22439999999999,30.078392364602358
4585,841.7,85.59,86.1,85.4776,86.2172,30.072849534016374
4586,841.72,85.475,86.1,85.47540000000001,86.2108,30.07842695259495
4587,841.74,85.36,86.245,85.47019999999999,86.211,30.095106081148764
4588,841.76,85.28,86.39,85.46340000000001,86.21759999999999,30.106190943631923
4589,841.78,85.2,86.315,85.45279999999998,86.22179999999999,30.11729433754552
4590,841.8,85.275,86.24,85.4446,86.22460000000001,30.117310375685378
4591,841.82,85.35,86.19999999999999,85.4408,86.2274,30.106190944026803
4592,841.84,85.41999999999999,86.16,85.4412,86.22779999999999,30.1005999567469
4593,841.86,85.49,86.16,85.4468,86.2274,30.111719400652746
4594,841.88,85.49,86.16,85.45479999999999,86.2242,30.12285405676337
4595,841.9,85.49,86.16499999999999,85.46220000000001,86.2184,30.11731037575117
4596,841.92,85.41999999999999,86.17,85.46619999999999,86.2124,30.117363424916675
4597,841.94,85.35,86.08,85.4668,86.2024,30.128522301238476
4598,841.96,85.41999999999999,85.99,85.46959999999999,86.19040000000001,30.13408200006224
4599,841.98,85.49,86.035,85.4716,86.18180000000001,30.13406186117127
4600,842.0,85.495,86.08,85.47019999999999,86.1734,30.13402404863997
4601,842.02,85.5,86.08,85.46859999999998,86.1634,30.13402404830118
4602,842.04,85.505,86.08,85.4668,86.15639999999999,30.134061860870688
4603,842.06,85.51,86.055,85.46699999999998,86.1514,30.139621563430616
4604,842.08,85.48,86.03,85.46779999999998,86.1458,30.15070317729641
4605,842.1,85.45,86.075,85.46260000000001,86.1424,30.15626288686899
4606,842.12,85.5,86.12,85.45460000000001,86.1398,30.15072166238002
4607,842.14,85.55,86.12,85.4508,86.13619999999999,30.150740969341452
4608,842.16,85.53999999999999,86.12,85.44879999999999,86.1348,30.1619014372439
4609,842.18,85.53,86.12,85.4464,86.13560000000001,30.167461132673115
4610,842.2,85.555,86.12,85.44499999999998,86.1364,30.167461132693855
4611,842.22,85.58,86.13,85.4492,86.1376,30.17860227405725
4612,842.24,85.53,86.14,85.456,86.1334,30.189721656310255
4613,842.26,85.48,86.14,85.464,86.1234,30.18414021802884
4614,842.28,85.38,86.14,85.47120000000001,86.11640000000001,30.184140218049322
4615,842.3,85.28,86.10499999999999,85.47139999999999,86.11099999999999,30.18974422002839
4616,842.32,85.265,86.07,85.46800000000002,86.1058,30.195327287217356
4617,842.34,85.25,86.08,85.4612,86.1026,30.206470844283267
4618,842.36,85.375,86.09,85.4566,86.0998,30.206548338182554
4619,842.38,85.5,86.195,85.45700000000001,86.1012,30.201016150584643
4620,842.4,85.535,86.3,85.4588,86.1066,30.200988674236388
4621,842.42,85.57,86.25999999999999,85.46480000000001,86.1102,30.212108002326595
4622,842.44,85.595,86.22,85.4746,86.1158,30.223200693937358
4623,842.46,85.62,86.16,85.4826,86.12259999999998,30.21764102495727
4624,842.48,85.62,86.1,85.48780000000001,86.1252,30.2121354690598
4625,842.5,85.62,86.12,85.4928,86.1268,30.217695128469202
4626,842.52,85.58500000000001,86.14,85.4962,86.1292,30.22322733067113
4627,842.54,85.55,86.16,85.49799999999999,86.1324,30.2232547868851
4628,842.56,85.57499999999999,86.18,85.50060000000002,86.1374,30.223312158329072
4629,842.58,85.6,86.20500000000001,85.50540000000001,86.1444,30.223312158368763
4630,842.6,85.525,86.23,85.5084,86.1506,30.228842716984172
4631,842.62,85.45,86.245,85.5064,86.15559999999999,30.24555075314017
4632,842.64,85.42500000000001,86.26,85.50140000000002,86.16120000000001,30.262290270966933
4633,842.66,85.4,86.275,85.49580000000002,86.16740000000001,30.262321784410098
4634,842.68,85.42,86.29,85.4914,86.1742,30.262354116353706
4635,842.7,85.44,86.25,85.4868,86.1794,30.27347336901539
4636,842.72,85.485,86.21,85.48299999999999,86.18260000000001,30.279032994376237
4637,842.74,85.53,86.22,85.483,86.1858,30.279032994425144
4638,842.76,85.57,86.23,85.4866,86.1894,30.27900068073009
4639,842.78,85.61,86.245,85.4958,86.19359999999999,30.284592620939954
4640,842.8,85.69,86.26,85.5122,86.19980000000001,30.284625747060787
4641,842.82,85.77,86.27000000000001,85.5324,86.2078,30.279032994630242
4642,842.84,85.78999999999999,86.28,85.554,86.2158,30.2790329950328
4643,842.86,85.81,86.185,85.5714,86.21959999999999,30.27910007779004
4644,842.88,85.815,86.09,85.584,86.21539999999999,30.27357523840063
4645,842.9,85.82,86.125,85.59540000000001,86.2084,30.273540464190642
4646,842.92,85.74,86.16,85.6022,86.20439999999999,30.28462574737023
4647,842.94,85.66,86.15,85.6048,86.2016,30.290152247447985
4648,842.96,85.68,86.14,85.6072,86.20080000000002,30.29011994559072
4649,842.98,85.7,86.185,85.61039999999998,86.2042,30.29567957770836
4650,843.0,85.68,86.23,85.6128,86.2086,30.30127150064055
4651,843.02,85.66,86.26,85.6158,86.21340000000001,30.301338533480223
4652,843.04,85.66,86.29,85.62020000000001,86.21860000000001,30.29577891965807
4653,843.06,85.66,86.275,85.62359999999998,86.2224,30.295711874239192
4654,843.08,85.69,86.26,85.62719999999999,86.22460000000001,30.306831126722436
4655,843.1,85.72,86.23,85.635,86.22460000000001,30.312457762000708
4656,843.12,85.7,86.2,85.645,86.2228,30.312528039196547
4657,843.14,85.68,86.13499999999999,85.65519999999998,86.21780000000001,30.31252803925566
4658,843.16,85.695,86.07,85.66699999999999,86.2096,30.31805210054845
4659,843.18,85.71,86.085,85.6786,86.20139999999999,30.329136604832808
4660,843.2,85.745,86.1,85.6908,86.19539999999999,30.32913660488726
4661,843.22,85.78,86.14,85.7026,86.1926,30.323647241841126
4662,843.24,85.745,86.18,85.71119999999999,86.191,30.3236835928626
4663,843.26,85.71,86.14500000000001,85.7168,86.1876,30.329243188236465
4664,843.28,85.71,86.11,85.7208,86.18220000000001,30.334839937114744
4665,843.3,85.71,86.14,85.7216,86.17739999999999,30.334839937179304
4666,843.32,85.71,86.17,85.7192,86.1734,30.329280349050656
4667,843.34,85.71,86.25999999999999,85.71600000000001,86.1726,30.32935712077195
4668,843.36,85.66999999999999,86.35,85.71039999999999,86.17920000000002,30.34055627814818
4669,843.38,85.63,86.265,85.70299999999999,86.18620000000001,30.34611583781548
4670,843.4,85.64,86.18,85.6958,86.1884,30.34603584352185
4671,843.42,85.65,86.21000000000001,85.6922,86.19040000000001,30.34603584288482
4672,843.44,85.745,86.24,85.69560000000001,86.19400000000002,30.340556278453242
4673,843.46,85.84,86.18,85.70199999999998,86.1956,30.340556278530393
4674,843.48,85.83,86.12,85.7072,86.193,30.346115838198504
4675,843.5,85.82,86.155,85.7128,86.19,30.346199098250324
4676,843.52,85.835,86.19,85.71979999999999,86.18720000000002,30.340682415954646
4677,843.54,85.85,86.195,85.7274,86.1834,30.340682415687688
4678,843.56,85.79499999999999,86.2,85.73280000000001,86.1804,30.351801488461774
4679,843.58,85.74,86.23,85.73479999999999,86.1792,30.3573181867445
4680,843.6,85.735,86.26,85.73539999999998,86.18039999999999,30.351716612127102
4681,843.62,85.73,86.215,85.7366,86.181,30.351758642792163
4682,843.64,85.73,86.17,85.7386,86.1824,30.362964208187304
4683,843.66,85.73,86.15,85.74,86.18560000000001,30.368523737075435
4684,843.68,85.66499999999999,86.13,85.73819999999999,86.1874,30.36292056199462
4685,843.7,85.6,86.13499999999999,85.7324,86.18880000000001,30.35184515178993
4686,843.72,85.715,86.14,85.7298,86.18879999999999,30.346375412302873
4687,843.74,85.83,86.205,85.7332,86.18979999999999,30.35754053879039
4688,843.76,85.895,86.27,85.7406,86.1948,30.363146952119674
4689,843.78,85.96,86.225,85.75059999999999,86.19939999999998,30.35758745696952
4690,843.8,85.97999999999999,86.18,85.7614,86.20100000000001,30.35758745742573
4691,843.82,86.0,86.165,85.773,86.2008,30.352124263641624
4692,843.84,85.95,86.15,85.78259999999999,86.19640000000001,30.346614170060985
4693,843.86,85.9,86.1,85.79180000000001,86.1864,30.35768374103338
4694,843.88,85.9,86.05,85.8026,86.17779999999999,30.3631946775184
4695,843.9,85.9,86.11500000000001,85.81300000000002,86.1752,30.36324321817249
4696,843.92,85.92,86.18,85.8238,86.17399999999999,30.374362173471283
4697,843.94,85.94,86.18,85.8316,86.1716,30.379825437942316
4698,843.96,85.945,86.18,85.8358,86.1716,30.368706447787147
4699,843.98,85.95,86.185,85.84060000000001,86.1742,30.35773310703146
4700,844.0,85.86,86.19,85.84219999999999,86.17559999999999,30.363393735829238
4701,844.02,85.77,86.245,85.83959999999999,86.17779999999999,30.374461666605193
4702,844.04,85.81,86.3,85.838,86.182,30.38002112643488
4703,844.06,85.85,86.31,85.84020000000001,86.18639999999999,30.38012386242455
4704,844.08,85.8,86.32,85.8426,86.19,30.3746170219318
4705,844.1,85.75,86.245,85.8432,86.1894,30.369057591247877
4706,844.12,85.81,86.17,85.84639999999999,86.1876,30.374617021822147
4707,844.14,85.87,86.075,85.852,86.18379999999999,30.385735884290987
4708,844.16,85.84,85.98,85.8564,86.17699999999999,30.39129531593353
4709,844.18,85.81,86.055,85.86219999999999,86.17400000000002,30.385683303486587
4710,844.2,85.86,86.13,85.8726,86.17379999999999,30.369004981595427
4711,844.22,85.91,86.14,85.8804,86.17380000000001,30.363551596264706
4712,844.24,85.965,86.15,85.8858,86.1716,30.369276187206154
4713,844.26,86.02,86.18,85.8908,86.168,30.36939037870374
4714,844.28,85.845,86.21,85.8862,86.16740000000001,30.380451636918686
4715,844.3,85.67,86.215,85.87379999999999,86.16879999999999,30.391513752327988
4716,844.32,85.725,86.22,85.86280000000001,86.171,30.38039496986259
4717,844.34,85.78,86.245,85.85600000000001,86.17479999999999,30.38039497002532
4718,844.36,85.82,86.27,85.8528,86.1816,30.391570399062186
4719,844.38,85.86,86.265,85.85119999999999,86.1902,30.386126776970123
4720,844.4,85.825,86.26,85.84819999999999,86.196,30.380626530352362
4721,844.42,85.79,86.21000000000001,85.84299999999999,86.19720000000001,30.380567417064174
4722,844.44,85.80000000000001,86.16,85.83740000000002,86.1964,30.374949749654323
4723,844.46,85.81,86.19,85.83200000000001,86.1968,30.374949749809712
4724,844.48,85.83500000000001,86.22,85.8274,86.1982,30.386068490538182
4725,844.5,85.86,86.28,85.8274,86.2018,30.391627861361464
4726,844.52,85.86500000000001,86.34,85.83120000000001,86.20560000000002,30.391513753943958
4727,844.54,85.87,86.41499999999999,85.8336,86.2102,30.397017324231783
4728,844.56,85.91,86.49,85.83599999999998,86.2174,30.397245498184684
4729,844.58,85.95,86.41499999999999,85.84200000000001,86.2212,30.39186585642946
4730,844.6,85.93,86.34,85.8492,86.225,30.391927392557967
4731,844.62,85.91,86.32,85.85320000000002,86.23100000000001,30.4031083526566
4732,844.64,85.9,86.3,85.85439999999998,86.24,30.40860534077681
4733,844.66,85.89,86.24000000000001,85.85640000000001,86.25040000000001,30.397425184062765
4734,844.68,85.91,86.18,85.86040000000001,86.2554,30.386306530178775
4735,844.7,85.93,86.195,85.86319999999999,86.25800000000001,30.380747204084187
4736,844.72,85.99000000000001,86.21,85.86640000000001,86.2608,30.38080876203838
4737,844.74,86.05,86.225,85.8698,86.2638,30.38643044022736
4738,844.76,86.09,86.24,85.8726,86.26619999999998,30.380871136464567
4739,844.78,86.13,86.25,85.884,86.2678,30.369752528902406
4740,844.8,86.095,86.26,85.90100000000001,86.26960000000001,30.369690132521427
4741,844.82,86.06,86.32,85.91439999999999,86.27359999999999,30.375249447740906
4742,844.84,86.095,86.38,85.927,86.279,30.375375033582873
4743,844.86,86.13,86.365,85.9394,86.28280000000001,30.36981574206956
4744,844.88,86.145,86.35,85.9508,86.28620000000001,30.369752530147725
4745,844.9,86.16,86.335,85.9642,86.2892,30.380871138090992
4746,844.92,86.055,86.32,85.9748,86.29359999999998,30.397549050596798
4747,844.94,85.95,86.25999999999999,85.9808,86.2976,30.3974867112386
4748,844.96,85.96000000000001,86.2,85.9868,86.29799999999999,30.386368080579846
4749,844.98,85.97,86.27000000000001,85.9922,86.3,30.392052912749744
4750,845.0,86.03,86.34,85.99900000000001,86.30239999999999,30.40317149889164
