,Time,Speed Follower,Speed Leader,Smooth Speed Follower,Smooth Speed Leader,Spacing
0,600.0,85.25,85.96,85.316,86.1822,25.787026863239923
1,600.02,85.24,85.97999999999999,85.306,86.17460000000001,25.792245772311368
2,600.04,85.265,86.0,85.2966,86.1692,25.80301349828034
3,600.06,85.29,86.08,85.2904,86.1684,25.803341063761945
4,600.08,85.305,86.16,85.287,86.17199999999998,25.803999056114176
5,600.1,85.32,86.295,85.28620000000001,86.1822,25.821302981186527
6,600.12,85.335,86.43,85.288,86.19519999999999,25.832066728021584
7,600.14,85.35,86.355,85.2904,86.20259999999999,25.82618913184707
8,600.16,85.33,86.28,85.292,86.20379999999999,25.826850375920177
9,600.18,85.31,86.31,85.2916,86.20299999999999,25.83827706701032
10,600.2,85.30000000000001,86.34,85.28960000000001,86.20739999999999,25.849371729267506
11,600.22,85.29,86.285,85.28640000000001,86.2136,25.85458737552065
12,600.24,85.23,86.23,85.28,86.21699999999998,25.859804122981078
13,600.26,85.17,86.185,85.2712,86.21799999999999,25.865682216603673
14,600.28,85.16,86.14,85.262,86.21619999999999,25.870899115787623
15,600.3,85.15,86.205,85.25560000000002,86.21600000000001,25.881664690728062
16,600.32,85.195,86.27,85.2542,86.2172,25.887871956718104
17,600.34,85.24,86.27,85.25540000000001,86.2172,25.887871961356524
18,600.36,85.255,86.27,85.258,86.21640000000001,25.89308916509469
19,600.38,85.27,86.34,85.26119999999999,86.21759999999999,25.90484537637099
20,600.4,85.35499999999999,86.41,85.2678,86.2218,25.91072470668728
21,600.42,85.44,86.33500000000001,85.2756,86.22319999999999,25.9107247107504
22,600.44,85.32499999999999,86.26,85.2766,86.2244,25.92215211370511
23,600.46,85.21,86.17,85.27380000000001,86.2248,25.927366708472636
24,600.48,85.16999999999999,86.08,85.2702,86.2256,25.92703498992941
25,600.5,85.13,86.1,85.26540000000001,86.23119999999999,25.938461403352747
26,600.52,85.16999999999999,86.12,85.2626,86.2368,25.944341217560137
27,600.54,85.21,86.17,85.26039999999999,86.24359999999999,25.944341221826107
28,600.56,85.22,86.22,85.2576,86.2492,25.94988851192312
29,600.58,85.23,86.25999999999999,85.2546,86.25319999999999,25.955769073714844
30,600.6,85.12,86.3,85.2466,86.2534,25.96165044734698
31,600.62,85.01,86.405,85.23360000000001,86.25240000000002,25.97307972469763
32,600.64,85.015,86.51,85.2202,86.2586,25.98972103859291
33,600.66,85.02,86.48,85.20779999999999,86.2666,26.000480683170814
34,600.68,85.12,86.45,85.20020000000001,86.2722,26.006362405796352
35,600.7,85.22,86.33,85.197,86.2718,26.007034297246104
36,600.72,85.24000000000001,86.21,85.195,86.26880000000001,25.996616308033985
37,600.74,85.26,86.13,85.1962,86.2648,25.99661631260437
38,600.76,85.24000000000001,86.05,85.199,86.2594,26.007034310341513
39,600.78,85.22,86.1,85.20139999999999,86.2578,26.0125813015272
40,600.8,85.21000000000001,86.15,85.20379999999999,86.2556,26.01846551873442
41,600.82,85.2,86.23,85.204,86.25399999999999,26.029897403635797
42,600.84,85.22,86.31,85.2032,86.2556,26.04099114317365
43,600.86,85.24,86.33500000000001,85.2026,86.2582,26.0462002163207
44,600.88,85.255,86.36,85.20199999999998,86.25900000000001,26.051410383983804
45,600.9,85.27,86.35499999999999,85.1986,86.2568,26.056957418986283
46,600.92,85.29499999999999,86.35,85.19279999999999,86.2574,26.05729414131051
47,600.94,85.32,86.275,85.1926,86.25800000000001,26.052084922856174
48,600.96,85.26499999999999,86.2,85.1948,86.2592,26.05242360901941
49,600.98,85.21,86.215,85.1964,86.26460000000002,26.069064073697156
50,601.0,85.125,86.23,85.1962,86.26980000000002,26.08570458825437
51,601.02,85.04,86.21000000000001,85.191,86.2734,26.08604378663556
52,601.04,85.13,86.19,85.18779999999998,86.27420000000001,26.086043790782874
53,601.06,85.22,86.19999999999999,85.18780000000001,86.2734,26.097137351711034
54,601.08,85.245,86.21,85.1884,86.27140000000001,26.108230935141062
55,601.1,85.27,86.175,85.1944,86.26639999999999,26.113101013913795
56,601.12,85.235,86.14,85.2034,86.2558,26.11831108998031
57,601.14,85.2,86.21000000000001,85.2108,86.24380000000001,26.12453266836159
58,601.16,85.2,86.28,85.21799999999999,86.2358,26.130418177155583
59,601.18,85.2,86.28,85.22120000000001,86.22900000000001,26.141511826248433
60,601.2,85.21000000000001,86.28,85.2208,86.22699999999999,26.147398005803627
61,601.22,85.22,86.275,85.22,86.22959999999999,26.14773829732929
62,601.24,85.13499999999999,86.27,85.215,86.2352,26.153626150244744
63,601.26,85.05,86.255,85.20739999999999,86.24340000000001,26.153284997973397
64,601.28,85.045,86.24,85.20039999999999,86.249,26.1529447879153
65,601.3,85.04,86.265,85.1936,86.2536,26.164719419134418
66,601.32,85.13,86.29,85.1908,86.256,26.17615451051113
67,601.34,85.22,86.325,85.1908,86.25659999999999,26.181701089886065
68,601.36,85.295,86.36,85.19300000000001,86.2576,26.181701094877276
69,601.38,85.37,86.255,85.19760000000001,86.2534,26.186565293505137
70,601.4,85.37,86.15,85.2016,86.24519999999998,26.19731912616815
71,601.42,85.37,86.11500000000001,85.20459999999999,86.2358,26.203205511288946
72,601.44,85.315,86.08,85.2044,86.228,26.209092697531645
73,601.46,85.26,86.175,85.2042,86.227,26.214639383002552
74,601.48,85.225,86.27,85.20479999999999,86.2292,26.219506432011922
75,601.5,85.19,86.285,85.20739999999999,86.2314,26.21916802488632
76,601.52,85.21000000000001,86.3,85.2142,86.235,26.20875228104578
77,601.54,85.23,86.19,85.2182,86.235,26.208752285328764
78,601.56,85.16,86.08,85.2158,86.23020000000001,26.230261857842894
79,601.58,85.09,86.16,85.20960000000001,86.2282,26.246902632302536
80,601.6,85.08500000000001,86.24,85.2022,86.2308,26.252787553521898
81,601.62,85.08,86.3,85.196,86.23719999999999,26.264559794119055
82,601.64,85.125,86.36,85.193,86.2432,26.270447115677676
83,601.66,85.17,86.325,85.1918,86.245,26.270447121092825
84,601.68,85.14500000000001,86.29,85.18960000000001,86.24539999999999,26.275993795358183
85,601.7,85.12,86.19,85.186,86.2418,26.28086053540058
86,601.72,85.105,86.09,85.1814,86.23440000000001,26.286068871601124
87,601.74,85.09,86.075,85.17960000000001,86.2266,26.286407368736263
88,601.76,85.22,86.06,85.18639999999999,86.21879999999999,26.275653303469454
89,601.78,85.35,86.14500000000001,85.1986,86.215,26.281200054849013
90,601.8,85.25,86.23,85.20700000000001,86.21359999999999,26.297162696664373
91,601.82,85.15,86.28999999999999,85.20779999999999,86.21359999999999,26.29682528891259
92,601.84,85.17500000000001,86.35,85.206,86.2146,26.29750105526451
93,601.86,85.2,86.33,85.2022,86.21340000000001,26.308594746026326
94,601.88,85.24000000000001,86.31,85.197,86.2156,26.313466266714844
95,601.9,85.28,86.28,85.1934,86.2208,26.313466271142882
96,601.92,85.19,86.25,85.18619999999999,86.22619999999999,26.319013274489375
97,601.94,85.1,86.16,85.1776,86.2294,26.330107293021037
98,601.96,85.08,86.07,85.17040000000001,86.22519999999999,26.352632093204722
99,601.98,85.06,86.15,85.1638,86.22039999999998,26.36927301088389
100,602.0,85.12,86.23,85.161,86.2182,26.36338947758436
101,602.02,85.18,86.19,85.15980000000002,86.21379999999999,26.363053856001955
102,602.04,85.14500000000001,86.15,85.15640000000002,86.21220000000001,26.374148100927947
103,602.06,85.11,86.17,85.15440000000001,86.2158,26.374483590803294
104,602.08,85.03999999999999,86.19,85.1524,86.21700000000001,26.37448359569254
105,602.1,84.97,86.13499999999999,85.1478,86.2128,26.379360762148817
106,602.12,85.02,86.08,85.14540000000001,86.204,26.389789300395336
107,602.14,85.07,86.055,85.1432,86.1918,26.400552619276098
108,602.16,85.13,86.03,85.1416,86.18,26.400884023785302
109,602.18,85.19,86.08500000000001,85.1434,86.1718,26.4008840281841
110,602.2,85.195,86.14,85.1464,86.1698,26.4002221653692
111,602.22,85.2,86.14,85.1502,86.1718,26.40022216971854
112,602.24,85.17500000000001,86.14,85.15360000000001,86.1744,26.405440213716453
113,602.26,85.15,86.15,85.1508,86.17800000000001,26.410331805812582
114,602.28,85.215,86.16,85.14540000000001,86.1786,26.416206991790197
115,602.3,85.28,86.265,85.14659999999999,86.18,26.427630571614785
116,602.32,85.245,86.37,85.1504,86.18320000000001,26.438397660723055
117,602.34,85.21,86.315,85.15180000000001,86.18179999999998,26.449165978135774
118,602.36,85.19999999999999,86.26,85.15180000000001,86.179,26.460261500885444
119,602.38,85.19,86.21000000000001,85.1498,86.175,26.46058841589534
120,602.4,85.16499999999999,86.16,85.1452,86.17020000000001,26.460588420135693
121,602.42,85.14,86.17,85.1432,86.167,26.465483368775825
122,602.44,85.07,86.18,85.14200000000001,86.16779999999999,26.47038231924539
123,602.46,85.0,86.21000000000001,85.13879999999999,86.1734,26.481155375717762
124,602.48,85.045,86.24,85.1382,86.177,26.486381522298277
125,602.5,85.09,86.16999999999999,85.137,86.17460000000001,26.486060540012414
126,602.52,85.045,86.1,85.13159999999999,86.171,26.49715694508879
127,602.54,85.0,86.09,85.1258,86.16860000000001,26.50825336907997
128,602.56,84.99000000000001,86.08,85.12100000000001,86.165,26.507933585750358
129,602.58,84.98,86.14,85.1186,86.16300000000001,26.513163082893584
130,602.6,85.015,86.2,85.12039999999999,86.1656,26.52394207492293
131,602.62,85.05,86.215,85.1216,86.171,26.529173778179864
132,602.64,85.05,86.23,85.1208,86.178,26.53503895099701
133,602.66,85.05,86.25,85.1176,86.1868,26.546453305214996
134,602.68,85.015,86.27,85.11059999999999,86.1942,26.557232753069645
135,602.7,84.98,86.195,85.10199999999999,86.19640000000001,26.556916354985656
136,602.72,85.01,86.12,85.09440000000001,86.1956,26.55691635851589
137,602.74,85.04,86.19,85.089,86.19760000000001,26.56801342015323
138,602.76,85.065,86.26,85.0856,86.20199999999998,26.578795289335716
139,602.78,85.09,86.23,85.08059999999999,86.20479999999999,26.583716396444625
140,602.8,85.0,86.2,85.0694,86.2022,26.582782094418747
141,602.82,84.91,86.2,85.056,86.19539999999999,26.58771293487795
142,602.84,84.935,86.2,85.045,86.19080000000002,26.604360176462404
143,602.86,84.96,86.17,85.0354,86.18719999999999,26.621624789699258
144,602.88,84.97999999999999,86.14,85.02699999999999,86.18440000000001,26.627794673538297
145,602.9,85.0,86.18,85.0204,86.18520000000001,26.621934852849485
146,602.92,85.045,86.22,85.0166,86.18719999999999,26.61545837271175
147,602.94,85.09,86.22,85.0174,86.18880000000001,26.625943075694977
148,602.96,85.125,86.22,85.0224,86.1892,26.642590794310365
149,602.98,85.16,86.225,85.027,86.18860000000001,26.642285627822535
150,603.0,85.095,86.23,85.0272,86.19099999999999,26.647530761208056
151,603.02,85.03,86.225,85.0266,86.196,26.65862952523956
152,603.04,85.11,86.22,85.031,86.20120000000001,26.658629528956634
153,603.06,85.19,86.205,85.039,86.2062,26.664178919818895
154,603.08,85.17,86.19,85.0466,86.20819999999999,26.675277710139028
155,603.1,85.15,86.185,85.05199999999999,86.2076,26.680827113185693
156,603.12,85.105,86.18,85.0542,86.20620000000001,26.686073706358176
157,603.14,85.06,86.135,85.05460000000001,86.2024,26.69132135390224
158,603.16,85.005,86.09,85.0528,86.196,26.70211966031218
159,603.18,84.95,86.13,85.0502,86.19040000000001,26.71817009025338
160,603.2,84.98,86.17,85.0502,86.18939999999999,26.723422079769495
161,603.22,85.01,86.205,85.0502,86.1928,26.723422083342733
162,603.24,84.96000000000001,86.24,85.04700000000001,86.1948,26.728971898631787
163,603.26,84.91,86.22999999999999,85.0408,86.1936,26.7400715391169
164,603.28,84.92,86.22,85.03399999999999,86.19319999999999,26.75087466656362
165,603.3,84.93,86.25999999999999,85.03120000000001,86.1956,26.756129017524263
166,603.32,84.87,86.3,85.02959999999999,86.1996,26.767228944600802
167,603.34,84.81,86.245,85.0246,86.20139999999999,26.77832888791206
168,603.36,84.83500000000001,86.19,85.0196,86.2022,26.789428847640906
169,603.38,84.86,86.215,85.0148,86.20519999999999,26.806078814687208
170,603.4,84.96000000000001,86.24,85.0132,86.2076,26.806078818674052
171,603.42,85.06,86.3,85.0138,86.2108,26.800823886933816
172,603.44,85.1,86.36,85.0142,86.2164,26.80607882543187
173,603.46,85.14,86.35499999999999,85.0148,86.2218,26.816299722202558
174,603.48,85.08,86.35,85.0116,86.22679999999998,26.827400102027156
175,603.5,85.02,86.32,85.0086,86.2304,26.832950299049298
176,603.52,84.965,86.29,85.006,86.23299999999999,26.837919511118315
177,603.54,84.91,86.275,84.99799999999999,86.2352,26.848443088909338
178,603.56,84.88,86.26,84.98559999999999,86.2374,26.870357990451556
179,603.58,84.85,86.16499999999999,84.9728,86.23639999999999,26.88700957609722
180,603.6,84.835,86.07,84.9602,86.2318,26.892560114435504
181,603.62,84.82,86.1,84.94879999999999,86.22859999999999,26.897824947994664
182,603.64,84.91999999999999,86.13,84.94319999999999,86.22840000000001,26.891705570164287
183,603.66,85.02,86.205,84.9438,86.23299999999999,26.89170557389659
184,603.68,84.94999999999999,86.28,84.94380000000001,86.23899999999999,26.914476774990334
185,603.7,84.88,86.35,84.93979999999999,86.2462,26.93112862844344
186,603.72,84.94,86.42,84.93700000000001,86.25479999999999,26.930560668834524
187,603.74,85.0,86.515,84.93860000000001,86.2658,26.936111414125808
188,603.76,84.955,86.61,84.9404,86.281,26.953331158963817
189,603.78,84.91,86.545,84.94,86.29400000000001,26.975533742307
190,603.8,84.87,86.48,84.9376,86.30279999999999,26.991901923969014
191,603.82,84.83,86.405,84.936,86.30699999999999,26.991901927209014
192,603.84,84.85,86.33,84.9376,86.31039999999999,26.986068269685454
193,603.86,84.87,86.25999999999999,84.939,86.3132,26.985786246337305
194,603.88,84.845,86.19,84.9384,86.31220000000002,26.991337086236378
195,603.9,84.82,86.21000000000001,84.9328,86.311,27.002157834421634
196,603.92,84.865,86.23,84.925,86.3082,27.012700745700077
197,603.94,84.91,86.255,84.9174,86.304,27.01797375004658
198,603.96,84.83,86.28,84.905,86.301,27.02907593242591
199,603.98,84.75,86.41499999999999,84.8918,86.3036,27.051280337477618
200,604.0,84.75,86.55,84.881,86.31279999999998,27.067933679437377
201,604.02,84.75,86.44999999999999,84.8724,86.3192,27.073208257309965
202,604.04,84.81,86.35,84.86840000000001,86.3222,27.08403510398464
203,604.06,84.87,86.22,84.868,86.3206,27.089586350904924
204,604.08,84.94,86.09,84.8716,86.3176,27.078483870098825
205,604.1,85.01,86.195,84.87859999999999,86.32260000000001,27.07820920728615
206,604.12,84.905,86.3,84.88199999999999,86.33059999999999,27.10041441748615
207,604.14,84.8,86.38,84.87719999999999,86.3406,27.12316902409211
208,604.16,84.78,86.46,84.8676,86.35079999999999,27.134271454220197
209,604.18,84.76,86.465,84.86,86.3582,27.15065027931053
210,604.2,84.78999999999999,86.47,84.8564,86.363,27.16675752113271
211,604.22,84.82,86.39,84.8516,86.36179999999999,27.171495969120677
212,604.24,84.9,86.31,84.8476,86.3536,27.16594439837478
213,604.26,84.98,86.315,84.8486,86.34179999999998,27.16039283203303
214,604.28,84.87,86.32,84.84700000000001,86.33279999999999,27.17677843862996
215,604.3,84.76,86.32,84.8426,86.3264,27.193702308268712
216,604.32,84.725,86.32,84.83840000000001,86.323,27.199523705471403
217,604.34,84.69,86.36,84.832,86.3242,27.21035709523568
218,604.36,84.695,86.4,84.825,86.32979999999999,27.22701190908911
219,604.38,84.7,86.49000000000001,84.8192,86.34179999999998,27.24975789632886
220,604.4,84.735,86.58,84.8158,86.3566,27.26641244986361
221,604.42,84.77,86.53,84.81200000000001,86.3686,27.26587325860856
222,604.44,84.82499999999999,86.48,84.80860000000001,86.3776,27.260321631296307
223,604.46,84.88,86.42500000000001,84.8106,86.3834,27.271424898160657
224,604.48,84.815,86.37,84.8132,86.38159999999999,27.29309643807663
225,604.5,84.75,86.32,84.8132,86.37240000000001,27.303933910762552
226,604.52,84.82,86.27,84.816,86.3652,27.298382097799458
227,604.54,84.89,86.31,84.8192,86.3636,27.29811690062816
228,604.56,84.845,86.35,84.81819999999999,86.36880000000001,27.31979714348646
229,604.58,84.8,86.47,84.8126,86.384,27.342005124576385
230,604.6,84.805,86.59,84.80439999999999,86.3998,27.353109135698233
231,604.62,84.81,86.56,84.80059999999999,86.4102,27.358138245432716
232,604.64,84.785,86.53,84.8,86.4162,27.363690366457725
233,604.66,84.76,86.48,84.7992,86.417,27.375317198326748
234,604.68,84.795,86.43,84.80059999999999,86.4156,27.386421246634786
235,604.7,84.83,86.33500000000001,84.8022,86.4102,27.391451011024767
236,604.72,84.84,86.24,84.803,86.4042,27.39700315059842
237,604.74,84.85,86.25999999999999,84.801,86.4022,27.40255529290357
238,604.76,84.85499999999999,86.28,84.796,86.40080000000002,27.407331269937604
239,604.78,84.86,86.36,84.7956,86.4024,27.412115668625514
240,604.8,84.82,86.44,84.79799999999999,86.40719999999999,27.423220596344084
241,604.82,84.78,86.475,84.8002,86.4134,27.445940904154455
242,604.84,84.805,86.51,84.8048,86.41940000000001,27.45755946926249
243,604.86,84.83,86.44,84.81020000000001,86.421,27.45200719709456
244,604.88,84.845,86.37,84.816,86.4162,27.451493288512346
245,604.9,84.86,86.33500000000001,84.821,86.40639999999999,27.46789498487
246,604.92,84.82,86.3,84.823,86.3972,27.48455231528257
247,604.94,84.78,86.305,84.8212,86.39020000000001,27.48429791907059
248,604.96,84.765,86.31,84.8166,86.3856,27.483791818564566
249,604.98,84.75,86.355,84.814,86.385,27.50019808429643
250,605.0,84.785,86.4,84.81540000000001,86.3882,27.5166055769774
251,605.02,84.82,86.405,84.8154,86.39359999999999,27.521660086996615
252,605.04,84.805,86.41,84.81200000000001,86.3976,27.532765740189575
253,605.06,84.79,86.41,84.8098,86.4,27.549672647076893
254,605.08,84.695,86.41,84.8056,86.3976,27.56102743112682
255,605.1,84.6,86.435,84.7974,86.39139999999999,27.567081169390264
256,605.12,84.63,86.46,84.7902,86.3874,27.578186464547077
257,605.14,84.66,86.345,84.7852,86.38,27.594593737039858
258,605.16,84.74,86.23,84.7844,86.37,27.59459373968436
259,605.18,84.82,86.185,84.7854,86.3602,27.59434394548196
260,605.2,84.81,86.14,84.7846,86.3524,27.605200668779922
261,605.22,84.8,86.15,84.78299999999999,86.34880000000001,27.610505629177368
262,605.24,84.715,86.16,84.7776,86.34479999999999,27.627164245098204
263,605.26,84.63,86.265,84.76859999999999,86.34420000000001,27.64382288624325
264,605.28,84.675,86.37,84.76119999999999,86.34460000000001,27.64863860293325
265,605.3,84.72,86.33500000000001,84.7572,86.3404,27.65950083974042
266,605.32,84.66499999999999,86.3,84.7526,86.3334,27.67109540093544
267,605.34,84.61,86.28,84.7448,86.3242,27.676648400732486
268,605.36,84.68,86.26,84.73880000000001,86.317,27.681713223588144
269,605.38,84.75,86.185,84.735,86.30959999999999,27.692576775710457
270,605.4,84.695,86.11,84.72840000000001,86.30059999999999,27.70392564738133
271,605.42,84.64,86.10499999999999,84.7212,86.2928,27.72082829450378
272,605.44,84.63499999999999,86.1,84.71539999999999,86.2846,27.73748751696677
273,605.46,84.63,86.07,84.71,86.275,27.737244363122656
274,605.48,84.63499999999999,86.04,84.7054,86.2624,27.737002099439437
275,605.5,84.64,86.05000000000001,84.69959999999999,86.2484,27.742313950334363
276,605.52,84.675,86.06,84.6938,86.23460000000001,27.74714868083235
277,605.54,84.71,86.06,84.69,86.22059999999999,27.751991709338785
278,605.56,84.725,86.06,84.6874,86.2066,27.757545229691367
279,605.58,84.74,86.03,84.6892,86.19140000000002,27.76912466649495
280,605.6,84.71000000000001,86.0,84.6936,86.17400000000002,27.791813975075605
281,605.62,84.68,85.93,84.6956,86.15280000000001,27.80847402247629
282,605.64,84.685,85.86,84.6966,86.1334,27.814027378670346
283,605.66,84.69,85.84,84.6946,86.11779999999999,27.819819615559435
284,605.68,84.74000000000001,85.82,84.69139999999999,86.1032,27.814266309249746
285,605.7,84.79,85.84,84.69059999999999,86.09120000000001,27.808474032342765
286,605.72,84.71000000000001,85.86,84.68699999999998,86.07959999999999,27.82465910450923
287,605.74,84.63,85.905,84.68360000000001,86.0694,27.840848315468126
288,605.76,84.64,85.95,84.684,86.05680000000001,27.845934350606484
289,605.78,84.65,86.065,84.68299999999999,86.04459999999999,27.857041661494858
290,605.8,84.55000000000001,86.18,84.6762,86.0384,27.868382115378054
291,605.82,84.45,86.165,84.66760000000001,86.03300000000002,27.879256312819344
292,605.84,84.485,86.15,84.6626,86.02780000000001,27.895685309711517
293,605.86,84.52,86.01,84.65620000000001,86.01780000000001,27.90100794887994
294,605.88,84.63499999999999,85.87,84.6516,86.0052,27.900777751700588
295,605.9,84.75,85.825,84.6538,85.99380000000001,27.906561723222275
296,605.92,84.735,85.78,84.6576,85.9808,27.91257836701011
297,605.94,84.72,85.72,84.661,85.96560000000001,27.918364767388685
298,605.96,84.64,85.66,84.66140000000001,85.9492,27.929239425531254
299,605.98,84.56,85.67,84.6584,85.93440000000001,27.939884399146976
300,606.0,84.53999999999999,85.68,84.65440000000001,85.91959999999999,27.945438187481052
301,606.02,84.52,85.665,84.6482,85.90379999999999,27.957007904064493
302,606.04,84.535,85.65,84.64120000000001,85.8874,27.968115311704175
303,606.06,84.55,85.68,84.6342,85.8722,27.967653362690218
304,606.08,84.495,85.71,84.62440000000001,85.8594,27.967423713892103
305,606.1,84.44,85.735,84.6136,85.8488,27.97297755998804
306,606.12,84.50999999999999,85.76,84.6068,85.84200000000001,27.984314770891068
307,606.14,84.58,85.68,84.6026,85.8348,27.99565269097699
308,606.16,84.61,85.6,84.5994,85.82520000000001,28.00143759986275
309,606.18,84.64,85.59,84.59539999999998,85.816,28.00722330053454
310,606.2,84.58,85.58,84.587,85.8056,28.018098772907713
311,606.22,84.52,85.535,84.5794,85.79260000000001,28.02342154437623
312,606.24,84.57499999999999,85.49,84.5772,85.77600000000001,28.01809877716018
313,606.26,84.63,85.47,84.5768,85.7568,28.018330665707182
314,606.28,84.59,85.45,84.57439999999998,85.7322,28.029206240228433
315,606.3,84.55,85.43,84.57440000000001,85.70219999999999,28.040082888735164
316,606.32,84.52,85.41,84.57719999999999,85.67199999999998,28.04586744976193
317,606.34,84.49,85.39,84.5774,85.6416,28.046099108403112
318,606.36,84.5,85.37,84.5766,85.616,28.046331647714062
319,606.38,84.51,85.42,84.5716,85.59800000000001,28.051885298130365
320,606.4,84.505,85.47,84.5618,85.5838,28.05674425646406
321,606.42,84.5,85.41499999999999,84.55239999999999,85.5692,28.06206828997387
322,606.44,84.465,85.36,84.54220000000001,85.5548,28.07363618586946
323,606.46,84.43,85.38,84.53379999999999,85.54360000000001,28.074099922520382
324,606.48,84.48,85.4,84.53059999999999,85.53280000000001,28.07409992547401
325,606.5,84.53,85.39500000000001,84.53020000000001,85.52140000000001,28.090528745459874
326,606.52,84.565,85.39,84.53200000000001,85.5104,28.101868253241626
327,606.54,84.6,85.32,84.5346,85.4972,28.1078886267236
328,606.56,84.615,85.25,84.5372,85.48,28.113442211523417
329,606.58,84.63,85.225,84.54260000000001,85.46060000000001,28.11320847096588
330,606.6,84.58500000000001,85.2,84.5484,85.4392,28.113442216133773
331,606.62,84.54,85.245,84.5496,85.41859999999998,28.119465831591892
332,606.64,84.5,85.29,84.54639999999999,85.40299999999999,28.12549277563149
333,606.66,84.46,85.255,84.5404,85.3892,28.125492778005494
334,606.68,84.485,85.22,84.5342,85.37440000000001,28.125255617876057
335,606.7,84.51,85.14,84.53139999999999,85.3568,28.125730823688126
336,606.72,84.515,85.06,84.53120000000001,85.3378,28.13152305425919
337,606.74,84.52,85.03999999999999,84.529,85.3198,28.137076368227838
338,606.76,84.53,85.02,84.525,85.3018,28.137556652572552
339,606.78,84.54,84.94,84.523,85.28140000000002,28.138040447310626
340,606.8,84.45500000000001,84.86,84.5192,85.2586,28.1435935739497
341,606.82,84.37,84.86500000000001,84.5132,85.2368,28.14335128926208
342,606.84,84.43,84.87,84.5108,85.21600000000001,28.143593578081315
343,606.86,84.49,84.89,84.5104,85.1968,28.149389823883894
344,606.88,84.5,84.91,84.51,85.1764,28.149633820518023
345,606.9,84.51,84.88499999999999,84.5102,85.153,28.150124441528483
346,606.92,84.565,84.86,84.51280000000001,85.1308,28.150124444142
347,606.94,84.62,84.745,84.51899999999999,85.1062,28.15567738285295
348,606.96,84.625,84.63,84.52680000000001,85.07619999999999,28.16172425709886
349,606.98,84.63,84.565,84.53280000000001,85.0428,28.156668955600622
350,607.0,84.52,84.5,84.5324,85.007,28.15666895819343
351,607.02,84.41,84.535,84.52619999999999,84.9728,28.156668960722715
352,607.04,84.38499999999999,84.57,84.5176,84.9428,28.15666896366874
353,607.06,84.36,84.51499999999999,84.5074,84.9134,28.16777445523127
354,607.08,84.47999999999999,84.46,84.50140000000002,84.8828,28.173827955685663
355,607.1,84.6,84.28999999999999,84.50200000000001,84.84639999999999,28.16272266073534
356,607.12,84.61,84.12,84.50479999999999,84.8014,28.151116232925823
357,607.14,84.62,84.12,84.5096,84.7546,28.145563497562055
358,607.16,84.59,84.12,84.5148,84.7092,28.146064742520746
359,607.18,84.56,84.09,84.5178,84.664,28.146569497085213
360,607.2,84.525,84.06,84.5184,84.6208,28.14707775923655
361,607.22,84.49,84.045,84.5174,84.5802,28.147589529490546
362,607.24,84.44,84.03,84.5142,84.5398,28.142552573791715
363,607.26,84.39,83.925,84.50859999999999,84.49600000000001,28.143071461903386
364,607.28,84.33,83.82,84.5002,84.45120000000001,28.14862359604677
365,607.3,84.27,83.675,84.4928,84.40379999999999,28.137519339354
366,607.32,84.32499999999999,83.53,84.49099999999999,84.3504,28.1324898165772
367,607.34,84.38,83.47,84.48899999999999,84.29440000000001,28.133015928991043
368,607.36,84.44999999999999,83.41,84.4874,84.23519999999999,28.122441932435922
369,607.38,84.52,83.32499999999999,84.48819999999999,84.1718,28.111604665127782
370,607.4,84.50999999999999,83.24,84.48819999999999,84.10600000000001,28.10023473887699
371,607.42,84.5,83.235,84.48559999999999,84.041,28.094417334851816
372,607.44,84.47999999999999,83.23,84.48,83.9804,28.08966513479257
373,607.46,84.46,83.185,84.4734,83.9226,28.07964069165558
374,607.48,84.35499999999999,83.14,84.4624,83.8656,28.07408923446569
375,607.5,84.25,82.995,84.4516,83.8054,28.068266627084498
376,607.52,84.31,82.85,84.44760000000001,83.738,28.06853778344157
377,607.54,84.37,82.74,84.44699999999999,83.6648,28.063531384380795
378,607.56,84.41499999999999,82.63,84.4492,83.58940000000001,28.041326036250574
379,607.58,84.46,82.555,84.4484,83.5132,28.024398717044146
380,607.6,84.535,82.48,84.4458,83.4408,28.013569429521663
381,607.62,84.61,82.41,84.4458,83.3724,27.997465378717514
382,607.64,84.575,82.34,84.444,83.3012,27.98663936721848
383,607.66,84.54,82.215,84.442,83.225,27.975814470344897
384,607.68,84.48,82.09,84.43879999999999,83.145,27.970820880817755
385,607.7,84.42,81.98,84.43459999999999,83.0618,27.965269927776493
386,607.72,84.34,81.87,84.42859999999999,82.9748,27.948617084372913
387,607.74,84.26,81.71000000000001,84.42139999999999,82.88199999999999,27.93224472408858
388,607.76,84.24000000000001,81.55,84.41539999999999,82.787,27.921142979172593
389,607.78,84.22,81.49000000000001,84.411,82.69380000000001,27.910322806850864
390,607.8,84.25999999999999,81.43,84.41059999999999,82.604,27.90505450384086
391,607.82,84.3,81.325,84.4096,82.5158,27.88868583259912
392,607.84,84.38499999999999,81.22,84.40979999999999,82.4258,27.860932478805573
393,607.86,84.47,81.145,84.41059999999999,82.3352,27.838729861428053
394,607.88,84.46000000000001,81.07,84.4082,82.245,27.816812477366533
395,607.9,84.45,81.035,84.4058,82.1568,27.794610204582487
396,607.92,84.465,81.0,84.40440000000001,82.06739999999999,27.772694509514693
397,607.94,84.48,80.97,84.40440000000001,81.977,27.75106874690399
398,607.96,84.4,80.94,84.402,81.8872,27.74054798859258
399,607.98,84.32,80.765,84.4006,81.79220000000001,27.72418878492798
400,608.0,84.275,80.59,84.4016,81.696,27.7016964361229
401,608.02,84.23,80.41,84.3984,81.5984,27.679204572377817
402,608.04,84.25,80.23,84.3936,81.498,27.651744713478926
403,608.06,84.27,80.1,84.38780000000001,81.3968,27.624579860475222
404,608.08,84.25999999999999,79.97,84.37979999999999,81.2934,27.608224269295476
405,608.1,84.25,79.83,84.36840000000001,81.1874,27.591574389191937
406,608.12,84.2,79.69,84.35199999999999,81.07860000000001,27.56382466612238
407,608.14,84.15,79.705,84.335,80.97319999999999,27.53082135734915
408,608.16,84.19,79.72,84.321,80.8734,27.509217610379867
409,608.18,84.23,79.595,84.311,80.7736,27.49316805843189
410,608.2,84.14,79.47,84.29979999999999,80.67320000000001,27.465119661876948
411,608.22,84.05,79.32,84.2882,80.5712,27.431222892557532
412,608.24,84.17,79.17,84.2846,80.4696,27.40377375867491
413,608.26,84.29,78.995,84.28659999999999,80.3674,27.37077667979024
414,608.28,84.22,78.82,84.28659999999999,80.2606,27.337781383445265
415,608.3,84.15,78.745,84.28219999999999,80.1532,27.310641313170354
416,608.32,84.125,78.67,84.2752,80.047,27.283200025703888
417,608.34,84.1,78.55000000000001,84.26379999999999,79.94019999999999,27.25021121827671
418,608.36,84.07499999999999,78.43,84.24799999999999,79.8316,27.223081955477916
419,608.38,84.05,78.345,84.2316,79.7226,27.19595768518202
420,608.4,83.92,78.26,84.2104,79.61160000000001,27.162976725394326
421,608.42,83.79,78.095,84.1834,79.4954,27.12968422331498
422,608.44,83.74000000000001,77.93,84.15379999999999,79.3738,27.101940596241366
423,608.46,83.69,77.75,84.12540000000001,79.2462,27.06864839253026
424,608.48,83.59,77.57,84.0962,79.11840000000001,27.03504279229788
425,608.5,83.49,77.36,84.06479999999999,78.9892,27.00175052847198
426,608.52,83.515,77.15,84.03620000000001,78.8588,26.96908801048377
427,608.54,83.54,77.055,84.0078,78.73179999999999,26.93643087381542
428,608.56,83.52000000000001,76.96,83.9778,78.6062,26.903459444881964
429,608.58,83.5,76.91999999999999,83.9474,78.4842,26.87603808928766
430,608.6,83.5,76.88,83.9174,78.36619999999999,26.84307032474717
431,608.62,83.5,76.775,83.88940000000001,78.2496,26.79868565442986
432,608.64,83.36500000000001,76.67,83.85799999999999,78.1282,26.76572054794661
433,608.66,83.23,76.53999999999999,83.81960000000001,78.001,26.733082781032937
434,608.68,83.16499999999999,76.41,83.777,77.8736,26.694575109075664
435,608.7,83.1,76.285,83.73539999999998,77.7462,26.65606955862557
436,608.72,83.055,76.16,83.6956,77.6198,26.617566138805074
437,608.74,83.01,76.00999999999999,83.64920000000001,77.49340000000001,26.578733808991288
438,608.76,82.89,75.86,83.5932,77.368,26.54544915586115
439,608.78,82.77,75.685,83.5352,77.2426,26.512496568035083
440,608.8,82.765,75.51,83.4798,77.11319999999999,26.479545931500358
441,608.82,82.76,75.375,83.4252,76.9814,26.43516829717074
442,608.84,82.69,75.24,83.3688,76.84899999999999,26.391126282569076
443,608.86,82.62,75.08,83.31060000000001,76.715,26.352971277305507
444,608.88,82.52000000000001,74.92,83.24940000000001,76.57799999999999,26.314143173364446
445,608.9,82.42,74.745,83.1894,76.4374,26.269768523486324
446,608.92,82.33,74.57,83.131,76.2964,26.231622243635123
447,608.94,82.24,74.51499999999999,83.071,76.15979999999999,26.19313853219804
448,608.96,82.16499999999999,74.46,83.01,76.0282,26.148766588215018
449,608.98,82.09,74.38499999999999,82.95,75.90079999999999,26.104739654296225
450,609.0,81.995,74.31,82.89020000000001,75.7788,26.066261438480158
451,609.02,81.9,74.21000000000001,82.8256,75.6612,26.027785481622086
452,609.04,81.76,74.11,82.7544,75.5434,25.99485780685788
453,609.06,81.62,73.955,82.6784,75.4232,25.961932184888738
454,609.08,81.565,73.8,82.601,75.29839999999999,25.91791704786825
455,609.1,81.51,73.61500000000001,82.52140000000001,75.1678,25.86800525470747
456,609.12,81.515,73.43,82.44200000000001,75.03399999999999,25.82918530889398
457,609.14,81.52,73.315,82.3682,74.8998,25.79072026448729
458,609.16,81.44,73.2,82.2966,74.7662,25.741166659126794
459,609.18,81.36,73.16,82.2244,74.6362,25.696803378181624
460,609.2,81.16,73.12,82.1468,74.5096,25.669434738696335
461,609.22,80.96,72.95500000000001,82.06299999999999,74.3814,25.631338337941962
462,609.24,80.82,72.79,81.9754,74.25259999999999,25.587340183543947
463,609.26,80.68,72.66,81.887,74.1246,25.543344660846195
464,609.28,80.68,72.53,81.8034,73.9984,25.4993517827617
465,609.3,80.68,72.37,81.72,73.87280000000001,25.454994507711007
466,609.32,80.575,72.21,81.6326,73.7462,25.40509307734157
467,609.34,80.47,72.04499999999999,81.5438,73.61840000000001,25.355192183802025
468,609.36,80.345,71.88,81.45280000000001,73.4904,25.31674981719815
469,609.38,80.22,71.775,81.3608,73.3646,25.278681464514516
470,609.4,80.175,71.67,81.271,73.2416,25.239872401641286
471,609.42,80.13,71.53999999999999,81.183,73.1204,25.195146792410593
472,609.44,80.07499999999999,71.41,81.0964,72.9962,25.150793773217305
473,609.46,80.02,71.375,81.01060000000001,72.87280000000001,25.106815318309202
474,609.48,79.91499999999999,71.34,80.9236,72.751,25.06321636353099
475,609.5,79.81,71.245,80.8362,72.6284,25.019624460039278
476,609.52,79.695,71.15,80.748,72.506,24.976039644564462
477,609.54,79.58,71.065,80.6608,72.3842,24.932461954730293
478,609.56,79.49000000000001,70.98,80.57560000000001,72.26520000000001,24.88850408478669
479,609.58,79.4,70.85,80.489,72.1472,24.84416102746333
480,609.6,79.23,70.72,80.3978,72.0314,24.805361249787513
481,609.62,79.06,70.50999999999999,80.2996,71.91460000000001,24.761019101072474
482,609.64,78.93,70.3,80.196,71.794,24.71667744104406
483,609.66,78.8,70.13499999999999,80.0904,71.67139999999999,24.666793658539692
484,609.68,78.72,69.97,79.9848,71.5438,24.616910501218488
485,609.7,78.64,69.935,79.884,71.4164,24.572962768329482
486,609.72,78.525,69.9,79.78659999999999,71.2942,24.534166249595927
487,609.74,78.41,69.84,79.69019999999999,71.1762,24.4949765515699
488,609.76,78.38499999999999,69.78,79.5984,71.061,24.45063787524869
489,609.78,78.36,69.65,79.5056,70.9458,24.400757469915018
490,609.8,78.235,69.52,79.4078,70.83179999999999,24.351273605053855
491,609.82,78.11,69.445,79.3092,70.7212,24.307334937896083
492,609.84,77.945,69.37,79.20819999999999,70.6142,24.2740836015289
493,609.86,77.78,69.24000000000001,79.1056,70.5086,24.235690573289226
494,609.88,77.53999999999999,69.11,78.9984,70.402,24.197300245396406
495,609.9,77.3,68.93,78.8834,70.2924,24.152967981993882
496,609.92,77.255,68.75,78.7684,70.1808,24.10349889950618
497,609.94,77.21,68.63499999999999,78.6538,70.0698,24.054033197912634
498,609.96,77.175,68.52,78.54,69.95559999999999,24.004163098354223
499,609.98,77.14,68.47999999999999,78.429,69.8412,23.960243263254053
500,610.0,76.985,68.44,78.316,69.729,23.92186728500564
501,610.02,76.83,68.33500000000001,78.20139999999999,69.6164,23.877541460958795
502,610.04,76.745,68.23,78.08800000000001,69.503,23.833216203463394
503,610.06,76.66,68.1,77.9748,69.3878,23.794432070816285
504,610.08,76.57499999999999,67.97,77.86179999999999,69.2726,23.761188878552826
505,610.1,76.49,67.84,77.7522,69.1574,23.716865124250003
506,610.12,76.305,67.71,77.642,69.0454,23.672541947746176
507,610.14,76.12,67.57499999999999,77.52959999999999,68.9364,23.628219353460008
508,610.16,76.01,67.44,77.41799999999999,68.82860000000001,23.584314510712282
509,610.18,75.9,67.36500000000001,77.3052,68.7244,23.54041287100952
510,610.2,75.805,67.29,77.1918,68.6186,23.490553755855107
511,610.22,75.71,67.21000000000001,77.0792,68.51100000000001,23.440695401983195
512,610.24,75.58,67.13,76.96600000000001,68.4026,23.401917212039066
513,610.26,75.45,67.03,76.8486,68.2926,23.363139488499712
514,610.28,75.27000000000001,66.93,76.725,68.1838,23.324786163951504
515,610.3,75.09,66.80000000000001,76.5992,68.075,23.28089647549056
516,610.32,74.96000000000001,66.67,76.47319999999999,67.964,23.23615582212732
517,610.34,74.83,66.58500000000001,76.34859999999999,67.8526,23.196529373216155
518,610.36,74.78,66.5,76.2286,67.743,23.1577534378556
519,610.38,74.73,66.35,76.11619999999999,67.6326,23.11983229592825
520,610.4,74.57,66.2,76.007,67.5234,23.081488226269794
521,610.42,74.41,66.1,75.8932,67.4174,23.031638176447977
522,610.44,74.25,66.0,75.7748,67.312,22.98732770544736
523,610.46,74.09,65.87,75.65140000000001,67.206,22.943017882553185
524,610.48,73.91,65.74,75.5222,67.0964,22.90468119022345
525,610.5,73.73,65.63499999999999,75.392,66.9842,22.871450312842004
526,610.52,73.515,65.53,75.2594,66.872,22.837784676811278
527,610.54,73.3,65.465,75.1216,66.7614,22.799015485158808
528,610.56,73.185,65.4,74.9826,66.6534,22.760246802087295
529,610.58,73.07,65.32,74.8424,66.5474,22.72147863064462
530,610.6,72.975,65.24,74.7018,66.4434,22.677172777110084
531,610.62,72.88,65.13,74.56479999999999,66.34020000000001,22.632429613904932
532,610.64,72.75,65.02,74.43,66.238,22.599200533019108
533,610.66,72.62,64.8,74.29440000000001,66.1324,22.56087313625097
534,610.68,72.53,64.58,74.1596,66.021,22.5165697499651
535,610.7,72.44,64.475,74.025,65.9084,22.477804852564436
536,610.72,72.34,64.37,73.8902,65.7948,22.444578220947193
537,610.74,72.24,64.285,73.75659999999999,65.681,22.40581431134572
538,610.76,72.02,64.2,73.6194,65.5678,22.36749522643556
539,610.78,71.8,64.13499999999999,73.4806,65.456,22.32917932201223
540,610.8,71.625,64.07,73.342,65.3468,22.29595579522926
541,610.82,71.45,63.959999999999994,73.2016,65.2384,22.262732672390957
542,610.84,71.255,63.85,73.05860000000001,65.12899999999999,22.229959217662195
543,610.86,71.06,63.7,72.9098,65.017,22.19120067872616
544,610.88,70.9,63.55,72.75659999999999,64.905,22.151991863462392
545,610.9,70.74,63.394999999999996,72.6034,64.7928,22.113233657134316
546,610.92,70.615,63.24,72.4516,64.6784,22.080012785735505
547,610.94,70.49,63.14,72.3012,64.56400000000001,22.046340456212715
548,610.96,70.44999999999999,63.04,72.15559999999999,64.4508,22.007582989005773
549,610.98,70.41,63.004999999999995,72.0156,64.3414,21.96973414477489
550,611.0,70.25999999999999,62.97,71.8768,64.23479999999999,21.930979422250708
551,611.02,70.11,62.925,71.7406,64.1306,21.891314010173687
552,611.04,69.985,62.88,71.60799999999999,64.02720000000001,21.858095254142444
553,611.06,69.86,62.730000000000004,71.475,63.9204,21.819797151615038
554,611.08,69.68,62.58,71.33940000000001,63.8108,21.78703841508682
555,611.1,69.5,62.46,71.2004,63.699600000000004,21.75382241328236
556,611.12,69.33,62.34,71.0584,63.587999999999994,21.720606848524916
557,611.14,69.16,62.21,70.9148,63.47559999999999,21.687853357482588
558,611.16,69.0,62.08,70.77,63.36679999999999,21.654639379894547
559,611.18,68.84,61.935,70.6224,63.261,21.621425847223794
560,611.2,68.595,61.79,70.4686,63.1536,21.599283741990178
561,611.22,68.35,61.715,70.309,63.047399999999996,21.571142265812462
562,611.24,68.16,61.64,70.1458,62.9416,21.53746543898605
563,611.26,67.97,61.56,69.9838,62.836000000000006,21.50978758063796
564,611.28,67.83500000000001,61.48,69.82520000000001,62.7298,21.482574929229543
565,611.3,67.7,61.465,69.6682,62.62559999999999,21.449363006952773
566,611.32,67.66499999999999,61.45,69.5168,62.5252,21.410616338736496
567,611.34,67.63,61.34,69.3718,62.4248,21.372338744976794
568,611.36,67.55,61.23,69.2314,62.32599999999999,21.339129078344584
569,611.38,67.47,61.135,69.0942,62.2294,21.30591987641864
570,611.4,67.31,61.04,68.957,62.135200000000005,21.278245899396246
571,611.42,67.15,60.875,68.8184,62.040600000000005,21.250101112253027
572,611.44,66.905,60.71,68.675,61.94339999999999,21.22796193571366
573,611.46,66.66,60.615,68.5234,61.846399999999996,21.20076050059557
574,611.48,66.52,60.52,68.3678,61.74700000000001,21.173561785544717
575,611.5,66.38,60.385000000000005,68.2126,61.643600000000006,21.145890003981567
576,611.52,66.22,60.25,68.057,61.53660000000001,21.118218555520357
577,611.54,66.06,60.225,67.9,61.4304,21.091024487914986
578,611.56,65.93,60.2,67.7428,61.3292,21.063354336551395
579,611.58,65.8,60.24,67.5876,61.235600000000005,21.041218461277925
580,611.6,65.675,60.28,67.4346,61.1484,21.01956264906443
581,611.62,65.55,60.22,67.2834,61.06360000000001,20.992375661533405
582,611.64,65.425,60.16,67.134,60.9816,20.970241510959376
583,611.66,65.3,59.98,66.98599999999999,60.897600000000004,20.94209134245304
584,611.68,65.17,59.8,66.8392,60.81219999999999,20.908407795914556
585,611.7,65.04,59.66,66.697,60.727,20.88122293339557
586,611.72,64.905,59.52,66.5592,60.6392,20.85957410000452
587,611.74,64.77,59.435,66.4236,60.550999999999995,20.83695606410874
588,611.76,64.595,59.35,66.2886,60.4626,20.820356221620905
589,611.78,64.42,59.425,66.152,60.3804,20.79822329423054
590,611.8,64.265,59.5,66.0146,60.3018,20.776090594053912
591,611.82,64.11,59.394999999999996,65.8724,60.2196,20.754445288598124
592,611.84,63.9,59.29,65.72319999999999,60.1376,20.73833521497684
593,611.86,63.69,59.195,65.5688,60.05620000000001,20.727759857415812
594,611.88,63.59,59.1,65.4136,59.9748,20.711653804047984
595,611.9,63.49,59.09,65.2608,59.89679999999999,20.68952411316359
596,611.92,63.33,59.08,65.108,59.825,20.67292699980182
597,611.94,63.17,58.945,64.95859999999999,59.754400000000004,20.656824283406255
598,611.96,63.085,58.81,64.81559999999999,59.6822,20.63469571095998
599,611.98,63.0,58.74,64.67479999999999,59.611,20.606539868995494
600,612.0,62.879999999999995,58.67,64.5348,59.5424,20.57789051587095
601,612.02,62.76,58.485,64.3964,59.471799999999995,20.555268097749764
602,612.04,62.57,58.3,64.2568,59.3948,20.550228886410334
603,612.06,62.38,58.34,64.1148,59.3204,20.544696608192876
604,612.08,62.245000000000005,58.38,63.9726,59.245999999999995,20.533632091067123
605,612.1,62.11,58.365,63.83,59.169399999999996,20.517035423787593
606,612.12,61.97,58.35,63.68679999999999,59.0946,20.500438890536834
607,612.14,61.83,58.305,63.543,59.0204,20.495899426270388
608,612.16,61.67,58.26,63.3978,58.9516,20.49136529611665
609,612.18,61.51,58.18,63.2514,58.8868,20.469239063996035
610,612.2,61.385,58.1,63.1052,58.824400000000004,20.44711307687457
611,612.22,61.26,57.97,62.9594,58.7624,20.430518748500106
612,612.24,61.205,57.84,62.8168,58.698600000000006,20.419455942003022
613,612.26,61.15,57.790000000000006,62.678999999999995,58.6362,20.408895892275225
614,612.28,61.03,57.74,62.5434,58.5688,20.398337649991227
615,612.3,60.91,57.775000000000006,62.4092,58.49980000000001,20.38727557412666
616,612.32,60.79,57.81,62.276399999999995,58.436400000000006,20.376213561822485
617,612.34,60.67,57.755,62.147200000000005,58.375,20.36565780505331
618,612.36,60.525000000000006,57.7,62.0206,58.3152,20.3551038641165
619,612.38,60.38,57.620000000000005,61.8922,58.256,20.33902126606269
620,612.4,60.275000000000006,57.54,61.763600000000004,58.194,20.333490810202985
621,612.42,60.17,57.495000000000005,61.63719999999999,58.130599999999994,20.332981387542553
622,612.44,60.035,57.45,61.5118,58.0708,20.32694244662257
623,612.46,59.9,57.375,61.38440000000001,58.013400000000004,20.3214117456223
624,612.48,59.849999999999994,57.3,61.2584,57.955799999999996,20.316899544939048
625,612.5,59.8,57.275,61.1352,57.9,20.30635010061976
626,612.52,59.72,57.25,61.0136,57.85060000000001,20.28924773085242
627,612.54,59.64,57.25,60.8964,57.808600000000006,20.27265683473053
628,612.56,59.495000000000005,57.25,60.78099999999999,57.765,20.26262241836985
629,612.58,59.35,57.175,60.665200000000006,57.716800000000006,20.25259402369751
630,612.6,59.245000000000005,57.1,60.550599999999996,57.66620000000001,20.252594028640463
631,612.62,59.14,56.99,60.437400000000004,57.6118,20.252077681406476
632,612.64,58.980000000000004,56.88,60.3234,57.55480000000001,20.246547904354845
633,612.66,58.82,56.870000000000005,60.2094,57.49920000000001,20.242052622349338
634,612.68,58.7,56.86,60.09700000000001,57.446400000000004,20.237562760866396
635,612.7,58.58,56.875,59.98479999999999,57.3974,20.23203360017205
636,612.72,58.515,56.89,59.875,57.35420000000001,20.226504456245785
637,612.74,58.45,56.870000000000005,59.764799999999994,57.3154,20.227026362026773
638,612.76,58.47,56.85,59.6576,57.2778,20.227549477324352
639,612.78,58.49,56.835,59.556,57.2416,20.222545099427904
640,612.8,58.385000000000005,56.82,59.455,57.2034,20.217016417767624
641,612.82,58.28,56.760000000000005,59.3546,57.1614,20.205434207272056
642,612.84,58.18,56.7,59.255,57.1192,20.199905432995948
643,612.86,58.08,56.63,59.157199999999996,57.07640000000001,20.20043047701466
644,612.88,57.955,56.56,59.0602,57.034,20.194901864179997
645,612.9,57.83,56.555,58.962399999999995,56.9946,20.189373268360296
646,612.92,57.655,56.55,58.861799999999995,56.9568,20.195955873821973
647,612.94,57.48,56.519999999999996,58.7596,56.9196,20.20201288180582
648,612.96,57.364999999999995,56.49,58.658199999999994,56.8842,20.207541090274585
649,612.98,57.25,56.485,58.5542,56.851600000000005,20.20860178428028
650,613.0,57.095,56.48,58.446000000000005,56.81980000000001,20.209667321938603
651,613.02,56.94,56.42,58.3348,56.7866,20.209667327262764
652,613.04,56.864999999999995,56.36,58.223800000000004,56.751000000000005,20.204139712272923
653,613.06,56.79,56.4,58.1156,56.717,20.204674445831415
654,613.08,56.75,56.44,58.0116,56.6876,20.210201926398728
655,613.1,56.71,56.385,57.9102,56.659,20.21020193223659
656,613.12,56.629999999999995,56.33,57.809799999999996,56.6326,20.210737730408734
657,613.14,56.55,56.215,57.712599999999995,56.606,20.21073773613639
658,613.16,56.47,56.1,57.618599999999994,56.575199999999995,20.210201949693253
659,613.18,56.39,56.085,57.526199999999996,56.544200000000004,20.21626509365206
660,613.2,56.15,56.07,57.428999999999995,56.512,20.233921284593553
661,613.22,55.91,55.93,57.324799999999996,56.4736,20.239448413163636
662,613.24,55.9,55.79,57.22280000000001,56.4304,20.233921295582686
663,613.26,55.89,55.785,57.1196,56.387800000000006,20.239448424707398
664,613.28,55.865,55.78,57.0146,56.345600000000005,20.244975571694397
665,613.3,55.84,55.769999999999996,56.9128,56.303599999999996,20.23944843660275
666,613.32,55.83,55.76,56.814800000000005,56.2636,20.23944844227156
667,613.34,55.82,55.745,56.7204,56.2254,20.24497558950241
668,613.36,55.765,55.73,56.62780000000001,56.1894,20.244975594921126
669,613.38,55.71,55.644999999999996,56.53799999999999,56.1528,20.23944845948413
670,613.4,55.620000000000005,55.56,56.449600000000004,56.113,20.244975606255647
671,613.42,55.53,55.64,56.3646,56.0766,20.256029947766233
672,613.44,55.45,55.72,56.2834,56.0446,20.26155714814175
673,613.46,55.37,55.625,56.203599999999994,56.01,20.268161479709413
674,613.48,55.28,55.53,56.12479999999999,55.971799999999995,20.27531269891319
675,613.5,55.19,55.675,56.04859999999999,55.93959999999999,20.281382906965856
676,613.52,55.06,55.82,55.9734,55.915600000000005,20.29189230067362
677,613.54,54.93,55.870000000000005,55.895999999999994,55.895999999999994,20.309015010801307
678,613.56,54.9,55.92,55.8204,55.8768,20.321156901494156
679,613.58,54.87,55.93,55.7452,55.8564,20.321156907347348
680,613.6,54.785,55.94,55.6682,55.8386,20.32668312594697
681,613.62,54.7,55.965,55.591,55.824000000000005,20.343261881645592
682,613.64,54.64,55.99,55.5146,55.815,20.353770304458344
683,613.66,54.58,55.875,55.43900000000001,55.806000000000004,20.353770310276094
684,613.68,54.58,55.76,55.3666,55.793,20.365367153933892
685,613.7,54.58,55.825,55.3038,55.78320000000001,20.38249092745621
686,613.72,54.51,55.89,55.2478,55.7816,20.394089023374455
687,613.74,54.44,55.84,55.1894,55.7836,20.405141356680254
688,613.76,54.22,55.79,55.122600000000006,55.7838,20.42724623599573
689,613.78,54.0,55.76,55.048,55.783,20.449896667619385
690,613.8,53.935,55.73,54.9718,55.781400000000005,20.467021310273523
691,613.82,53.87,55.715,54.8934,55.7796,20.478073526732196
692,613.84,53.875,55.7,54.8156,55.777800000000006,20.48359966469749
693,613.86,53.88,55.755,54.740199999999994,55.778800000000004,20.501272019941226
694,613.88,53.91,55.81,54.668200000000006,55.78540000000001,20.51894753763985
695,613.9,53.94,55.81,54.601000000000006,55.7954,20.524473213199094
696,613.92,53.879999999999995,55.81,54.535,55.8022,20.529998907155203
697,613.94,53.82,55.775000000000006,54.46979999999999,55.80440000000001,20.547677097435404
698,613.96,53.675,55.74,54.402,55.809000000000005,20.575856164116697
699,613.98,53.53,55.71,54.33200000000001,55.8162,20.591881350516385
700,614.0,53.46,55.68,54.2628,55.8164,20.602932600961616
701,614.02,53.39,55.61,54.196,55.808,20.61398392445131
702,614.04,53.35,55.54,54.132799999999996,55.7948,20.625585539671093
703,614.06,53.31,55.605000000000004,54.0692,55.7822,20.643265432519815
704,614.08,53.32,55.67,54.007200000000005,55.77179999999999,20.65984150014962
705,614.1,53.33,55.74,53.949,55.7638,20.681943179685785
706,614.12,53.325,55.81,53.894,55.757600000000004,20.699071486498156
707,614.14,53.32,55.765,53.8412,55.748599999999996,20.705149750232938
708,614.16,53.295,55.72,53.78979999999999,55.742399999999996,20.71067499962238
709,614.18,53.27,55.69,53.7374,55.7396,20.72669854990859
710,614.2,53.21,55.66,53.6826,55.73299999999999,20.7598516149842
711,614.22,53.15,55.67,53.62820000000001,55.7242,20.783056856829106
712,614.24,53.035,55.68,53.571999999999996,55.717800000000004,20.801294721661872
713,614.26,52.92,55.71,53.52,55.7146,20.829475275492623
714,614.28,52.875,55.74,53.475,55.7138,20.851020103992056
715,614.3,52.83,55.765,53.4308,55.715199999999996,20.861516922358586
716,614.32,52.765,55.79,53.3866,55.718199999999996,20.878092933486432
717,614.34,52.7,55.785,53.3396,55.721599999999995,20.895775466936644
718,614.36,52.645,55.78,53.290200000000006,55.7226,20.913461086545727
719,614.38,52.59,55.7,53.2374,55.718199999999996,20.941085754947967
720,614.4,52.57,55.62,53.182599999999994,55.71059999999999,20.962631477112417
721,614.42,52.55,55.685,53.129400000000004,55.705600000000004,20.973129027812263
722,614.44,52.535,55.75,53.078,55.7046,20.989705256397748
723,614.46,52.52,55.745000000000005,53.031800000000004,55.7048,21.00683366293009
724,614.48,52.515,55.74,52.9912,55.706,21.018437280599265
725,614.5,52.51,55.785,52.95320000000001,55.71020000000001,21.036121463146447
726,614.52,52.519999999999996,55.83,52.9184,55.718999999999994,21.059333478882873
727,614.54,52.53,55.795,52.885600000000004,55.7292,21.081432749914022
728,614.56,52.504999999999995,55.76,52.8534,55.7354,21.09800739826915
729,614.58,52.48,55.79,52.819799999999994,55.7402,21.11458221064493
730,614.6,52.435,55.82,52.784000000000006,55.7434,21.142207258428762
731,614.62,52.39,55.83,52.7466,55.7442,21.175357915300747
732,614.64,52.335,55.84,52.7072,55.7472,21.202431216106454
733,614.66,52.28,55.81,52.666599999999995,55.7508,21.214034509690556
734,614.68,52.3,55.78,52.6278,55.7544,21.220667897429177
735,614.7,52.32,55.805,52.592200000000005,55.760200000000005,21.237243040490892
736,614.72,52.315,55.83,52.55879999999999,55.7666,21.258789875164705
737,614.74,52.31,55.845,52.5298,55.773199999999996,21.28586480926149
738,614.76,52.24,55.86,52.5026,55.7792,21.313492648266713
739,614.78,52.17,55.845,52.474399999999996,55.7834,21.33062016595164
740,614.8,52.135000000000005,55.83,52.4466,55.786,21.34774813272283
741,614.82,52.1,55.87,52.42,55.7892,21.36985000939035
742,614.84,52.075,55.91,52.395,55.794200000000004,21.39140199361574
743,614.86,52.05,55.925,52.3712,55.8,21.413505006840403
744,614.88,52.065,55.94,52.3502,55.8096,21.43615734294649
745,614.9,52.08,55.94,52.330600000000004,55.82240000000001,21.458809967813636
746,614.92,52.004999999999995,55.94,52.3088,55.83259999999999,21.48091269202249
747,614.94,51.93,56.0,52.2846,55.84259999999999,21.509090972783895
748,614.96,51.870000000000005,56.06,52.25860000000001,55.8552,21.543345939189397
749,614.98,51.81,55.94,52.2304,55.8632,21.565448021636772
750,615.0,51.835,55.82,52.2034,55.8646,21.58202476972644
751,615.02,51.86,55.815,52.177,55.864,21.610754855775507
752,615.04,51.955,55.81,52.153999999999996,55.8646,21.633408699774943
753,615.06,52.05,55.815,52.135799999999996,55.86679999999999,21.643907661232515
754,615.08,52.06,55.82,52.11900000000001,55.868,21.659934088377447
755,615.1,52.07,55.825,52.1044,55.868199999999995,21.67596264198722
756,615.12,52.004999999999995,55.83,52.089000000000006,55.868199999999995,21.691993316995823
757,615.14,51.94,55.89,52.0732,55.8702,21.71907871441409
758,615.16,51.92,55.95,52.0588,55.8758,21.746167050321684
759,615.18,51.9,55.92,52.04280000000001,55.881400000000006,21.768273360001878
760,615.2,51.91,55.89,52.026399999999995,55.8848,21.790922315446952
761,615.22,51.92,55.875,52.010600000000004,55.8866,21.808589307471305
762,615.24,51.900000000000006,55.86,51.9942,55.8872,21.826259281927804
763,615.26,51.88,55.86,51.9798,55.88719999999999,21.84836378268837
764,615.28,51.91,55.86,51.96940000000001,55.887800000000006,21.86937981411895
765,615.3,51.94,55.875,51.9616,55.8896,21.890402783900516
766,615.32,51.980000000000004,55.89,51.956799999999994,55.8904,21.913050771874737
767,615.34,52.02,55.955,51.9546,55.8922,21.94231094027522
768,615.36,51.995000000000005,56.02,51.9524,55.896,21.97048696084771
769,615.38,51.97,55.945,51.9486,55.8962,21.986523054559136
770,615.4,52.0,55.87,51.9454,55.89339999999999,21.997034472694445
771,615.42,52.03,55.875,51.946400000000004,55.8908,22.01307453900397
772,615.44,51.985,55.88,51.9486,55.886,22.040170949445987
773,615.46,51.94,55.945,51.95139999999999,55.88139999999999,22.067806921859454
774,615.48,51.95,56.01,51.957,55.8842,22.090453257260418
775,615.5,51.96,56.025,51.961999999999996,55.892399999999995,22.11916579286954
776,615.52,51.985,56.04,51.967,55.9014,22.141813210873046
777,615.54,52.01,56.01,51.9692,55.9094,22.163382149864272
778,615.56,51.955,55.98,51.9654,55.916000000000004,22.196008175699628
779,615.58,51.9,55.97,51.958999999999996,55.922,22.218117670734696
780,615.6,51.93,55.96,51.9534,55.927400000000006,22.235773044842105
781,615.62,51.96,55.89,51.9516,55.92979999999999,22.258958337998973
782,615.64,51.91,55.82,51.9504,55.92700000000001,22.280528189406933
783,615.66,51.86,55.805,51.948,55.9212,22.296037465322843
784,615.68,52.004999999999995,55.79,51.95219999999999,55.916,22.306025065450655
785,615.7,52.15,55.754999999999995,51.961800000000004,55.9106,22.32207684708024
786,615.72,52.14,55.72,51.970600000000005,55.9044,22.344720019269825
787,615.74,52.13,55.78,51.9798,55.901199999999996,22.367363486835803
788,615.76,52.144999999999996,55.84,51.9904,55.9004,22.38394707203021
789,615.78,52.16,55.905,52.0004,55.90219999999999,22.39447181499556
790,615.8,52.19,55.97,52.01040000000001,55.90599999999999,22.411056029583804
791,615.82,52.22,55.945,52.02,55.90820000000001,22.439226711451848
792,615.84,52.195,55.92,52.027,55.9068,22.46686711627718
793,615.86,52.17,55.88,52.034,55.901199999999996,22.488450879494536
794,615.88,52.215,55.84,52.043800000000005,55.897,22.504508523613506
795,615.9,52.26,55.870000000000005,52.0542,55.897000000000006,22.520568169123855
796,615.92,52.275,55.9,52.06399999999999,55.898,22.536629813637425
797,615.94,52.29,55.86,52.07620000000001,55.897200000000005,22.553740431321
798,615.96,52.26,55.82,52.089000000000006,55.8922,22.57690586486715
799,615.98,52.23,55.760000000000005,52.100199999999994,55.882200000000005,22.599546479365067
800,616.0,52.25,55.7,52.111799999999995,55.8692,22.621660567607606
801,616.02,52.27,55.675,52.123200000000004,55.8546,22.637720940898394
802,616.04,52.28,55.65,52.13400000000001,55.8402,22.648778427978375
803,616.06,52.29,55.730000000000004,52.1474,55.830200000000005,22.665889485122573
804,616.08,52.42,55.81,52.1682,55.8238,22.682475579519192
805,616.1,52.55,55.825,52.193000000000005,55.818400000000004,22.6935330541801
806,616.12,52.56,55.84,52.217,55.8164,22.70406676796255
807,616.14,52.57,55.795,52.2434,55.8154,22.714080718815918
808,616.16,52.525,55.75,52.27,55.81320000000001,22.730668365412587
809,616.18,52.48,55.78,52.28900000000001,55.81280000000001,22.759356607193027
810,616.2,52.425,55.81,52.3,55.815,22.787002084626877
811,616.22,52.37,55.81,52.30919999999999,55.818599999999996,22.802549703973266
812,616.24,52.33,55.81,52.3172,55.81980000000001,22.819138061602153
813,616.26,52.29,55.735,52.323,55.8156,22.846785614422224
814,616.28,52.345,55.66,52.3304,55.805800000000005,22.86890392223401
815,616.3,52.4,55.625,52.3388,55.79200000000001,22.88099949794229
816,616.32,52.44,55.59,52.3476,55.7778,22.892058300329637
817,616.34,52.48,55.635000000000005,52.358999999999995,55.766400000000004,22.9020818303926
818,616.36,52.525,55.68,52.373200000000004,55.7584,22.91314124975119
819,616.38,52.57,55.675,52.3874,55.7518,22.930764566597194
820,616.4,52.57,55.67,52.3998,55.7438,22.95288275111691
821,616.42,52.57,55.620000000000005,52.4116,55.732600000000005,22.97448459052491
822,616.44,52.635000000000005,55.57,52.425399999999996,55.721,22.991073930758137
823,616.46,52.7,55.53,52.44299999999999,55.7094,23.001618671623675
824,616.48,52.725,55.49,52.46280000000001,55.698600000000006,23.01216502932329
825,616.5,52.75,55.45,52.482800000000005,55.688599999999994,23.02875541297393
826,616.52,52.72,55.41,52.5008,55.678000000000004,23.045345924419248
827,616.54,52.69,55.39,52.517199999999995,55.6676,23.055894804742024
828,616.56,52.61,55.37,52.53,55.6532,23.0724858971949
829,616.58,52.53,55.36,52.5344,55.6352,23.089587916498463
830,616.6,52.519999999999996,55.35,52.533199999999994,55.6162,23.100648557641676
831,616.62,52.51,55.39,52.5312,55.5982,23.1167294346808
832,616.64,52.54,55.43,52.53,55.5836,23.138342895527188
833,616.66,52.57,55.39,52.5318,55.5692,23.15544326215207
834,616.68,52.66,55.35,52.538999999999994,55.552,23.161483082411536
835,616.7,52.75,55.285,52.552,55.531000000000006,23.166504489921923
836,616.72,52.730000000000004,55.22,52.5664,55.507400000000004,23.182588753051835
837,616.74,52.71,55.129999999999995,52.5816,55.480199999999996,23.204712009029805
838,616.76,52.705,55.04,52.5982,55.4524,23.221304597305696
839,616.78,52.7,55.075,52.6124,55.428999999999995,23.226329842284045
840,616.8,52.66,55.11,52.622800000000005,55.4084,23.231860870456114
841,616.82,52.62,55.11,52.63,55.3892,23.242922962741797
842,616.84,52.635,55.11,52.6362,55.368199999999995,23.252978173512147
843,616.86,52.65,55.144999999999996,52.6412,55.346799999999995,23.269572211139458
844,616.88,52.68,55.18,52.645599999999995,55.327,23.292199888704463
845,616.9,52.71,55.16,52.651199999999996,55.306599999999996,23.308292104718852
846,616.92,52.735,55.14,52.65780000000001,55.2874,23.318854595814322
847,616.94,52.76,55.105000000000004,52.662800000000004,55.2688,23.329418665608667
848,616.96,52.86,55.07,52.669200000000004,55.2504,23.334452424143223
849,616.98,52.96,55.04,52.678599999999996,55.2324,23.34048220264418
850,617.0,52.96,55.01,52.687,55.214800000000004,23.351545787200582
851,617.02,52.96,54.92,52.6966,55.19519999999999,23.35608358789115
852,617.04,52.905,54.83,52.705200000000005,55.172799999999995,23.367147723013858
853,617.06,52.85,54.815,52.7148,55.1506,23.384239915607928
854,617.08,52.805,54.8,52.7258,55.12820000000001,23.39580065535256
855,617.1,52.76,54.79,52.7354,55.1058,23.4078605918013
856,617.12,52.715,54.78,52.743599999999994,55.0814,23.42495501645078
857,617.14,52.67,54.82,52.7488,55.056999999999995,23.441051039814447
858,617.16,52.68,54.86,52.75320000000001,55.0358,23.45714893294337
859,617.18,52.69,54.9,52.7544,55.017799999999994,23.473744806481562
860,617.2,52.72,54.94,52.7532,55.004,23.484312909943778
861,617.22,52.75,54.97,52.754,54.994,23.48935032073748
862,617.24,52.739999999999995,55.0,52.755199999999995,54.9888,23.49488258048272
863,617.26,52.73,54.97,52.7562,54.986000000000004,23.505453806653225
864,617.28,52.705,54.94,52.75639999999999,54.9806,23.522051079711687
865,617.3,52.68,54.815,52.75719999999999,54.9688,23.53914110082171
866,617.32,52.71,54.69,52.760799999999996,54.952,23.550699302972582
867,617.34,52.74,54.769999999999996,52.765,54.9384,23.561763883530215
868,617.36,52.78,54.85,52.770199999999996,54.9266,23.571843599016336
869,617.38,52.82,54.825,52.7758,54.9124,23.576885384507165
870,617.4,52.89,54.8,52.783,54.897999999999996,23.5713527107166
871,617.42,52.96,54.81,52.792,54.884800000000006,23.571352716199726
872,617.44,53.04,54.82,52.8032,54.873400000000004,23.587950797027396
873,617.46,53.12,54.760000000000005,52.813599999999994,54.861,23.605039200614325
874,617.48,53.065,54.7,52.8178,54.8474,23.616595516051355
875,617.5,53.01,54.69,52.819799999999994,54.8346,23.627169848528176
876,617.52,52.955,54.68,52.8196,54.825,23.637745728977794
877,617.54,52.9,54.725,52.819399999999995,54.8208,23.648323154517648
878,617.56,52.94,54.77,52.823,54.818999999999996,23.658902123654418
879,617.58,52.98,54.795,52.83,54.8188,23.67045512318377
880,617.6,52.875,54.82,52.8346,54.82,23.6935630064897
881,617.62,52.77,54.795,52.836800000000004,54.820600000000006,23.715694459478165
882,617.64,52.760000000000005,54.77,52.8404,54.8186,23.72578590890254
883,617.66,52.75,54.845,52.843199999999996,54.81799999999999,23.73588244900485
884,617.68,52.805,54.92,52.84780000000001,54.8188,23.746466149991374
885,617.7,52.86,54.93,52.8534,54.818400000000004,23.758016118983534
886,617.72,52.894999999999996,54.94,52.8592,54.8172,23.76403337425993
887,617.74,52.93,54.92,52.866800000000005,54.81399999999999,23.769083033120605
888,617.76,52.955,54.9,52.8758,54.8112,23.77966755555599
889,617.78,52.98,54.870000000000005,52.8868,54.80839999999999,23.790734787245995
890,617.8,52.974999999999994,54.84,52.89860000000001,54.809400000000004,23.807817597627224
891,617.82,52.97,54.825,52.909,54.814800000000005,23.82538447196317
892,617.84,52.86,54.81,52.9138,54.8164,23.83645122612156
893,617.86,52.75,54.83,52.912600000000005,54.815599999999996,23.8465527591409
894,617.88,52.79,54.85,52.9114,54.81660000000001,23.857620058600883
895,617.9,52.83,54.835,52.909,54.818000000000005,23.869651781060256
896,617.92,52.83,54.82,52.903800000000004,54.818400000000004,23.886735612415926
897,617.94,52.83,54.84,52.8954,54.8192,23.90285277023912
898,617.96,52.885,54.86,52.886,54.82320000000001,23.908386313476765
899,617.98,52.94,54.815,52.881,54.827799999999996,23.90886926294249
900,618.0,52.849999999999994,54.77,52.8746,54.830999999999996,23.919453439502597
901,618.02,52.76,54.80500000000001,52.86679999999999,54.836000000000006,23.935572845798802
902,618.04,52.825,54.84,52.8638,54.840599999999995,23.947121448358782
903,618.06,52.89,54.89,52.861799999999995,54.8454,23.96420422743887
904,618.08,52.9,54.94,52.858599999999996,54.8512,23.980804952418787
905,618.1,52.91,54.94,52.86,54.856,23.99235446021867
906,618.12,52.885,54.94,52.8646,54.861799999999995,24.009438016219125
907,618.14,52.86,54.935,52.868599999999994,54.8684,24.025555714726565
908,618.16,52.870000000000005,54.93,52.873400000000004,54.8718,24.036622898228092
909,618.18,52.88,54.945,52.8764,54.872800000000005,24.048655559754835
910,618.2,52.870000000000005,54.96,52.8768,54.873999999999995,24.059722396265325
911,618.22,52.86,55.0,52.8754,54.8764,24.069824737681248
912,618.24,52.825,55.04,52.8712,54.88120000000001,24.080411591138116
913,618.26,52.79,55.06,52.8646,54.8876,24.091479236357937
914,618.28,52.845,55.08,52.8592,54.896,24.103027009338454
915,618.3,52.9,55.004999999999995,52.85620000000001,54.9026,24.115057301451376
916,618.32,52.91,54.93,52.8538,54.9068,24.126607117471025
917,618.34,52.92,54.93,52.8562,54.9116,24.137191601576532
918,618.36,52.935,54.93,52.8636,54.915600000000005,24.1422438670416
919,618.38,52.95,54.980000000000004,52.87,54.9208,24.14825882861498
920,618.4,52.980000000000004,55.03,52.876000000000005,54.9286,24.165824596382297
921,618.42,53.01,55.055,52.883199999999995,54.938,24.18339320282357
922,618.44,52.965,55.08,52.8886,54.9476,24.195431582342007
923,618.46,52.92,55.099999999999994,52.89,54.95719999999999,24.206497716694102
924,618.48,52.935,55.12,52.889799999999994,54.96940000000001,24.216592938237834
925,618.5,52.95,55.09,52.8938,54.982200000000006,24.22669314195699
926,618.52,52.96,55.06,52.9018,54.992399999999996,24.237278809912016
927,618.54,52.97,55.010000000000005,52.9076,54.999199999999995,24.249309809362764
928,618.56,52.89,54.96,52.9076,55.001999999999995,24.266877334736407
929,618.58,52.81,54.99,52.904,55.004,24.282993708771553
930,618.6,52.91,55.02,52.903999999999996,55.00719999999999,24.2880446584517
931,618.62,53.01,55.025000000000006,52.909,55.010600000000004,24.294060678602527
932,618.64,53.015,55.03,52.915200000000006,55.014399999999995,24.305610899903378
933,618.66,53.02,55.120000000000005,52.9212,55.022000000000006,24.31619475106402
934,618.68,52.995000000000005,55.21,52.9258,55.032599999999995,24.327261859644647
935,618.7,52.97,55.254999999999995,52.92979999999999,55.0444,24.34531294913571
936,618.72,52.995000000000005,55.3,52.9352,55.056400000000004,24.357351005105098
937,618.74,53.02,55.275,52.943000000000005,55.065799999999996,24.36793115425465
938,618.76,53.015,55.25,52.952,55.0734,24.390064086461198
939,618.78,53.01,55.19,52.9586,55.077799999999996,24.40763542806693
940,618.8,53.035,55.13,52.964,55.0828,24.41967669092191
941,618.82,53.06,55.125,52.97,55.0906,24.430742470066853
942,618.84,53.085,55.12,52.9766,55.0982,24.43530095363144
943,618.86,53.11,55.095,52.9836,55.1048,24.44083409768349
944,618.88,53.015,55.07,52.9862,55.1084,24.45791986175692
945,618.9,52.92,55.125,52.9838,55.1122,24.474519132717365
946,618.92,52.975,55.18,52.9824,55.1172,24.480539084750927
947,618.94,53.03,55.19,52.985,55.1216,24.48607210492192
948,618.96,53.06,55.2,52.9906,55.125600000000006,24.496651672426633
949,618.98,53.09,55.2,52.9968,55.1288,24.508204294984434
950,619.0,53.13,55.2,53.004000000000005,55.133199999999995,24.514224550348175
951,619.02,53.17,55.24,53.0124,55.1404,24.52480356820652
952,619.04,53.19,55.28,53.0212,55.15120000000001,24.535384072932093
953,619.06,53.21,55.245000000000005,53.034000000000006,55.162600000000005,24.54140294974019
954,619.08,53.195,55.21,53.0494,55.171400000000006,24.55295566800801
955,619.1,53.18,55.21,53.0602,55.179,24.56353562257827
956,619.12,53.035,55.21,53.0612,55.186400000000006,24.574602031095246
957,619.14,52.89,55.18,53.0562,55.1924,24.586154236054035
958,619.16,52.975,55.15,53.054399999999994,55.193599999999996,24.597220522143918
959,619.18,53.06,55.165,53.05700000000001,55.1918,24.60877316460156
960,619.2,53.010000000000005,55.18,53.058600000000006,55.1888,24.61983932694097
961,619.22,52.96,55.28,53.0572,55.188,24.63546812854549
962,619.24,53.03,55.38,53.0576,55.19219999999999,24.657118270010344
963,619.26,53.1,55.405,53.06100000000001,55.1984,24.679735276702893
964,619.28,53.125,55.43,53.0656,55.208,24.685752517669457
965,619.3,53.15,55.425,53.07020000000001,55.21979999999999,24.685268733356736
966,619.32,53.105000000000004,55.42,53.07200000000001,55.2316,24.701869146318515
967,619.34,53.06,55.400000000000006,53.071000000000005,55.24280000000001,24.71943693700644
968,619.36,53.040000000000006,55.38,53.0682,55.2542,24.725941275191524
969,619.38,53.02,55.425,53.068400000000004,55.2684,24.737007504786746
970,619.4,53.015,55.47,53.0722,55.282199999999996,24.759140101753314
971,619.42,53.01,55.44,53.073600000000006,55.2926,24.78175880018196
972,619.44,53.105000000000004,55.41,53.076600000000006,55.3014,24.792339357264996
973,619.46,53.2,55.455,53.08219999999999,55.3116,24.79787261167685
974,619.48,53.155,55.5,53.0848,55.3236,24.809910877021053
975,619.5,53.11,55.585,53.083999999999996,55.339,24.82651012142844
976,619.52,53.135,55.67,53.0826,55.35620000000001,24.83612186162464
977,619.54,53.16,55.715,53.0814,55.373599999999996,24.846706142341468
978,619.56,53.08,55.76,53.0762,55.3942,24.869322756147493
979,619.58,53.0,55.775,53.068400000000004,55.4168,24.88544147394382
980,619.6,53.085,55.79,53.0646,55.44,24.890975143140555
981,619.62,53.17,55.695,53.07000000000001,55.459399999999995,24.908540112806666
982,619.64,53.225,55.6,53.083400000000005,55.4762,24.93115717264349
983,619.66,53.28,55.665,53.095600000000005,55.4968,24.94775752038723
984,619.68,53.230000000000004,55.73,53.102399999999996,55.519400000000005,24.959307925144174
985,619.7,53.18,55.81999999999999,53.1092,55.545,24.965325638489205
986,619.72,53.22,55.91,53.1196,55.57019999999999,24.975908132048385
987,619.74,53.26,55.974999999999994,53.1288,55.59400000000001,24.99755919915343
988,619.76,53.22,56.04,53.13360000000001,55.6194,25.02017584656012
989,619.78,53.18,56.075,53.135799999999996,55.6452,25.042792805102096
990,619.8,53.2,56.11,53.1378,55.672599999999996,25.053377123717574
991,619.82,53.22,56.129999999999995,53.142399999999995,55.701,25.058429189667443
992,619.84,53.185,56.15,53.1474,55.730999999999995,25.08104517528391
993,619.86,53.15,56.114999999999995,53.1518,55.7604,25.098127902337627
994,619.88,53.22,56.08,53.159800000000004,55.7866,25.10366147896256
995,619.9,53.29,56.15,53.1708,55.8138,25.120262267100436
996,619.92,53.415,56.22,53.187,55.845,25.13181161683795
997,619.94,53.54,56.175,53.20439999999999,55.87559999999999,25.143845399007866
998,619.96,53.465,56.13,53.215,55.9026,25.171512244076677
999,619.98,53.39,56.144999999999996,53.224399999999996,55.9284,25.192681145491658
1000,620.0,53.42,56.16,53.2368,55.95139999999999,25.203748484898846
1001,620.02,53.45,56.239999999999995,53.24940000000001,55.97419999999999,25.210246325055422
1002,620.04,53.455,56.32,53.2612,55.998400000000004,25.210246330516544
1003,620.06,53.46,56.34,53.2764,56.0216,25.220349588373203
1004,620.08,53.39,56.36,53.292,56.04499999999999,25.247538421609978
1005,620.1,53.32,56.455,53.3014,56.0716,25.28026360307852
1006,620.12,53.260000000000005,56.55,53.305,56.1058,25.307457201990246
1007,620.14,53.2,56.715,53.303999999999995,56.1504,25.330070500708672
1008,620.16,53.27,56.88,53.3036,56.199,25.352684113429856
1009,620.18,53.34,56.92,53.308,56.2466,25.369286438092853
1010,620.2,53.415000000000006,56.96,53.3174,56.292199999999994,25.375298044108174
1011,620.22,53.49,56.925,53.328199999999995,56.332800000000006,25.386844363074257
1012,620.24,53.575,56.89,53.3408,56.3694,25.397434267247355
1013,620.26,53.66,56.870000000000005,53.3584,56.4026,25.4135598046287
1014,620.28,53.629999999999995,56.85,53.376400000000004,56.4336,25.441707239133063
1015,620.3,53.6,56.870000000000005,53.392399999999995,56.464000000000006,25.464320767491312
1016,620.32,53.635000000000005,56.89,53.409,56.4944,25.481400567591052
1017,620.34,53.67,56.9,53.4284,56.52440000000001,25.49294684769081
1018,620.36,53.63,56.91,53.4476,56.5562,25.50353681014778
1019,620.38,53.59,57.035,53.462399999999995,56.59439999999999,25.52519662717797
1020,620.4,53.59,57.16,53.474399999999996,56.634800000000006,25.552867911734563
1021,620.42,53.59,57.215,53.4814,56.6746,25.575480810389664
1022,620.44,53.57,57.27,53.482600000000005,56.7184,25.59761780362013
1023,620.46,53.55,57.27,53.486,56.763999999999996,25.624340756560994
1024,620.48,53.599999999999994,57.27,53.494400000000006,56.809,25.640944398510072
1025,620.5,53.65,57.285,53.5036,56.854000000000006,25.658021314179045
1026,620.52,53.705,57.3,53.5138,56.8964,25.67509867049872
1027,620.54,53.76,57.305,53.526,56.9358,25.686642119888653
1028,620.56,53.75,57.31,53.537600000000005,56.9746,25.71383990897621
1029,620.58,53.74,57.31,53.55160000000001,57.0126,25.746103057001186
1030,620.6,53.755,57.31,53.568999999999996,57.046800000000005,25.767772027019067
1031,620.62,53.77,57.385000000000005,53.5894,57.080200000000005,25.784846703342257
1032,620.64,53.865,57.46,53.61600000000001,57.11,25.795916415458958
1033,620.66,53.96,57.59,53.6436,57.138400000000004,25.812051676821117
1034,620.68,53.995000000000005,57.72,53.669799999999995,57.1704,25.82912580311723
1035,620.7,54.03,57.78,53.6944,57.20320000000001,25.8462003721157
1036,620.72,54.019999999999996,57.84,53.7156,57.239799999999995,25.868810178346646
1037,620.74,54.01,57.88,53.733000000000004,57.2794,25.891420297444768
1038,620.76,54.015,57.92,53.74719999999999,57.3214,25.908496049931447
1039,620.78,54.02,57.96,53.7628,57.3658,25.925572240338692
1040,620.8,53.980000000000004,58.0,53.778,57.410999999999994,25.952773803783046
1041,620.82,53.94,58.0,53.790200000000006,57.4554,25.979977584712486
1042,620.84,53.955,58.0,53.8016,57.499399999999994,26.001648513599022
1043,620.86,53.97,58.025,53.8152,57.544000000000004,26.022854818047055
1044,620.88,54.004999999999995,58.05,53.8318,57.5846,26.04453089910154
1045,620.9,54.04,58.18,53.8498,57.6254,26.07774371624516
1046,620.92,54.045,58.31,53.868,57.669200000000004,26.105885459616847
1047,620.94,54.05,58.42,53.8872,57.7152,26.12342231784431
1048,620.96,54.114999999999995,58.53,53.909800000000004,57.765600000000006,26.145563551889754
1049,620.98,54.18,58.495000000000005,53.93299999999999,57.8146,26.167240046578094
1050,621.0,54.2,58.46,53.955,57.861599999999996,26.18431111232009
1051,621.02,54.22,58.525000000000006,53.97559999999999,57.9106,26.211988248553524
1052,621.04,54.144999999999996,58.59,53.99099999999999,57.961999999999996,26.2498107327622
1053,621.06,54.07,58.63,54.00379999999999,58.01480000000001,26.27702838043539
1054,621.08,54.129999999999995,58.67,54.0194,58.0692,26.293636031516073
1055,621.1,54.19,58.775000000000006,54.0368,58.12780000000001,26.315320236860728
1056,621.12,54.209999999999994,58.88,54.05440000000001,58.1876,26.34300053640691
1057,621.14,54.23,58.935,54.068999999999996,58.24660000000001,26.37713496856525
1058,621.16,54.16,58.99,54.077,58.302600000000005,26.410810548413362
1059,621.18,54.09,59.03,54.08079999999999,58.355,26.444026219827705
1060,621.2,54.125,59.07,54.084599999999995,58.4066,26.471706221491132
1061,621.22,54.16,59.075,54.090199999999996,58.456,26.488314344620303
1062,621.24,54.235,59.08,54.0992,58.504,26.499386478035866
1063,621.26,54.31,59.085,54.111000000000004,58.5506,26.515994749205024
1064,621.28,54.36,59.09,54.1246,58.5958,26.5492115529443
1065,621.3,54.41,59.22,54.1418,58.6446,26.587964938801903
1066,621.32,54.355,59.35,54.1584,58.698600000000006,26.616103298692927
1067,621.34,54.3,59.445,54.172200000000004,58.756400000000006,26.649320594217933
1068,621.36,54.33,59.54,54.1866,58.817,26.68253824165693
1069,621.38,54.36,59.644999999999996,54.2008,58.8808,26.710676265359837
1070,621.4,54.465,59.75,54.2178,58.943599999999996,26.737901768307268
1071,621.42,54.57,59.8,54.23879999999999,59.0032,26.75913913863867
1072,621.44,54.665,59.85,54.26339999999999,59.0604,26.780833321802756
1073,621.46,54.76,59.935,54.2892,59.1166,26.81405404997546
1074,621.48,54.695,60.02,54.3098,59.177600000000005,26.85326319027948
1075,621.5,54.63,60.010000000000005,54.327,59.2396,26.886935648972315
1076,621.52,54.59,60.0,54.341800000000006,59.29859999999999,26.920156340793827
1077,621.54,54.55,60.025,54.358000000000004,59.356,26.95846390059846
1078,621.56,54.545,60.05,54.37700000000001,59.4128,26.991237003508633
1079,621.58,54.54,60.125,54.3934,59.471000000000004,27.018922706439074
1080,621.6,54.644999999999996,60.2,54.4116,59.528,27.04062429242332
1081,621.62,54.75,60.325,54.4332,59.585800000000006,27.067865089665418
1082,621.64,54.739999999999995,60.45,54.45360000000001,59.64639999999999,27.101535064713875
1083,621.66,54.73,60.49,54.476400000000005,59.706399999999995,27.134759588946064
1084,621.68,54.739999999999995,60.53,54.50240000000001,59.766400000000004,27.16798444147066
1085,621.7,54.75,60.6,54.52740000000001,59.827600000000004,27.20120962073244
1086,621.72,54.785,60.67,54.5524,59.891400000000004,27.233549906033584
1087,621.74,54.82,60.785,54.57579999999999,59.9596,27.266776814878558
1088,621.76,54.84,60.9,54.597,60.0322,27.295349396651382
1089,621.78,54.86,60.91,54.617,60.105,27.323038060722446
1090,621.8,54.84,60.92,54.6342,60.173,27.35626475101653
1091,621.82,54.82,60.975,54.6528,60.238,27.389491761340533
1092,621.84,54.864999999999995,61.03,54.675399999999996,60.3014,27.427378044226163
1093,621.86,54.91,61.150000000000006,54.698600000000006,60.3658,27.46527081755985
1094,621.88,54.97,61.27,54.72299999999999,60.4308,27.49252732585154
1095,621.9,55.03,61.230000000000004,54.745599999999996,60.49,27.53129682194034
1096,621.92,55.095,61.19,54.7666,60.54560000000001,27.576039311540594
1097,621.94,55.16,61.315,54.7864,60.6042,27.609270528519257
1098,621.96,55.2,61.44,54.804,60.66440000000001,27.636098282169918
1099,621.98,55.24,61.53,54.8258,60.7248,27.663361459821
1100,622.0,55.22,61.62,54.8494,60.7892,27.697025345098677
1101,622.02,55.2,61.675,54.87379999999999,60.8562,27.735797638201767
1102,622.04,55.13,61.73,54.897,60.9244,27.774570340204317
1103,622.06,55.06,61.79,54.91759999999999,60.994,27.81931179371467
1104,622.08,55.13,61.85,54.9412,61.063,27.86362379572248
1105,622.1,55.2,61.975,54.9634,61.13399999999999,27.907508391263487
1106,622.12,55.165000000000006,62.1,54.98,61.205,27.94628288104019
1107,622.14,55.13,62.185,54.995599999999996,61.27440000000001,27.979518475518216
1108,622.16,55.269999999999996,62.27,55.017199999999995,61.345600000000005,28.011904339982607
1109,622.18,55.41,62.290000000000006,55.044,61.416,28.05068108374953
1110,622.2,55.44,62.31,55.0716,61.484399999999994,28.089458218742294
1111,622.22,55.47,62.35,55.099000000000004,61.5516,28.121852895622627
1112,622.24,55.36,62.39,55.1206,61.6158,28.160631913330956
1113,622.26,55.25,62.475,55.137,61.6788,28.204951260243476
1114,622.28,55.325,62.56,55.15560000000001,61.7448,28.24373109835445
1115,622.3,55.4,62.735,55.17799999999999,61.817400000000006,28.28251131664137
1116,622.32,55.495000000000005,62.91,55.205,61.8948,28.320458143872933
1117,622.34,55.59,62.925,55.233999999999995,61.9706,28.36436565664227
1118,622.36,55.635000000000005,62.94,55.263000000000005,62.0422,28.40356313010367
1119,622.38,55.68,63.0,55.2914,62.1114,28.44234604009214
1120,622.4,55.78,63.06,55.321400000000004,62.1846,28.486669817606643
1121,622.42,55.88,63.11,55.35280000000001,62.2614,28.52032650600417
1122,622.44,55.89,63.16,55.382,62.33519999999999,28.553569442538162
1123,622.46,55.9,63.239999999999995,55.41,62.407199999999996,28.597481357676035
1124,622.48,55.925,63.32,55.4374,62.4788,28.641806805875706
1125,622.5,55.95,63.405,55.4666,62.550200000000004,28.681003181908633
1126,622.52,56.005,63.49,55.4988,62.622800000000005,28.714247411761303
1127,622.54,56.06,63.56,55.536,62.696000000000005,28.752622487327944
1128,622.56,56.11,63.63,55.578,62.76960000000001,28.796540870923085
1129,622.58,56.16,63.67,55.6192,62.8424,28.840869054535762
1130,622.6,56.099999999999994,63.71,55.655199999999994,62.9118,28.884791096557024
1131,622.62,56.04,63.775000000000006,55.6902,62.9788,28.92831141428676
1132,622.64,56.114999999999995,63.84,55.7296,63.045,28.967101381613595
1133,622.66,56.19,63.91,55.766400000000004,63.110600000000005,29.017377742971114
1134,622.68,56.215,63.98,55.79859999999999,63.178200000000004,29.072390159189176
1135,622.7,56.24,63.989999999999995,55.8306,63.24540000000001,29.115922235743017
1136,622.72,56.25,64.0,55.861799999999995,63.31139999999999,29.14917309169708
1137,622.74,56.26,64.09,55.8978,63.379400000000004,29.177681445293455
1138,622.76,56.235,64.18,55.937200000000004,63.4476,29.222816631857647
1139,622.78,56.21,64.305,55.9726,63.517399999999995,29.278233121426897
1140,622.8,56.254999999999995,64.43,56.006800000000005,63.58519999999999,29.322566807680968
1141,622.82,56.3,64.575,56.038999999999994,63.6518,29.37244272511695
1142,622.84,56.445,64.72,56.07320000000001,63.723600000000005,29.41637892384929
1143,622.86,56.59,64.765,56.1114,63.7966,29.45477553593613
1144,622.88,56.675,64.81,56.151199999999996,63.86900000000001,29.492779491288108
1145,622.9,56.76,64.84,56.1904,63.940200000000004,29.53672422752684
1146,622.92,56.805,64.87,56.227399999999996,64.0106,29.592540969335992
1147,622.94,56.85,64.875,56.2658,64.0792,29.636880084130997
1148,622.96,56.845,64.88,56.303599999999996,64.1448,29.675677151260494
1149,622.98,56.84,64.93,56.3402,64.2092,29.720408887485576
1150,623.0,56.815,64.98,56.37479999999999,64.2722,29.764357347437638
1151,623.02,56.79,65.06,56.406200000000005,64.335,29.813850899518158
1152,623.04,56.78,65.14,56.435,64.3982,29.869667209409936
1153,623.06,56.77,65.25999999999999,56.461400000000005,64.46340000000001,29.925094373781707
1154,623.08,56.825,65.38,56.488,64.5318,29.969048797894484
1155,623.1,56.88,65.43,56.5192,64.6006,30.007462601650776
1156,623.12,56.94,65.48,56.555200000000006,64.6688,30.05142162969395
1157,623.14,57.0,65.5,56.5906,64.7352,30.10169424276887
1158,623.16,57.07,65.52,56.6258,64.7996,30.14680930599529
1159,623.18,57.14,65.63,56.662800000000004,64.8656,30.19669653274405
1160,623.2,57.144999999999996,65.74,56.699000000000005,64.93560000000001,30.252127367369347
1161,623.22,57.15,65.815,56.735,65.0082,30.29647247549084
1162,623.24,57.155,65.89,56.7708,65.0802,30.334891679215016
1163,623.26,57.16,65.93,56.8078,65.1502,30.384781400903258
1164,623.28,57.23,65.97,56.8486,65.2168,30.43505343810001
1165,623.3,57.3,66.055,56.8904,65.2818,30.479400140517086
1166,623.32,57.375,66.14,56.9334,65.3444,30.522986590092188
1167,623.34,57.45,66.225,56.9736,65.4046,30.5725002645627
1168,623.36,57.485,66.31,57.0094,65.46640000000001,30.616849803067794
1169,623.38,57.52,66.39500000000001,57.0432,65.5298,30.660823121455664
1170,623.4,57.515,66.48,57.0734,65.5954,30.715512287852643
1171,623.42,57.51,66.495,57.1016,65.6604,30.765035820670683
1172,623.44,57.595,66.51,57.131400000000006,65.7258,30.80421737953258
1173,623.46,57.68,66.59,57.16480000000001,65.7942,30.848570466050703
1174,623.48,57.685,66.67,57.1986,65.8638,30.904012328356274
1175,623.5,57.69,66.755,57.2336,65.9348,30.96499902153063
1176,623.52,57.730000000000004,66.84,57.27120000000001,66.006,31.01452782169414
1177,623.54,57.77,66.83,57.3108,66.0736,31.053338697235624
1178,623.56,57.77,66.82,57.3508,66.136,31.10360763481438
1179,623.58,57.77,66.905,57.3886,66.197,31.16496542605361
1180,623.6,57.865,66.99,57.428000000000004,66.2594,31.22040977424254
1181,623.62,57.96,67.08,57.4688,66.3234,31.26994248038939
1182,623.64,58.045,67.17,57.5106,66.3902,31.308388214917034
1183,623.66,58.13,67.22,57.553000000000004,66.45819999999999,31.35865638774321
1184,623.68,58.045,67.27,57.5892,66.5238,31.42038061777127
1185,623.7,57.96,67.38,57.62179999999999,66.58940000000001,31.476193638077735
1186,623.72,57.955,67.49,57.654,66.6564,31.53163970527846
1187,623.74,57.95,67.53999999999999,57.68580000000001,66.7224,31.586720751626746
1188,623.76,58.045,67.59,57.721199999999996,66.7888,31.641804386630447
1189,623.78,58.14,67.63,57.757600000000004,66.85520000000001,31.691345616917687
1190,623.8,58.21,67.67,57.794000000000004,66.9198,31.730160586904407
1191,623.82,58.28,67.7,57.830200000000005,66.9822,31.768975808831737
1192,623.84,58.3,67.73,57.864200000000004,67.0424,31.81888146312302
1193,623.86,58.32,67.83500000000001,57.897600000000004,67.10340000000001,31.88578355484397
1194,623.88,58.39,67.94,57.93240000000001,67.1652,31.94677989777637
1195,623.9,58.46,68.00999999999999,57.970200000000006,67.2264,31.99078187333177
1196,623.92,58.519999999999996,68.08,58.010600000000004,67.2898,32.02924058377492
1197,623.94,58.58,68.03999999999999,58.05,67.351,32.07879207713473
1198,623.96,58.625,68.0,58.087799999999994,67.4074,32.13979239743161
1199,623.98,58.67,68.10499999999999,58.1272,67.4648,32.19560332087988
1200,624.0,58.7,68.21,58.1676,67.523,32.24032331217346
1201,624.02,58.73,68.35499999999999,58.20759999999999,67.58359999999999,32.29613432008627
1202,624.04,58.739999999999995,68.5,58.246399999999994,67.6504,32.35713472671305
1203,624.06,58.75,68.565,58.285599999999995,67.72019999999999,32.401144194127056
1204,624.08,58.82,68.63,58.327600000000004,67.7892,32.45070142111918
1205,624.1,58.89,68.64,58.368599999999994,67.85520000000001,32.51135254136921
1206,624.12,59.015,68.65,58.4108,67.91799999999999,32.560914430834096
1207,624.14,59.14,68.735,58.4546,67.98060000000001,32.616374038490534
1208,624.16,59.175,68.82,58.4964,68.0446,32.666637770611686
1209,624.18,59.21,68.875,58.54299999999999,68.1088,32.7165516627617
1210,624.2,59.155,68.93,58.59080000000001,68.1708,32.783104104941096
1211,624.22,59.1,68.98500000000001,58.6366,68.2306,32.84411109611309
1212,624.24,59.129999999999995,69.04,58.68379999999999,68.2906,32.89367905648364
1213,624.26,59.16,69.09,58.7284,68.3506,32.93804892744018
1214,624.28,59.254999999999995,69.14,58.773,68.411,32.98831165496627
1215,624.3,59.35,69.25,58.818599999999996,68.4742,33.049320510547524
1216,624.32,59.455,69.36,58.86559999999999,68.5406,33.09334576061849
1217,624.34,59.56,69.435,58.916000000000004,68.6088,33.137716933344684
1218,624.36,59.595,69.51,58.967,68.6758,33.19872776020857
1219,624.38,59.63,69.505,59.0166,68.7384,33.259396420128134
1220,624.4,59.765,69.5,59.06879999999999,68.79799999999999,33.30931572181121
1221,624.42,59.9,69.555,59.123999999999995,68.857,33.359235378664586
1222,624.44,59.875,69.61,59.1758,68.91980000000001,33.409155388392115
1223,624.46,59.85,69.72,59.224799999999995,68.9886,33.45941640892502
1224,624.48,59.825,69.83,59.270999999999994,69.05760000000001,33.5259767575871
1225,624.5,59.8,69.83,59.315,69.1224,33.59219841784949
1226,624.52,59.765,69.83,59.3564,69.1814,33.64732890644234
1227,624.54,59.73,69.99000000000001,59.396,69.241,33.702798393612895
1228,624.56,59.834999999999994,70.15,59.439400000000006,69.3044,33.75272129386716
1229,624.58,59.94,70.17500000000001,59.4842,69.36619999999999,33.802308797138835
1230,624.6,60.055,70.2,59.5308,69.4286,33.852232869535634
1231,624.62,60.17,70.28999999999999,59.577,69.4942,33.91325163400946
1232,624.64,60.275000000000006,70.38,59.622400000000006,69.56,33.97427089634958
1233,624.66,60.38,70.38,59.67059999999999,69.6224,34.02419611672648
1234,624.68,60.46,70.38,59.720600000000005,69.68260000000001,34.073789332660105
1235,624.7,60.54,70.44,59.775999999999996,69.743,34.123715698301154
1236,624.72,60.595,70.5,59.8358,69.8036,34.16809496336208
1237,624.74,60.65,70.545,59.89660000000001,69.8638,34.22323924385272
1238,624.76,60.665,70.59,59.9568,69.9238,34.28426217619651
1239,624.78,60.68,70.725,60.01379999999999,69.9872,34.33973798498114
1240,624.8,60.625,70.86,60.0648,70.0516,34.3952141859237
1241,624.82,60.57,70.88499999999999,60.10940000000001,70.11259999999999,34.45656638617858
1242,624.84,60.69,70.91,60.15459999999999,70.1716,34.51759054903177
1243,624.86,60.81,70.97999999999999,60.20320000000001,70.2304,34.57274064622272
1244,624.88,60.870000000000005,71.05,60.2528,70.29220000000001,34.62234503711235
1245,624.9,60.93,71.15,60.2994,70.35820000000001,34.67782373348861
1246,624.92,60.96,71.25,60.341800000000006,70.426,34.733627409555275
1247,624.94,60.99,71.25999999999999,60.3864,70.492,34.78355843620496
1248,624.96,61.015,71.27,60.43299999999999,70.554,34.83871409522993
1249,624.98,61.04,71.36,60.4816,70.6152,34.89941995394857
1250,625.0,61.085,71.45,60.532999999999994,70.68,34.96044917187937
1251,625.02,61.13,71.53,60.5876,70.748,35.01625193957901
1252,625.04,61.18,71.61,60.6456,70.81280000000001,35.066185142437035
1253,625.06,61.23,71.625,60.70139999999999,70.87180000000001,35.12689475713184
1254,625.08,61.275,71.64,60.754799999999996,70.9304,35.193154958202015
1255,625.1,61.32,71.655,60.8054,70.98859999999999,35.24277231687081
1256,625.12,61.4,71.67,60.8546,71.0438,35.28161132617924
1257,625.14,61.48,71.72,60.9028,71.0974,35.33741287790458
1258,625.16,61.56,71.77,60.95,71.153,35.39321448699851
1259,625.18,61.64,71.86,60.9972,71.2122,35.449016151860974
1260,625.2,61.7,71.95,61.0436,71.2726,35.51004876081649
1261,625.22,61.76,72.025,61.0902,71.3336,35.56521701132504
1262,625.24,61.79,72.1,61.135799999999996,71.3958,35.62625097694735
1263,625.26,61.82,72.18,61.181999999999995,71.4594,35.69283396600164
1264,625.28,61.885000000000005,72.26,61.2302,71.5208,35.74800617136991
1265,625.3,61.95,72.315,61.28320000000001,71.57900000000001,35.79239577517559
1266,625.32,62.02,72.37,61.3412,71.6384,35.84233434133625
1267,625.34,62.09,72.44,61.397200000000005,71.6996,35.903058784491385
1268,625.36,62.115,72.51,61.4494,71.7608,35.95854725755769
1269,625.38,62.14,72.55000000000001,61.50020000000001,71.8208,36.019895912932505
1270,625.4,62.19,72.59,61.5506,71.8784,36.08124460504201
1271,625.42,62.24,72.605,61.601800000000004,71.93260000000001,36.13673319445102
1272,625.44,62.215,72.62,61.6508,71.987,36.197460925775175
1273,625.46,62.19,72.755,61.69780000000001,72.0464,36.258499684151644
1274,625.48,62.364999999999995,72.89,61.750800000000005,72.1076,36.30813230749725
1275,625.5,62.54,72.91,61.809000000000005,72.166,36.35746002705001
1276,625.52,62.54,72.93,61.8654,72.22200000000001,36.41850137759838
1277,625.54,62.54,72.98500000000001,61.919799999999995,72.277,36.47954311519218
1278,625.56,62.665,73.04,61.9772,72.33359999999999,36.52948664362903
1279,625.58,62.79,73.06,62.0378,72.3904,36.585284543235616
1280,625.6,62.82,73.08,62.09780000000001,72.4474,36.64663177592851
1281,625.62,62.85,73.17,62.1558,72.5074,36.702429793549335
1282,625.64,62.925,73.26,62.2136,72.569,36.7520684669676
1283,625.66,63.0,73.375,62.2712,72.6332,36.80140589746699
1284,625.68,62.95,73.49,62.3236,72.6984,36.85690054479431
1285,625.7,62.9,73.525,62.37160000000001,72.76140000000001,36.923494529316706
1286,625.72,62.974999999999994,73.56,62.4202,72.8228,36.98453940464608
1287,625.74,63.05,73.58,62.4706,72.882,37.04033611212242
1288,625.76,63.114999999999995,73.6,62.5224,72.9388,37.09613288884704
1289,625.78,63.18,73.65,62.5742,72.9944,37.146078710956374
1290,625.8,63.275,73.7,62.627199999999995,73.04979999999999,37.19602478008066
1291,625.82,63.37,73.745,62.6812,73.10480000000001,37.251821364510675
1292,625.84,63.334999999999994,73.79,62.731,73.1588,37.31871711881075
1293,625.86,63.3,73.83000000000001,62.778400000000005,73.2116,37.39116244386703
1294,625.88,63.41,73.87,62.8292,73.26440000000001,37.44635766014605
1295,625.9,63.52,73.94,62.8824,73.3184,37.49015658610544
1296,625.92,63.64,74.01,62.938399999999994,73.3746,37.54010432981874
1297,625.94,63.76,74.08500000000001,63.00019999999999,73.4332,37.606701692766315
1298,625.96,63.724999999999994,74.16,63.0616,73.48939999999999,37.67300283582858
1299,625.98,63.69,74.185,63.11459999999999,73.5412,37.72295184559464
1300,626.0,63.695,74.21,63.1608,73.5932,37.773196949046074
1301,626.02,63.7,74.245,63.20719999999999,73.64580000000001,37.83979578378723
1302,626.04,63.755,74.28,63.2558,73.69760000000001,37.906100214164255
1303,626.06,63.81,74.38499999999999,63.3016,73.7514,37.96160033558018
1304,626.08,63.905,74.49,63.346199999999996,73.80860000000001,38.01155068954998
1305,626.1,64.0,74.595,63.39339999999999,73.8692,38.06675842662292
1306,626.12,64.095,74.7,63.4432,73.9304,38.122259797463485
1307,626.14,64.19,74.74000000000001,63.4938,73.9896,38.18331162706519
1308,626.16,64.245,74.78,63.543600000000005,74.04580000000001,38.24436379340575
1309,626.18,64.3,74.745,63.5976,74.096,38.289348678631086
1310,626.2,64.41,74.71,63.657999999999994,74.1434,38.328784877435325
1311,626.22,64.52,74.78999999999999,63.71979999999999,74.1926,38.38428586279289
1312,626.24,64.55,74.87,63.7798,74.2442,38.45088741286967
1313,626.26,64.58,74.98,63.8384,74.2994,38.51778143050101
1314,626.28,64.655,75.09,63.8974,74.357,38.56744108645129
1315,626.3,64.73,75.1,63.955600000000004,74.413,38.60571170705884
1316,626.32,64.795,75.11,64.0126,74.4676,38.66121490908402
1317,626.34,64.86,75.175,64.0736,74.523,38.728108310905334
1318,626.36,64.925,75.24,64.1386,74.57939999999999,38.783901117867906
1319,626.38,64.99,75.315,64.20179999999999,74.6372,38.83969400198864
1320,626.4,64.965,75.39,64.2596,74.6952,38.90045822621789
1321,626.42,64.94,75.39,64.3116,74.7504,38.95538636647231
1322,626.44,65.03,75.39,64.3624,74.8026,39.00534075306273
1323,626.46,65.12,75.36500000000001,64.4182,74.85079999999999,39.06084587670885
1324,626.48,65.275,75.34,64.48160000000001,74.89699999999999,39.11606556236723
1325,626.5,65.43,75.465,64.55099999999999,74.94720000000001,39.17185690977782
1326,626.52,65.53,75.59,64.6242,75.001,39.21683344788919
1327,626.54,65.63,75.735,64.6992,75.0592,39.26123767305715
1328,626.56,65.655,75.88,64.773,75.119,39.321723454590895
1329,626.58,65.68,76.005,64.84400000000001,75.1796,39.38776458049668
1330,626.6,65.695,76.13,64.9118,75.241,39.44882307326085
1331,626.62,65.71,76.06,64.9764,75.2954,39.50489621523492
1332,626.64,65.8,75.99,65.0408,75.3454,39.55541984232119
1333,626.66,65.89,76.00999999999999,65.10660000000001,75.3946,39.60566006661128
1334,626.68,65.955,76.03,65.1728,75.446,39.66145104531857
1335,626.7,66.02,76.09,65.2372,75.5012,39.71695761014574
1336,626.72,66.02,76.15,65.2972,75.5556,39.77246442924976
1337,626.74,66.02,76.215,65.356,75.6094,39.83935656688754
1338,626.76,66.16499999999999,76.28,65.4194,75.6614,39.90013106972991
1339,626.78,66.31,76.33500000000001,65.48559999999999,75.7112,39.94980572649888
1340,626.8,66.30000000000001,76.39,65.5484,75.76280000000001,39.99976315490215
1341,626.82,66.29,76.52000000000001,65.6082,75.8192,40.0549907855494
1342,626.84,66.345,76.65,65.66760000000001,75.87819999999999,40.116050834274446
1343,626.86,66.4,76.695,65.7266,75.9364,40.18266213309855
1344,626.88,66.485,76.74,65.7864,75.99340000000001,40.23234183393294
1345,626.9,66.57,76.81,65.8506,76.0502,40.27147774490392
1346,626.92,66.6,76.88,65.917,76.10979999999999,40.321715799571884
1347,626.94,66.63,76.94,65.98100000000001,76.1718,40.377225702995666
1348,626.96,66.65,77.0,66.04220000000001,76.2372,40.444116673041144
1349,626.98,66.67,77.005,66.098,76.3038,40.5165586651283
1350,627.0,66.74000000000001,77.01,66.1504,76.3656,40.566796782189215
1351,627.02,66.81,77.01,66.20160000000001,76.42240000000001,40.6056536271922
1352,627.04,66.965,77.01,66.255,76.4734,40.655056132855044
1353,627.06,67.12,77.05000000000001,66.3136,76.5202,40.72139243689087
1354,627.08,67.25,77.09,66.37639999999999,76.5636,40.77718054285838
1355,627.1,67.38,77.155,66.4438,76.6046,40.8163153836858
1356,627.12,67.34,77.22,66.509,76.651,40.86655260605006
1357,627.14,67.3,77.305,66.569,76.7036,40.92761482196553
1358,627.16,67.305,77.39,66.62559999999999,76.75880000000001,40.98812537645277
1359,627.18,67.31,77.505,66.6798,76.81779999999999,41.04891431841923
1360,627.2,67.39,77.62,66.7346,76.879,41.099150315746684
1361,627.22,67.47,77.635,66.79260000000001,76.9384,41.14911183842265
1362,627.24,67.545,77.65,66.8536,76.9958,41.20462485803629
1363,627.26,67.62,77.72,66.9118,77.0534,41.260686411184736
1364,627.28,67.725,77.79,66.9684,77.1116,41.30537133772072
1365,627.3,67.83,77.825,67.0296,77.169,41.34978136004278
1366,627.32,67.845,77.86,67.0918,77.2226,41.41084537729629
1367,627.34,67.86,77.85499999999999,67.1524,77.27080000000001,41.47190967039374
1368,627.36,67.925,77.85,67.21340000000001,77.317,41.516320237110556
1369,627.38,67.99,77.85499999999999,67.2736,77.3616,41.56073094869337
1370,627.4,68.035,77.86,67.3322,77.4036,41.62206916875374
1371,627.42,68.08,77.96000000000001,67.39139999999999,77.4468,41.68313399991275
1372,627.44,68.22,78.06,67.455,77.4916,41.72700041272988
1373,627.46,68.36,78.15,67.5234,77.5376,41.77696356165826
1374,627.48,68.36500000000001,78.24,67.59120000000001,77.587,41.83302155137381
1375,627.5,68.37,78.32,67.6564,77.6394,41.888535868262224
1376,627.52,68.385,78.4,67.7194,77.695,41.949601871762724
1377,627.54,68.4,78.46000000000001,67.77680000000001,77.753,42.01093945931453
1378,627.56,68.44,78.52,67.8296,77.8118,42.06672566758573
1379,627.58,68.48,78.595,67.8788,77.87200000000001,42.12251196448685
1380,627.6,68.485,78.67,67.923,77.9326,42.18330641497876
1381,627.62,68.49,78.705,67.96900000000001,77.992,42.244102498806164
1382,627.64,68.565,78.74,68.01960000000001,78.0494,42.29433659062071
1383,627.66,68.64,78.68,68.07300000000001,78.101,42.34457080234657
1384,627.68,68.72,78.62,68.12939999999999,78.1456,42.40035663215031
1385,627.7,68.8,78.67,68.1858,78.1876,42.45614255074511
1386,627.72,68.845,78.72,68.2408,78.231,42.506106018597194
1387,627.74,68.89,78.825,68.2946,78.278,42.55579949110071
1388,627.76,69.00999999999999,78.93,68.3502,78.3264,42.60549435026936
1389,627.78,69.13,78.93,68.4064,78.372,42.655727929543204
1390,627.8,69.16499999999999,78.93,68.4598,78.4162,42.70596162870737
1391,627.82,69.2,79.03,68.514,78.46300000000001,42.75565705567467
1392,627.84,69.275,79.13,68.5706,78.514,42.805621875446235
1393,627.86,69.35,79.18,68.6276,78.5672,42.856124000750896
1394,627.88,69.405,79.23,68.6842,78.6222,42.911640159436224
1395,627.9,69.46,79.28999999999999,68.74119999999999,78.6794,42.97217249698851
1396,627.92,69.49,79.35,68.7976,78.735,43.027689787451486
1397,627.94,69.52,79.345,68.8496,78.7864,43.07792242265799
1398,627.96,69.63499999999999,79.34,68.9006,78.834,43.122603472757184
1399,627.98,69.75,79.49000000000001,68.956,78.884,43.17838805644261
1400,628.0,69.785,79.64,69.0126,78.9368,43.22808625466561
1401,628.02,69.82,79.62,69.07,78.9856,43.26668221728786
1402,628.04,69.82,79.6,69.12679999999999,79.0312,43.32801799662722
1403,628.06,69.82,79.66499999999999,69.182,79.077,43.395172269977714
1404,628.08,69.94999999999999,79.73,69.2408,79.1224,43.43985319339055
1405,628.1,70.08,79.745,69.3046,79.1654,43.484534270565646
1406,628.12,70.065,79.76,69.3676,79.2076,43.5403188737686
1407,628.14,70.05,79.80000000000001,69.42699999999999,79.25,43.595568733756586
1408,628.16,70.07499999999999,79.84,69.4844,79.2964,43.65082004332876
1409,628.18,70.1,79.855,69.5396,79.3458,43.70633812237867
1410,628.2,70.13,79.87,69.5928,79.3938,43.76212195594603
1411,628.22,70.16,80.005,69.6454,79.4452,43.82319192633531
1412,628.24,70.24,80.14,69.69939999999998,79.49780000000001,43.87818116099978
1413,628.26,70.32,80.27000000000001,69.75179999999999,79.5514,43.933437006511014
1414,628.28,70.36,80.4,69.80099999999999,79.6102,43.983667875877366
1415,628.3,70.4,80.36500000000001,69.8504,79.66760000000001,44.03442725279857
1416,628.32,70.445,80.33,69.9002,79.7196,44.096027823894815
1417,628.34,70.49,80.31,69.94879999999999,79.7668,44.15128127181059
1418,628.36,70.56,80.29,69.99719999999999,79.8112,44.189880361925766
1419,628.38,70.63,80.33500000000001,70.0462,79.8554,44.23429582067198
1420,628.4,70.675,80.38,70.09479999999999,79.899,44.29536727918298
1421,628.42,70.72,80.38,70.14399999999999,79.9402,44.350886992781916
1422,628.44,70.78999999999999,80.38,70.1948,79.98160000000001,44.40111774770339
1423,628.46,70.86,80.41,70.2438,80.0244,44.45690057522432
1424,628.48,70.93,80.44,70.291,80.0624,44.506605447719274
1425,628.5,71.0,80.50999999999999,70.33959999999999,80.0972,44.551021530297284
1426,628.52,71.035,80.58,70.3882,80.1356,44.60151476751
1427,628.54,71.07,80.61500000000001,70.4382,80.1762,44.65703456430938
1428,628.56,71.1,80.65,70.48939999999999,80.21560000000001,44.706478789132774
1429,628.58,71.13,80.685,70.53659999999999,80.2538,44.756447511634605
1430,628.6,71.25,80.72,70.5834,80.2928,44.80693897806205
1431,628.62,71.37,80.81,70.6356,80.3348,44.856907426694875
1432,628.64,71.39,80.9,70.6892,80.3788,44.90132395493296
1433,628.66,71.41,80.92500000000001,70.7426,80.4222,44.946263777915554
1434,628.68,71.465,80.95,70.7972,80.46600000000001,45.00204620087802
1435,628.7,71.52,80.91,70.8528,80.5076,45.057566404419674
1436,628.72,71.625,80.87,70.9114,80.54220000000001,45.101982705340156
1437,628.74,71.73,80.89500000000001,70.971,80.5724,45.146660923092135
1438,628.76,71.785,80.92,71.0296,80.5984,45.196891304823694
1439,628.78,71.84,81.0,71.0888,80.6224,45.252411528936896
1440,628.8,71.825,81.08,71.1458,80.65100000000001,45.302118451059954
1441,628.82,71.81,81.12,71.2004,80.68260000000001,45.34627451870699
1442,628.84,71.92,81.16,71.2576,80.7166,45.390951988587574
1443,628.86,72.03,81.08500000000001,71.3164,80.7484,45.43562961223154
1444,628.88,72.14500000000001,81.01,71.377,80.7754,45.48004642538432
1445,628.9,72.26,81.055,71.4404,80.80239999999999,45.53027615934416
1446,628.92,72.33000000000001,81.1,71.50479999999999,80.8312,45.58050601349955
1447,628.94,72.4,81.225,71.5692,80.865,45.630735988224515
1448,628.96,72.43,81.35,71.632,80.9026,45.68096608296882
1449,628.98,72.46,81.41499999999999,71.6932,80.9416,45.73093460069037
1450,629.0,72.495,81.48,71.753,80.9804,45.78064239734639
1451,629.02,72.53,81.435,71.8128,81.01460000000002,45.82479929105272
1452,629.04,72.6,81.39,71.87400000000001,81.04560000000001,45.86947646349565
1453,629.06,72.67,81.435,71.9368,81.077,45.920227695774265
1454,629.08,72.715,81.48,72.0002,81.1088,45.97045777591818
1455,629.1,72.76,81.45500000000001,72.06060000000001,81.13820000000001,46.01435246107192
1456,629.12,72.78999999999999,81.43,72.1174,81.163,46.0532174093695
1457,629.14,72.82,81.45,72.1746,81.185,46.09789475380296
1458,629.16,72.84,81.47,72.23179999999999,81.2068,46.14786395317793
1459,629.18,72.86,81.47999999999999,72.2876,81.22800000000001,46.19783330151683
1460,629.2,72.925,81.49,72.3438,81.2512,46.23669845249184
1461,629.22,72.99,81.54499999999999,72.3984,81.2782,46.27556369274163
1462,629.24,73.14,81.6,72.4548,81.3064,46.325533417661404
1463,629.26,73.29,81.655,72.515,81.3358,46.3757624160144
1464,629.28,73.325,81.71,72.57440000000001,81.3642,46.420179954333534
1465,629.3,73.36,81.76499999999999,72.6358,81.3916,46.464597608976966
1466,629.32,73.36,81.82,72.6978,81.4196,46.514826491791595
1467,629.34,73.36,81.905,72.7554,81.44940000000001,46.5647963576035
1468,629.36,73.435,81.99,72.8116,81.4856,46.603661910401556
1469,629.38,73.51,82.015,72.86619999999999,81.5258,46.653890677939
1470,629.4,73.57,82.04,72.9186,81.56519999999999,46.709671765737696
1471,629.42,73.63,82.025,72.9706,81.6022,46.75434857405422
1472,629.44,73.685,82.01,73.02199999999999,81.6336,46.79321390659785
1473,629.46,73.74,82.075,73.0744,81.6626,46.83182061044846
1474,629.48,73.75999999999999,82.14,73.12639999999999,81.6916,46.88204928139909
1475,629.5,73.78,82.125,73.17779999999999,81.7174,46.93227807247247
1476,629.52,73.83,82.11,73.22980000000001,81.7444,46.959522597635065
1477,629.54,73.88,82.035,73.28099999999999,81.7702,46.98173173717569
1478,629.56,73.965,81.96,73.33279999999999,81.7912,47.021372403033965
1479,629.58,74.05,81.965,73.3862,81.81060000000001,47.06579012871261
1480,629.6,74.17,81.97,73.4426,81.8312,47.10439746242015
1481,629.62,74.29,82.075,73.5026,81.857,47.149073671267665
1482,629.64,74.295,82.18,73.5616,81.8862,47.18819779901954
1483,629.66,74.3,82.22,73.62,81.9162,47.22151121995274
1484,629.68,74.36,82.26,73.68,81.9474,47.255083199913386
1485,629.7,74.42,82.315,73.7398,81.98039999999999,47.294207604842036
1486,629.72,74.42500000000001,82.37,73.7972,82.0134,47.34947123143344
1487,629.74,74.43,82.37,73.8488,82.0442,47.39969980095825
1488,629.76,74.445,82.37,73.895,82.0728,47.43327182917307
1489,629.78,74.46,82.36500000000001,73.9404,82.09899999999999,47.47213739857281
1490,629.8,74.535,82.36,73.9874,82.12280000000001,47.522366146949715
1491,629.82,74.61,82.35,74.0374,82.14399999999999,47.57233616122167
1492,629.84,74.675,82.34,74.09,82.1614,47.611460467770435
1493,629.86,74.74,82.39,74.1422,82.17739999999999,47.65032600828991
1494,629.88,74.765,82.44,74.19239999999999,82.1944,47.69448568439459
1495,629.9,74.79,82.43,74.2412,82.21,47.73360959802267
1496,629.92,74.975,82.42,74.295,82.22579999999999,47.76137088439398
1497,629.94,75.16,82.52000000000001,74.354,82.2462,47.789132213043985
1498,629.96,75.235,82.62,74.4138,82.26799999999999,47.822703880326344
1499,629.98,75.31,82.7,74.47579999999999,82.2904,47.861311868644165
1500,630.0,75.225,82.78,74.5336,82.3166,47.905473210272
1501,630.02,75.14,82.875,74.586,82.34719999999999,47.95595838633769
1502,630.04,75.18,82.97,74.638,82.3846,48.000892442639824
1503,630.06,75.22,82.91499999999999,74.68820000000001,82.42280000000001,48.033948040652575
1504,630.08,75.19,82.86,74.73379999999999,82.4586,48.0670045715874
1505,630.1,75.16,82.86500000000001,74.7734,82.4944,48.10612790932623
1506,630.12,75.28999999999999,82.87,74.8134,82.5262,48.145251428318
1507,630.14,75.42,82.84,74.8584,82.5526,48.189412732354135
1508,630.16,75.49000000000001,82.81,74.906,82.57620000000001,48.23357513182327
1509,630.18,75.56,82.81,74.954,82.59819999999999,48.26714558214204
1510,630.2,75.69,82.81,75.00479999999999,82.618,48.29490739561797
1511,630.22,75.82,82.86500000000001,75.0606,82.63780000000001,48.32796579846634
1512,630.24,75.85,82.92,75.1174,82.65979999999999,48.366577570286324
1513,630.26,75.88,82.965,75.17479999999999,82.68360000000001,48.416549664400385
1514,630.28,75.945,83.01,75.23419999999999,82.7094,48.45567158929812
1515,630.3,76.01,83.045,75.2932,82.7368,48.477626855621985
1516,630.32,76.02000000000001,83.08,75.3496,82.766,48.510687925914894
1517,630.34,76.03,83.095,75.4038,82.79619999999998,48.54980924806217
1518,630.36,76.045,83.11,75.45599999999999,82.825,48.589185208959265
1519,630.38,76.06,83.1,75.5078,82.8514,48.633604909633235
1520,630.4,76.2,83.09,75.5642,82.87780000000001,48.67196470195163
1521,630.42,76.34,83.13,75.61880000000001,82.90620000000001,48.70502713259185
1522,630.44,76.36500000000001,83.17,75.667,82.93220000000001,48.74389521505259
1523,630.46,76.39,83.21000000000001,75.7132,82.9558,48.788568379640466
1524,630.48,76.42,83.25,75.7576,82.9778,48.827689138250285
1525,630.5,76.45,83.28999999999999,75.8066,82.9982,48.86125754287799
1526,630.52,76.55000000000001,83.33,75.863,83.01639999999999,48.88902024948328
1527,630.54,76.65,83.33500000000001,75.9218,83.031,48.92183060919176
1528,630.56,76.765,83.34,75.9836,83.04799999999999,48.95439319915788
1529,630.58,76.88,83.39,76.05120000000001,83.0692,48.99301235878027
1530,630.6,76.82499999999999,83.44,76.1178,83.0922,49.04348680061849
1531,630.62,76.77,83.49000000000001,76.177,83.117,49.082355772215415
1532,630.64,76.8,83.54,76.2322,83.145,49.1101193719957
1533,630.66,76.83,83.505,76.2858,83.17280000000001,49.138133113612696
1534,630.68,76.88499999999999,83.47,76.3388,83.1992,49.17119943099002
1535,630.7,76.94,83.465,76.3888,83.22540000000001,49.210068657799724
1536,630.72,76.965,83.46,76.4346,83.2492,49.24363476678597
1537,630.74,76.99,83.43,76.4802,83.2696,49.28225457131185
1538,630.76,77.035,83.4,76.52640000000001,83.287,49.326428158557135
1539,630.78,77.08,83.49000000000001,76.5718,83.3062,49.35999354347352
1540,630.8,77.13,83.58,76.6166,83.3276,49.387757537497016
1541,630.82,77.18,83.65,76.663,83.35040000000001,49.420826211789304
1542,630.84,77.285,83.72,76.7132,83.37540000000001,49.44859043138535
1543,630.86,77.39,83.72999999999999,76.76700000000001,83.4002,49.48166018083627
1544,630.88,77.495,83.74,76.8244,83.4258,49.52028373933828
1545,630.9,77.6,83.69,76.8804,83.4498,49.54829490807114
1546,630.92,77.59,83.64,76.9304,83.4702,49.57605944292291
1547,630.94,77.58,83.63,76.979,83.4886,49.6088849734617
1548,630.96,77.58500000000001,83.62,77.02680000000001,83.505,49.64171320936855
1549,630.98,77.59,83.61500000000001,77.0736,83.51960000000001,49.66947842306245
1550,631.0,77.63,83.61,77.1208,83.5324,49.697487973654766
1551,631.02,77.67,83.695,77.1656,83.54699999999998,49.73611508764647
1552,631.04,77.75,83.78,77.2096,83.56479999999999,49.77474315277192
1553,631.06,77.83,83.86,77.2522,83.5856,49.81385813371753
1554,631.08,77.845,83.94,77.2908,83.6076,49.85272976615485
1555,631.1,77.86,83.845,77.3322,83.62380000000002,49.88000994452102
1556,631.12,77.89500000000001,83.75,77.37719999999999,83.6342,49.90198077681277
1557,631.14,77.93,83.805,77.4224,83.64479999999999,49.92950556474186
1558,631.16,78.01,83.86,77.4696,83.65899999999999,49.95703115254031
1559,631.18,78.09,83.89500000000001,77.5178,83.676,49.99083200189244
1560,631.2,78.14500000000001,83.93,77.566,83.69460000000001,50.024634237107534
1561,631.22,78.2,83.845,77.6154,83.71,50.04660531844229
1562,631.24,78.19,83.76,77.6634,83.72319999999999,50.07413036329881
1563,631.26,78.18,83.775,77.7092,83.73819999999999,50.10720947441708
1564,631.28,78.265,83.79,77.75659999999999,83.7502,50.134496938552324
1565,631.3,78.35,83.89,77.8054,83.7626,50.167816945754026
1566,631.32,78.35,83.99,77.8522,83.7762,50.201137004588595
1567,631.34,78.35,83.985,77.8948,83.7868,50.23398112872434
1568,631.36,78.465,83.98,77.9378,83.7968,50.26706450654918
1569,631.38,78.58,84.01,77.9812,83.80760000000001,50.289041788338736
1570,631.4,78.62,84.04,78.022,83.8216,50.31101979272852
1571,631.42,78.66,84.06,78.06479999999999,83.83840000000001,50.344340855941425
1572,631.44,78.695,84.08,78.10940000000001,83.8564,50.37742686300663
1573,631.46,78.73,84.11,78.15520000000001,83.876,50.41074818025863
1574,631.48,78.7,84.14,78.1996,83.897,50.444304341262274
1575,631.5,78.67,84.17,78.24119999999999,83.91940000000001,50.47739096184983
1576,631.52,78.69,84.2,78.28200000000001,83.93960000000001,50.51047843042184
1577,631.54,78.71,84.27000000000001,78.3204,83.9592,50.5440339395619
1578,631.56,78.775,84.34,78.3582,83.97840000000001,50.57758967675198
1579,631.58,78.84,84.30000000000001,78.398,83.9928,50.59956990383843
1580,631.6,78.935,84.26,78.441,84.0094,50.61067711550167
1581,631.62,79.03,84.305,78.4864,84.0316,50.633359876019064
1582,631.64,79.12,84.35,78.53399999999999,84.0534,50.666681259242885
1583,631.66,79.21,84.4,78.582,84.075,50.69398135577386
1584,631.68,79.16499999999999,84.45,78.625,84.09720000000002,50.721283945588205
1585,631.7,79.12,84.405,78.664,84.1162,50.75414276555179
1586,631.72,79.14,84.36,78.7016,84.13680000000001,50.78723447205714
1587,631.74,79.16,84.3,78.7404,84.1584,50.815003365802795
1588,631.76,79.27,84.24,78.78399999999999,84.177,50.831434635352615
1589,631.78,79.38,84.255,78.82860000000001,84.1956,50.8536498915809
1590,631.8,79.33,84.27,78.8678,84.2108,50.887432962533644
1591,631.82,79.28,84.315,78.905,84.22380000000001,50.9152018478281
1592,631.84,79.285,84.36,78.94239999999999,84.2388,50.93741698072858
1593,631.86,79.29,84.455,78.9754,84.2578,50.971201053391994
1594,631.88,79.415,84.55,79.00880000000001,84.27940000000001,51.01007728594455
1595,631.9,79.54,84.62,79.0456,84.3026,51.037385328683115
1596,631.92,79.525,84.69,79.0802,84.32780000000001,51.05358811446485
1597,631.94,79.51,84.695,79.1128,84.3524,51.07557507670679
1598,631.96,79.56,84.7,79.146,84.376,51.103344555671114
1599,631.98,79.61,84.62,79.1824,84.3952,51.13689619789996
1600,632.0,79.77000000000001,84.54,79.2264,84.41,51.164665623225524
1601,632.02,79.93,84.54,79.27600000000001,84.42360000000001,51.18109926672023
1602,632.04,79.945,84.54,79.3254,84.43440000000001,51.20308749780953
1603,632.06,79.96,84.56,79.37280000000001,84.44319999999999,51.22507642833672
1604,632.08,79.97,84.58,79.41799999999999,84.4544,51.241738363928384
1605,632.1,79.98,84.57499999999999,79.4598,84.46700000000001,51.263954294467055
1606,632.12,79.945,84.57,79.49640000000001,84.4776,51.29149814432836
1607,632.14,79.91,84.58,79.52799999999999,84.4868,51.31881774673442
1608,632.16,79.92,84.59,79.5564,84.49439999999998,51.35169391629002
1609,632.18,79.93,84.595,79.587,84.5002,51.37924126923861
1610,632.2,79.95500000000001,84.6,79.6204,84.508,51.39612696825131
1611,632.22,79.98,84.585,79.654,84.51700000000001,51.41856712972192
1612,632.24,80.065,84.57,79.6902,84.52780000000001,51.440783607703075
1613,632.26,80.15,84.60499999999999,79.7254,84.5424,51.462776691132646
1614,632.28,80.235,84.64,79.7596,84.55779999999999,51.48477046656357
1615,632.3,80.32,84.66,79.7992,84.5734,51.50720993660883
1616,632.32,80.365,84.68,79.8426,84.58800000000001,51.535203853530625
1617,632.34,80.41,84.73500000000001,79.8876,84.603,51.5627515996579
1618,632.36,80.44999999999999,84.79,79.934,84.6164,51.578969743289846
1619,632.38,80.49,84.795,79.977,84.62620000000001,51.59541102129263
1620,632.4,80.5,84.8,80.0154,84.6334,51.617849341322916
1621,632.42,80.51,84.805,80.0548,84.63799999999999,51.645842181131414
1622,632.44,80.63,84.81,80.0996,84.6426,51.66783747915111
1623,632.46,80.75,84.805,80.1472,84.6468,51.68427919471316
1624,632.48,80.66499999999999,84.8,80.18939999999999,84.654,51.71205055952425
1625,632.5,80.58,84.815,80.22179999999999,84.665,51.739601649193695
1626,632.52,80.62,84.83,80.2494,84.6766,51.76137989246158
1627,632.54,80.66,84.775,80.27799999999999,84.686,51.783160439022694
1628,632.56,80.705,84.72,80.3078,84.69239999999999,51.810932496716994
1629,632.58,80.75,84.8,80.339,84.70120000000001,51.839141007645246
1630,632.6,80.805,84.88,80.37200000000001,84.71340000000001,51.85580413487969
1631,632.62,80.86,84.96000000000001,80.40859999999999,84.729,51.87758555492398
1632,632.64,80.88,85.04,80.4474,84.7474,51.89958603531481
1633,632.66,80.9,85.01,80.4866,84.7642,51.916466581607935
1634,632.68,80.97,84.98,80.5282,84.77959999999999,51.938901890137416
1635,632.7,81.04,84.975,80.5716,84.7946,51.961119569801305
1636,632.72,81.1,84.97,80.6164,84.81,51.97778284230667
1637,632.74,81.16,85.0,80.66019999999999,84.8272,51.99444612488482
1638,632.76,81.19,85.03,80.7018,84.8442,52.01089216586103
1639,632.78,81.22,85.035,80.74119999999999,84.86,52.027338830576326
1640,632.8,81.27,85.04,80.7792,84.8752,52.049773383251555
1641,632.82,81.32,85.035,80.81739999999999,84.88940000000001,52.07754571395279
1642,632.84,81.13499999999999,85.03,80.84639999999999,84.90119999999999,52.11642702211363
1643,632.86,80.95,85.025,80.8664,84.91059999999999,52.149753902402
1644,632.88,81.05000000000001,85.02,80.8888,84.91959999999999,52.16598557040446
1645,632.9,81.15,85.065,80.9148,84.9302,52.18264917586448
1646,632.92,81.24000000000001,85.11,80.944,84.94239999999999,52.199528311207004
1647,632.94,81.33,85.14,80.972,84.95559999999999,52.22730090795286
1648,632.96,81.42,85.17,80.9988,84.9702,52.24374914429973
1649,632.98,81.51,85.21000000000001,81.0326,84.9866,52.24908885542149
1650,633.0,81.53,85.25,81.0706,85.00399999999999,52.26596735125115
1651,633.02,81.55,85.22999999999999,81.1078,85.02,52.28284619259921
1652,633.04,81.565,85.21,81.14399999999999,85.03739999999999,52.31040381056116
1653,633.06,81.58,85.13,81.179,85.05380000000001,52.34351674614702
1654,633.08,81.675,85.05,81.216,85.06380000000001,52.35441199628984
1655,633.1,81.77,85.14,81.2546,85.0742,52.359753174310114
1656,633.12,81.75999999999999,85.23,81.2906,85.085,52.37641709970153
1657,633.14,81.75,85.26,81.32539999999999,85.09379999999999,52.39286820012071
1658,633.16,81.795,85.29,81.3612,85.105,52.40910809366312
1659,633.18,81.84,85.315,81.396,85.11840000000001,52.43090491581558
1660,633.2,81.875,85.34,81.4294,85.13300000000001,52.45312398844089
1661,633.22,81.91,85.295,81.4618,85.146,52.47021004596598
1662,633.24,81.935,85.25,81.4928,85.156,52.48729772815453
1663,633.26,81.96,85.315,81.5236,85.1674,52.515283515633676
1664,633.28,81.96,85.38,81.5532,85.1812,52.54284465160441
1665,633.3,81.96,85.365,81.5808,85.1942,52.55929706100054
1666,633.32,81.945,85.35,81.6058,85.2068,52.57061815666692
1667,633.34,81.93,85.38,81.6376,85.2208,52.587494318847476
1668,633.36,81.94,85.41,81.6772,85.2362,52.60971306304441
1669,633.38,81.95,85.44999999999999,81.7132,85.2534,52.62616524256099
1670,633.4,82.02000000000001,85.49,81.748,85.27040000000001,52.642407150060905
1671,633.42,82.09,85.455,81.782,85.2842,52.66462620482686
1672,633.44,82.1,85.42,81.8128,85.29540000000001,52.68171243473716
1673,633.46,82.11,85.43,81.8404,85.3058,52.704142919621766
1674,633.48,82.185,85.44,81.8674,85.315,52.73212839841319
1675,633.5,82.26,85.43,81.89659999999999,85.3222,52.74879247238535
1676,633.52,82.26,85.42,81.925,85.32979999999999,52.76503342124345
1677,633.54,82.26,85.46000000000001,81.95280000000001,85.3398,52.781486848804136
1678,633.56,82.28,85.5,81.9808,85.35459999999999,52.78683130953263
1679,633.58,82.3,85.535,82.0058,85.374,52.797731094714294
1680,633.6,82.44,85.57,82.0326,85.39120000000001,52.808631440250004
1681,633.62,82.58,85.57,82.0654,85.40480000000001,52.8195323463932
1682,633.64,82.625,85.57,82.1004,85.4172,52.83640564169373
1683,633.66,82.67,85.535,82.1354,85.427,52.858834104608384
1684,633.68,82.62,85.5,82.1666,85.43439999999998,52.88660823834205
1685,633.7,82.57,85.53,82.19439999999999,85.442,52.903063821500034
1686,633.72,82.53,85.56,82.2192,85.4526,52.91972839053258
1687,633.74,82.49,85.535,82.24140000000001,85.46400000000001,52.9423658102324
1688,633.76,82.53999999999999,85.51,82.26460000000002,85.4718,52.959449984284255
1689,633.78,82.59,85.555,82.2898,85.47879999999999,52.98187957039379
1690,633.8,82.69,85.6,82.319,85.48819999999999,53.00430946254763
1691,633.82,82.79,85.57,82.3528,85.49699999999999,53.01541894809646
1692,633.84,82.745,85.54,82.3854,85.5034,53.02055259861349
1693,633.86,82.7,85.57,82.4158,85.5098,53.026107390437936
1694,633.88,82.735,85.6,82.44720000000001,85.5158,53.03742722151832
1695,633.9,82.77,85.63499999999999,82.4772,85.52159999999999,53.05388135265078
1696,633.92,82.78999999999999,85.67,82.5052,85.53019999999998,53.06457206482846
1697,633.94,82.81,85.7,82.5336,85.5414,53.07568174979409
1698,633.96,82.78999999999999,85.73,82.5608,85.5534,53.098319746530365
1699,633.98,82.77,85.75,82.5842,85.5658,53.126303671015165
1700,634.0,82.87,85.77,82.60860000000001,85.5794,53.14873309790662
1701,634.02,82.97,85.705,82.637,85.5908,53.16005333384111
1702,634.04,83.035,85.64,82.66799999999999,85.598,53.15984264236445
1703,634.06,83.1,85.60499999999999,82.7008,85.6022,53.17074200022975
1704,634.08,83.15,85.57,82.73479999999999,85.6036,53.19830637178967
1705,634.1,83.2,85.705,82.76520000000001,85.609,53.22031660551078
1706,634.12,83.205,85.84,82.7902,85.6198,53.226080495225595
1707,634.14,83.21,85.83,82.8136,85.6302,53.23184480583529
1708,634.16,83.16,85.82,82.83319999999999,85.6416,53.24871910813988
1709,634.18,83.11,85.715,82.85279999999999,85.6502,53.259828686431234
1710,634.2,83.15,85.61,82.876,85.6534,53.26538347853155
1711,634.22,83.19,85.63,82.9024,85.65620000000001,53.2824687427567
1712,634.24,83.22,85.65,82.9316,85.66079999999998,53.30511031604463
1713,634.26,83.25,85.69,82.96,85.66799999999999,53.32177444976303
1714,634.28,83.275,85.73,82.9874,85.675,53.33288387904587
1715,634.3,83.3,85.795,83.01180000000001,85.68279999999999,53.349972096488386
1716,634.32,83.34,85.86,83.03380000000001,85.6944,53.37240343971005
1717,634.34,83.38,85.88499999999999,83.0592,85.70819999999999,53.38906741292118
1718,634.36,83.425,85.91,83.0882,85.7218,53.39440952389044
1719,634.38,83.47,85.845,83.1176,85.7316,53.39440952754226
1720,634.4,83.50999999999999,85.78,83.1472,85.7374,53.39440953078672
1721,634.42,83.55,85.765,83.1776,85.7412,53.39954054567109
1722,634.44,83.53999999999999,85.75,83.2068,85.7432,53.410438906460385
1723,634.46,83.53,85.77000000000001,83.23639999999999,85.7448,53.42731419796228
1724,634.48,83.61500000000001,85.79,83.2702,85.7464,53.43863511684112
1725,634.5,83.7,85.84,83.3034,85.7492,53.4384236706371
1726,634.52,83.735,85.89,83.334,85.75659999999999,53.44397840793857
1727,634.54,83.77,85.86,83.3634,85.76540000000001,53.45551111397477
1728,634.56,83.83,85.83,83.3926,85.7744,53.46127809783788
1729,634.58,83.89,85.795,83.42219999999999,85.7834,53.472387447005886
1730,634.6,83.86500000000001,85.76,83.44879999999999,85.78559999999999,53.48883930081308
1731,634.62,83.84,85.875,83.4742,85.78699999999999,53.49952582592459
1732,634.64,83.92500000000001,85.99,83.50280000000001,85.7934,53.505080575061754
1733,634.66,84.01,85.97,83.5368,85.7994,53.5110581164507
1734,634.68,84.02000000000001,85.95,83.5732,85.8088,53.51661282381122
1735,634.7,84.03,85.92500000000001,83.6084,85.8214,53.52772223884281
1736,634.72,84.08,85.9,83.64399999999999,85.8322,53.539256075907254
1737,634.74,84.13,85.825,83.6804,85.83920000000002,53.53946898057072
1738,634.76,84.19,85.75,83.71799999999999,85.8416,53.53946898455925
1739,634.78,84.25,85.655,83.757,85.8386,53.544810751792056
1740,634.8,84.16,85.56,83.7914,85.8292,53.561262404378844
1741,634.82,84.07,85.695,83.8206,85.82260000000001,53.57771466107587
1742,634.84,84.125,85.83,83.8504,85.8204,53.58326938097289
1743,634.86,84.18,85.785,83.8806,85.8154,53.58924812450984
1744,634.88,84.215,85.74,83.91040000000001,85.81120000000001,53.595228625691476
1745,634.9,84.25,85.82499999999999,83.94,85.81299999999999,53.6067654716475
1746,634.92,84.235,85.91,83.9674,85.8188,53.61808909063371
1747,634.94,84.22,85.99,83.9946,85.8284,53.62342924968083
1748,634.96,84.275,86.07,84.0244,85.8404,53.62855644501267
1749,634.98,84.33,86.05,84.05300000000001,85.85079999999999,53.63411108644167
1750,635.0,84.465,86.03,84.0836,85.8584,53.63453844702667
1751,635.02,84.6,85.96000000000001,84.1182,85.86120000000001,53.63475282051731
1752,635.04,84.645,85.89,84.1532,85.8624,53.640093048900624
1753,635.06,84.69,85.89,84.1876,85.8648,53.645647648230714
1754,635.08,84.63499999999999,85.89,84.2174,85.86859999999999,53.651631315197584
1755,635.1,84.58,85.9,84.24600000000001,85.8742,53.657185872220246
1756,635.12,84.61,85.91,84.27680000000001,85.87560000000002,53.66252571165668
1757,635.14,84.64,85.99,84.3054,85.87559999999999,53.67384954632893
1758,635.16,84.625,86.07,84.33,85.87960000000001,53.6853893076356
1759,635.18,84.61,86.115,84.3536,85.88619999999999,53.69115981494821
1760,635.2,84.65,86.16,84.3784,85.8956,53.690943830252934
1761,635.22,84.69,86.125,84.40279999999998,85.90459999999999,53.696498350435576
1762,635.24,84.725,86.09,84.4266,85.9152,53.70760739035647
1763,635.26,84.76,85.97,84.44940000000001,85.92400000000002,53.707176930784456
1764,635.28,84.86500000000001,85.85,84.47399999999999,85.93180000000001,53.69606780968696
1765,635.3,84.97,85.895,84.5064,85.9452,53.690943849151985
1766,635.32,84.97999999999999,85.94,84.5428,85.955,53.69693076207109
1767,635.34,84.99,85.96000000000001,84.5774,85.9602,53.70847385572687
1768,635.36,84.965,85.98,84.60879999999999,85.96800000000002,53.71402828921074
1769,635.38,84.94,85.99000000000001,84.63780000000001,85.978,53.713811013949595
1770,635.4,84.96000000000001,86.0,84.6662,85.985,53.71958272783432
1771,635.42,84.98,86.015,84.696,85.9892,53.725573012434424
1772,635.44,85.03999999999999,86.03,84.7288,85.9908,53.731565046597076
1773,635.46,85.1,86.045,84.76180000000001,85.9898,53.737119394511225
1774,635.48,85.1,86.06,84.79260000000001,85.9902,53.736463692584124
1775,635.5,85.1,86.015,84.818,85.9896,53.73624604737806
1776,635.52,85.19999999999999,85.97,84.84200000000001,85.99,53.731127419997634
1777,635.54,85.3,85.965,84.8682,85.993,53.72557303573907
1778,635.56,85.285,85.96,84.892,85.9958,53.72513719107333
1779,635.58,85.27,85.93,84.9174,85.99740000000001,53.72491996052134
1780,635.6,85.32,85.9,84.947,85.9974,53.730474419991864
1781,635.62,85.37,85.95500000000001,84.9774,85.9992,53.7362460699628
1782,635.64,85.39,86.01,85.0074,86.0,53.7311274428354
1783,635.66,85.41,86.095,85.0388,86.001,53.731565089268116
1784,635.68,85.485,86.18,85.07379999999999,86.0036,53.73711943757656
1785,635.7,85.56,86.15,85.1102,86.00320000000002,53.7311274548571
1786,635.72,85.565,86.12,85.1452,86.00300000000001,53.72001868353618
1787,635.74,85.57,86.125,85.179,86.0044,53.72045642019138
1788,635.76,85.53,86.13,85.2098,86.0108,53.725791692116275
1789,635.78,85.49,86.015,85.23479999999999,86.0174,53.7253549277787
1790,635.8,85.555,85.9,85.2582,86.0176,53.725354931581776
1791,635.82,85.62,85.965,85.28379999999999,86.0186,53.72513724140982
1792,635.84,85.635,86.03,85.30959999999999,86.0214,53.73047446628611
1793,635.86,85.65,86.075,85.337,86.0252,53.741800552336024
1794,635.88,85.665,86.12,85.366,86.03040000000001,53.736463769918075
1795,635.9,85.68,86.105,85.39479999999999,86.03460000000001,53.7251372565148
1796,635.92,85.745,86.09,85.4254,86.0376,53.73047448173267
1797,635.94,85.81,86.065,85.45620000000001,86.039,53.73624613231124
1798,635.96,85.785,86.04,85.48360000000001,86.0388,53.736463785051086
1799,635.98,85.76,85.99000000000001,85.51,86.036,53.736246139751444
1800,636.0,85.765,85.94,85.53659999999999,86.03300000000002,53.730257744320916
1801,636.02,85.77,86.00999999999999,85.55940000000001,86.0346,53.72470327038276
1802,636.04,85.81,86.08,85.57979999999999,86.0392,53.72513728411709
1803,636.06,85.85,86.1,85.6024,86.04480000000001,53.73090939290466
1804,636.08,85.91999999999999,86.12,85.6284,86.05239999999999,53.72557314022112
1805,636.1,85.99,86.07,85.65519999999998,86.0592,53.71446437082501
1806,636.12,86.06,86.02,85.68279999999999,86.0618,53.71424617546346
1807,636.14,86.13,86.025,85.7124,86.0624,53.71446437928292
1808,636.16,86.15,86.03,85.742,86.0598,53.70912868023681
1809,636.18,86.17,86.005,85.7694,86.0528,53.70335561785001
1810,636.2,86.215,85.98,85.79560000000001,86.046,53.692028567389805
1811,636.22,86.26,86.0,85.8234,86.0412,53.68070189121831
1812,636.24,86.23,86.02,85.8498,86.037,53.68048448066293
1813,636.26,86.2,86.065,85.8766,86.03439999999999,53.680701899262445
1814,636.28,86.16,86.11,85.9034,86.0382,53.67536537734615
1815,636.3,86.12,86.1,85.926,86.04619999999998,53.67536538130865
1816,636.32,86.17500000000001,86.09,85.94820000000001,86.0512,53.68070191083272
1817,636.34,86.23,86.16499999999999,85.97200000000001,86.0566,53.685822015060495
1818,636.36,86.2,86.24,85.994,86.06320000000001,53.69116003979245
1819,636.38,86.17,86.195,86.0142,86.0662,53.6913764931317
1820,636.4,86.215,86.15,86.03560000000002,86.068,53.68625635037416
1821,636.42,86.26,86.17500000000001,86.0562,86.07140000000001,53.680701929851246
1822,636.44,86.28,86.2,86.075,86.0768,53.66937562799482
1823,636.46,86.3,86.16499999999999,86.09559999999999,86.0818,53.65804970131044
1824,636.48,86.42,86.13,86.12200000000001,86.0874,53.646724149681916
1825,636.5,86.54,86.115,86.15299999999999,86.0944,53.6413863208564
1826,636.52,86.6,86.1,86.18619999999999,86.09800000000001,53.635831863398735
1827,636.54,86.66,86.09,86.2202,86.0984,53.624289973036134
1828,636.56,86.64,86.08,86.2518,86.09759999999999,53.62407417953876
1829,636.58,86.62,86.08500000000001,86.2798,86.0962,53.6242899806051
1830,636.6,86.67500000000001,86.09,86.30720000000001,86.09700000000001,53.61339728373471
1831,636.62,86.73,86.14,86.33400000000002,86.10179999999998,53.607626484413984
1832,636.64,86.73,86.19,86.358,86.1084,53.61296514612657
1833,636.66,86.73,86.13499999999999,86.3812,86.1126,53.61296515024902
1834,636.68,86.75,86.08,86.40440000000001,86.1156,53.60185611048452
1835,636.7,86.77,86.07499999999999,86.4266,86.11939999999998,53.59053160371686
1836,636.72,86.695,86.07,86.444,86.12219999999999,53.58476203495282
1837,636.74,86.62,86.07499999999999,86.45960000000001,86.12439999999998,53.578992884185304
1838,636.76,86.62,86.08,86.47640000000001,86.125,53.56766954690472
1839,636.78,86.62,86.12,86.4948,86.12540000000001,53.56232914651048
1840,636.8,86.70500000000001,86.16,86.5182,86.12780000000001,53.56788373112689
1841,636.82,86.79,86.185,86.54279999999999,86.13159999999999,53.567669558413705
1842,636.84,86.88,86.21,86.5688,86.1334,53.55677457849387
1843,636.86,86.97,86.21,86.59960000000001,86.1322,53.5514347079892
1844,636.88,86.935,86.21,86.6302,86.1328,53.54588015671492
1845,636.9,86.9,86.21,86.6576,86.1352,53.52900170771622
1846,636.92,86.95,86.21,86.68520000000001,86.1366,53.51212359678795
1847,636.94,87.0,86.215,86.714,86.13719999999999,53.5121235998794
1848,636.96,87.0,86.22,86.742,86.13940000000001,53.51190966657372
1849,636.98,87.0,86.205,86.76520000000001,86.1424,53.500586922938226
1850,637.0,87.035,86.19,86.785,86.14540000000001,53.48969122279162
1851,637.02,87.07,86.21000000000001,86.80380000000001,86.1498,53.48413661652138
1852,637.04,87.07,86.23,86.8202,86.15540000000001,53.489477666144836
1853,637.06,87.07,86.225,86.8374,86.16120000000001,53.48392303764793
1854,637.08,87.11,86.22,86.85700000000001,86.1666,53.467045960292886
1855,637.1,87.15,86.25,86.876,86.17299999999999,53.466833234978914
1856,637.12,87.12,86.28,86.8916,86.1786,53.46683323901412
1857,637.14,87.09,86.13499999999999,86.906,86.1764,53.449956895354056
1858,637.16,87.005,85.99,86.91699999999999,86.1706,53.44440220785767
1859,637.18,86.92,86.00999999999999,86.92379999999999,86.16779999999999,53.44461456681165
1860,637.2,86.92500000000001,86.03,86.93,86.166,53.43884752514676
1861,637.22,86.93,86.08500000000001,86.9394,86.1666,53.433080903464464
1862,637.24,87.0,86.14,86.95459999999999,86.1692,53.42218346862003
1863,637.26,87.07,86.17,86.9726,86.17280000000001,53.41684125115116
1864,637.28,87.11,86.2,86.99220000000001,86.17599999999999,53.41128659222352
1865,637.3,87.15,86.275,87.01,86.1806,53.399964741568624
1866,637.32,87.23,86.35,87.0276,86.18719999999999,53.38864326986633
1867,637.34,87.31,86.265,87.0448,86.1894,53.382876899190855
1868,637.36,87.36500000000001,86.18,87.0606,86.1882,53.37711094867563
1869,637.38,87.42,86.14500000000001,87.08,86.1856,53.36600146633218
1870,637.4,87.38499999999999,86.11,87.09939999999999,86.1816,53.349337247833326
1871,637.42,87.35,86.14,87.11540000000001,86.1788,53.3380168539596
1872,637.44,87.33,86.17,87.1286,86.177,53.332041600220485
1873,637.46,87.31,86.14,87.141,86.17379999999999,53.320932002911505
1874,637.48,87.36,86.11,87.15540000000001,86.17,53.3102430839568
1875,637.5,87.41,86.075,87.17040000000001,86.16539999999999,53.2993446582592
1876,637.52,87.4,86.04,87.18360000000001,86.15859999999999,53.28823520481037
1877,637.54,87.39,86.105,87.1964,86.15359999999998,53.28246933938887
1878,637.56,87.435,86.17,87.211,86.1514,53.27670389497502
1879,637.58,87.48,86.22,87.22579999999999,86.15140000000001,53.26559436188798
1880,637.6,87.53,86.27,87.241,86.15220000000001,53.254695621195665
1881,637.62,87.58,86.235,87.2594,86.15039999999999,53.24935215720925
1882,637.64,87.625,86.2,87.2808,86.153,53.23824272267343
1883,637.66,87.67,86.15,87.30740000000002,86.1594,53.21581245556842
1884,637.68,87.685,86.1,87.33800000000001,86.16300000000001,53.19893724759279
1885,637.7,87.7,86.11,87.369,86.1662,53.19872670694052
1886,637.72,87.725,86.12,87.4008,86.16760000000001,53.19872671093496
1887,637.74,87.75,86.125,87.4308,86.167,53.18803880403966
1888,637.76,87.72,86.13,87.4568,86.1654,53.177352936220856
1889,637.78,87.69,86.16999999999999,87.48,86.1642,53.16068889212532
1890,637.8,87.65,86.21,87.5,86.16159999999999,53.13825799821105
1891,637.82,87.61,86.18,87.51520000000001,86.15480000000001,53.132491565670975
1892,637.84,87.58500000000001,86.15,87.5262,86.15019999999998,53.137835038108705
1893,637.86,87.56,86.155,87.53399999999999,86.14920000000001,53.126514726217366
1894,637.88,87.545,86.16,87.539,86.1498,53.10964001365633
1895,637.9,87.53,86.185,87.54480000000001,86.15279999999998,53.0987409302601
1896,637.92,87.6,86.21,87.55480000000001,86.15559999999999,53.082499144290985
1897,637.94,87.67,86.21,87.5684,86.15719999999999,53.07160171103601
1898,637.96,87.74000000000001,86.21,87.5856,86.16,53.066259499601884
1899,637.98,87.81,86.19999999999999,87.60359999999999,86.1636,53.055363159678556
1900,638.0,87.92,86.19,87.624,86.1682,53.038486204540895
1901,638.02,88.03,86.195,87.64920000000001,86.1744,53.03271894774047
1902,638.04,87.98,86.2,87.67280000000001,86.1782,53.03293155527427
1903,638.06,87.93,86.21000000000001,87.6926,86.1798,53.01626759375214
1904,638.08,87.915,86.22,87.71,86.1798,52.99960364219474
1905,638.1,87.9,86.205,87.7248,86.1772,52.98892131028118
1906,638.12,87.95,86.19,87.7396,86.17540000000001,52.97268647195208
1907,638.14,88.0,86.17,87.7546,86.1742,52.9615773675231
1908,638.16,87.995,86.15,87.7676,86.17419999999998,52.944484529476085
1909,638.18,87.99,86.11500000000001,87.7798,86.17479999999999,52.92205217876442
1910,638.2,87.965,86.08,87.7904,86.1736,52.91115698737581
1911,638.22,87.94,86.08500000000001,87.79900000000002,86.17219999999999,52.90581692201607
1912,638.24,88.0,86.09,87.80900000000001,86.1708,52.9002623621726
1913,638.26,88.06,86.155,87.82260000000001,86.17179999999999,52.889153240565065
1914,638.28,88.015,86.22,87.8356,86.17380000000001,52.87782949248865
1915,638.3,87.97,86.205,87.8484,86.17360000000001,52.86629238479868
1916,638.32,87.96000000000001,86.19,87.8624,86.17399999999999,52.85475697126026
1917,638.34,87.95,86.18,87.87700000000001,86.1752,52.84920230804579
1918,638.36,87.965,86.17,87.8932,86.1758,52.83851928741489
1919,638.38,87.98,86.17,87.91059999999999,86.17620000000001,52.821855438286455
1920,638.4,87.92500000000001,86.17,87.9264,86.17560000000002,52.81074621226629
1921,638.42,87.87,86.215,87.93719999999999,86.1758,52.80562004838755
1922,638.44,87.885,86.26,87.9458,86.1778,52.8002804326491
1923,638.46,87.9,86.255,87.9522,86.17960000000001,52.78917135067945
1924,638.48,87.92500000000001,86.25,87.9568,86.1816,52.77806227355741
1925,638.5,87.95,86.255,87.95800000000001,86.1842,52.77250773850669
1926,638.52,87.955,86.26,87.955,86.1868,52.766953203901714
1927,638.54,87.96,86.215,87.9542,86.18740000000001,52.755844135802064
1928,638.56,87.975,86.17,87.956,86.18580000000001,52.73939620419464
1929,638.58,87.99,86.045,87.959,86.1788,52.72294888744891
1930,638.6,88.0,85.92,87.963,86.1674,52.71162368002252
1931,638.62,88.01,86.03,87.9654,86.161,52.70585337913755
1932,638.64,88.005,86.14,87.96560000000001,86.15979999999999,52.69452895730734
1933,638.66,88.0,86.16,87.9658,86.1602,52.6723107868631
1934,638.68,88.005,86.18,87.9664,86.1628,52.65607871536046
1935,638.7,88.01,86.21000000000001,87.9682,86.168,52.656295194336145
1936,638.72,88.03999999999999,86.24,87.97219999999999,86.1742,52.645186260667145
1937,638.74,88.07,86.28,87.975,86.18180000000001,52.62830627748675
1938,638.76,88.13,86.32,87.97779999999999,86.1884,52.62231997858972
1939,638.78,88.19,86.27,87.98479999999999,86.1904,52.61142664077609
1940,638.8,88.3,86.22,87.998,86.191,52.59541331149775
1941,638.82,88.41,86.16,88.016,86.18979999999999,52.573413345213616
1942,638.84,88.35,86.1,88.03199999999998,86.1866,52.55653230567532
1943,638.86,88.29,86.12,88.045,86.1846,52.55076050268419
1944,638.88,88.20500000000001,86.14,88.05400000000002,86.1834,52.545206058401774
1945,638.9,88.12,86.18,88.0618,86.18379999999999,52.53965161600289
1946,638.92,88.16499999999999,86.22,88.0736,86.18400000000001,52.52854272966402
1947,638.94,88.21,86.255,88.0866,86.18379999999999,52.51743384775912
1948,638.96,88.145,86.29,88.09639999999999,86.18519999999998,52.51187941086243
1949,638.98,88.08,86.225,88.1026,86.1842,52.500988123314684
1950,639.0,88.055,86.16,88.10679999999998,86.1804,52.49031597797227
1951,639.02,88.03,86.07,88.10979999999999,86.17280000000001,52.47387200167688
1952,639.04,88.125,85.98,88.1164,86.1634,52.446320021369544
1953,639.06,88.22,86.045,88.12619999999998,86.15839999999999,52.42987733992691
1954,639.08,88.21000000000001,86.11,88.135,86.161,52.41854848707154
1955,639.1,88.2,86.255,88.14300000000001,86.1744,52.401885579500856
1956,639.12,88.185,86.4,88.15,86.1892,52.39121826719008
1957,639.14,88.17,86.385,88.1566,86.199,52.39166144297703
1958,639.16,88.23,86.37,88.1658,86.20739999999999,52.386107241488205
1959,639.18,88.29,86.385,88.17720000000001,86.2156,52.36922272124661
1960,639.2,88.315,86.4,88.1894,86.22319999999999,52.34700583502359
1961,639.22,88.34,86.33000000000001,88.20139999999999,86.2268,52.33034318443432
1962,639.24,88.315,86.26,88.21119999999999,86.226,52.324567340499115
1963,639.26,88.29,86.225,88.2176,86.22220000000002,52.31345886898342
1964,639.28,88.28,86.19,88.22120000000001,86.21900000000001,52.30279432674078
1965,639.3,88.27,86.18,88.22,86.2174,52.29724014401549
1966,639.32,88.32,86.17,88.21640000000001,86.21780000000001,52.28568771226524
1967,639.34,88.37,86.155,88.2172,86.22,52.26902502972579
1968,639.36,88.385,86.14,88.221,86.2208,52.252806706974916
1969,639.38,88.4,86.15,88.22879999999999,86.2212,52.23103644573676
1970,639.4,88.39500000000001,86.16,88.2398,86.22040000000001,52.21437408173824
1971,639.42,88.39,86.195,88.24880000000002,86.2194,52.21437408584044
1972,639.44,88.36500000000001,86.23,88.255,86.2184,52.20371441257105
1973,639.46,88.34,86.225,88.26280000000001,86.21580000000002,52.181723230176985
1974,639.48,88.345,86.22,88.2734,86.2156,52.170615153157335
1975,639.5,88.35,86.305,88.2852,86.22139999999999,52.165061118345314
1976,639.52,88.365,86.39,88.29860000000001,86.2342,52.15372784273038
1977,639.54,88.38,86.39,88.3088,86.25059999999999,52.13684086962823
1978,639.56,88.305,86.39,88.31220000000002,86.26440000000001,52.125957568250605
1979,639.58,88.23,86.36500000000001,88.31300000000002,86.2746,52.12085469371186
1980,639.6,88.275,86.34,88.316,86.27799999999999,52.11019985766292
1981,639.62,88.32,86.325,88.3214,86.275,52.09376537378453
1982,639.64,88.32499999999999,86.31,88.3276,86.272,52.07132222230011
1983,639.66,88.33,86.285,88.3316,86.2686,52.05488793354208
1984,639.68,88.36,86.26,88.3344,86.26360000000001,52.04979056708966
1985,639.7,88.39,86.245,88.3374,86.2574,52.03868284031014
1986,639.72,88.41499999999999,86.23,88.3404,86.2534,52.0217926252295
1987,639.74,88.44,86.245,88.34540000000001,86.2528,52.00490274990459
1988,639.76,88.505,86.26,88.35400000000001,86.2542,51.977361593605416
1989,639.78,88.57,86.285,88.3656,86.258,51.95560443460676
1990,639.8,88.585,86.31,88.37819999999999,86.2632,51.950050617857144
1991,639.82,88.6,86.36,88.38939999999998,86.2708,51.93871351088586
1992,639.84,88.595,86.41,88.3984,86.281,51.927376786810996
1993,639.86,88.59,86.42,88.4066,86.2922,51.92737679101766
1994,639.88,88.49000000000001,86.43,88.4102,86.3034,51.9276058425508
1995,639.9,88.39,86.385,88.41,86.3124,51.91094433528173
1996,639.92,88.36500000000001,86.34,88.40899999999999,86.31820000000002,51.88294593417567
1997,639.94,88.34,86.295,88.40799999999999,86.32080000000002,51.866055542106615
1998,639.96,88.42500000000001,86.25,88.4114,86.3218,51.85517669045765
1999,639.98,88.51,86.22999999999999,88.41799999999999,86.3222,51.838974516580755
2000,640.0,88.53,86.21,88.4252,86.3184,51.82277455642491
2001,640.02,88.55,86.185,88.43260000000001,86.31020000000001,51.806344838744735
2002,640.04,88.58500000000001,86.16,88.4408,86.301,51.78436207656088
2003,640.06,88.62,86.21000000000001,88.4534,86.2938,51.773487318022056
2004,640.08,88.63,86.26,88.46940000000001,86.2896,51.76770104428481
2005,640.1,88.64,86.305,88.484,86.28820000000002,51.7454863458433
2006,640.12,88.67,86.35,88.498,86.2892,51.71795084940208
2007,640.14,88.7,86.35499999999999,88.51299999999999,86.291,51.70684357355002
2008,640.16,88.64500000000001,86.36,88.5256,86.29400000000001,51.70128993976805
2009,640.18,88.59,86.33500000000001,88.53479999999999,86.29699999999998,51.67907540387676
2010,640.2,88.62,86.31,88.544,86.29960000000001,51.6624145170515
2011,640.22,88.65,86.30000000000001,88.5534,86.30239999999999,51.66264809837336
2012,640.24,88.665,86.29,88.5624,86.3042,51.65756313874781
2013,640.26,88.68,86.33500000000001,88.56939999999999,86.3072,51.64669112958083
2014,640.28,88.7,86.38,88.5746,86.311,51.62979540584897
2015,640.3,88.72,86.365,88.58,86.3132,51.60734645571637
2016,640.32,88.78,86.35,88.58720000000001,86.31280000000001,51.59045138843662
2017,640.34,88.84,86.33,88.59700000000001,86.3096,51.57379064132798
2018,640.36,88.875,86.31,88.6084,86.3052,51.552045925984906
2019,640.38,88.91,86.345,88.6252,86.3018,51.53562095095281
2020,640.4,88.925,86.38,88.64659999999999,86.3016,51.5242783205097
2021,640.42,88.94,86.305,88.66959999999999,86.30019999999999,51.5073825308598
2022,640.44,88.775,86.23,88.68700000000001,86.29759999999999,51.49025272284995
2023,640.46,88.61,86.305,88.6944,86.29979999999999,51.47867817675941
2024,640.48,88.63,86.38,88.69920000000002,86.30580000000002,51.47335802070449
2025,640.5,88.65,86.36,88.704,86.3118,51.462719299957705
2026,640.52,88.665,86.34,88.70859999999999,86.318,51.44074015943451
2027,640.54,88.68,86.28,88.7124,86.3228,51.42407959576326
2028,640.56,88.79,86.22,88.7192,86.3232,51.41297256137918
2029,640.58,88.9,86.255,88.73,86.32300000000001,51.401865532795355
2030,640.6,88.86500000000001,86.29,88.73899999999999,86.3224,51.39075850948229
2031,640.62,88.83,86.35,88.74539999999999,86.3224,51.37965149168319
2032,640.64,88.83500000000001,86.41,88.7508,86.32459999999999,51.36275555001255
2033,640.66,88.84,86.34,88.7586,86.3238,51.3403063968823
2034,640.68,88.86500000000001,86.27,88.76960000000001,86.3212,51.32388087241282
2035,640.7,88.89,86.32499999999999,88.78040000000001,86.32179999999998,51.30745599407087
2036,640.72,88.905,86.38,88.7906,86.325,51.285006260808395
2037,640.74,88.92,86.38499999999999,88.8008,86.32880000000002,51.2625568273662
2038,640.76,88.97,86.39,88.81240000000001,86.331,51.24613171611597
2039,640.78,89.02,86.36,88.82520000000001,86.3302,51.235260726266375
2040,640.8,88.97999999999999,86.33,88.83560000000001,86.32880000000002,51.218364226564745
2041,640.82,88.94,86.28999999999999,88.84200000000001,86.32639999999999,51.201703748932765
2042,640.84,88.965,86.25,88.847,86.3232,51.190832985612204
2043,640.86,88.99,86.28,88.85160000000002,86.32199999999999,51.17393631391162
2044,640.88,88.96000000000001,86.31,88.8536,86.32060000000001,51.15680458155628
2045,640.9,88.93,86.34,88.8538,86.319,51.14014399434165
2046,640.92,88.975,86.37,88.85520000000001,86.3216,51.1126119802888
2047,640.94,89.02,86.41,88.865,86.32880000000002,51.090162302734264
2048,640.96,89.02,86.45,88.8814,86.3346,51.08413877204733
2049,640.98,89.02,86.44,88.89699999999999,86.33699999999999,51.084138776101376
2050,641.0,89.035,86.43,88.91240000000002,86.3398,51.07303165158543
2051,641.02,89.05,86.375,88.9278,86.34119999999999,51.04502939370625
2052,641.04,89.14,86.32,88.94619999999999,86.34279999999998,51.01749609576666
2053,641.06,89.23,86.3,88.96379999999999,86.346,50.99575275038399
2054,641.08,89.245,86.28,88.9776,86.347,50.973538792801456
2055,641.1,89.26,86.275,88.99340000000001,86.34639999999999,50.95640714288602
2056,641.12,89.20500000000001,86.27,89.0084,86.3432,50.94530007973275
2057,641.14,89.15,86.28999999999999,89.021,86.33840000000001,50.928874979063764
2058,641.16,89.13,86.31,89.0326,86.3372,50.906660984796915
2059,641.18,89.11,86.345,89.0424,86.34020000000001,50.895553997912835
2060,641.2,89.14500000000001,86.38,89.0526,86.3424,50.890000508886814
2061,641.22,89.18,86.405,89.06360000000001,86.3434,50.8733400407297
2062,641.24,89.15,86.43,89.0728,86.34519999999999,50.851126100746704
2063,641.26,89.12,86.35,89.07879999999999,86.34360000000001,50.8344656614306
2064,641.28,89.06,86.27,89.0804,86.34,50.82312273635628
2065,641.3,89.0,86.285,89.0812,86.3382,50.80622667451336
2066,641.32,89.05,86.3,89.08560000000001,86.3386,50.78956611332538
2067,641.34,89.1,86.28999999999999,89.09100000000001,86.34020000000001,50.77869477495729
2068,641.36,89.16499999999999,86.28,89.098,86.34020000000001,50.756717109542066
2069,641.38,89.23,86.295,89.10879999999999,86.33959999999999,50.7289498312606
2070,641.4,89.30000000000001,86.31,89.12360000000001,86.33840000000001,50.706736034110236
2071,641.42,89.37,86.325,89.13940000000001,86.33660000000002,50.69539257777187
2072,641.44,89.355,86.34,89.15280000000001,86.3338,50.689367384555226
2073,641.46,89.34,86.31,89.16560000000001,86.3282,50.666918079414145
2074,641.48,89.28999999999999,86.28,89.17640000000002,86.3218,50.64446907812575
2075,641.5,89.24,86.28,89.18459999999999,86.3158,50.62757396224964
2076,641.52,89.29499999999999,86.28,89.1944,86.31200000000001,50.60559418802483
2077,641.54,89.35,86.3,89.20280000000001,86.31120000000001,50.58940424927575
2078,641.56,89.395,86.32,89.2094,86.31199999999998,50.56210970883515
2079,641.58,89.44,86.405,89.21719999999999,86.31700000000001,50.53989597432742
2080,641.6,89.46000000000001,86.49,89.2252,86.3256,50.5285522572842
2081,641.62,89.48,86.44999999999999,89.23620000000001,86.3328,50.5010219932827
2082,641.64,89.475,86.41,89.2492,86.33760000000001,50.47904590346188
2083,641.66,89.47,86.42,89.26280000000001,86.34200000000001,50.473254907690865
2084,641.68,89.435,86.43,89.2758,86.34539999999998,50.461438033717386
2085,641.7,89.4,86.39500000000001,89.286,86.346,50.438752959117174
2086,641.72,89.37,86.36,89.29360000000001,86.3442,50.422092358448914
2087,641.74,89.34,86.325,89.3012,86.34,50.405431770168505
2088,641.76,89.355,86.29,89.3106,86.33759999999998,50.37766414753239
2089,641.78,89.37,86.29,89.32300000000001,86.33840000000001,50.35545007489207
2090,641.8,89.375,86.29,89.33800000000001,86.3386,50.34434304907673
2091,641.82,89.38,86.29,89.35119999999999,86.3382,50.32791835641282
2092,641.84,89.41999999999999,86.29,89.36399999999999,86.3382,50.300150960969106
2093,641.86,89.46,86.29,89.3758,86.3386,50.27746541526291
2094,641.88,89.49,86.29,89.3862,86.33840000000001,50.26033501135461
2095,641.9,89.52,86.31,89.395,86.33840000000001,50.23788645383994
2096,641.92,89.515,86.33,89.4008,86.33859999999999,50.221460056490095
2097,641.94,89.51,86.38,89.40699999999998,86.34020000000001,50.21035294061517
2098,641.96,89.56,86.43,89.4158,86.345,50.18767016900294
2099,641.98,89.61,86.445,89.42859999999999,86.3516,50.1652221226057
2100,642.0,89.66,86.46,89.4454,86.35880000000002,50.15434857125118
2101,642.02,89.71,86.47999999999999,89.462,86.3668,50.14347562251363
2102,642.04,89.72,86.5,89.4768,86.3748,50.12149619996669
2103,642.06,89.73,86.425,89.4902,86.37900000000002,50.09419994613332
2104,642.08,89.69,86.35,89.5002,86.3768,50.0666691545735
2105,642.1,89.65,86.345,89.5078,86.37100000000001,50.04421871353817
2106,642.12,89.655,86.34,89.5148,86.3666,50.03819332148131
2107,642.14,89.66,86.30000000000001,89.52220000000001,86.36219999999999,50.02661623525887
2108,642.16,89.695,86.26,89.53119999999998,86.3558,49.99861400934093
2109,642.18,89.73,86.33500000000001,89.54299999999999,86.352,49.976634211147996
2110,642.2,89.68,86.41,89.55419999999998,86.3526,49.959973562976025
2111,642.22,89.63,86.395,89.56459999999998,86.354,49.94839765670211
2112,642.24,89.65,86.38,89.57700000000001,86.3562,49.937056749465086
2113,642.26,89.67,86.33,89.5896,86.35780000000001,49.91460895115807
2114,642.28,89.63499999999999,86.28,89.60019999999999,86.3574,49.886607800261
2115,642.3,89.6,86.28,89.6092,86.35699999999999,49.85328586202862
2116,642.32,89.615,86.28,89.6186,86.3566,49.83130448683793
2117,642.34,89.63,86.32,89.62700000000001,86.35779999999998,49.82575087030906
2118,642.36,89.685,86.36,89.63600000000001,86.36059999999999,49.808623864562584
2119,642.38,89.74,86.34,89.64599999999999,86.3626,49.78062308203691
2120,642.4,89.87,86.32,89.66,86.363,49.75308725996357
2121,642.42,90.0,86.34,89.6794,86.3634,49.731105850916975
2122,642.44,89.985,86.36,89.6984,86.3626,49.708891374269314
2123,642.46,89.97,86.37,89.7148,86.3602,49.68088987937138
2124,642.48,89.97,86.38,89.7292,86.3576,49.652888655099865
2125,642.5,89.97,86.32499999999999,89.7416,86.3522,49.630907212534616
2126,642.52,89.9,86.27,89.74919999999999,86.34379999999999,49.62003368679645
2127,642.54,89.83,86.27,89.7536,86.3346,49.60313911635118
2128,642.56,89.87,86.27,89.7592,86.32839999999999,49.58092466137253
2129,642.58,89.91,86.27,89.76799999999999,86.32519999999998,49.55871022804382
2130,642.6,89.92,86.27,89.77879999999999,86.3222,49.536029094008725
2131,642.62,89.93,86.31,89.7898,86.321,49.518903260092124
2132,642.64,89.94,86.35,89.801,86.32300000000001,49.49668846957388
2133,642.66,89.95,86.46,89.81120000000001,86.331,49.48002739192823
2134,642.68,89.89500000000001,86.57,89.8178,86.34039999999999,49.46845665742937
2135,642.7,89.84,86.485,89.8242,86.3434,49.44601067427752
2136,642.72,89.86,86.4,89.8334,86.34360000000001,49.42402677906023
2137,642.74,89.88,86.35,89.8426,86.3424,49.40736559842796
2138,642.76,90.005,86.3,89.85600000000001,86.34120000000001,49.38468857002042
2139,642.78,90.13,86.275,89.8758,86.34099999999998,49.35668927789279
2140,642.8,90.13499999999999,86.25,89.8972,86.3398,49.33401452152055
2141,642.82,90.14,86.225,89.9182,86.33760000000001,49.31712388853498
2142,642.84,90.11500000000001,86.2,89.9376,86.3328,49.295367425100046
2143,642.86,90.09,86.25,89.95379999999999,86.3284,49.26759842988476
2144,642.88,90.075,86.3,89.9672,86.3268,49.23982946787384
2145,642.9,90.06,86.33,89.9748,86.3272,49.21229116232045
2146,642.92,90.08,86.36,89.978,86.32799999999999,49.18984542170842
2147,642.94,90.1,86.275,89.9826,86.32459999999999,49.17272399558767
2148,642.96,90.09,86.19,89.9874,86.31739999999999,49.15606252910632
2149,642.98,90.08,86.225,89.9918,86.31119999999999,49.13384725679628
2150,643.0,90.08500000000001,86.26,89.9964,86.30860000000001,49.10584858702465
2151,643.02,90.09,86.235,90.00400000000002,86.30720000000001,49.07785019362754
2152,643.04,90.14,86.21,90.01639999999999,86.3048,49.04962371961649
2153,643.06,90.19,86.215,90.0292,86.3026,49.02695272163282
2154,643.08,90.155,86.22,90.039,86.30060000000002,49.015844836145114
2155,643.1,90.12,86.22999999999999,90.04700000000001,86.29900000000002,48.99963868663193
2156,643.12,90.12,86.24,90.05460000000001,86.29619999999998,48.97186926763976
2157,643.14,90.12,86.25,90.0618,86.2922,48.94919762111976
2158,643.16,90.14500000000001,86.26,90.0696,86.2842,48.9269819250516
2159,643.18,90.17,86.25,90.08059999999999,86.27140000000001,48.89921233310673
2160,643.2,90.195,86.24,90.09480000000002,86.2616,48.87676903750174
2161,643.22,90.22,86.22,90.1092,86.25439999999999,48.86010723843232
2162,643.24,90.28,86.2,90.1252,86.2484,48.832110248737585
2163,643.26,90.34,86.225,90.13859999999998,86.24539999999999,48.79833307752166
2164,643.28,90.34,86.25,90.147,86.2444,48.77011140000885
2165,643.3,90.34,86.21000000000001,90.15520000000001,86.2428,48.747670050237936
2166,643.32,90.37,86.17,90.1644,86.2406,48.73123315842249
2167,643.34,90.4,86.14500000000001,90.1758,86.2384,48.714796939872365
2168,643.36,90.43,86.12,90.1894,86.2332,48.69258094843896
2169,643.38,90.46,86.08000000000001,90.20479999999999,86.22439999999999,48.66458489116452
2170,643.4,90.43,86.04,90.21959999999999,86.21279999999999,48.642143151927925
2171,643.42,90.4,86.1,90.2324,86.20240000000001,48.6197017354537
2172,643.44,90.29,86.16,90.24,86.1978,48.59193147357254
2173,643.46,90.18,86.225,90.2436,86.1992,48.564161243560704
2174,643.48,90.195,86.29,90.2482,86.2018,48.536165881601534
2175,643.5,90.21,86.285,90.25319999999999,86.20280000000001,48.51417491338951
2176,643.52,90.16999999999999,86.28,90.2564,86.20459999999999,48.49751282823383
2177,643.54,90.13,86.25,90.256,86.2062,48.474846343440966
2178,643.56,90.205,86.22,90.25659999999999,86.20640000000002,48.446627386763446
2179,643.58,90.28,86.18,90.26160000000002,86.20479999999999,48.42396415284377
2180,643.6,90.255,86.14,90.267,86.20119999999999,48.40707897016003
2181,643.62,90.23,86.14,90.2714,86.1972,48.38463994811092
2182,643.64,90.28999999999999,86.14,90.2782,86.1928,48.35664702549855
2183,643.66,90.35,86.08500000000001,90.28640000000001,86.1858,48.33465214175029
2184,643.68,90.4,86.03,90.2956,86.17699999999999,48.31265799454072
2185,643.7,90.45,86.02000000000001,90.3058,86.1682,48.29021862489751
2186,643.72,90.41499999999999,86.01,90.31360000000001,86.15980000000002,48.273112011495435
2187,643.74,90.38,86.08000000000001,90.3176,86.155,48.25067372726732
2188,643.76,90.37,86.15,90.31880000000001,86.152,48.223123976089134
2189,643.78,90.36,86.135,90.31960000000001,86.1474,48.19535288908593
2190,643.8,90.41499999999999,86.12,90.32260000000001,86.14380000000001,48.167581833975866
2191,643.82,90.47,86.11500000000001,90.3266,86.1416,48.145365013859994
2192,643.84,90.47999999999999,86.11,90.32979999999999,86.14020000000001,48.122926259240465
2193,643.86,90.49,86.10499999999999,90.3322,86.13960000000002,48.09515515913429
2194,643.88,90.47999999999999,86.1,90.333,86.14040000000001,48.06738409126942
2195,643.9,90.47,86.11,90.3346,86.14320000000002,48.03961305481075
2196,643.92,90.495,86.12,90.33840000000001,86.14399999999999,48.00628785310229
2197,643.94,90.52,86.15,90.3476,86.1436,47.978294779356794
2198,643.96,90.57499999999999,86.18,90.3634,86.1418,47.955635051593596
2199,643.98,90.63,86.11000000000001,90.3808,86.1346,47.933197246958784
2200,644.0,90.64,86.04,90.39800000000001,86.1248,47.910759774201004
2201,644.02,90.65,86.05000000000001,90.4172,86.11560000000001,47.876994511858754
2202,644.04,90.63,86.06,90.43719999999999,86.108,47.84366845684779
2203,644.06,90.61,86.025,90.4534,86.1002,47.82145111295132
2204,644.08,90.675,85.99,90.46919999999999,86.0926,47.79923378953631
2205,644.1,90.74,86.035,90.4886,86.08840000000001,47.766127827141375
2206,644.12,90.78999999999999,86.08,90.51100000000001,86.086,47.72724778846895
2207,644.14,90.84,86.13499999999999,90.53300000000002,86.0858,47.69947637215079
2208,644.16,90.845,86.19,90.55279999999999,86.09,47.67703886580747
2209,644.18,90.85,86.175,90.5708,86.0958,47.64882788303149
2210,644.2,90.81,86.16,90.58519999999999,86.10140000000001,47.62061849454318
2211,644.22,90.77,86.115,90.59939999999999,86.1056,47.59241070312265
2212,644.24,90.695,86.07,90.612,86.10520000000001,47.5701929732046
2213,644.26,90.62,86.035,90.62199999999999,86.1006,47.55908411836102
2214,644.28,90.605,86.0,90.63179999999998,86.0952,47.541986608073934
2215,644.3,90.59,86.075,90.63879999999999,86.0934,47.508659782658796
2216,644.32,90.625,86.15,90.645,86.09479999999999,47.469778540982276
2217,644.34,90.66,86.14,90.6522,86.096,47.44712770203385
2218,644.36,90.695,86.13,90.66040000000001,86.097,47.43580292039687
2219,644.38,90.73,86.065,90.67040000000001,86.09559999999999,47.407814917518614
2220,644.4,90.745,86.0,90.6814,86.09119999999999,47.36316352225032
2221,644.42,90.76,85.94,90.69200000000001,86.084,47.3298361734879
2222,644.44,90.86,85.88,90.70559999999999,86.0732,47.302063417464495
2223,644.46,90.96,85.96000000000001,90.72099999999999,86.0644,47.26873614950068
2224,644.48,90.835,86.04,90.7292,86.0616,47.24651799664429
2225,644.5,90.71,86.11000000000001,90.73199999999999,86.0644,47.22408469014982
2226,644.52,90.72,86.18,90.73479999999999,86.0696,47.19075737322165
2227,644.54,90.73,86.15,90.7388,86.0732,47.16875461396664
2228,644.56,90.775,86.12,90.74539999999999,86.07699999999998,47.15187556249471
2229,644.58,90.82,86.16499999999999,90.75120000000001,86.084,47.11811860505898
2230,644.6,90.8,86.21,90.7536,86.09100000000001,47.08457689075931
2231,644.62,90.78,86.16,90.75319999999999,86.0942,47.06769930852979
2232,644.64,90.82,86.11,90.7524,86.0932,47.05103544577871
2233,644.66,90.86,86.08500000000001,90.75299999999999,86.089,47.01813629649055
2234,644.68,90.9,86.06,90.755,86.0844,46.979469633226515
2235,644.7,90.94,86.05000000000001,90.7602,86.08,46.95148164231641
2236,644.72,90.94999999999999,86.04,90.7674,86.07700000000001,46.923493953652546
2237,644.74,90.96,86.005,90.77799999999999,86.07440000000001,46.889951983112915
2238,644.76,90.97999999999999,85.97,90.7924,86.0718,46.86175121493648
2239,644.78,91.0,86.03,90.8082,86.07300000000001,46.83355208009797
2240,644.8,90.99000000000001,86.09,90.8242,86.07359999999998,46.80535458160461
2241,644.82,90.98,86.11,90.83840000000001,86.072,46.78869043517624
2242,644.84,90.92,86.13,90.84880000000001,86.0716,46.77223825981688
2243,644.86,90.86,86.175,90.85539999999999,86.0734,46.73891016839036
2244,644.88,90.85499999999999,86.22,90.86039999999998,86.07960000000001,46.705369857698116
2245,644.9,90.85,86.22,90.8646,86.08840000000001,46.6882826863486
2246,644.92,90.845,86.22,90.868,86.09960000000001,46.67161846462398
2247,644.94,90.84,86.045,90.86720000000001,86.1062,46.64426827536014
2248,644.96,90.825,85.87,90.8618,86.1026,46.616920740095324
2249,644.98,90.81,85.965,90.8608,86.0996,46.589147624479736
2250,645.0,90.785,86.06,90.8638,86.0976,46.56137453979084
2251,645.02,90.76,86.075,90.86540000000001,86.0934,46.53360148537669
2252,645.04,90.775,86.09,90.86720000000001,86.09100000000001,46.50582846199884
2253,645.06,90.79,86.065,90.8678,86.0888,46.48382440651865
2254,645.08,90.845,86.04,90.8688,86.08380000000001,46.4556231605736
2255,645.1,90.9,86.05000000000001,90.87280000000001,86.0774,46.42721109416688
2256,645.12,90.945,86.06,90.8794,86.0734,46.39901408368914
2257,645.14,90.99,86.035,90.88619999999999,86.0704,46.36547456874037
2258,645.16,90.93,86.01,90.88900000000001,86.06739999999999,46.34325558158582
2259,645.18,90.87,86.065,90.88780000000001,86.0676,46.32638056157316
2260,645.2,90.86,86.12,90.8846,86.07039999999999,46.30395114696411
2261,645.22,90.85,86.155,90.88060000000002,86.075,46.27617722865378
2262,645.24,90.84,86.19,90.8758,86.08239999999999,46.24305920492098
2263,645.26,90.83,86.18,90.86980000000001,86.0908,46.21549677951102
2264,645.28,90.82499999999999,86.17,90.86280000000001,86.09639999999999,46.1928556547298
2265,645.3,90.82,86.14500000000001,90.85600000000001,86.0986,46.15889725402122
2266,645.32,90.88499999999999,86.12,90.8522,86.09899999999999,46.12535925793147
2267,645.34,90.95,86.13,90.85340000000001,86.09899999999999,46.10869471717064
2268,645.36,90.88499999999999,86.14,90.8544,86.0976,46.09203018608852
2269,645.38,90.82,86.095,90.85300000000001,86.0926,46.06425598965477
2270,645.4,90.835,86.05,90.85240000000002,86.0858,46.03669125564448
2271,645.42,90.85,86.05,90.8526,86.079,46.01447204551309
2272,645.44,90.85,86.05,90.853,86.0792,45.99183412161593
2273,645.46,90.85,86.015,90.854,86.085,45.96385121918474
2274,645.48,90.96,85.98,90.86,86.0856,45.93052204730803
2275,645.5,91.07,85.98,90.87140000000001,86.08239999999999,45.89719291795936
2276,645.52,91.055,85.98,90.8832,86.07860000000001,45.86386383087811
2277,645.54,91.04,85.995,90.8938,86.0748,45.830534786616965
2278,645.56,90.94,86.01,90.8998,86.07260000000001,45.80810659372629
2279,645.58,90.84,86.08500000000001,90.8996,86.07440000000001,45.78567875640094
2280,645.6,90.845,86.16,90.8974,86.07880000000002,45.75790438063535
2281,645.62,90.85,86.15,90.89359999999999,86.08240000000002,45.73568490253198
2282,645.64,90.87,86.14,90.8888,86.0866,45.71367418898246
2283,645.66,90.89,86.11,90.88719999999999,86.09060000000001,45.69166423894265
2284,645.68,90.85499999999999,86.08,90.8866,86.09120000000001,45.6692355304379
2285,645.7,90.82,86.055,90.88499999999998,86.0886,45.6410437941444
2286,645.72,90.8,86.03,90.883,86.0836,45.61882431326734
2287,645.74,90.78,86.03,90.88060000000002,86.07719999999999,45.597022871259504
2288,645.76,90.83500000000001,86.03,90.88079999999998,86.0712,45.55834921705172
2289,645.78,90.89,86.035,90.8834,86.0658,45.525020569248944
2290,645.8,90.92,86.04,90.8874,86.0616,45.50280149597657
2291,645.82,90.95,86.1,90.89,86.0608,45.47502768155136
2292,645.84,90.97,86.16,90.8908,86.06200000000001,45.44169914327106
2293,645.86,90.99,86.1,90.895,86.06040000000002,45.40837064956025
2294,645.88,90.99,86.04,90.90179999999998,86.0582,45.38017583437306
2295,645.9,90.99,86.07,90.90799999999999,86.05900000000001,45.35753755064762
2296,645.92,90.94999999999999,86.1,90.91199999999999,86.061,45.33531821208893
2297,645.94,90.91,86.11,90.9144,86.0634,45.30754406550424
2298,645.96,90.845,86.12,90.9142,86.0676,45.29108919543185
2299,645.98,90.78,86.14,90.90700000000001,86.074,45.279979605325465
2300,646.0,90.83,86.16,90.8974,86.0812,45.24623179093206
2301,646.02,90.88,86.16499999999999,90.89039999999999,86.0886,45.20734794836399
2302,646.04,90.895,86.17,90.88459999999999,86.09559999999999,45.17978338252024
2303,646.06,90.91,86.155,90.8834,86.1014,45.157564199022175
2304,646.08,90.905,86.14,90.88599999999998,86.10359999999999,45.13000059656304
2305,646.1,90.9,86.13,90.8882,86.1024,45.09688310197231
2306,646.12,90.885,86.12,90.88960000000002,86.10119999999999,45.06889829334362
2307,646.14,90.87,86.03999999999999,90.88959999999999,86.09719999999999,45.040913804054235
2308,646.16,90.905,85.96,90.89020000000001,86.09119999999999,45.01292963404681
2309,646.18,90.94,85.965,90.89359999999999,86.0866,44.979390977078
2310,646.2,90.92,85.97,90.8976,86.08319999999999,44.94606216106231
2311,646.22,90.9,86.045,90.9016,86.0838,44.929397770794736
2312,646.24,90.97,86.12,90.90919999999998,86.0874,44.90738889103411
2313,646.26,91.04,86.155,90.91740000000001,86.0924,44.88003757677971
2314,646.28,90.95,86.19,90.9198,86.0986,44.863798318835556
2315,646.3,90.86,86.22,90.9174,86.1058,44.84157973175013
2316,646.32,90.83500000000001,86.25,90.9128,86.1118,44.818935890660285
2317,646.34,90.81,86.21000000000001,90.90640000000002,86.1138,44.79692959984503
2318,646.36,90.78,86.17,90.898,86.1166,44.75868827023266
2319,646.38,90.75,86.125,90.8884,86.12,44.72536085913479
2320,646.4,90.83500000000001,86.08,90.8822,86.12039999999999,44.708697171834054
2321,646.42,90.92,85.975,90.881,86.1154,44.6866941465775
2322,646.44,90.945,85.87,90.8824,86.1058,44.647167954922004
2323,646.46,90.97,85.95500000000001,90.8874,86.0992,44.60209101657167
2324,646.48,90.975,86.04,90.89519999999999,86.0952,44.56897602051194
2325,646.5,90.98,86.14500000000001,90.90119999999999,86.09460000000001,44.546971149128495
2326,646.52,90.975,86.25,90.905,86.098,44.52475274635506
2327,646.54,90.97,86.275,90.90800000000002,86.10220000000001,44.502534364143195
2328,646.56,91.0,86.3,90.91159999999999,86.10799999999999,44.47454740889361
2329,646.58,91.03,86.27,90.9166,86.11319999999999,44.441006140019795
2330,646.6,91.03,86.24,90.9218,86.1176,44.41344673747776
2331,646.62,91.03,86.16499999999999,90.9276,86.1194,44.39165772274105
2332,646.64,90.94,86.09,90.9304,86.12140000000001,44.38098035258965
2333,646.66,90.85,86.01,90.92820000000002,86.1234,44.35897922489752
2334,646.68,90.875,85.93,90.92560000000002,86.12200000000001,44.31432664080291
2335,646.7,90.9,86.035,90.92479999999999,86.12460000000002,44.28633772536672
2336,646.72,90.9,86.14,90.92479999999999,86.1284,44.26967426723813
2337,646.74,90.9,86.175,90.92200000000001,86.13060000000002,44.2363473831804
2338,646.76,90.94,86.21,90.91799999999999,86.1328,44.20857501705738
2339,646.78,90.98,86.185,90.9192,86.1326,44.19191161449273
2340,646.8,90.945,86.16,90.9226,86.1302,44.16926111115916
2341,646.82,90.91,86.095,90.92559999999999,86.12400000000001,44.14661243218974
2342,646.84,90.88499999999999,86.03,90.92859999999999,86.1168,44.124609330660036
2343,646.86,90.86,86.08,90.93180000000001,86.11319999999999,44.09171445645268
2344,646.88,90.88499999999999,86.13,90.93720000000002,86.1134,44.058387663703655
2345,646.9,90.91,86.175,90.9402,86.11720000000001,44.04172428700602
2346,646.92,90.985,86.22,90.9428,86.12700000000001,44.01438731944142
2347,646.94,91.06,86.16,90.9474,86.13859999999998,43.970170908747825
2348,646.96,91.07,86.1,90.95139999999999,86.14439999999999,43.93129044011114
2349,646.98,91.08,86.10499999999999,90.95560000000002,86.14699999999999,43.90885404209163
2350,647.0,91.035,86.11,90.9578,86.1456,43.89175442593471
2351,647.02,90.99,86.155,90.9584,86.1418,43.858646064055485
2352,647.04,90.965,86.2,90.95819999999999,86.13879999999999,43.82597807910872
2353,647.06,90.94,86.18,90.9558,86.13400000000001,43.80398158983516
2354,647.08,90.975,86.16,90.9536,86.12960000000001,43.781985910936044
2355,647.1,91.01,86.13499999999999,90.95280000000001,86.12539999999998,43.75999104363306
2356,647.12,91.08000000000001,86.11,90.95479999999999,86.1232,43.73199792886619
2357,647.14,91.15,86.14,90.96320000000001,86.12519999999999,43.693118464327384
2358,647.16,91.14,86.17,90.9748,86.13159999999999,43.66001579993003
2359,647.18,91.13,86.25,90.985,86.14439999999999,43.64313068471191
2360,647.2,91.03999999999999,86.33,90.99060000000001,86.15619999999998,43.6262459792365
2361,647.22,90.95,86.285,90.9926,86.162,43.59869720033005
2362,647.24,90.93,86.24,90.99380000000001,86.1646,43.57070389460829
2363,647.26,90.91,86.22,90.9926,86.165,43.54826513259343
2364,647.28,91.00999999999999,86.2,90.9938,86.1656,43.520938819126535
2365,647.3,91.11,86.16499999999999,91.00039999999998,86.1658,43.48228317711976
2366,647.32,91.11500000000001,86.13,91.0086,86.16720000000001,43.449182657600254
2367,647.34,91.12,86.19,91.01800000000001,86.17360000000001,43.42741663965683
2368,647.36,91.08500000000001,86.25,91.027,86.1804,43.40520056827183
2369,647.38,91.05,86.25,91.03359999999999,86.18520000000001,43.38298452025228
2370,647.4,91.09,86.25,91.0408,86.1882,43.35544087598773
2371,647.42,91.13,86.255,91.0466,86.18959999999998,43.322117064963585
2372,647.44,91.125,86.26,91.0492,86.1936,43.294120560818435
2373,647.46,91.12,86.235,91.05120000000001,86.199,43.27167838317744
2374,647.48,91.07,86.21,91.0508,86.20320000000001,43.24968872553756
2375,647.5,91.02,86.195,91.0502,86.2066,43.22214595612737
2376,647.52,90.99,86.18,91.0502,86.2076,43.19414906172897
2377,647.54,90.96,86.22,91.05,86.2084,43.17216058302069
2378,647.56,90.975,86.26,91.0514,86.2116,43.150172935245465
2379,647.58,90.99,86.28999999999999,91.052,86.2168,43.12217533191231
2380,647.6,91.02,86.32,91.05239999999999,86.2242,43.08908025409873
2381,647.62,91.05,86.27,91.0512,86.2306,43.055986158135326
2382,647.64,91.015,86.22,91.0458,86.23380000000002,43.0282170119581
2383,647.66,90.98,86.225,91.0394,86.236,43.00646219425473
2384,647.68,90.95,86.23,91.03219999999999,86.2352,42.9844783847532
2385,647.7,90.92,86.27000000000001,91.0274,86.23280000000001,42.95647841959942
2386,647.72,90.97,86.31,91.0282,86.23379999999999,42.928478769476804
2387,647.74,91.02,86.28999999999999,91.03179999999999,86.2358,42.9062637108705
2388,647.76,91.04499999999999,86.27,91.0372,86.2378,42.878726131127266
2389,647.78,91.07,86.28,91.03960000000001,86.241,42.84540381420957
2390,647.8,91.02,86.29,91.036,86.24600000000001,42.82295745916119
2391,647.82,90.97,86.295,91.03019999999998,86.2526,42.80583478484335
2392,647.84,91.055,86.3,91.0276,86.25699999999999,42.77806583552251
2393,647.86,91.14,86.3,91.0298,86.259,42.74543720512656
2394,647.88,91.17,86.3,91.03460000000001,86.26099999999998,42.71790145202175
2395,647.9,91.2,86.285,91.039,86.2624,42.695686872858026
2396,647.92,91.215,86.27,91.0424,86.263,42.67347231835217
2397,647.94,91.23,86.22999999999999,91.0466,86.26180000000001,42.64523863265939
2398,647.96,91.26,86.19,91.0522,86.26,42.61191653132108
2399,647.98,91.29,86.215,91.06099999999998,86.26019999999998,42.57929474121886
2400,648.0,91.22,86.24,91.069,86.262,42.551526871365304
2401,648.02,91.15,86.245,91.0754,86.26459999999999,42.52907833242508
2402,648.04,91.015,86.25,91.0776,86.2658,42.507333342778935
2403,648.06,90.88,86.27000000000001,91.0738,86.26620000000001,42.479801443846995
2404,648.08,90.87,86.29,91.069,86.26619999999998,42.451798161903874
2405,648.1,90.86,86.27000000000001,91.0626,86.2642,42.429348728971156
2406,648.12,90.965,86.25,91.0592,86.2634,42.407134605695525
2407,648.14,91.07,86.24000000000001,91.06139999999999,86.2642,42.379602672714846
2408,648.16,91.18,86.23,91.06939999999999,86.26440000000001,42.335174814089996
2409,648.18,91.29,86.255,91.083,86.26539999999999,42.296064375049944
2410,648.2,91.2,86.28,91.0942,86.2658,42.27408668266459
2411,648.22,91.11,86.25,91.09980000000002,86.2634,42.246794027885294
2412,648.24,91.12,86.22,91.1038,86.2606,42.21902711570684
2413,648.26,91.13,86.28,91.1072,86.26100000000001,42.20236698980265
2414,648.28,91.10499999999999,86.34,91.10859999999998,86.2634,42.18618451961723
2415,648.3,91.08,86.37,91.111,86.2666,42.158657870254274
2416,648.32,91.11,86.4,91.1166,86.2708,42.12509826226386
2417,648.34,91.14,86.415,91.12,86.2754,42.09733185061234
2418,648.36,91.10499999999999,86.43,91.1186,86.28059999999999,42.07535908396904
2419,648.38,91.07,86.39500000000001,91.1146,86.2844,42.04759290754328
2420,648.4,91.11,86.36,91.111,86.28739999999999,42.01934606415932
2421,648.42,91.15,86.34,91.1084,86.2902,41.99110098068715
2422,648.44,91.19,86.32,91.1068,86.29379999999999,41.95778096667095
2423,648.46,91.23,86.275,91.10560000000001,86.29719999999999,41.93025372743593
2424,648.48,91.225,86.23,91.10300000000001,86.29780000000001,41.90828068918768
2425,648.5,91.22,86.305,91.103,86.3004,41.88630852273162
2426,648.52,91.245,86.38,91.10679999999998,86.3058,41.85902622025741
2427,648.54,91.27,86.38499999999999,91.11699999999999,86.31120000000001,41.8312605430492
2428,648.56,91.24,86.39,91.1314,86.316,41.80856371526586
2429,648.58,91.21,86.34,91.145,86.31800000000001,41.780797794914875
2430,648.6,91.1,86.29,91.15459999999999,86.31880000000001,41.753274103949195
2431,648.62,90.99,86.25,91.1556,86.31880000000001,41.73106156366849
2432,648.64,90.975,86.21,91.15180000000001,86.3176,41.70305345148544
2433,648.66,90.96,86.195,91.14300000000001,86.3162,41.66973455218174
2434,648.68,91.11,86.18,91.1358,86.31320000000001,41.636658578832126
2435,648.7,91.26,86.24000000000001,91.1382,86.3116,41.60358365204838
2436,648.72,91.34,86.3,91.1474,86.31360000000001,41.570509773975054
2437,648.74,91.42,86.345,91.15939999999999,86.3186,41.5369470775528
2438,648.76,91.435,86.39,91.1716,86.323,41.50314100517326
2439,648.78,91.45,86.39,91.18540000000002,86.325,41.48068547526272
2440,648.8,91.27000000000001,86.39,91.193,86.3258,41.46933659910164
2441,648.82,91.09,86.36,91.19220000000001,86.3242,41.45267717105327
2442,648.84,91.08,86.33,91.18979999999999,86.3208,41.43070749979838
2443,648.86,91.07,86.35,91.18839999999999,86.3176,41.40318565381911
2444,648.88,91.16,86.37,91.19200000000001,86.3166,41.370356783763455
2445,648.9,91.25,86.355,91.19760000000001,86.31639999999999,41.343084065133965
2446,648.92,91.305,86.34,91.20379999999999,86.31639999999999,41.309766651162995
2447,648.94,91.36,86.39,91.2106,86.3192,41.270403386294284
2448,648.96,91.42,86.44,91.2182,86.3258,41.23708571865588
2449,648.98,91.48,86.41499999999999,91.22840000000001,86.33319999999999,41.20426194770082
2450,649.0,91.43,86.39,91.2368,86.3366,41.17094481161864
2451,649.02,91.38,86.39,91.24220000000001,86.337,41.142933001917825
2452,649.04,91.375,86.39,91.24640000000001,86.3372,41.120969235715954
2453,649.06,91.37,86.35,91.2516,86.3356,41.09370266096668
2454,649.08,91.34,86.31,91.2568,86.33439999999999,41.06593890041566
2455,649.1,91.31,86.305,91.26520000000001,86.335,41.04903131353386
2456,649.12,91.30000000000001,86.3,91.2776,86.33699999999999,41.02682022776921
2457,649.14,91.29,86.345,91.2902,86.3424,40.99930607030252
2458,649.16,91.305,86.39,91.304,86.3502,40.97154247088432
2459,649.18,91.32,86.325,91.31240000000001,86.35599999999998,40.938226214187935
2460,649.2,91.305,86.26,91.3142,86.3568,40.91046271973937
2461,649.22,91.29,86.24000000000001,91.31219999999999,86.35439999999998,40.87714658929659
2462,649.24,91.265,86.22,91.306,86.3494,40.849634378907
2463,649.26,91.24,86.175,91.29820000000001,86.34080000000002,40.83878096005832
2464,649.28,91.28999999999999,86.13,91.29180000000001,86.3304,40.80546539019396
2465,649.3,91.34,86.155,91.2946,86.321,40.755492165281694
2466,649.32,91.30000000000001,86.18,91.303,86.31379999999999,40.722176770536734
2467,649.34,91.26,86.20500000000001,91.31020000000001,86.30879999999999,40.69971383681
2468,649.36,91.185,86.23,91.31480000000002,86.304,40.68330890341491
2469,649.38,91.11,86.28999999999999,91.31280000000001,86.3008,40.666904801566794
2470,649.4,91.205,86.35,91.311,86.30060000000002,40.63333607053576
2471,649.42,91.3,86.41499999999999,91.3108,86.3036,40.59446841970786
2472,649.44,91.315,86.48,91.309,86.30720000000001,40.56696002260017
2473,649.46,91.33,86.41,91.30539999999999,86.306,40.54500505917326
2474,649.48,91.41,86.34,91.3026,86.30300000000001,40.512202578175085
2475,649.5,91.49,86.41499999999999,91.305,86.30400000000002,40.48469799396326
2476,649.52,91.53,86.49,91.311,86.30799999999999,40.456679234587256
2477,649.54,91.57,86.465,91.3188,86.311,40.41200374279428
2478,649.56,91.53,86.44,91.32520000000001,86.31460000000001,40.37894689280621
2479,649.58,91.49,86.5,91.3312,86.32220000000001,40.356995653635316
2480,649.6,91.465,86.56,91.3374,86.33239999999999,40.33427113899791
2481,649.62,91.44,86.595,91.34300000000002,86.3442,40.31180491244898
2482,649.64,91.455,86.63,91.3496,86.3556,40.279005907210234
2483,649.66,91.47,86.58500000000001,91.35619999999999,86.3634,40.25150324288413
2484,649.68,91.455,86.54,91.3616,86.37200000000001,40.23458790665978
2485,649.7,91.44,86.465,91.367,86.3802,40.20101618208045
2486,649.72,91.375,86.39,91.3704,86.3862,40.16240893368511
2487,649.74,91.31,86.42,91.3722,86.3942,40.1404594088313
2488,649.76,91.375,86.45,91.3776,86.40520000000001,40.117991282752634
2489,649.78,91.44,86.50999999999999,91.3836,86.42040000000001,40.08416062375514
2490,649.8,91.465,86.57,91.38859999999998,86.43699999999998,40.056399362255334
2491,649.82,91.49,86.56,91.39620000000001,86.4522,40.0349685451346
2492,649.84,91.49,86.55,91.40539999999999,86.46600000000001,40.00191663252723
2493,649.86,91.49,86.535,91.41760000000001,86.4782,39.962791021952704
2494,649.88,91.44999999999999,86.52,91.43119999999999,86.4874,39.93503053249901
2495,649.9,91.41,86.525,91.43939999999999,86.49439999999998,39.9183742665006
2496,649.92,91.38,86.53,91.4426,86.499,39.895905033865745
2497,649.94,91.35,86.525,91.444,86.5008,39.86233188354284
2498,649.96,91.35499999999999,86.52,91.445,86.5052,39.8292798181532
2499,649.98,91.36,86.52,91.443,86.5124,39.80178092744757
2500,650.0,91.34,86.52,91.43700000000001,86.5166,39.77931111037701
